{"im": 3552, "res": [{"class": "pottedplant", "prob": 0.9789941906929016, "left": 0.0, "top": 101.13117980957031, "right": 359.95758056640625, "bottom": 334.92169189453125}], "time": 21.49449396133423}
