{"im": 1755, "res": [{"class": "aeroplane", "prob": 0.9996890425682068, "left": 33.40892028808594, "top": 0.7068939208984375, "right": 220.18812561035156, "bottom": 495.2003173828125}, {"class": "aeroplane", "prob": 0.9979984760284424, "left": 237.3608856201172, "top": 42.62391662597656, "right": 356.6253967285156, "bottom": 496.83544921875}, {"class": "boat", "prob": 0.9973403215408325, "left": 130.06173706054688, "top": 187.5238800048828, "right": 301.141845703125, "bottom": 481.35205078125}], "time": 21.659624099731445}
