{"im": 1162, "res": [{"class": "aeroplane", "prob": 0.9989417791366577, "left": 49.6912841796875, "top": 50.90643310546875, "right": 360.0, "bottom": 399.0047302246094}], "time": 21.15765881538391}
