{"im": 4135, "res": [{"class": "aeroplane", "prob": 0.6282906532287598, "left": 367.45074462890625, "top": 180.12579345703125, "right": 453.26971435546875, "bottom": 296.7654113769531}], "time": 0.8339390754699707}
