{"im": 221, "res": [{"class": "bird", "prob": 0.9928932785987854, "left": 176.89080810546875, "top": 166.96969604492188, "right": 411.5528564453125, "bottom": 254.797607421875}, {"class": "bird", "prob": 0.9932924509048462, "left": 5.505805969238281, "top": 170.17556762695312, "right": 132.38775634765625, "bottom": 259.27740478515625}], "time": 21.603713035583496}
