{"im": 3718, "res": [{"class": "bottle", "prob": 0.9990649223327637, "left": 38.22352600097656, "top": 41.323326110839844, "right": 407.92669677734375, "bottom": 291.65826416015625}], "time": 21.50236415863037}
