{"im": 2501, "res": [{"class": "bus", "prob": 0.849972665309906, "left": 85.06269836425781, "top": 94.70860290527344, "right": 479.5003662109375, "bottom": 288.39349365234375}], "time": 0.8416469097137451}
