{"im": 3837, "res": [{"class": "sheep", "prob": 0.9937998056411743, "left": 118.3392333984375, "top": 18.959243774414062, "right": 377.471435546875, "bottom": 308.6539306640625}], "time": 21.597288846969604}
