{"im": 1418, "res": [{"class": "aeroplane", "prob": 0.6177476644515991, "left": 381.693359375, "top": 139.08074951171875, "right": 484.18231201171875, "bottom": 367.6319580078125}, {"class": "sofa", "prob": 0.5443850159645081, "left": 21.381515502929688, "top": 44.510467529296875, "right": 475.36627197265625, "bottom": 396.7642822265625}], "time": 1.0514488220214844}
