{"im": 119, "res": [{"class": "aeroplane", "prob": 0.9992919564247131, "left": 22.732200622558594, "top": 84.10340881347656, "right": 149.16619873046875, "bottom": 457.737060546875}, {"class": "aeroplane", "prob": 0.9985888004302979, "left": 183.38217163085938, "top": 117.62751770019531, "right": 292.6915283203125, "bottom": 419.06353759765625}, {"class": "aeroplane", "prob": 0.9971002340316772, "left": 120.85939025878906, "top": 84.83108520507812, "right": 217.53602600097656, "bottom": 358.21337890625}], "time": 23.05514693260193}
