{"im": 4261, "res": [{"class": "aeroplane", "prob": 0.9952609539031982, "left": 110.58857727050781, "top": 52.64153289794922, "right": 447.185791015625, "bottom": 268.32342529296875}, {"class": "aeroplane", "prob": 0.8968654274940491, "left": 0.0, "top": 13.854812622070312, "right": 96.99956512451172, "bottom": 304.9345703125}, {"class": "aeroplane", "prob": 0.7835726141929626, "left": 374.6678161621094, "top": 21.273414611816406, "right": 499.1363830566406, "bottom": 190.660400390625}, {"class": "aeroplane", "prob": 0.5774670243263245, "left": 119.43991088867188, "top": 60.746421813964844, "right": 166.846923828125, "bottom": 108.88272857666016}], "time": 21.505444049835205}
