{"im": 4859, "res": [{"class": "aeroplane", "prob": 0.9993517398834229, "left": 140.74085998535156, "top": 180.4017333984375, "right": 208.9982147216797, "bottom": 362.12530517578125}, {"class": "bus", "prob": 0.9943970441818237, "left": 40.75750732421875, "top": 86.4176254272461, "right": 417.7257385253906, "bottom": 333.5003662109375}], "time": 21.398986101150513}
