{"im": 520, "res": [{"class": "aeroplane", "prob": 0.981253445148468, "left": 0.0, "top": 13.404342651367188, "right": 424.0, "bottom": 480.0}], "time": 21.92699909210205}
