{"im": 3789, "res": [{"class": "train", "prob": 0.885448694229126, "left": 15.295700073242188, "top": 40.9281005859375, "right": 485.568603515625, "bottom": 369.0964050292969}], "time": 21.82740092277527}
