{"im": 1488, "res": [{"class": "chair", "prob": 0.5458260178565979, "left": 194.86276245117188, "top": 189.75408935546875, "right": 256.3684387207031, "bottom": 207.93368530273438}], "time": 0.8634219169616699}
