{"im": 1765, "res": [{"class": "sofa", "prob": 0.9944186806678772, "left": 71.84136962890625, "top": 93.80401611328125, "right": 482.228515625, "bottom": 354.7464294433594}, {"class": "aeroplane", "prob": 0.9946648478507996, "left": 209.64666748046875, "top": 23.99993133544922, "right": 292.2808837890625, "bottom": 226.3582763671875}], "time": 21.66192102432251}
