{"im": 3401, "res": [{"class": "bird", "prob": 0.8024147152900696, "left": 83.77394104003906, "top": 41.107147216796875, "right": 398.66363525390625, "bottom": 297.3438415527344}, {"class": "bird", "prob": 0.5035247802734375, "left": 465.0911560058594, "top": 18.11835289001465, "right": 486.2424621582031, "bottom": 30.232065200805664}], "time": 1.2179698944091797}
