{"im": 3923, "res": [{"class": "aeroplane", "prob": 0.6319587230682373, "left": 386.1739196777344, "top": 196.65945434570312, "right": 395.5843200683594, "bottom": 218.9326171875}], "time": 0.8292219638824463}
