{"im": 2683, "res": [{"class": "aeroplane", "prob": 0.9869012236595154, "left": 190.56295776367188, "top": 102.82424926757812, "right": 397.9710388183594, "bottom": 357.3345947265625}, {"class": "aeroplane", "prob": 0.729606568813324, "left": 372.5516052246094, "top": 60.76371765136719, "right": 500.0, "bottom": 375.0}, {"class": "aeroplane", "prob": 0.6459917426109314, "left": 20.60854721069336, "top": 109.0833969116211, "right": 142.56695556640625, "bottom": 271.67669677734375}], "time": 0.8482871055603027}
