{"im": 3775, "res": [{"class": "sheep", "prob": 0.9989965558052063, "left": 228.13063049316406, "top": 228.09738159179688, "right": 331.781005859375, "bottom": 330.5222473144531}, {"class": "sheep", "prob": 0.9973728656768799, "left": 176.4782257080078, "top": 34.465240478515625, "right": 262.7945861816406, "bottom": 192.91152954101562}, {"class": "motorbike", "prob": 0.5142790675163269, "left": 319.0157470703125, "top": 9.126033782958984, "right": 412.02557373046875, "bottom": 114.36833190917969}], "time": 25.34186601638794}
