{"im": 5233, "res": [{"class": "sheep", "prob": 0.9937645196914673, "left": 97.42512512207031, "top": 63.79042053222656, "right": 398.7138671875, "bottom": 353.7171630859375}], "time": 21.511643171310425}
