{"im": 4022, "res": [{"class": "aeroplane", "prob": 0.9232860803604126, "left": 409.26605224609375, "top": 120.45671081542969, "right": 427.56707763671875, "bottom": 160.5757293701172}], "time": 0.8234958648681641}
