{"im": 1072, "res": [{"class": "aeroplane", "prob": 0.9758858680725098, "left": 91.86497497558594, "top": 149.30380249023438, "right": 198.2239227294922, "bottom": 371.9872741699219}, {"class": "aeroplane", "prob": 0.857450544834137, "left": 265.322998046875, "top": 114.87154388427734, "right": 389.966552734375, "bottom": 364.12274169921875}], "time": 0.9856250286102295}
