{"im": 1842, "res": [{"class": "aeroplane", "prob": 0.9606993794441223, "left": 151.89163208007812, "top": 55.79534912109375, "right": 286.8200988769531, "bottom": 368.05816650390625}], "time": 0.9243228435516357}
