{"im": 969, "res": [{"class": "pottedplant", "prob": 0.7505537867546082, "left": 228.26480102539062, "top": 102.47308349609375, "right": 423.2037048339844, "bottom": 373.1252746582031}], "time": 21.10762882232666}
