{"im": 1991, "res": [{"class": "train", "prob": 0.9988422989845276, "left": 107.87321472167969, "top": 59.41078186035156, "right": 302.572509765625, "bottom": 371.01507568359375}], "time": 21.668533086776733}
