{"im": 416, "res": [{"class": "aeroplane", "prob": 0.9990850687026978, "left": 57.41130065917969, "top": 18.298812866210938, "right": 334.50885009765625, "bottom": 349.46405029296875}, {"class": "aeroplane", "prob": 0.9988301992416382, "left": 247.89093017578125, "top": 47.18702697753906, "right": 500.0, "bottom": 367.73284912109375}], "time": 25.436631202697754}
