{"im": 5770, "res": [{"class": "boat", "prob": 0.9323611259460449, "left": 27.030120849609375, "top": 12.677719116210938, "right": 478.4533996582031, "bottom": 369.71563720703125}], "time": 21.840080976486206}
