{"im": 2927, "res": [{"class": "aeroplane", "prob": 0.6444472670555115, "left": 49.52662658691406, "top": 54.475372314453125, "right": 395.7384033203125, "bottom": 375.0}], "time": 0.8885760307312012}
