{"im": 673, "res": [{"class": "sofa", "prob": 0.8983723521232605, "left": 56.2032470703125, "top": 141.78224182128906, "right": 215.62661743164062, "bottom": 262.1690979003906}, {"class": "sofa", "prob": 0.8653846979141235, "left": 205.03196716308594, "top": 135.68490600585938, "right": 381.78045654296875, "bottom": 260.1366882324219}], "time": 0.8814558982849121}
