{"im": 432, "res": [{"class": "aeroplane", "prob": 0.9913181662559509, "left": 1.9678192138671875, "top": 62.44599914550781, "right": 330.2657470703125, "bottom": 493.93768310546875}, {"class": "aeroplane", "prob": 0.8492692112922668, "left": 181.00363159179688, "top": 195.49313354492188, "right": 326.12603759765625, "bottom": 424.8100280761719}], "time": 21.61536192893982}
