{"im": 1300, "res": [{"class": "tvmonitor", "prob": 0.8703360557556152, "left": 35.68528747558594, "top": 50.00376892089844, "right": 351.6629638671875, "bottom": 373.68121337890625}, {"class": "sheep", "prob": 0.8054502606391907, "left": 0.0, "top": 137.9790496826172, "right": 36.54133605957031, "bottom": 217.42640686035156}, {"class": "aeroplane", "prob": 0.5331246256828308, "left": 40.049835205078125, "top": 73.06249237060547, "right": 55.292808532714844, "bottom": 95.1686019897461}], "time": 21.366087198257446}
