{"im": 884, "res": [{"class": "sheep", "prob": 0.972377359867096, "left": 0.0, "top": 31.944381713867188, "right": 500.0, "bottom": 333.0}], "time": 21.168448209762573}
