{"im": 5716, "res": [{"class": "person", "prob": 0.9862436056137085, "left": 117.72895050048828, "top": 171.4388427734375, "right": 176.89801025390625, "bottom": 235.08627319335938}], "time": 21.174233198165894}
