{"im": 993, "res": [{"class": "aeroplane", "prob": 0.9877699613571167, "left": 112.84588623046875, "top": 47.96501159667969, "right": 272.8686218261719, "bottom": 494.20086669921875}, {"class": "aeroplane", "prob": 0.980155885219574, "left": 68.74168395996094, "top": 58.28947448730469, "right": 162.4994354248047, "bottom": 485.84368896484375}], "time": 21.137657642364502}
