{"im": 2039, "res": [{"class": "sofa", "prob": 0.9908967018127441, "left": 106.31459045410156, "top": 62.476318359375, "right": 442.01593017578125, "bottom": 346.263427734375}], "time": 21.6614351272583}
