{"im": 5554, "res": [{"class": "aeroplane", "prob": 0.8599030375480652, "left": 262.05352783203125, "top": 109.0156478881836, "right": 463.29107666015625, "bottom": 359.2989807128906}, {"class": "aeroplane", "prob": 0.7389728426933289, "left": 410.7149353027344, "top": 112.04949188232422, "right": 418.5587463378906, "bottom": 137.89739990234375}, {"class": "aeroplane", "prob": 0.6639620065689087, "left": 27.836196899414062, "top": 89.578125, "right": 240.85060119628906, "bottom": 375.0}], "time": 1.116347074508667}
