{"im": 5546, "res": [{"class": "aeroplane", "prob": 0.54783034324646, "left": 4.139617919921875, "top": 173.6353759765625, "right": 222.29405212402344, "bottom": 494.58990478515625}], "time": 0.8485941886901855}
