{"im": 3150, "res": [{"class": "bus", "prob": 0.9966169595718384, "left": 0.0, "top": 114.77486419677734, "right": 462.1814270019531, "bottom": 278.07330322265625}, {"class": "bird", "prob": 0.9086490273475647, "left": 463.7162170410156, "top": 202.60812377929688, "right": 499.9133605957031, "bottom": 237.03082275390625}, {"class": "aeroplane", "prob": 0.7957558035850525, "left": 64.2099380493164, "top": 184.06149291992188, "right": 85.71878814697266, "bottom": 206.53567504882812}], "time": 22.037118911743164}
