{"im": 3969, "res": [{"class": "tvmonitor", "prob": 0.9584161639213562, "left": 125.948486328125, "top": 121.73479461669922, "right": 299.674560546875, "bottom": 315.4414978027344}], "time": 0.89817214012146}
