{"im": 3254, "res": [{"class": "aeroplane", "prob": 0.9998786449432373, "left": 176.33456420898438, "top": 114.06135559082031, "right": 379.6684875488281, "bottom": 375.0}], "time": 22.596204042434692}
