{"im": 3745, "res": [{"class": "pottedplant", "prob": 0.9860179424285889, "left": 39.91004180908203, "top": 167.537353515625, "right": 273.1230163574219, "bottom": 328.71514892578125}], "time": 21.568872213363647}
