{"im": 169, "res": [{"class": "pottedplant", "prob": 0.9986343383789062, "left": 73.83743286132812, "top": 62.50466537475586, "right": 269.2911071777344, "bottom": 167.12310791015625}], "time": 21.85625171661377}
