{"im": 5530, "res": [{"class": "aeroplane", "prob": 0.9622606039047241, "left": 137.72825622558594, "top": 10.73626708984375, "right": 464.88775634765625, "bottom": 363.17852783203125}, {"class": "aeroplane", "prob": 0.8458359241485596, "left": 40.33319091796875, "top": 60.47138977050781, "right": 352.4880676269531, "bottom": 360.56298828125}, {"class": "aeroplane", "prob": 0.9718204140663147, "left": 246.78436279296875, "top": 0.0, "right": 474.21234130859375, "bottom": 278.75970458984375}], "time": 21.09271502494812}
