{"im": 550, "res": [{"class": "aeroplane", "prob": 0.9992698431015015, "left": 212.1116943359375, "top": 172.7538299560547, "right": 297.3190612792969, "bottom": 326.8148193359375}, {"class": "aeroplane", "prob": 0.9976314902305603, "left": 455.1066589355469, "top": 97.39083862304688, "right": 488.2337951660156, "bottom": 185.84469604492188}], "time": 21.581203937530518}
