{"im": 516, "res": [{"class": "person", "prob": 0.9948360919952393, "left": 268.13800048828125, "top": 173.68212890625, "right": 288.87432861328125, "bottom": 194.0989990234375}], "time": 22.967650890350342}
