{"im": 768, "res": [{"class": "aeroplane", "prob": 0.9995788931846619, "left": 86.80355834960938, "top": 65.03919982910156, "right": 286.5345458984375, "bottom": 493.60284423828125}, {"class": "aeroplane", "prob": 0.5689517259597778, "left": 76.4822006225586, "top": 52.46751403808594, "right": 178.18206787109375, "bottom": 393.01171875}], "time": 21.67142415046692}
