{"im": 1535, "res": [{"class": "aeroplane", "prob": 0.9933028817176819, "left": 161.5835418701172, "top": 26.76324462890625, "right": 377.72369384765625, "bottom": 332.0}, {"class": "aeroplane", "prob": 0.990121066570282, "left": 5.628471374511719, "top": 6.048583984375, "right": 162.443603515625, "bottom": 322.9828796386719}, {"class": "aeroplane", "prob": 0.787217378616333, "left": 438.2149353027344, "top": 9.8880615234375, "right": 500.0, "bottom": 315.1202392578125}], "time": 21.68355417251587}
