{"im": 2152, "res": [{"class": "aeroplane", "prob": 0.9997753500938416, "left": 219.75997924804688, "top": 139.30767822265625, "right": 274.45416259765625, "bottom": 247.60198974609375}, {"class": "boat", "prob": 0.9222679138183594, "left": 234.29263305664062, "top": 193.87120056152344, "right": 272.38995361328125, "bottom": 270.898193359375}, {"class": "aeroplane", "prob": 0.9018465876579285, "left": 29.996870040893555, "top": 175.68116760253906, "right": 45.265621185302734, "bottom": 203.85877990722656}, {"class": "boat", "prob": 0.8035076856613159, "left": 35.78811264038086, "top": 188.00531005859375, "right": 51.78046798706055, "bottom": 208.46844482421875}], "time": 21.676023960113525}
