{"im": 1929, "res": [{"class": "bottle", "prob": 0.9546350836753845, "left": 40.10418701171875, "top": 56.30293273925781, "right": 500.0, "bottom": 264.8629150390625}], "time": 21.686924934387207}
