{"im": 1020, "res": [{"class": "train", "prob": 0.79511958360672, "left": 46.01153564453125, "top": 45.4891242980957, "right": 87.00343322753906, "bottom": 120.5316162109375}, {"class": "train", "prob": 0.7865214943885803, "left": 20.201927185058594, "top": 24.011547088623047, "right": 108.11121368408203, "bottom": 141.2788543701172}, {"class": "train", "prob": 0.5980406999588013, "left": 79.27754211425781, "top": 110.15086364746094, "right": 348.54248046875, "bottom": 296.778564453125}], "time": 0.9625840187072754}
