{"im": 4268, "res": [{"class": "train", "prob": 0.8932371735572815, "left": 8.137313842773438, "top": 188.10052490234375, "right": 197.76214599609375, "bottom": 369.55023193359375}, {"class": "aeroplane", "prob": 0.888759970664978, "left": 253.57177734375, "top": 25.6927490234375, "right": 427.54559326171875, "bottom": 376.5317077636719}], "time": 0.8584020137786865}
