{"im": 95, "res": [{"class": "aeroplane", "prob": 0.9982709288597107, "left": 322.56170654296875, "top": 159.72476196289062, "right": 498.642333984375, "bottom": 367.1867370605469}, {"class": "aeroplane", "prob": 0.9758151173591614, "left": 237.38723754882812, "top": 156.988525390625, "right": 347.1195983886719, "bottom": 367.66302490234375}, {"class": "aeroplane", "prob": 0.9373125433921814, "left": 64.18923950195312, "top": 129.3076629638672, "right": 187.83767700195312, "bottom": 375.0}, {"class": "aeroplane", "prob": 0.8854097723960876, "left": 165.9686737060547, "top": 106.63050842285156, "right": 268.00787353515625, "bottom": 369.6668701171875}], "time": 21.400255918502808}
