{"im": 1737, "res": [{"class": "aeroplane", "prob": 0.9998289942741394, "left": 53.35325622558594, "top": 48.829437255859375, "right": 325.9921875, "bottom": 489.7492980957031}], "time": 21.770271062850952}
