{"im": 1746, "res": [{"class": "train", "prob": 0.6782910823822021, "left": 101.78512573242188, "top": 189.85272216796875, "right": 348.8837890625, "bottom": 346.8516845703125}, {"class": "train", "prob": 0.9531890749931335, "left": 138.69583129882812, "top": 98.1842041015625, "right": 329.9307861328125, "bottom": 211.659423828125}], "time": 21.768614053726196}
