{"im": 4687, "res": [{"class": "tvmonitor", "prob": 0.9969054460525513, "left": 0.0, "top": 136.91146850585938, "right": 217.4298553466797, "bottom": 299.63885498046875}], "time": 21.341623067855835}
