{"im": 4667, "res": [{"class": "sofa", "prob": 0.9996931552886963, "left": 13.62139892578125, "top": 1.6803741455078125, "right": 485.6532897949219, "bottom": 338.5245361328125}], "time": 21.393415212631226}
