{"im": 105, "res": [{"class": "aeroplane", "prob": 0.9604666233062744, "left": 221.1136474609375, "top": 148.29031372070312, "right": 278.74346923828125, "bottom": 333.955810546875}, {"class": "aeroplane", "prob": 0.9061223268508911, "left": 233.4701385498047, "top": 173.42727661132812, "right": 259.0272216796875, "bottom": 309.2383728027344}], "time": 1.8529059886932373}
