{"im": 5570, "res": [{"class": "car", "prob": 0.7741233110427856, "left": 8.554473876953125, "top": 46.07769775390625, "right": 377.0, "bottom": 499.6044921875}, {"class": "aeroplane", "prob": 0.9657347798347473, "left": 224.35556030273438, "top": 0.0, "right": 377.0, "bottom": 185.36843872070312}], "time": 21.087822198867798}
