{"im": 330, "res": [{"class": "aeroplane", "prob": 0.9928526878356934, "left": 106.19937133789062, "top": 47.579193115234375, "right": 459.2344665527344, "bottom": 375.0}, {"class": "aeroplane", "prob": 0.8313238024711609, "left": 405.84210205078125, "top": 162.1495819091797, "right": 497.64215087890625, "bottom": 367.2708740234375}], "time": 22.043061017990112}
