{"im": 1760, "res": [{"class": "aeroplane", "prob": 0.8034399151802063, "left": 185.12548828125, "top": 47.64945983886719, "right": 313.60894775390625, "bottom": 254.8284454345703}], "time": 0.8623661994934082}
