{"im": 3641, "res": [{"class": "aeroplane", "prob": 0.9991220235824585, "left": 264.6451721191406, "top": 30.384071350097656, "right": 349.8946228027344, "bottom": 185.97732543945312}], "time": 21.51109504699707}
