{"im": 5749, "res": [{"class": "aeroplane", "prob": 0.9028027057647705, "left": 67.33470153808594, "top": 130.3131103515625, "right": 92.01553344726562, "bottom": 179.83099365234375}], "time": 0.8395950794219971}
