{"im": 2605, "res": [{"class": "aeroplane", "prob": 0.9997920393943787, "left": 27.844146728515625, "top": 63.881866455078125, "right": 322.607177734375, "bottom": 439.938720703125}], "time": 21.44130778312683}
