{"im": 2628, "res": [{"class": "aeroplane", "prob": 0.9589368104934692, "left": 59.3468017578125, "top": 14.53363037109375, "right": 349.4441223144531, "bottom": 321.32568359375}], "time": 21.559672832489014}
