{"im": 5342, "res": [{"class": "person", "prob": 0.6060563921928406, "left": 89.03894805908203, "top": 113.96285247802734, "right": 340.04034423828125, "bottom": 272.23138427734375}], "time": 1.0095438957214355}
