{"im": 4305, "res": [{"class": "aeroplane", "prob": 0.5345345139503479, "left": 288.7978210449219, "top": 165.26425170898438, "right": 371.3749084472656, "bottom": 317.47637939453125}], "time": 0.8243498802185059}
