{"im": 374, "res": [{"class": "bottle", "prob": 0.9990174770355225, "left": 0.0, "top": 110.03379821777344, "right": 500.0, "bottom": 322.85198974609375}], "time": 21.657542943954468}
