{"im": 5158, "res": [{"class": "car", "prob": 0.9998092651367188, "left": 0.0, "top": 171.3347625732422, "right": 359.65264892578125, "bottom": 443.53533935546875}], "time": 21.52125573158264}
