{"im": 45, "res": [{"class": "sheep", "prob": 0.9971833825111389, "left": 21.978347778320312, "top": 18.1497802734375, "right": 238.2540740966797, "bottom": 500.0}], "time": 21.48555898666382}
