{"im": 456, "res": [{"class": "aeroplane", "prob": 0.9209328889846802, "left": 136.0952606201172, "top": 143.7398681640625, "right": 166.4190216064453, "bottom": 217.44973754882812}, {"class": "aeroplane", "prob": 0.8829453587532043, "left": 55.38688659667969, "top": 279.42767333984375, "right": 295.10491943359375, "bottom": 500.0}, {"class": "aeroplane", "prob": 0.6161763668060303, "left": 130.0034637451172, "top": 103.46569061279297, "right": 193.43312072753906, "bottom": 251.53781127929688}], "time": 0.8470838069915771}
