{"im": 1752, "res": [{"class": "aeroplane", "prob": 0.5246031284332275, "left": 129.9741973876953, "top": 195.6953582763672, "right": 136.5687713623047, "bottom": 213.6327362060547}], "time": 0.8372519016265869}
