{"im": 2662, "res": [{"class": "aeroplane", "prob": 0.8690945506095886, "left": 37.44496154785156, "top": 146.81414794921875, "right": 286.42193603515625, "bottom": 496.86212158203125}], "time": 0.8908908367156982}
