{"im": 4793, "res": [{"class": "bird", "prob": 0.9859588146209717, "left": 157.70492553710938, "top": 15.746522903442383, "right": 291.5467529296875, "bottom": 64.81427764892578}, {"class": "bird", "prob": 0.9921131134033203, "left": 194.68150329589844, "top": 25.131908416748047, "right": 249.7919158935547, "bottom": 57.161441802978516}, {"class": "aeroplane", "prob": 0.9260063767433167, "left": 90.92474365234375, "top": 19.684112548828125, "right": 157.875, "bottom": 158.75857543945312}, {"class": "aeroplane", "prob": 0.669019341468811, "left": 108.04745483398438, "top": 37.48619842529297, "right": 138.50759887695312, "bottom": 152.0816650390625}], "time": 0.9688069820404053}
