{"im": 2381, "res": [{"class": "aeroplane", "prob": 0.8806054592132568, "left": 12.6944580078125, "top": 55.735504150390625, "right": 364.1539306640625, "bottom": 443.9559631347656}], "time": 21.47083306312561}
