{"im": 4588, "res": [{"class": "pottedplant", "prob": 0.8618491291999817, "left": 9.788299560546875, "top": 32.58171081542969, "right": 474.479248046875, "bottom": 332.0}], "time": 21.49440097808838}
