{"im": 4957, "res": [{"class": "sheep", "prob": 0.9518415331840515, "left": 28.261672973632812, "top": 0.0, "right": 500.0, "bottom": 375.0}], "time": 21.428653955459595}
