{"im": 2366, "res": [{"class": "aeroplane", "prob": 0.7186089158058167, "left": 41.503700256347656, "top": 54.72218322753906, "right": 275.69329833984375, "bottom": 452.64605712890625}], "time": 0.8760602474212646}
