{"im": 5514, "res": [{"class": "aeroplane", "prob": 0.6506627798080444, "left": 38.977203369140625, "top": 166.32354736328125, "right": 159.67652893066406, "bottom": 368.12042236328125}], "time": 0.8723652362823486}
