{"im": 5801, "res": [{"class": "aeroplane", "prob": 0.871273398399353, "left": 49.466949462890625, "top": 17.905914306640625, "right": 447.10009765625, "bottom": 354.9898376464844}], "time": 21.35991096496582}
