{"im": 3836, "res": [{"class": "aeroplane", "prob": 0.986009955406189, "left": 158.55462646484375, "top": 64.70071411132812, "right": 289.8270568847656, "bottom": 369.8202209472656}, {"class": "aeroplane", "prob": 0.9624034762382507, "left": 266.2997131347656, "top": 64.81684875488281, "right": 379.3354797363281, "bottom": 362.1142578125}, {"class": "aeroplane", "prob": 0.5911452174186707, "left": 44.940673828125, "top": 84.14192199707031, "right": 181.67042541503906, "bottom": 226.8213348388672}], "time": 21.55689787864685}
