{"im": 4889, "res": [{"class": "pottedplant", "prob": 0.98783940076828, "left": 0.0, "top": 92.72380065917969, "right": 358.7129211425781, "bottom": 285.31085205078125}], "time": 21.394702911376953}
