{"im": 4964, "res": [{"class": "bottle", "prob": 0.9975448846817017, "left": 173.9710235595703, "top": 105.70333862304688, "right": 470.28204345703125, "bottom": 225.14544677734375}], "time": 21.410733222961426}
