{"im": 3, "res": [{"class": "tvmonitor", "prob": 0.6169710755348206, "left": 240.56942749023438, "top": 167.91673278808594, "right": 273.2728576660156, "bottom": 212.29698181152344}], "time": 0.8484930992126465}
