{"im": 1893, "res": [{"class": "tvmonitor", "prob": 0.9506349563598633, "left": 28.996536254882812, "top": 0.0, "right": 500.0, "bottom": 449.0}], "time": 21.72068500518799}
