{"im": 3887, "res": [{"class": "pottedplant", "prob": 0.9984136819839478, "left": 97.4620361328125, "top": 15.588546752929688, "right": 460.12353515625, "bottom": 153.91622924804688}], "time": 21.565958261489868}
