{"im": 536, "res": [{"class": "aeroplane", "prob": 0.9400961399078369, "left": 145.12728881835938, "top": 126.62474822998047, "right": 220.12686157226562, "bottom": 328.6681823730469}, {"class": "aeroplane", "prob": 0.9102453589439392, "left": 296.71966552734375, "top": 155.84384155273438, "right": 320.27325439453125, "bottom": 229.53860473632812}, {"class": "aeroplane", "prob": 0.9079490303993225, "left": 100.30068969726562, "top": 168.07467651367188, "right": 127.42503356933594, "bottom": 222.20626831054688}, {"class": "aeroplane", "prob": 0.7076782584190369, "left": 164.06378173828125, "top": 154.5670928955078, "right": 194.0877685546875, "bottom": 305.11761474609375}], "time": 0.8397858142852783}
