{"im": 2265, "res": [{"class": "sofa", "prob": 0.9987892508506775, "left": 11.56634521484375, "top": 43.35456848144531, "right": 458.55877685546875, "bottom": 326.7801513671875}, {"class": "bird", "prob": 0.9178205132484436, "left": 238.37423706054688, "top": 50.986175537109375, "right": 306.2420349121094, "bottom": 75.85404968261719}, {"class": "aeroplane", "prob": 0.681701123714447, "left": 0.0, "top": 46.8321533203125, "right": 60.09058380126953, "bottom": 321.2502136230469}], "time": 21.467737197875977}
