{"im": 1220, "res": [{"class": "person", "prob": 0.9683613181114197, "left": 198.2957763671875, "top": 58.842864990234375, "right": 315.06005859375, "bottom": 155.85360717773438}, {"class": "person", "prob": 0.947602391242981, "left": 232.82049560546875, "top": 72.68051147460938, "right": 281.8863525390625, "bottom": 148.4044952392578}], "time": 0.9010040760040283}
