{"im": 3113, "res": [{"class": "sheep", "prob": 0.9500629305839539, "left": 54.860809326171875, "top": 16.177001953125, "right": 333.118408203125, "bottom": 484.6858825683594}], "time": 21.66015601158142}
