{"im": 1318, "res": [{"class": "aeroplane", "prob": 0.9816083312034607, "left": 147.2691192626953, "top": 263.9999084472656, "right": 241.6057891845703, "bottom": 371.4963073730469}, {"class": "aeroplane", "prob": 0.9392474889755249, "left": 103.160888671875, "top": 309.650146484375, "right": 203.26116943359375, "bottom": 374.0}, {"class": "aeroplane", "prob": 0.8789401650428772, "left": 332.1875, "top": 141.737548828125, "right": 435.068603515625, "bottom": 277.1283264160156}, {"class": "aeroplane", "prob": 0.5997118949890137, "left": 360.8284912109375, "top": 223.39056396484375, "right": 500.0, "bottom": 292.4990234375}], "time": 21.625131845474243}
