{"im": 441, "res": [{"class": "aeroplane", "prob": 0.9957871437072754, "left": 88.90510559082031, "top": 57.18147277832031, "right": 293.88958740234375, "bottom": 500.0}], "time": 21.944633960723877}
