{"im": 1833, "res": [{"class": "cow", "prob": 0.5136324763298035, "left": 331.5321960449219, "top": 94.82222747802734, "right": 339.9622497558594, "bottom": 112.02721405029297}], "time": 0.83024001121521}
