{"im": 4672, "res": [{"class": "aeroplane", "prob": 0.9997128248214722, "left": 118.50770568847656, "top": 46.03120422363281, "right": 211.4916229248047, "bottom": 313.36602783203125}, {"class": "sofa", "prob": 0.9988452196121216, "left": 67.08085632324219, "top": 120.82492065429688, "right": 350.8765869140625, "bottom": 445.6101379394531}], "time": 21.428252935409546}
