{"im": 3748, "res": [{"class": "aeroplane", "prob": 0.9999602437019348, "left": 190.2186737060547, "top": 35.72157287597656, "right": 279.8145446777344, "bottom": 175.9899444580078}, {"class": "sofa", "prob": 0.9944113492965698, "left": 20.0994873046875, "top": 72.65814208984375, "right": 380.1816711425781, "bottom": 300.6291198730469}], "time": 21.53191590309143}
