{"im": 2311, "res": [{"class": "bird", "prob": 0.8740851283073425, "left": 415.92926025390625, "top": 182.87176513671875, "right": 500.0, "bottom": 255.86074829101562}, {"class": "bird", "prob": 0.8281442523002625, "left": 439.2320861816406, "top": 194.84046936035156, "right": 477.2751770019531, "bottom": 245.8160858154297}, {"class": "bus", "prob": 0.8289036750793457, "left": 94.028564453125, "top": 39.510353088378906, "right": 382.08721923828125, "bottom": 269.0608215332031}, {"class": "bus", "prob": 0.6871160864830017, "left": 3.841907501220703, "top": 88.47587585449219, "right": 117.09439086914062, "bottom": 259.98858642578125}], "time": 0.8252291679382324}
