{"im": 1913, "res": [{"class": "bottle", "prob": 0.8926253914833069, "left": 163.88629150390625, "top": 219.3591766357422, "right": 205.34219360351562, "bottom": 275.4268798828125}], "time": 21.661766290664673}
