{"im": 3713, "res": [{"class": "bird", "prob": 0.8493384718894958, "left": 8.967374801635742, "top": 196.31689453125, "right": 40.36643981933594, "bottom": 214.34896850585938}, {"class": "bus", "prob": 0.6744474768638611, "left": 74.02842712402344, "top": 82.65338134765625, "right": 377.06219482421875, "bottom": 277.7508544921875}], "time": 0.908113956451416}
