{"im": 4422, "res": [{"class": "aeroplane", "prob": 0.9979397058486938, "left": 4.087127685546875, "top": 71.20079040527344, "right": 133.8365478515625, "bottom": 422.8348388671875}, {"class": "sheep", "prob": 0.9817748069763184, "left": 158.41189575195312, "top": 301.5805358886719, "right": 292.5448913574219, "bottom": 423.8248596191406}], "time": 21.432728052139282}
