{"im": 5493, "res": [{"class": "chair", "prob": 0.9743931889533997, "left": 98.82122802734375, "top": 109.37317657470703, "right": 387.9132995605469, "bottom": 313.6371765136719}, {"class": "aeroplane", "prob": 0.925513744354248, "left": 302.4493408203125, "top": 200.59832763671875, "right": 321.51226806640625, "bottom": 231.60562133789062}, {"class": "aeroplane", "prob": 0.9105455279350281, "left": 143.0386199951172, "top": 195.46563720703125, "right": 170.6979522705078, "bottom": 229.14285278320312}, {"class": "aeroplane", "prob": 0.5340067148208618, "left": 124.0316390991211, "top": 203.3639678955078, "right": 152.1678009033203, "bottom": 247.09263610839844}], "time": 21.521697998046875}
