{"im": 4764, "res": [{"class": "bottle", "prob": 0.8834503889083862, "left": 156.557861328125, "top": 69.95164489746094, "right": 345.2414245605469, "bottom": 244.9484405517578}], "time": 1.036870002746582}
