{"im": 1435, "res": [{"class": "aeroplane", "prob": 0.6360578536987305, "left": 295.7838439941406, "top": 52.69950485229492, "right": 379.3653259277344, "bottom": 144.6919708251953}], "time": 0.8366827964782715}
