{"im": 2259, "res": [{"class": "person", "prob": 0.9925501942634583, "left": 107.82988739013672, "top": 84.3223876953125, "right": 211.45852661132812, "bottom": 413.07672119140625}], "time": 21.47498607635498}
