{"im": 1025, "res": [{"class": "aeroplane", "prob": 0.8965528011322021, "left": 241.8726348876953, "top": 146.46942138671875, "right": 306.4381103515625, "bottom": 303.3421630859375}, {"class": "aeroplane", "prob": 0.8228775858879089, "left": 259.74163818359375, "top": 170.42417907714844, "right": 289.01263427734375, "bottom": 272.6787109375}], "time": 0.9052519798278809}
