{"im": 3188, "res": [{"class": "sheep", "prob": 0.9376890063285828, "left": 0.0, "top": 0.0, "right": 307.2472229003906, "bottom": 375.0}], "time": 21.679861068725586}
