{"im": 568, "res": [{"class": "sofa", "prob": 0.7479786276817322, "left": 90.6642837524414, "top": 101.02989959716797, "right": 249.71353149414062, "bottom": 289.61981201171875}, {"class": "aeroplane", "prob": 0.5132842063903809, "left": 90.51206970214844, "top": 43.07763671875, "right": 194.1795196533203, "bottom": 246.13165283203125}], "time": 0.884483814239502}
