{"im": 1921, "res": [{"class": "sheep", "prob": 0.971418023109436, "left": 29.900178909301758, "top": 187.18934631347656, "right": 65.27033996582031, "bottom": 243.9933319091797}, {"class": "cat", "prob": 0.6172377467155457, "left": 457.18780517578125, "top": 45.15373229980469, "right": 499.23431396484375, "bottom": 76.78592681884766}], "time": 21.717956066131592}
