{"im": 571, "res": [{"class": "aeroplane", "prob": 0.9998478293418884, "left": 238.1360626220703, "top": 97.08076477050781, "right": 500.0, "bottom": 372.8876953125}], "time": 21.46323299407959}
