{"im": 3941, "res": [{"class": "bird", "prob": 0.9938690662384033, "left": 17.021621704101562, "top": 110.68155670166016, "right": 385.83074951171875, "bottom": 357.5530700683594}, {"class": "aeroplane", "prob": 0.9816920757293701, "left": 186.05953979492188, "top": 141.37319946289062, "right": 256.11773681640625, "bottom": 202.86309814453125}], "time": 21.56337308883667}
