{"im": 4683, "res": [{"class": "bottle", "prob": 0.9428627490997314, "left": 10.563156127929688, "top": 158.46603393554688, "right": 446.14263916015625, "bottom": 314.9404296875}], "time": 21.36474323272705}
