{"im": 5584, "res": [{"class": "bicycle", "prob": 0.997462809085846, "left": 262.9765625, "top": 295.187744140625, "right": 356.10919189453125, "bottom": 363.03436279296875}], "time": 21.123114109039307}
