{"im": 3499, "res": [{"class": "sheep", "prob": 0.997036337852478, "left": 112.37496948242188, "top": 136.74681091308594, "right": 235.85708618164062, "bottom": 332.0}, {"class": "aeroplane", "prob": 0.9727190136909485, "left": 220.18719482421875, "top": 90.36744689941406, "right": 425.51287841796875, "bottom": 332.0}, {"class": "aeroplane", "prob": 0.5403351187705994, "left": 367.2477722167969, "top": 5.868621826171875, "right": 500.0, "bottom": 320.340576171875}], "time": 21.475605964660645}
