{"im": 1664, "res": [{"class": "chair", "prob": 0.5748375058174133, "left": 297.17083740234375, "top": 139.4617462158203, "right": 318.09393310546875, "bottom": 144.2777862548828}], "time": 21.696450233459473}
