{"im": 2920, "res": [{"class": "aeroplane", "prob": 0.8011401295661926, "left": 65.41696166992188, "top": 55.88812255859375, "right": 490.8766784667969, "bottom": 320.2306823730469}], "time": 21.579933881759644}
