{"im": 3803, "res": [{"class": "person", "prob": 0.8620701432228088, "left": 93.09719848632812, "top": 86.79985046386719, "right": 242.40573120117188, "bottom": 453.7630615234375}], "time": 22.030517101287842}
