{"im": 4549, "res": [{"class": "aeroplane", "prob": 0.9996795654296875, "left": 115.18016052246094, "top": 134.43460083007812, "right": 207.8762969970703, "bottom": 235.50054931640625}, {"class": "aeroplane", "prob": 0.9984534978866577, "left": 290.0714111328125, "top": 51.86119842529297, "right": 338.47601318359375, "bottom": 240.7598876953125}, {"class": "sheep", "prob": 0.9917263388633728, "left": 206.05499267578125, "top": 196.83251953125, "right": 304.79669189453125, "bottom": 239.95529174804688}], "time": 21.403712034225464}
