{"im": 5623, "res": [{"class": "aeroplane", "prob": 0.9998117685317993, "left": 23.139450073242188, "top": 52.131805419921875, "right": 195.3094024658203, "bottom": 373.02117919921875}, {"class": "aeroplane", "prob": 0.9985738396644592, "left": 277.40802001953125, "top": 42.12928771972656, "right": 437.65032958984375, "bottom": 372.37335205078125}, {"class": "aeroplane", "prob": 0.9965788722038269, "left": 186.81980895996094, "top": 89.11524963378906, "right": 293.185791015625, "bottom": 370.98321533203125}], "time": 21.323511123657227}
