{"im": 2348, "res": [{"class": "motorbike", "prob": 0.9875425100326538, "left": 36.4915771484375, "top": 7.128448486328125, "right": 411.0006408691406, "bottom": 373.2188415527344}], "time": 21.49845314025879}
