{"im": 26, "res": [{"class": "boat", "prob": 0.8237995505332947, "left": 131.21109008789062, "top": 219.7493896484375, "right": 347.28350830078125, "bottom": 363.39263916015625}], "time": 0.8564248085021973}
