{"im": 879, "res": [{"class": "aeroplane", "prob": 0.9996117949485779, "left": 164.36239624023438, "top": 47.74452209472656, "right": 349.0470886230469, "bottom": 325.65435791015625}, {"class": "aeroplane", "prob": 0.9965912699699402, "left": 319.73406982421875, "top": 2.135986328125, "right": 493.5950927734375, "bottom": 331.2012023925781}, {"class": "aeroplane", "prob": 0.9766499400138855, "left": 439.5798645019531, "top": 5.7548065185546875, "right": 499.9797668457031, "bottom": 326.07281494140625}], "time": 22.0907301902771}
