{"im": 3023, "res": [{"class": "pottedplant", "prob": 0.7352462410926819, "left": 90.45599365234375, "top": 59.224212646484375, "right": 425.64739990234375, "bottom": 318.219482421875}], "time": 21.667179822921753}
