{"im": 2339, "res": [{"class": "chair", "prob": 0.7960249781608582, "left": 43.968238830566406, "top": 1.4037933349609375, "right": 267.8425598144531, "bottom": 335.23779296875}], "time": 21.44324827194214}
