{"im": 3185, "res": [{"class": "aeroplane", "prob": 0.995620608329773, "left": 6.1572723388671875, "top": 0.0, "right": 331.28399658203125, "bottom": 375.0}, {"class": "aeroplane", "prob": 0.9035071730613708, "left": 242.33819580078125, "top": 50.76597595214844, "right": 500.0, "bottom": 337.6668701171875}], "time": 21.68200969696045}
