{"im": 3883, "res": [{"class": "person", "prob": 0.991989016532898, "left": 214.00570678710938, "top": 108.86894226074219, "right": 327.9712219238281, "bottom": 318.6002197265625}], "time": 21.570334911346436}
