{"im": 4607, "res": [{"class": "aeroplane", "prob": 0.9989593029022217, "left": 0.53009033203125, "top": 154.27789306640625, "right": 155.37062072753906, "bottom": 482.8348388671875}, {"class": "chair", "prob": 0.5528969168663025, "left": 119.21984100341797, "top": 119.53514099121094, "right": 372.8581848144531, "bottom": 212.25294494628906}], "time": 21.443122148513794}
