{"im": 1306, "res": [{"class": "aeroplane", "prob": 0.998092532157898, "left": 244.59521484375, "top": 26.831039428710938, "right": 357.44500732421875, "bottom": 336.0}, {"class": "aeroplane", "prob": 0.9979186654090881, "left": 78.04666900634766, "top": 84.8141098022461, "right": 226.72171020507812, "bottom": 335.2261047363281}, {"class": "chair", "prob": 0.9089818000793457, "left": 10.18362808227539, "top": 127.80494689941406, "right": 64.59364318847656, "bottom": 147.4253692626953}, {"class": "aeroplane", "prob": 0.6797526478767395, "left": 38.118873596191406, "top": 120.82792663574219, "right": 47.48931121826172, "bottom": 134.71746826171875}], "time": 21.2777419090271}
