{"im": 975, "res": [{"class": "aeroplane", "prob": 0.8723060488700867, "left": 147.21328735351562, "top": 155.89402770996094, "right": 290.1867980957031, "bottom": 371.0}, {"class": "aeroplane", "prob": 0.8582278490066528, "left": 324.74822998046875, "top": 189.26751708984375, "right": 489.4456787109375, "bottom": 366.12847900390625}], "time": 0.8641738891601562}
