{"im": 1958, "res": [{"class": "bottle", "prob": 0.9987531900405884, "left": 89.05420684814453, "top": 33.714481353759766, "right": 231.59622192382812, "bottom": 86.97201538085938}], "time": 21.670742988586426}
