{"im": 4083, "res": [{"class": "aeroplane", "prob": 0.9683099389076233, "left": 5.427581787109375, "top": 6.6188201904296875, "right": 169.8773193359375, "bottom": 296.35986328125}, {"class": "aeroplane", "prob": 0.934758186340332, "left": 178.39764404296875, "top": 38.26393127441406, "right": 324.0, "bottom": 268.50469970703125}], "time": 0.8336498737335205}
