{"im": 230, "res": [{"class": "aeroplane", "prob": 0.9999349117279053, "left": 31.785797119140625, "top": 0.0, "right": 379.25201416015625, "bottom": 375.0}, {"class": "aeroplane", "prob": 0.9912821054458618, "left": 453.69219970703125, "top": 71.07315826416016, "right": 498.91619873046875, "bottom": 263.73291015625}, {"class": "aeroplane", "prob": 0.8837571144104004, "left": 325.3009338378906, "top": 133.30584716796875, "right": 363.6278381347656, "bottom": 181.9053955078125}, {"class": "aeroplane", "prob": 0.8163975477218628, "left": 16.42664337158203, "top": 125.73112487792969, "right": 44.50564193725586, "bottom": 160.7872772216797}], "time": 21.606504917144775}
