{"im": 3694, "res": [{"class": "pottedplant", "prob": 0.9120671153068542, "left": 37.760955810546875, "top": 7.259735107421875, "right": 364.1180725097656, "bottom": 355.7585754394531}], "time": 21.61669683456421}
