{"im": 758, "res": [{"class": "aeroplane", "prob": 0.9308111667633057, "left": 456.28515625, "top": 175.18997192382812, "right": 484.850830078125, "bottom": 245.24819946289062}, {"class": "aeroplane", "prob": 0.5814680457115173, "left": 329.6288146972656, "top": 160.26116943359375, "right": 352.8903503417969, "bottom": 229.88253784179688}, {"class": "aeroplane", "prob": 0.5138972401618958, "left": 294.31146240234375, "top": 129.34915161132812, "right": 358.13348388671875, "bottom": 258.9462585449219}], "time": 0.8805446624755859}
