{"im": 1126, "res": [{"class": "car", "prob": 0.8507557511329651, "left": 182.49855041503906, "top": 156.86605834960938, "right": 295.0386962890625, "bottom": 231.1666259765625}, {"class": "car", "prob": 0.833437979221344, "left": 214.4925994873047, "top": 166.64089965820312, "right": 258.9370422363281, "bottom": 218.76498413085938}], "time": 0.8935441970825195}
