{"im": 657, "res": [{"class": "aeroplane", "prob": 0.9507043361663818, "left": 377.44732666015625, "top": 305.8440246582031, "right": 396.798828125, "bottom": 333.0}], "time": 23.108824729919434}
