{"im": 4587, "res": [{"class": "sheep", "prob": 0.7296461462974548, "left": 27.75360107421875, "top": 45.548309326171875, "right": 334.3218078613281, "bottom": 401.5655212402344}], "time": 21.439908981323242}
