{"im": 5303, "res": [{"class": "car", "prob": 0.9774217009544373, "left": 39.14373779296875, "top": 68.612548828125, "right": 290.03265380859375, "bottom": 278.67388916015625}, {"class": "car", "prob": 0.5841425657272339, "left": 221.35232543945312, "top": 179.2442626953125, "right": 442.7415466308594, "bottom": 315.29266357421875}], "time": 21.489259958267212}
