{"im": 5421, "res": [{"class": "aeroplane", "prob": 0.8623162508010864, "left": 121.19778442382812, "top": 36.32117462158203, "right": 485.3124694824219, "bottom": 282.1191101074219}], "time": 21.466920852661133}
