{"im": 5255, "res": [{"class": "aeroplane", "prob": 0.9995023608207703, "left": 175.6031494140625, "top": 114.44120788574219, "right": 383.153076171875, "bottom": 330.78814697265625}, {"class": "aeroplane", "prob": 0.9992279410362244, "left": 0.0, "top": 99.05768585205078, "right": 191.228515625, "bottom": 333.0}, {"class": "aeroplane", "prob": 0.995989203453064, "left": 369.22894287109375, "top": 191.82858276367188, "right": 497.6356201171875, "bottom": 332.8996887207031}], "time": 21.482603073120117}
