{"im": 783, "res": [{"class": "cat", "prob": 0.6063100099563599, "left": 0.0, "top": 65.14202880859375, "right": 500.0, "bottom": 315.71649169921875}, {"class": "bird", "prob": 0.5486702919006348, "left": 463.8404235839844, "top": 125.49309539794922, "right": 484.8700866699219, "bottom": 139.40765380859375}], "time": 0.8586490154266357}
