{"im": 4577, "res": [{"class": "aeroplane", "prob": 0.9801220893859863, "left": 118.70880126953125, "top": 170.32058715820312, "right": 202.46646118164062, "bottom": 375.0}, {"class": "aeroplane", "prob": 0.9549493789672852, "left": 230.65994262695312, "top": 122.49986267089844, "right": 328.3713073730469, "bottom": 375.0}], "time": 0.8299798965454102}
