{"im": 5547, "res": [{"class": "aeroplane", "prob": 0.8896579146385193, "left": 206.95465087890625, "top": 189.90098571777344, "right": 234.24371337890625, "bottom": 237.57078552246094}], "time": 21.2514169216156}
