{"im": 1884, "res": [{"class": "sofa", "prob": 0.9481930732727051, "left": 158.53216552734375, "top": 178.0343780517578, "right": 322.5927734375, "bottom": 365.97906494140625}, {"class": "aeroplane", "prob": 0.8807638883590698, "left": 208.6300048828125, "top": 134.48849487304688, "right": 237.11248779296875, "bottom": 251.91888427734375}, {"class": "aeroplane", "prob": 0.857130765914917, "left": 191.23724365234375, "top": 114.88941192626953, "right": 256.5365905761719, "bottom": 277.2472229003906}], "time": 0.8340439796447754}
