{"im": 5692, "res": [{"class": "aeroplane", "prob": 0.9243420958518982, "left": 346.08197021484375, "top": 109.04422760009766, "right": 456.01654052734375, "bottom": 319.7666931152344}, {"class": "aeroplane", "prob": 0.6176120638847351, "left": 135.9574432373047, "top": 124.113037109375, "right": 226.9965057373047, "bottom": 215.71142578125}], "time": 0.872169017791748}
