{"im": 2766, "res": [{"class": "car", "prob": 0.9942200183868408, "left": 97.78236389160156, "top": 94.78884887695312, "right": 465.98529052734375, "bottom": 285.58331298828125}], "time": 21.53405499458313}
