{"im": 5008, "res": [{"class": "aeroplane", "prob": 0.843021810054779, "left": 26.266128540039062, "top": 76.76075744628906, "right": 358.16143798828125, "bottom": 422.17742919921875}], "time": 21.364497900009155}
