{"im": 1086, "res": [{"class": "aeroplane", "prob": 0.9194846153259277, "left": 198.60833740234375, "top": 103.09152221679688, "right": 331.52532958984375, "bottom": 359.5702209472656}], "time": 1.200955867767334}
