{"im": 3339, "res": [{"class": "person", "prob": 0.9992889761924744, "left": 211.28067016601562, "top": 137.324951171875, "right": 334.2108459472656, "bottom": 228.38519287109375}], "time": 21.469749927520752}
