{"im": 3812, "res": [{"class": "sofa", "prob": 0.8103721141815186, "left": 20.849563598632812, "top": 2.26123046875, "right": 482.82733154296875, "bottom": 331.2887878417969}], "time": 0.8778018951416016}
