{"im": 3903, "res": [{"class": "aeroplane", "prob": 0.9993354082107544, "left": 25.43435287475586, "top": 160.83712768554688, "right": 92.65573120117188, "bottom": 370.6802673339844}, {"class": "car", "prob": 0.9930892586708069, "left": 119.24620056152344, "top": 22.1695556640625, "right": 491.8302001953125, "bottom": 252.41183471679688}], "time": 21.560850143432617}
