{"im": 714, "res": [{"class": "aeroplane", "prob": 0.8866387605667114, "left": 74.32272338867188, "top": 59.285369873046875, "right": 252.18133544921875, "bottom": 324.44879150390625}], "time": 0.8853621482849121}
