{"im": 762, "res": [{"class": "aeroplane", "prob": 0.6474656462669373, "left": 68.8946304321289, "top": 135.90162658691406, "right": 202.17410278320312, "bottom": 325.13677978515625}, {"class": "aeroplane", "prob": 0.5776549577713013, "left": 347.29266357421875, "top": 77.6375732421875, "right": 470.48333740234375, "bottom": 301.5016174316406}, {"class": "aeroplane", "prob": 0.5643134117126465, "left": 252.6503448486328, "top": 92.74380493164062, "right": 302.4687805175781, "bottom": 183.50283813476562}], "time": 0.8470709323883057}
