{"im": 2791, "res": [{"class": "sofa", "prob": 0.99793541431427, "left": 108.73872375488281, "top": 78.60238647460938, "right": 366.23583984375, "bottom": 486.6873474121094}], "time": 21.520424842834473}
