{"im": 4546, "res": [{"class": "bird", "prob": 0.9951724410057068, "left": 5.97991943359375, "top": 28.091659545898438, "right": 400.87359619140625, "bottom": 333.0}, {"class": "aeroplane", "prob": 0.9976493716239929, "left": 340.38897705078125, "top": 3.656696319580078, "right": 372.4986572265625, "bottom": 95.44541931152344}], "time": 21.366459846496582}
