{"im": 2671, "res": [{"class": "aeroplane", "prob": 0.6876834630966187, "left": 298.44110107421875, "top": 7.830963134765625, "right": 370.1171875, "bottom": 275.7568054199219}], "time": 0.841393232345581}
