{"im": 1426, "res": [{"class": "sofa", "prob": 0.8745450973510742, "left": 196.14842224121094, "top": 53.36408996582031, "right": 327.33148193359375, "bottom": 375.0}], "time": 0.8864996433258057}
