{"im": 2346, "res": [{"class": "chair", "prob": 0.5360924601554871, "left": 0.0, "top": 39.31324768066406, "right": 357.3941650390625, "bottom": 280.39886474609375}], "time": 0.8425741195678711}
