{"im": 4992, "res": [{"class": "sheep", "prob": 0.685351550579071, "left": 50.941314697265625, "top": 13.587432861328125, "right": 392.7834167480469, "bottom": 331.41357421875}], "time": 21.405771017074585}
