{"im": 4294, "res": [{"class": "car", "prob": 0.9990037679672241, "left": 2.63262939453125, "top": 223.11373901367188, "right": 255.99819946289062, "bottom": 399.4012756347656}], "time": 23.115859270095825}
