{"im": 3022, "res": [{"class": "aeroplane", "prob": 0.8749441504478455, "left": 16.455703735351562, "top": 145.6482696533203, "right": 114.54336547851562, "bottom": 321.212646484375}, {"class": "sofa", "prob": 0.5071133375167847, "left": 64.67314910888672, "top": 56.02760314941406, "right": 275.5825500488281, "bottom": 333.0}], "time": 0.8382930755615234}
