{"im": 1177, "res": [{"class": "sofa", "prob": 0.9972212314605713, "left": 120.25416564941406, "top": 90.32806396484375, "right": 227.46949768066406, "bottom": 461.7567138671875}, {"class": "aeroplane", "prob": 0.9959556460380554, "left": 199.8851318359375, "top": 169.1268768310547, "right": 316.29803466796875, "bottom": 469.842529296875}, {"class": "aeroplane", "prob": 0.9878376722335815, "left": 82.4500503540039, "top": 71.09461975097656, "right": 165.15423583984375, "bottom": 327.794677734375}, {"class": "aeroplane", "prob": 0.7670304179191589, "left": 59.033538818359375, "top": 73.03022766113281, "right": 244.73739624023438, "bottom": 328.79449462890625}], "time": 21.156925916671753}
