{"im": 2096, "res": [{"class": "person", "prob": 0.9263323545455933, "left": 24.857406616210938, "top": 120.50951385498047, "right": 312.93341064453125, "bottom": 373.0460510253906}], "time": 21.837109088897705}
