{"im": 3072, "res": [{"class": "sheep", "prob": 0.502684473991394, "left": 250.66502380371094, "top": 116.26875305175781, "right": 463.674072265625, "bottom": 266.804443359375}], "time": 0.8425540924072266}
