{"im": 1468, "res": [{"class": "bottle", "prob": 0.5081053972244263, "left": 0.0, "top": 19.311065673828125, "right": 464.85186767578125, "bottom": 331.61981201171875}], "time": 0.8336172103881836}
