{"im": 5428, "res": [{"class": "aeroplane", "prob": 0.6137558221817017, "left": 202.6268768310547, "top": 99.47716522216797, "right": 361.11328125, "bottom": 177.79824829101562}], "time": 0.9692239761352539}
