{"im": 2016, "res": [{"class": "sheep", "prob": 0.8688632249832153, "left": 301.2147216796875, "top": 112.68702697753906, "right": 407.7506103515625, "bottom": 204.48756408691406}, {"class": "sheep", "prob": 0.8960397839546204, "left": 329.61700439453125, "top": 126.1953125, "right": 378.9927978515625, "bottom": 190.96749877929688}, {"class": "aeroplane", "prob": 0.5120983123779297, "left": 78.84494018554688, "top": 29.177230834960938, "right": 255.31878662109375, "bottom": 292.905029296875}], "time": 0.8481941223144531}
