{"im": 3470, "res": [{"class": "bicycle", "prob": 0.679675817489624, "left": 15.150726318359375, "top": 4.4613037109375, "right": 366.6213684082031, "bottom": 394.84661865234375}], "time": 21.51090717315674}
