{"im": 1586, "res": [{"class": "person", "prob": 0.9954351186752319, "left": 214.23968505859375, "top": 151.45216369628906, "right": 263.5466613769531, "bottom": 214.76451110839844}], "time": 21.659687042236328}
