{"im": 1648, "res": [{"class": "aeroplane", "prob": 0.9990392327308655, "left": 19.608306884765625, "top": 48.53630065917969, "right": 288.32745361328125, "bottom": 389.0704345703125}], "time": 21.666324853897095}
