{"im": 2969, "res": [{"class": "person", "prob": 0.9669473767280579, "left": 79.45668029785156, "top": 121.60387420654297, "right": 423.711669921875, "bottom": 258.8385314941406}], "time": 21.575336933135986}
