{"im": 3449, "res": [{"class": "car", "prob": 0.701837956905365, "left": 151.05360412597656, "top": 108.29092407226562, "right": 336.90362548828125, "bottom": 248.49447631835938}], "time": 0.9620800018310547}
