{"im": 2702, "res": [{"class": "bus", "prob": 0.9963289499282837, "left": 84.79426574707031, "top": 16.149932861328125, "right": 377.26409912109375, "bottom": 306.321044921875}, {"class": "bus", "prob": 0.9984902143478394, "left": 0.46514892578125, "top": 55.268898010253906, "right": 90.09387969970703, "bottom": 271.2462158203125}, {"class": "aeroplane", "prob": 0.9944930076599121, "left": 0.8791007995605469, "top": 183.84246826171875, "right": 34.63717269897461, "bottom": 303.931884765625}], "time": 21.43628191947937}
