{"im": 3109, "res": [{"class": "pottedplant", "prob": 0.7533788681030273, "left": 89.09310913085938, "top": 274.70916748046875, "right": 345.55975341796875, "bottom": 340.26025390625}], "time": 21.875153064727783}
