{"im": 5341, "res": [{"class": "car", "prob": 0.859899640083313, "left": 121.78897857666016, "top": 229.66786193847656, "right": 178.29783630371094, "bottom": 285.9642028808594}], "time": 21.544505834579468}
