{"im": 581, "res": [{"class": "aeroplane", "prob": 0.9967544078826904, "left": 157.926513671875, "top": 88.2544937133789, "right": 225.5743408203125, "bottom": 170.28863525390625}, {"class": "aeroplane", "prob": 0.9962915182113647, "left": 104.64967346191406, "top": 147.85476684570312, "right": 196.33116149902344, "bottom": 242.46414184570312}, {"class": "bird", "prob": 0.9255343675613403, "left": 0.0, "top": 155.37164306640625, "right": 496.75439453125, "bottom": 323.9866943359375}], "time": 21.649297952651978}
