{"im": 47, "res": [{"class": "aeroplane", "prob": 0.9960447549819946, "left": 224.35858154296875, "top": 103.163330078125, "right": 280.0877380371094, "bottom": 240.22604370117188}, {"class": "bicycle", "prob": 0.9730288982391357, "left": 188.509033203125, "top": 191.07362365722656, "right": 327.19525146484375, "bottom": 269.1250305175781}], "time": 21.64029288291931}
