{"im": 1016, "res": [{"class": "aeroplane", "prob": 0.9998199343681335, "left": 125.62413787841797, "top": 61.903656005859375, "right": 313.8564758300781, "bottom": 366.7322998046875}], "time": 21.111202001571655}
