{"im": 1683, "res": [{"class": "aeroplane", "prob": 0.976654052734375, "left": 195.94647216796875, "top": 41.93853759765625, "right": 400.22216796875, "bottom": 368.4881286621094}], "time": 21.769805192947388}
