{"im": 147, "res": [{"class": "motorbike", "prob": 0.6271330118179321, "left": 254.94094848632812, "top": 115.83723449707031, "right": 443.4100646972656, "bottom": 203.5093231201172}], "time": 21.5973482131958}
