{"im": 2735, "res": [{"class": "car", "prob": 0.9041028022766113, "left": 199.83187866210938, "top": 140.72743225097656, "right": 397.3963317871094, "bottom": 243.97813415527344}], "time": 21.441540956497192}
