{"im": 1112, "res": [{"class": "bird", "prob": 0.9471535086631775, "left": 29.335403442382812, "top": 68.32444763183594, "right": 500.0, "bottom": 316.12542724609375}], "time": 21.066239833831787}
