{"im": 4067, "res": [{"class": "car", "prob": 0.9986752867698669, "left": 72.54554748535156, "top": 99.84739685058594, "right": 404.58197021484375, "bottom": 273.5289306640625}, {"class": "aeroplane", "prob": 0.986668586730957, "left": 409.56561279296875, "top": 168.31076049804688, "right": 430.5274658203125, "bottom": 233.28143310546875}], "time": 21.611472845077515}
