{"im": 507, "res": [{"class": "chair", "prob": 0.9966059923171997, "left": 176.97299194335938, "top": 177.03216552734375, "right": 231.13748168945312, "bottom": 218.74746704101562}], "time": 21.643163919448853}
