{"im": 1026, "res": [{"class": "aeroplane", "prob": 0.7666265964508057, "left": 127.60446166992188, "top": 68.90122985839844, "right": 445.0756530761719, "bottom": 366.48193359375}], "time": 0.9156808853149414}
