{"im": 1694, "res": [{"class": "aeroplane", "prob": 0.9690861701965332, "left": 216.0726776123047, "top": 97.07386779785156, "right": 332.5992736816406, "bottom": 330.8079833984375}, {"class": "bottle", "prob": 0.8837831020355225, "left": 44.43988037109375, "top": 81.7656021118164, "right": 491.28533935546875, "bottom": 311.8708190917969}], "time": 21.66133713722229}
