{"im": 4198, "res": [{"class": "aeroplane", "prob": 0.8970757126808167, "left": 58.73614501953125, "top": 128.50515747070312, "right": 336.5786437988281, "bottom": 318.1093444824219}, {"class": "aeroplane", "prob": 0.9775415658950806, "left": 254.4099884033203, "top": 118.21786499023438, "right": 461.17523193359375, "bottom": 225.75320434570312}, {"class": "aeroplane", "prob": 0.8874791264533997, "left": 135.91702270507812, "top": 38.84461212158203, "right": 271.6023864746094, "bottom": 183.13003540039062}], "time": 21.60901975631714}
