{"im": 4028, "res": [{"class": "car", "prob": 0.9991279244422913, "left": 205.65121459960938, "top": 121.22531127929688, "right": 390.7873840332031, "bottom": 261.9925842285156}], "time": 23.046755075454712}
