{"im": 1411, "res": [{"class": "train", "prob": 0.953125536441803, "left": 290.9686279296875, "top": 227.48187255859375, "right": 339.35565185546875, "bottom": 250.74044799804688}, {"class": "train", "prob": 0.640068531036377, "left": 398.50189208984375, "top": 238.82565307617188, "right": 444.3079833984375, "bottom": 260.202880859375}], "time": 0.8495328426361084}
