{"im": 452, "res": [{"class": "aeroplane", "prob": 0.9977472424507141, "left": 38.59449768066406, "top": 85.29379272460938, "right": 158.8901824951172, "bottom": 375.0}, {"class": "bird", "prob": 0.5456144213676453, "left": 155.38058471679688, "top": 0.0, "right": 498.5315246582031, "bottom": 327.1702880859375}], "time": 0.8612732887268066}
