{"im": 3691, "res": [{"class": "aeroplane", "prob": 0.7424399852752686, "left": 132.29043579101562, "top": 66.07676696777344, "right": 273.9694519042969, "bottom": 499.84112548828125}], "time": 0.8335506916046143}
