{"im": 5668, "res": [{"class": "car", "prob": 0.8822011351585388, "left": 205.25816345214844, "top": 116.44174194335938, "right": 384.11224365234375, "bottom": 209.57803344726562}, {"class": "car", "prob": 0.8507556915283203, "left": 244.02700805664062, "top": 129.8946990966797, "right": 344.9951477050781, "bottom": 193.71446228027344}], "time": 0.8278639316558838}
