{"im": 14, "res": [{"class": "bird", "prob": 0.9820559024810791, "left": 159.1688232421875, "top": 76.72037506103516, "right": 273.24639892578125, "bottom": 137.042724609375}, {"class": "aeroplane", "prob": 0.9944179058074951, "left": 155.6949462890625, "top": 73.36190032958984, "right": 167.79998779296875, "bottom": 112.52111053466797}, {"class": "aeroplane", "prob": 0.9789135456085205, "left": 140.5124969482422, "top": 75.71210479736328, "right": 153.3363494873047, "bottom": 113.6989974975586}], "time": 23.028257131576538}
