{"im": 4213, "res": [{"class": "bicycle", "prob": 0.9959597587585449, "left": 70.71961975097656, "top": 79.62350463867188, "right": 474.9710693359375, "bottom": 295.6510314941406}, {"class": "bicycle", "prob": 0.9569836854934692, "left": 2.6690673828125, "top": 80.78926086425781, "right": 124.46891784667969, "bottom": 356.671875}], "time": 23.246636152267456}
