{"im": 877, "res": [{"class": "pottedplant", "prob": 0.9787866473197937, "left": 121.19467163085938, "top": 49.15899658203125, "right": 312.37066650390625, "bottom": 361.132080078125}], "time": 21.11536478996277}
