{"im": 3102, "res": [{"class": "car", "prob": 0.9881408214569092, "left": 47.948211669921875, "top": 107.35152435302734, "right": 414.3684387207031, "bottom": 244.77297973632812}], "time": 23.88935875892639}
