{"im": 830, "res": [{"class": "person", "prob": 0.998439371585846, "left": 22.736602783203125, "top": 63.408050537109375, "right": 366.1282958984375, "bottom": 391.5299377441406}], "time": 22.052748918533325}
