{"im": 2831, "res": [{"class": "bus", "prob": 0.7380155920982361, "left": 96.42633056640625, "top": 41.251251220703125, "right": 488.33740234375, "bottom": 326.36376953125}, {"class": "aeroplane", "prob": 0.5914322733879089, "left": 210.62509155273438, "top": 211.43663024902344, "right": 233.3787841796875, "bottom": 264.6275634765625}], "time": 0.8840360641479492}
