{"im": 4772, "res": [{"class": "aeroplane", "prob": 0.9994785785675049, "left": 271.76220703125, "top": 105.06993103027344, "right": 500.0, "bottom": 375.0}, {"class": "aeroplane", "prob": 0.9986680746078491, "left": 0.0, "top": 136.90541076660156, "right": 191.61099243164062, "bottom": 375.0}], "time": 21.423349857330322}
