{"im": 3050, "res": [{"class": "car", "prob": 0.9993482828140259, "left": 133.04054260253906, "top": 2.5062713623046875, "right": 481.8165283203125, "bottom": 279.25927734375}], "time": 21.723669052124023}
