{"im": 3133, "res": [{"class": "sheep", "prob": 0.9842595458030701, "left": 33.107391357421875, "top": 0.0, "right": 500.0, "bottom": 375.0}, {"class": "sheep", "prob": 0.8491846323013306, "left": 256.8643798828125, "top": 0.0, "right": 496.7744140625, "bottom": 331.1842346191406}], "time": 21.92774772644043}
