{"im": 3322, "res": [{"class": "bus", "prob": 0.7510601878166199, "left": 37.46583557128906, "top": 34.139312744140625, "right": 469.1641845703125, "bottom": 292.9717102050781}], "time": 0.881389856338501}
