{"im": 5555, "res": [{"class": "aeroplane", "prob": 0.9997072815895081, "left": 141.47586059570312, "top": 210.76904296875, "right": 187.89205932617188, "bottom": 360.1324462890625}, {"class": "cat", "prob": 0.6122601628303528, "left": 50.77787780761719, "top": 184.8391876220703, "right": 372.64031982421875, "bottom": 360.7850341796875}, {"class": "aeroplane", "prob": 0.5301933884620667, "left": 84.10033416748047, "top": 215.96160888671875, "right": 115.19832611083984, "bottom": 352.53143310546875}], "time": 21.203866958618164}
