{"im": 1765, "res": [{"class": "aeroplane", "prob": 0.9818897247314453, "left": 216.72007751464844, "top": 23.968162536621094, "right": 287.9521484375, "bottom": 233.59210205078125}, {"class": "sofa", "prob": 0.9590373039245605, "left": 52.041229248046875, "top": 108.21775817871094, "right": 451.48199462890625, "bottom": 348.1016845703125}], "time": 0.8340280055999756}
