{"im": 419, "res": [{"class": "aeroplane", "prob": 0.9982121586799622, "left": 10.942306518554688, "top": 0.0, "right": 421.03564453125, "bottom": 500.0}], "time": 21.890581130981445}
