{"im": 3829, "res": [{"class": "sheep", "prob": 0.9800778031349182, "left": 8.19769287109375, "top": 0.0, "right": 340.14892578125, "bottom": 500.0}], "time": 21.653908014297485}
