{"im": 260, "res": [{"class": "chair", "prob": 0.5125880241394043, "left": 144.18678283691406, "top": 53.74082946777344, "right": 301.27471923828125, "bottom": 325.6676025390625}], "time": 0.9683120250701904}
