{"im": 2185, "res": [{"class": "sheep", "prob": 0.9942168593406677, "left": 217.53411865234375, "top": 59.88037109375, "right": 390.6795654296875, "bottom": 140.10841369628906}, {"class": "sheep", "prob": 0.9924771189689636, "left": 73.26278686523438, "top": 247.32135009765625, "right": 162.41195678710938, "bottom": 354.76226806640625}], "time": 21.653730630874634}
