{"im": 4521, "res": [{"class": "pottedplant", "prob": 0.9743725061416626, "left": 146.35186767578125, "top": 25.56317901611328, "right": 354.07586669921875, "bottom": 214.0040283203125}], "time": 21.3977530002594}
