{"im": 701, "res": [{"class": "aeroplane", "prob": 0.5462223291397095, "left": 88.64321899414062, "top": 60.15785217285156, "right": 402.9647521972656, "bottom": 358.61614990234375}], "time": 0.8375239372253418}
