{"im": 256, "res": [{"class": "aeroplane", "prob": 0.7967669367790222, "left": 148.7705078125, "top": 272.41302490234375, "right": 171.59912109375, "bottom": 312.04010009765625}], "time": 1.0263829231262207}
