{"im": 4244, "res": [{"class": "bicycle", "prob": 0.9925315380096436, "left": 62.29205322265625, "top": 189.0748291015625, "right": 333.0, "bottom": 500.0}], "time": 28.86240005493164}
