{"im": 3000, "res": [{"class": "person", "prob": 0.9985383749008179, "left": 198.1590118408203, "top": 192.9923095703125, "right": 318.40185546875, "bottom": 284.29583740234375}], "time": 23.34386920928955}
