{"im": 5732, "res": [{"class": "tvmonitor", "prob": 0.5410131216049194, "left": 179.73728942871094, "top": 41.48170471191406, "right": 469.2532958984375, "bottom": 297.21099853515625}], "time": 0.8202331066131592}
