{"im": 2425, "res": [{"class": "aeroplane", "prob": 0.9979457855224609, "left": 47.41069030761719, "top": 65.05366516113281, "right": 336.2393798828125, "bottom": 496.78289794921875}, {"class": "aeroplane", "prob": 0.8234720826148987, "left": 0.0, "top": 43.779541015625, "right": 230.69638061523438, "bottom": 500.0}, {"class": "aeroplane", "prob": 0.5629779696464539, "left": 249.71302795410156, "top": 73.71952819824219, "right": 261.9488525390625, "bottom": 101.90139770507812}, {"class": "aeroplane", "prob": 0.5212929248809814, "left": 237.06153869628906, "top": 75.08572387695312, "right": 248.3167266845703, "bottom": 99.08937072753906}], "time": 22.957159757614136}
