{"im": 22, "res": [{"class": "bus", "prob": 0.7419403791427612, "left": 36.09703063964844, "top": 53.48717498779297, "right": 500.0, "bottom": 263.8479919433594}], "time": 0.8603610992431641}
