{"im": 3995, "res": [{"class": "aeroplane", "prob": 0.9928885698318481, "left": 94.18465423583984, "top": 174.3011474609375, "right": 240.51858520507812, "bottom": 317.1371154785156}, {"class": "bird", "prob": 0.96140456199646, "left": 21.15606689453125, "top": 152.6942138671875, "right": 72.13742065429688, "bottom": 201.75350952148438}], "time": 21.70097589492798}
