{"im": 206, "res": [{"class": "aeroplane", "prob": 0.9997801184654236, "left": 130.72018432617188, "top": 106.88059997558594, "right": 246.40615844726562, "bottom": 254.74977111816406}, {"class": "bird", "prob": 0.8969085216522217, "left": 0.0, "top": 0.0, "right": 497.7673645019531, "bottom": 375.0}], "time": 21.70424485206604}
