{"im": 4036, "res": [{"class": "aeroplane", "prob": 0.8648920655250549, "left": 12.500900268554688, "top": 9.835372924804688, "right": 474.4990234375, "bottom": 366.4354248046875}], "time": 23.584568738937378}
