{"im": 5408, "res": [{"class": "bus", "prob": 0.7547447681427002, "left": 91.62849426269531, "top": 67.31148529052734, "right": 431.27008056640625, "bottom": 322.9244384765625}], "time": 0.8605861663818359}
