{"im": 1170, "res": [{"class": "aeroplane", "prob": 0.9882922768592834, "left": 172.0486297607422, "top": 141.63893127441406, "right": 329.0299072265625, "bottom": 291.7130126953125}], "time": 21.110051155090332}
