{"im": 3490, "res": [{"class": "car", "prob": 0.9916278123855591, "left": 32.1484375, "top": 107.72403717041016, "right": 456.62811279296875, "bottom": 270.2615966796875}], "time": 21.480273962020874}
