{"im": 1749, "res": [{"class": "aeroplane", "prob": 0.9910837411880493, "left": 354.39190673828125, "top": 143.78292846679688, "right": 449.2625732421875, "bottom": 351.4503479003906}], "time": 21.61847710609436}
