{"im": 2595, "res": [{"class": "boat", "prob": 0.9378862977027893, "left": 262.54931640625, "top": 93.9775390625, "right": 495.777099609375, "bottom": 310.14605712890625}], "time": 0.8328819274902344}
