{"im": 1186, "res": [{"class": "aeroplane", "prob": 0.9940303564071655, "left": 14.19488525390625, "top": 22.82611083984375, "right": 327.9832763671875, "bottom": 481.6708679199219}], "time": 21.20526909828186}
