{"im": 3430, "res": [{"class": "car", "prob": 0.5073676705360413, "left": 80.68583679199219, "top": 131.7921142578125, "right": 162.9978790283203, "bottom": 163.70584106445312}], "time": 1.1242539882659912}
