{"im": 3969, "res": [{"class": "tvmonitor", "prob": 0.9959688782691956, "left": 115.56137084960938, "top": 127.39786529541016, "right": 293.1820983886719, "bottom": 320.1914367675781}], "time": 21.609102249145508}
