{"im": 282, "res": [{"class": "car", "prob": 0.999762237071991, "left": 168.9368133544922, "top": 92.8727798461914, "right": 436.0343017578125, "bottom": 323.7414855957031}, {"class": "aeroplane", "prob": 0.7361149191856384, "left": 150.52908325195312, "top": 183.76097106933594, "right": 157.08209228515625, "bottom": 199.50013732910156}], "time": 21.643568992614746}
