{"im": 5401, "res": [{"class": "train", "prob": 0.6109939813613892, "left": 275.14288330078125, "top": 149.8641815185547, "right": 290.69921875, "bottom": 163.3846893310547}], "time": 0.9777770042419434}
