{"im": 3998, "res": [{"class": "sheep", "prob": 0.7191532850265503, "left": 0.0, "top": 15.54144287109375, "right": 500.0, "bottom": 335.0}], "time": 21.638304948806763}
