{"im": 2750, "res": [{"class": "bird", "prob": 0.5964086651802063, "left": 18.872543334960938, "top": 82.92811584472656, "right": 485.53851318359375, "bottom": 218.33509826660156}], "time": 21.45242190361023}
