{"im": 832, "res": [{"class": "person", "prob": 0.9995834827423096, "left": 168.7697296142578, "top": 65.9112548828125, "right": 430.53497314453125, "bottom": 353.6982116699219}], "time": 21.979143142700195}
