{"im": 2080, "res": [{"class": "aeroplane", "prob": 0.9622842073440552, "left": 54.40444564819336, "top": 152.87069702148438, "right": 147.3734588623047, "bottom": 375.0}, {"class": "aeroplane", "prob": 0.5435840487480164, "left": 116.70447540283203, "top": 173.1661834716797, "right": 234.0322265625, "bottom": 375.0}], "time": 0.8313441276550293}
