{"im": 2023, "res": [{"class": "aeroplane", "prob": 0.5119511485099792, "left": 51.158477783203125, "top": 52.182281494140625, "right": 375.0, "bottom": 498.2898864746094}], "time": 21.76287293434143}
