{"im": 1745, "res": [{"class": "aeroplane", "prob": 0.9991288185119629, "left": 313.05755615234375, "top": 153.41159057617188, "right": 460.31402587890625, "bottom": 375.0}, {"class": "bird", "prob": 0.564495325088501, "left": 369.8935546875, "top": 183.84197998046875, "right": 500.0, "bottom": 355.2386474609375}], "time": 21.77436590194702}
