{"im": 44, "res": [{"class": "pottedplant", "prob": 0.999793529510498, "left": 235.28749084472656, "top": 325.1284484863281, "right": 333.65911865234375, "bottom": 433.7737731933594}], "time": 21.55715298652649}
