{"im": 3619, "res": [{"class": "pottedplant", "prob": 0.8576762080192566, "left": 0.0, "top": 11.996124267578125, "right": 350.55938720703125, "bottom": 425.5991516113281}], "time": 21.54402184486389}
