{"im": 5612, "res": [{"class": "tvmonitor", "prob": 0.9858018159866333, "left": 38.987762451171875, "top": 56.44488525390625, "right": 353.351806640625, "bottom": 283.110595703125}], "time": 21.101133823394775}
