{"im": 870, "res": [{"class": "sofa", "prob": 0.9994179010391235, "left": 80.73417663574219, "top": 83.62337493896484, "right": 329.54351806640625, "bottom": 292.15521240234375}, {"class": "aeroplane", "prob": 0.99947190284729, "left": 190.1087646484375, "top": 30.453590393066406, "right": 263.6321105957031, "bottom": 191.252197265625}], "time": 21.090914726257324}
