{"im": 1159, "res": [{"class": "aeroplane", "prob": 0.9976747035980225, "left": 298.5854797363281, "top": 21.875396728515625, "right": 432.0395812988281, "bottom": 333.0}], "time": 21.11165499687195}
