{"im": 4901, "res": [{"class": "train", "prob": 0.6125887632369995, "left": 75.38060760498047, "top": 61.15016174316406, "right": 318.1589050292969, "bottom": 387.870849609375}], "time": 0.9777636528015137}
