{"im": 4117, "res": [{"class": "pottedplant", "prob": 0.8457663655281067, "left": 38.061851501464844, "top": 174.33799743652344, "right": 241.077880859375, "bottom": 485.10986328125}], "time": 0.8306400775909424}
