{"im": 1794, "res": [{"class": "tvmonitor", "prob": 0.9309449791908264, "left": 118.33738708496094, "top": 120.2195816040039, "right": 376.8074951171875, "bottom": 282.11102294921875}], "time": 0.8441619873046875}
