{"im": 1840, "res": [{"class": "pottedplant", "prob": 0.9989840984344482, "left": 87.06576538085938, "top": 51.7144775390625, "right": 305.9878845214844, "bottom": 310.9606628417969}], "time": 21.64681577682495}
