{"im": 4856, "res": [{"class": "sheep", "prob": 0.9928180575370789, "left": 5.771919250488281, "top": 21.127197265625, "right": 199.05599975585938, "bottom": 397.4714660644531}], "time": 21.573740243911743}
