{"im": 1178, "res": [{"class": "aeroplane", "prob": 0.9622865319252014, "left": 189.66177368164062, "top": 133.86639404296875, "right": 319.0740661621094, "bottom": 500.0}], "time": 0.8331069946289062}
