{"im": 4231, "res": [{"class": "pottedplant", "prob": 0.8215574026107788, "left": 191.91600036621094, "top": 83.367431640625, "right": 369.84625244140625, "bottom": 361.0467529296875}], "time": 0.8657448291778564}
