{"im": 3487, "res": [{"class": "sofa", "prob": 0.9995059967041016, "left": 95.50839233398438, "top": 55.27586364746094, "right": 457.7350158691406, "bottom": 440.60113525390625}], "time": 21.551029920578003}
