{"im": 1256, "res": [{"class": "bottle", "prob": 0.9841841459274292, "left": 0.0, "top": 88.15444946289062, "right": 500.0, "bottom": 286.3031311035156}, {"class": "aeroplane", "prob": 0.6817228198051453, "left": 183.46380615234375, "top": 231.73367309570312, "right": 232.34100341796875, "bottom": 313.3590393066406}, {"class": "aeroplane", "prob": 0.6818535327911377, "left": 274.67413330078125, "top": 231.3653564453125, "right": 323.67596435546875, "bottom": 310.16119384765625}], "time": 21.27313804626465}
