{"im": 4812, "res": [{"class": "bird", "prob": 0.9940836429595947, "left": 115.8825454711914, "top": 117.89408874511719, "right": 345.0572814941406, "bottom": 266.91339111328125}], "time": 21.436177253723145}
