{"im": 3537, "res": [{"class": "pottedplant", "prob": 0.8901880383491516, "left": 100.43638610839844, "top": 83.87696838378906, "right": 253.7063446044922, "bottom": 428.90447998046875}], "time": 0.8763940334320068}
