{"im": 320, "res": [{"class": "chair", "prob": 0.996171772480011, "left": 22.110061645507812, "top": 59.8125, "right": 482.5123291015625, "bottom": 268.2159423828125}], "time": 21.793155908584595}
