{"im": 5706, "res": [{"class": "aeroplane", "prob": 0.9566061496734619, "left": 227.93707275390625, "top": 158.46060180664062, "right": 244.75753784179688, "bottom": 197.22250366210938}, {"class": "sofa", "prob": 0.8867803812026978, "left": 216.3299102783203, "top": 183.42025756835938, "right": 258.833740234375, "bottom": 240.33456420898438}, {"class": "sofa", "prob": 0.7581408619880676, "left": 189.27130126953125, "top": 172.9309539794922, "right": 289.08575439453125, "bottom": 247.6437225341797}], "time": 0.8343386650085449}
