{"im": 4737, "res": [{"class": "bus", "prob": 0.9628524780273438, "left": 118.51823425292969, "top": 46.17884826660156, "right": 356.37152099609375, "bottom": 138.11854553222656}, {"class": "bus", "prob": 0.888566255569458, "left": 194.31617736816406, "top": 61.645389556884766, "right": 280.41973876953125, "bottom": 124.24839782714844}], "time": 0.8701491355895996}
