{"im": 5708, "res": [{"class": "chair", "prob": 0.7980268597602844, "left": 321.7650451660156, "top": 145.39048767089844, "right": 355.3424377441406, "bottom": 155.70201110839844}], "time": 0.8863141536712646}
