{"im": 746, "res": [{"class": "aeroplane", "prob": 0.9480091333389282, "left": 243.62246704101562, "top": 61.004425048828125, "right": 481.5249328613281, "bottom": 375.0}, {"class": "aeroplane", "prob": 0.5844661593437195, "left": 4.308921813964844, "top": 63.3701171875, "right": 168.768310546875, "bottom": 368.5232849121094}], "time": 0.8511838912963867}
