{"im": 1642, "res": [{"class": "aeroplane", "prob": 0.5113899111747742, "left": 293.5541076660156, "top": 142.18853759765625, "right": 337.4241638183594, "bottom": 258.054443359375}], "time": 1.030696153640747}
