{"im": 3876, "res": [{"class": "aeroplane", "prob": 0.8440709710121155, "left": 309.7142639160156, "top": 193.35606384277344, "right": 318.1177062988281, "bottom": 202.03538513183594}, {"class": "aeroplane", "prob": 0.7719867825508118, "left": 256.5995178222656, "top": 194.6820526123047, "right": 263.5400085449219, "bottom": 201.36814880371094}, {"class": "aeroplane", "prob": 0.6983044147491455, "left": 305.2680969238281, "top": 194.5031280517578, "right": 310.0895080566406, "bottom": 202.19044494628906}], "time": 21.57844090461731}
