{"im": 3929, "res": [{"class": "bird", "prob": 0.9985144734382629, "left": 0.5121612548828125, "top": 204.20069885253906, "right": 111.23392486572266, "bottom": 293.3171081542969}, {"class": "bus", "prob": 0.9734403491020203, "left": 103.94599914550781, "top": 7.0765533447265625, "right": 488.8912353515625, "bottom": 301.53143310546875}], "time": 21.62000823020935}
