{"im": 1457, "res": [{"class": "aeroplane", "prob": 0.9988241791725159, "left": 88.37846374511719, "top": 62.23518371582031, "right": 297.45709228515625, "bottom": 374.921142578125}, {"class": "aeroplane", "prob": 0.9988501071929932, "left": 233.16152954101562, "top": 64.18544006347656, "right": 492.2972106933594, "bottom": 372.75457763671875}], "time": 21.674076080322266}
