{"im": 5667, "res": [{"class": "aeroplane", "prob": 0.8512793779373169, "left": 282.5071716308594, "top": 175.7089385986328, "right": 372.2132263183594, "bottom": 262.11578369140625}, {"class": "aeroplane", "prob": 0.5467879772186279, "left": 310.57098388671875, "top": 196.11004638671875, "right": 355.15802001953125, "bottom": 248.73776245117188}], "time": 0.8239538669586182}
