{"im": 4575, "res": [{"class": "aeroplane", "prob": 0.9571770429611206, "left": 147.5005645751953, "top": 10.185317993164062, "right": 398.9371337890625, "bottom": 364.22772216796875}], "time": 21.37588906288147}
