{"im": 1627, "res": [{"class": "aeroplane", "prob": 0.8943719267845154, "left": 372.5104064941406, "top": 89.69525146484375, "right": 491.4983215332031, "bottom": 371.5069580078125}, {"class": "aeroplane", "prob": 0.7426782250404358, "left": 200.21218872070312, "top": 47.40081787109375, "right": 245.52337646484375, "bottom": 150.29330444335938}, {"class": "aeroplane", "prob": 0.7064931392669678, "left": 174.70474243164062, "top": 26.93402862548828, "right": 272.875244140625, "bottom": 169.83370971679688}, {"class": "aeroplane", "prob": 0.6833804249763489, "left": 12.542030334472656, "top": 98.38019561767578, "right": 161.92648315429688, "bottom": 350.38897705078125}], "time": 0.9496419429779053}
