{"im": 1420, "res": [{"class": "aeroplane", "prob": 0.8949018716812134, "left": 138.44837951660156, "top": 58.76976013183594, "right": 265.7464294433594, "bottom": 324.005615234375}, {"class": "sofa", "prob": 0.8143914937973022, "left": 58.837501525878906, "top": 158.11233520507812, "right": 298.97119140625, "bottom": 375.0}], "time": 1.1866240501403809}
