{"im": 2634, "res": [{"class": "person", "prob": 0.9663538932800293, "left": 47.0894775390625, "top": 53.755828857421875, "right": 272.9125061035156, "bottom": 324.91595458984375}], "time": 22.860515832901}
