{"im": 792, "res": [{"class": "aeroplane", "prob": 0.920203447341919, "left": 16.188888549804688, "top": 56.7713623046875, "right": 151.64865112304688, "bottom": 374.69293212890625}], "time": 0.8389461040496826}
