{"im": 1036, "res": [{"class": "aeroplane", "prob": 0.9995905160903931, "left": 229.39349365234375, "top": 86.3797378540039, "right": 284.99163818359375, "bottom": 232.2490234375}], "time": 21.051856756210327}
