{"im": 3889, "res": [{"class": "aeroplane", "prob": 0.9913405776023865, "left": 305.25006103515625, "top": 0.0, "right": 497.86920166015625, "bottom": 267.8580322265625}, {"class": "sheep", "prob": 0.959590494632721, "left": 30.48729705810547, "top": 189.9514617919922, "right": 172.14154052734375, "bottom": 271.52655029296875}, {"class": "aeroplane", "prob": 0.9685507416725159, "left": 159.8220672607422, "top": 0.99407958984375, "right": 298.990234375, "bottom": 281.31036376953125}, {"class": "sheep", "prob": 0.870371401309967, "left": 282.12762451171875, "top": 177.83340454101562, "right": 359.9683837890625, "bottom": 250.23526000976562}], "time": 21.57905602455139}
