{"im": 360, "res": [{"class": "person", "prob": 0.9845061898231506, "left": 238.77499389648438, "top": 126.91438293457031, "right": 288.9400939941406, "bottom": 196.60121154785156}, {"class": "person", "prob": 0.9481244087219238, "left": 76.15087890625, "top": 272.7208557128906, "right": 153.92417907714844, "bottom": 333.0}], "time": 21.8224618434906}
