{"im": 3174, "res": [{"class": "bottle", "prob": 0.9993951320648193, "left": 54.70112609863281, "top": 53.53302001953125, "right": 493.43157958984375, "bottom": 214.12747192382812}], "time": 21.78538227081299}
