{"im": 322, "res": [{"class": "person", "prob": 0.9869067668914795, "left": 156.73001098632812, "top": 155.72817993164062, "right": 231.58709716796875, "bottom": 221.3802490234375}], "time": 21.701475143432617}
