{"im": 2916, "res": [{"class": "aeroplane", "prob": 0.9989357590675354, "left": 85.52485656738281, "top": 157.19076538085938, "right": 200.0939178466797, "bottom": 490.8755187988281}, {"class": "aeroplane", "prob": 0.9975786209106445, "left": 181.147705078125, "top": 105.28022766113281, "right": 302.8437194824219, "bottom": 500.0}], "time": 21.601210117340088}
