{"im": 1111, "res": [{"class": "aeroplane", "prob": 0.9855964183807373, "left": 115.42424011230469, "top": 7.552909851074219, "right": 338.92572021484375, "bottom": 232.15786743164062}], "time": 21.071624994277954}
