{"im": 3591, "res": [{"class": "aeroplane", "prob": 0.5541861653327942, "left": 136.59588623046875, "top": 49.459228515625, "right": 351.15545654296875, "bottom": 344.34014892578125}], "time": 21.570861101150513}
