{"im": 3031, "res": [{"class": "person", "prob": 0.8618335127830505, "left": 216.93588256835938, "top": 87.81539916992188, "right": 374.9136657714844, "bottom": 125.09677124023438}, {"class": "person", "prob": 0.5659415125846863, "left": 237.44935607910156, "top": 101.03852081298828, "right": 356.8404846191406, "bottom": 127.96973419189453}], "time": 21.66586184501648}
