{"im": 3629, "res": [{"class": "person", "prob": 0.998900294303894, "left": 23.16796112060547, "top": 324.7320251464844, "right": 231.92593383789062, "bottom": 500.0}, {"class": "person", "prob": 0.6327908635139465, "left": 197.98451232910156, "top": 30.04280662536621, "right": 248.5011749267578, "bottom": 71.01754760742188}], "time": 21.537890195846558}
