{"im": 1901, "res": [{"class": "bottle", "prob": 0.9950070977210999, "left": 165.69757080078125, "top": 87.03636932373047, "right": 245.99618530273438, "bottom": 183.469970703125}], "time": 21.642709016799927}
