{"im": 4342, "res": [{"class": "sheep", "prob": 0.9580103158950806, "left": 78.59671020507812, "top": 8.147262573242188, "right": 363.22003173828125, "bottom": 315.79156494140625}], "time": 21.38599181175232}
