{"im": 2786, "res": [{"class": "tvmonitor", "prob": 0.9851930141448975, "left": 17.340972900390625, "top": 84.05522155761719, "right": 369.139404296875, "bottom": 342.98284912109375}, {"class": "tvmonitor", "prob": 0.8212940692901611, "left": 327.8450927734375, "top": 81.93876647949219, "right": 496.575439453125, "bottom": 375.0}], "time": 21.48195505142212}
