{"im": 2267, "res": [{"class": "sheep", "prob": 0.559112548828125, "left": 37.95439147949219, "top": 94.95613098144531, "right": 455.725341796875, "bottom": 428.07977294921875}], "time": 0.8627169132232666}
