{"im": 1173, "res": [{"class": "aeroplane", "prob": 0.9956388473510742, "left": 39.15087890625, "top": 61.11602783203125, "right": 264.60491943359375, "bottom": 378.91973876953125}], "time": 21.097842931747437}
