{"im": 2171, "res": [{"class": "aeroplane", "prob": 0.9998424053192139, "left": 200.83934020996094, "top": 34.15916442871094, "right": 305.75848388671875, "bottom": 200.08270263671875}, {"class": "bicycle", "prob": 0.9924389719963074, "left": 200.49752807617188, "top": 114.44219970703125, "right": 321.8924255371094, "bottom": 263.6143493652344}], "time": 21.43039298057556}
