{"im": 915, "res": [{"class": "aeroplane", "prob": 0.9077368378639221, "left": 52.181419372558594, "top": 105.97453308105469, "right": 210.26553344726562, "bottom": 374.27606201171875}, {"class": "aeroplane", "prob": 0.5701115727424622, "left": 274.5550231933594, "top": 119.52467346191406, "right": 439.8783874511719, "bottom": 375.0}, {"class": "aeroplane", "prob": 0.6018761396408081, "left": 169.89036560058594, "top": 105.10391235351562, "right": 276.37322998046875, "bottom": 370.16058349609375}, {"class": "aeroplane", "prob": 0.5534771680831909, "left": 31.236228942871094, "top": 154.9879608154297, "right": 58.58562469482422, "bottom": 281.79754638671875}], "time": 0.8853061199188232}
