{"im": 2520, "res": [{"class": "boat", "prob": 0.99822598695755, "left": 245.27439880371094, "top": 136.6792755126953, "right": 345.17828369140625, "bottom": 195.78089904785156}, {"class": "aeroplane", "prob": 0.9861375689506531, "left": 254.0193328857422, "top": 122.15261840820312, "right": 316.7832946777344, "bottom": 169.633056640625}], "time": 21.489197969436646}
