{"im": 404, "res": [{"class": "aeroplane", "prob": 0.9989910125732422, "left": 44.8946533203125, "top": 57.51405334472656, "right": 284.005615234375, "bottom": 335.07745361328125}, {"class": "aeroplane", "prob": 0.9978274703025818, "left": 305.64886474609375, "top": 24.5052490234375, "right": 499.08050537109375, "bottom": 337.1128845214844}, {"class": "aeroplane", "prob": 0.9975718855857849, "left": 163.55780029296875, "top": 24.750076293945312, "right": 381.92529296875, "bottom": 330.81640625}], "time": 21.55347180366516}
