{"im": 4731, "res": [{"class": "bus", "prob": 0.8854635953903198, "left": 3.9651222229003906, "top": 30.130264282226562, "right": 123.86344909667969, "bottom": 341.07061767578125}, {"class": "bus", "prob": 0.74842369556427, "left": 129.93771362304688, "top": 14.017974853515625, "right": 446.0980529785156, "bottom": 307.9457092285156}, {"class": "bus", "prob": 0.5818686485290527, "left": 413.28070068359375, "top": 38.00187683105469, "right": 496.75677490234375, "bottom": 315.087646484375}], "time": 0.8675940036773682}
