{"im": 3406, "res": [{"class": "car", "prob": 0.9902957677841187, "left": 42.095489501953125, "top": 30.414688110351562, "right": 497.2372741699219, "bottom": 352.56024169921875}, {"class": "car", "prob": 0.5035204887390137, "left": 47.61235046386719, "top": 105.38375854492188, "right": 202.67050170898438, "bottom": 220.36477661132812}], "time": 21.50227975845337}
