{"im": 4681, "res": [{"class": "pottedplant", "prob": 0.5396909117698669, "left": 2.8075714111328125, "top": 37.682342529296875, "right": 336.61907958984375, "bottom": 282.0751647949219}, {"class": "sheep", "prob": 0.5516344308853149, "left": 2.8075714111328125, "top": 37.682342529296875, "right": 336.61907958984375, "bottom": 282.0751647949219}, {"class": "pottedplant", "prob": 0.6208295226097107, "left": 28.94964599609375, "top": 20.492088317871094, "right": 463.6110534667969, "bottom": 196.273681640625}], "time": 21.37074112892151}
