{"im": 72, "res": [{"class": "motorbike", "prob": 0.7404400110244751, "left": 47.09503173828125, "top": 262.9609680175781, "right": 115.06373596191406, "bottom": 329.5179138183594}], "time": 21.601290941238403}
