{"im": 5133, "res": [{"class": "bird", "prob": 0.7290651798248291, "left": 360.85650634765625, "top": 63.54465866088867, "right": 500.0, "bottom": 170.71923828125}, {"class": "bird", "prob": 0.725196123123169, "left": 401.7887878417969, "top": 75.30785369873047, "right": 465.2394104003906, "bottom": 154.39285278320312}, {"class": "bird", "prob": 0.6528764963150024, "left": 98.92333984375, "top": 51.892555236816406, "right": 483.61651611328125, "bottom": 294.98370361328125}], "time": 0.8682467937469482}
