{"im": 3096, "res": [{"class": "aeroplane", "prob": 0.9951009154319763, "left": 13.13189697265625, "top": 54.32574462890625, "right": 275.7904968261719, "bottom": 335.0}], "time": 24.450072050094604}
