{"im": 729, "res": [{"class": "aeroplane", "prob": 0.7636637091636658, "left": 304.3755798339844, "top": 100.92802429199219, "right": 500.0, "bottom": 374.99200439453125}, {"class": "aeroplane", "prob": 0.6956595182418823, "left": 95.94340515136719, "top": 138.73605346679688, "right": 127.68852233886719, "bottom": 216.975341796875}, {"class": "aeroplane", "prob": 0.6223912835121155, "left": 81.48628234863281, "top": 123.22970581054688, "right": 159.66761779785156, "bottom": 243.00042724609375}, {"class": "aeroplane", "prob": 0.5736476182937622, "left": 33.9920654296875, "top": 97.00297546386719, "right": 386.05487060546875, "bottom": 375.0}], "time": 0.9315240383148193}
