{"im": 5117, "res": [{"class": "aeroplane", "prob": 0.999652624130249, "left": 249.93617248535156, "top": 72.96783447265625, "right": 500.0, "bottom": 360.97589111328125}, {"class": "aeroplane", "prob": 0.9215686917304993, "left": 2.6387481689453125, "top": 75.2325439453125, "right": 276.17218017578125, "bottom": 375.0}], "time": 21.455340147018433}
