{"im": 2758, "res": [{"class": "tvmonitor", "prob": 0.8617019057273865, "left": 187.2914276123047, "top": 87.00849914550781, "right": 400.16143798828125, "bottom": 251.73658752441406}], "time": 0.8799269199371338}
