{"im": 5016, "res": [{"class": "sheep", "prob": 0.9950966835021973, "left": 73.81552124023438, "top": 92.30982971191406, "right": 308.6493835449219, "bottom": 495.0103759765625}], "time": 21.44567108154297}
