{"im": 495, "res": [{"class": "aeroplane", "prob": 0.9673260450363159, "left": 225.3895263671875, "top": 179.97601318359375, "right": 375.0, "bottom": 489.30419921875}, {"class": "aeroplane", "prob": 0.8517600893974304, "left": 162.2205047607422, "top": 177.41795349121094, "right": 232.9262237548828, "bottom": 447.74395751953125}], "time": 0.8307478427886963}
