{"im": 3557, "res": [{"class": "car", "prob": 0.540508508682251, "left": 96.4530029296875, "top": 67.68597412109375, "right": 468.10308837890625, "bottom": 287.32861328125}], "time": 0.9612588882446289}
