{"im": 5589, "res": [{"class": "aeroplane", "prob": 0.6567824482917786, "left": 86.83724975585938, "top": 19.646881103515625, "right": 328.4044494628906, "bottom": 305.7894592285156}], "time": 0.8704409599304199}
