{"im": 926, "res": [{"class": "aeroplane", "prob": 0.5233334302902222, "left": 335.703125, "top": 145.84906005859375, "right": 486.15252685546875, "bottom": 356.5593566894531}], "time": 0.9661140441894531}
