{"im": 3768, "res": [{"class": "pottedplant", "prob": 0.9967843294143677, "left": 175.02674865722656, "top": 243.62301635742188, "right": 375.0, "bottom": 433.7807312011719}], "time": 21.518201112747192}
