{"im": 4815, "res": [{"class": "cat", "prob": 0.9130347967147827, "left": 26.745468139648438, "top": 160.74078369140625, "right": 335.13787841796875, "bottom": 402.0450439453125}], "time": 21.43172311782837}
