{"im": 3911, "res": [{"class": "aeroplane", "prob": 0.859875500202179, "left": 0.7706146240234375, "top": 47.62480163574219, "right": 394.65032958984375, "bottom": 369.215087890625}], "time": 21.598697900772095}
