{"im": 4979, "res": [{"class": "bird", "prob": 0.7486678957939148, "left": 38.26792907714844, "top": 111.55744171142578, "right": 397.16290283203125, "bottom": 336.2372131347656}], "time": 0.8793399333953857}
