{"im": 3271, "res": [{"class": "train", "prob": 0.6510452628135681, "left": 275.9097595214844, "top": 280.31329345703125, "right": 313.1994934082031, "bottom": 303.46502685546875}], "time": 0.878821849822998}
