{"im": 1244, "res": [{"class": "bottle", "prob": 0.6097044348716736, "left": 292.442626953125, "top": 323.5584716796875, "right": 306.76141357421875, "bottom": 346.936279296875}], "time": 0.8799839019775391}
