{"im": 652, "res": [{"class": "aeroplane", "prob": 0.9991516470909119, "left": 10.39044189453125, "top": 13.28125, "right": 439.3421936035156, "bottom": 373.5741271972656}], "time": 23.48793911933899}
