{"im": 2046, "res": [{"class": "aeroplane", "prob": 0.9716777801513672, "left": 88.68484497070312, "top": 158.88377380371094, "right": 107.02299499511719, "bottom": 184.0800018310547}, {"class": "aeroplane", "prob": 0.861997663974762, "left": 64.94081115722656, "top": 115.27169799804688, "right": 87.81629943847656, "bottom": 152.34854125976562}], "time": 21.627306938171387}
