{"im": 2753, "res": [{"class": "bicycle", "prob": 0.9938740134239197, "left": 0.0, "top": 19.803024291992188, "right": 500.0, "bottom": 296.67291259765625}], "time": 21.503679037094116}
