{"im": 4346, "res": [{"class": "train", "prob": 0.9451422095298767, "left": 216.59283447265625, "top": 162.2753448486328, "right": 452.1820068359375, "bottom": 350.23419189453125}], "time": 0.8205990791320801}
