{"im": 331, "res": [{"class": "aeroplane", "prob": 0.999921441078186, "left": 92.92263793945312, "top": 133.75099182128906, "right": 188.70767211914062, "bottom": 297.1639404296875}, {"class": "aeroplane", "prob": 0.9989292621612549, "left": 265.9872741699219, "top": 159.64279174804688, "right": 333.0, "bottom": 281.41021728515625}], "time": 21.691060304641724}
