{"im": 2079, "res": [{"class": "bottle", "prob": 0.998558521270752, "left": 27.485427856445312, "top": 49.56306838989258, "right": 297.05328369140625, "bottom": 143.73944091796875}], "time": 21.676074028015137}
