{"im": 1991, "res": [{"class": "train", "prob": 0.9751157760620117, "left": 123.86693572998047, "top": 62.83436584472656, "right": 302.7789306640625, "bottom": 375.0}], "time": 0.837087869644165}
