{"im": 2132, "res": [{"class": "person", "prob": 0.5226866602897644, "left": 91.89696502685547, "top": 85.94992065429688, "right": 316.359130859375, "bottom": 323.06298828125}], "time": 0.8371820449829102}
