{"im": 5643, "res": [{"class": "car", "prob": 0.9992104172706604, "left": 11.991424560546875, "top": 61.01750946044922, "right": 449.5628662109375, "bottom": 304.16717529296875}], "time": 21.13613200187683}
