{"im": 2936, "res": [{"class": "sheep", "prob": 0.8019540905952454, "left": 0.0, "top": 288.6217956542969, "right": 80.25028991699219, "bottom": 404.6897888183594}, {"class": "aeroplane", "prob": 0.9970348477363586, "left": 44.87080383300781, "top": 140.16592407226562, "right": 334.0, "bottom": 496.8750915527344}, {"class": "aeroplane", "prob": 0.9723737835884094, "left": 284.55133056640625, "top": 210.83169555664062, "right": 332.650634765625, "bottom": 407.1954650878906}], "time": 21.554890871047974}
