{"im": 3172, "res": [{"class": "sofa", "prob": 0.9983429312705994, "left": 0.2960205078125, "top": 46.41371154785156, "right": 296.14727783203125, "bottom": 500.0}], "time": 21.848783254623413}
