{"im": 2233, "res": [{"class": "train", "prob": 0.9914553761482239, "left": 195.48043823242188, "top": 130.80447387695312, "right": 326.3129577636719, "bottom": 287.41241455078125}], "time": 21.44554591178894}
