{"im": 2953, "res": [{"class": "pottedplant", "prob": 0.9825837016105652, "left": 51.35429382324219, "top": 0.0, "right": 500.0, "bottom": 361.0}], "time": 22.719475030899048}
