{"im": 3814, "res": [{"class": "bird", "prob": 0.9585664868354797, "left": 211.4385986328125, "top": 176.6516876220703, "right": 341.865966796875, "bottom": 223.27159118652344}, {"class": "bird", "prob": 0.9534212350845337, "left": 247.66586303710938, "top": 184.67471313476562, "right": 304.0719299316406, "bottom": 214.96548461914062}], "time": 0.8387057781219482}
