{"im": 4802, "res": [{"class": "pottedplant", "prob": 0.781135082244873, "left": 100.84884643554688, "top": 109.6436767578125, "right": 391.4035339355469, "bottom": 223.47222900390625}], "time": 0.8254530429840088}
