{"im": 3008, "res": [{"class": "train", "prob": 0.974704384803772, "left": 157.91261291503906, "top": 61.06419372558594, "right": 418.4453125, "bottom": 243.7082977294922}], "time": 0.8605809211730957}
