{"im": 5350, "res": [{"class": "aeroplane", "prob": 0.8948699831962585, "left": 108.66169738769531, "top": 2.36767578125, "right": 494.49530029296875, "bottom": 375.0}], "time": 21.539419889450073}
