{"im": 3177, "res": [{"class": "bottle", "prob": 0.9899052381515503, "left": 60.821563720703125, "top": 99.5015640258789, "right": 481.8636169433594, "bottom": 227.17947387695312}], "time": 21.8828387260437}
