{"im": 3993, "res": [{"class": "sheep", "prob": 0.9989433288574219, "left": 167.1171417236328, "top": 107.458984375, "right": 225.52793884277344, "bottom": 247.28125}, {"class": "aeroplane", "prob": 0.6520330905914307, "left": 249.3341827392578, "top": 1.1281490325927734, "right": 291.876220703125, "bottom": 39.61175537109375}], "time": 21.57072401046753}
