{"im": 4545, "res": [{"class": "sheep", "prob": 0.9994386434555054, "left": 72.26176452636719, "top": 80.48518371582031, "right": 209.08702087402344, "bottom": 343.05133056640625}, {"class": "sheep", "prob": 0.9749999046325684, "left": 250.79998779296875, "top": 56.31475830078125, "right": 404.9327392578125, "bottom": 309.6476135253906}], "time": 21.37571907043457}
