{"im": 2547, "res": [{"class": "bicycle", "prob": 0.9984939694404602, "left": 81.12742614746094, "top": 34.28253173828125, "right": 476.1746826171875, "bottom": 291.04608154296875}, {"class": "bird", "prob": 0.6854181289672852, "left": 25.856887817382812, "top": 2.987445831298828, "right": 417.46490478515625, "bottom": 126.67073059082031}, {"class": "bird", "prob": 0.5851399898529053, "left": 300.1733093261719, "top": 15.912559509277344, "right": 500.0, "bottom": 170.30657958984375}], "time": 21.466230154037476}
