{"im": 3135, "res": [{"class": "car", "prob": 0.9968529939651489, "left": 25.195770263671875, "top": 127.61444854736328, "right": 463.00579833984375, "bottom": 234.87344360351562}], "time": 23.88173532485962}
