{"im": 2663, "res": [{"class": "aeroplane", "prob": 0.7289837598800659, "left": 153.94137573242188, "top": 167.5906219482422, "right": 200.5501708984375, "bottom": 198.48399353027344}, {"class": "chair", "prob": 0.5103386640548706, "left": 149.69448852539062, "top": 182.44117736816406, "right": 209.71453857421875, "bottom": 206.55088806152344}], "time": 21.480114936828613}
