{"im": 2749, "res": [{"class": "pottedplant", "prob": 0.9813283085823059, "left": 121.58705139160156, "top": 0.0, "right": 491.09539794921875, "bottom": 309.58428955078125}, {"class": "pottedplant", "prob": 0.9831770062446594, "left": 0.0, "top": 62.442596435546875, "right": 123.42408752441406, "bottom": 343.07086181640625}], "time": 21.41272497177124}
