{"im": 3816, "res": [{"class": "aeroplane", "prob": 0.9322219491004944, "left": 37.42149353027344, "top": 240.10740661621094, "right": 151.79159545898438, "bottom": 333.0}, {"class": "aeroplane", "prob": 0.5536627769470215, "left": 145.02696228027344, "top": 302.16436767578125, "right": 204.42054748535156, "bottom": 331.82098388671875}], "time": 21.65426278114319}
