{"im": 869, "res": [{"class": "sheep", "prob": 0.9134060144424438, "left": 10.930381774902344, "top": 27.632007598876953, "right": 105.85095977783203, "bottom": 78.69287109375}, {"class": "sheep", "prob": 0.9299511313438416, "left": 35.372344970703125, "top": 28.950057983398438, "right": 76.92072296142578, "bottom": 73.78352355957031}, {"class": "aeroplane", "prob": 0.8660485148429871, "left": 367.8686828613281, "top": 8.830726623535156, "right": 374.1628723144531, "bottom": 26.990535736083984}], "time": 0.895740270614624}
