{"im": 3006, "res": [{"class": "aeroplane", "prob": 0.8058630228042603, "left": 95.37753295898438, "top": 81.16056060791016, "right": 258.14166259765625, "bottom": 241.52212524414062}], "time": 0.8210580348968506}
