{"im": 2805, "res": [{"class": "bird", "prob": 0.6215543150901794, "left": 6.19916296005249, "top": 378.45281982421875, "right": 15.399801254272461, "bottom": 396.5142822265625}, {"class": "bicycle", "prob": 0.5510467290878296, "left": 28.042877197265625, "top": 264.2209167480469, "right": 338.8040466308594, "bottom": 472.4327087402344}], "time": 0.8958749771118164}
