{"im": 4404, "res": [{"class": "bus", "prob": 0.9055894613265991, "left": 60.61225891113281, "top": 45.886863708496094, "right": 418.86505126953125, "bottom": 289.67095947265625}, {"class": "bird", "prob": 0.7143086791038513, "left": 473.300537109375, "top": 180.04531860351562, "right": 493.08282470703125, "bottom": 218.6671142578125}, {"class": "aeroplane", "prob": 0.6351405382156372, "left": 237.43092346191406, "top": 149.44119262695312, "right": 250.7224578857422, "bottom": 173.84616088867188}, {"class": "aeroplane", "prob": 0.5974161624908447, "left": 231.29385375976562, "top": 153.4431915283203, "right": 257.36785888671875, "bottom": 174.94419860839844}], "time": 0.8695769309997559}
