{"im": 3451, "res": [{"class": "aeroplane", "prob": 0.9735262393951416, "left": 235.93948364257812, "top": 143.9652557373047, "right": 258.5512390136719, "bottom": 168.0477752685547}, {"class": "bottle", "prob": 0.9536887407302856, "left": 25.831649780273438, "top": 101.58499908447266, "right": 476.38055419921875, "bottom": 272.9736633300781}, {"class": "aeroplane", "prob": 0.6353904604911804, "left": 163.1930389404297, "top": 141.1819305419922, "right": 184.0164031982422, "bottom": 166.51808166503906}], "time": 21.46029019355774}
