{"im": 3466, "res": [{"class": "bus", "prob": 0.9324164986610413, "left": 36.86146545410156, "top": 60.82020568847656, "right": 467.42913818359375, "bottom": 317.451416015625}], "time": 0.9714059829711914}
