{"im": 4683, "res": [{"class": "bottle", "prob": 0.7559329271316528, "left": 116.69053649902344, "top": 202.58572387695312, "right": 474.1322021484375, "bottom": 308.5383605957031}], "time": 0.8125779628753662}
