{"im": 809, "res": [{"class": "person", "prob": 0.9276235699653625, "left": 195.68948364257812, "top": 86.17567443847656, "right": 393.6211853027344, "bottom": 275.2843017578125}, {"class": "person", "prob": 0.5937145948410034, "left": 27.98542022705078, "top": 129.8367156982422, "right": 244.35861206054688, "bottom": 272.339111328125}], "time": 22.01870083808899}
