{"im": 5125, "res": [{"class": "bird", "prob": 0.5384315252304077, "left": 9.352039337158203, "top": 196.1971893310547, "right": 22.308401107788086, "bottom": 210.3937225341797}], "time": 0.8348228931427002}
