{"im": 5027, "res": [{"class": "chair", "prob": 0.9921007752418518, "left": 171.97698974609375, "top": 169.40420532226562, "right": 451.14739990234375, "bottom": 276.00250244140625}], "time": 21.42644691467285}
