{"im": 5170, "res": [{"class": "person", "prob": 0.9868400692939758, "left": 0.0, "top": 136.90234375, "right": 167.00840759277344, "bottom": 356.3309020996094}], "time": 21.48086905479431}
