{"im": 2345, "res": [{"class": "pottedplant", "prob": 0.5695578455924988, "left": 58.32707214355469, "top": 16.945411682128906, "right": 318.9654541015625, "bottom": 175.20773315429688}, {"class": "sheep", "prob": 0.5214658379554749, "left": 58.32707214355469, "top": 16.945411682128906, "right": 318.9654541015625, "bottom": 175.20773315429688}], "time": 0.8405811786651611}
