{"im": 2351, "res": [{"class": "sheep", "prob": 0.9791951179504395, "left": 60.11822509765625, "top": 42.988433837890625, "right": 435.6908264160156, "bottom": 330.75042724609375}, {"class": "aeroplane", "prob": 0.9305497407913208, "left": 244.17617797851562, "top": 14.930343627929688, "right": 470.9212341308594, "bottom": 316.00030517578125}, {"class": "aeroplane", "prob": 0.8589965105056763, "left": 43.839534759521484, "top": 0.0, "right": 140.46710205078125, "bottom": 60.2508659362793}], "time": 21.447781801223755}
