{"im": 2174, "res": [{"class": "pottedplant", "prob": 0.9932119250297546, "left": 202.46975708007812, "top": 108.15780639648438, "right": 495.3751525878906, "bottom": 374.40234375}], "time": 21.44091796875}
