{"im": 3155, "res": [{"class": "train", "prob": 0.7519879937171936, "left": 23.258682250976562, "top": 198.22079467773438, "right": 253.02540588378906, "bottom": 463.7854919433594}], "time": 0.9951927661895752}
