{"im": 3325, "res": [{"class": "bird", "prob": 0.9016059637069702, "left": 165.00135803222656, "top": 69.88257598876953, "right": 392.28948974609375, "bottom": 210.30868530273438}], "time": 0.8612468242645264}
