{"im": 2858, "res": [{"class": "pottedplant", "prob": 0.9768170714378357, "left": 95.98345947265625, "top": 4.1734771728515625, "right": 459.7239990234375, "bottom": 344.0}], "time": 21.456998109817505}
