{"im": 1514, "res": [{"class": "aeroplane", "prob": 0.999603807926178, "left": 60.78187561035156, "top": 64.69367980957031, "right": 500.0, "bottom": 374.16790771484375}, {"class": "aeroplane", "prob": 0.783022403717041, "left": 234.4783935546875, "top": 5.694362640380859, "right": 326.0938720703125, "bottom": 112.97135925292969}], "time": 21.79841113090515}
