{"im": 1209, "res": [{"class": "aeroplane", "prob": 0.8902630805969238, "left": 169.33792114257812, "top": 59.50212097167969, "right": 346.0, "bottom": 500.0}], "time": 0.9232099056243896}
