{"im": 3494, "res": [{"class": "aeroplane", "prob": 0.8156123757362366, "left": 44.68132019042969, "top": 178.31057739257812, "right": 281.0, "bottom": 477.7285461425781}], "time": 21.526864767074585}
