{"im": 423, "res": [{"class": "aeroplane", "prob": 0.7050889730453491, "left": 338.2034912109375, "top": 113.05986022949219, "right": 371.6463623046875, "bottom": 176.9373016357422}, {"class": "aeroplane", "prob": 0.5405891537666321, "left": 312.5745849609375, "top": 90.91928100585938, "right": 399.83526611328125, "bottom": 293.07305908203125}], "time": 0.8715009689331055}
