{"im": 5800, "res": [{"class": "pottedplant", "prob": 0.9671997427940369, "left": 284.54852294921875, "top": 83.54434204101562, "right": 439.01416015625, "bottom": 275.3338623046875}], "time": 21.45822787284851}
