{"im": 4727, "res": [{"class": "person", "prob": 0.9005807042121887, "left": 174.99404907226562, "top": 117.20037841796875, "right": 239.28692626953125, "bottom": 204.06820678710938}], "time": 23.179337978363037}
