{"im": 4475, "res": [{"class": "pottedplant", "prob": 0.7151297330856323, "left": 16.966262817382812, "top": 26.378555297851562, "right": 480.45758056640625, "bottom": 345.7144775390625}], "time": 21.42813229560852}
