{"im": 1582, "res": [{"class": "pottedplant", "prob": 0.9809754490852356, "left": 9.423431396484375, "top": 0.0, "right": 335.4217529296875, "bottom": 343.691162109375}], "time": 21.73112678527832}
