{"im": 4479, "res": [{"class": "sheep", "prob": 0.7632375955581665, "left": 108.7154541015625, "top": 16.190940856933594, "right": 316.6944580078125, "bottom": 189.85708618164062}, {"class": "aeroplane", "prob": 0.9785146117210388, "left": 301.47857666015625, "top": 13.511978149414062, "right": 415.3134765625, "bottom": 271.28887939453125}], "time": 21.413382053375244}
