{"im": 766, "res": [{"class": "sheep", "prob": 0.8217556476593018, "left": 9.629928588867188, "top": 60.30670166015625, "right": 235.8140106201172, "bottom": 332.15643310546875}], "time": 0.8510961532592773}
