{"im": 2460, "res": [{"class": "bicycle", "prob": 0.8642846941947937, "left": 180.24124145507812, "top": 145.26641845703125, "right": 301.756591796875, "bottom": 373.36566162109375}, {"class": "aeroplane", "prob": 0.6337754130363464, "left": 126.43489837646484, "top": 109.11823272705078, "right": 151.51132202148438, "bottom": 243.94219970703125}, {"class": "aeroplane", "prob": 0.5947681665420532, "left": 109.36109924316406, "top": 90.41924285888672, "right": 176.1577911376953, "bottom": 267.62347412109375}], "time": 0.8358149528503418}
