{"im": 1872, "res": [{"class": "aeroplane", "prob": 0.9996172189712524, "left": 29.914459228515625, "top": 32.80291748046875, "right": 246.78231811523438, "bottom": 460.0140686035156}, {"class": "boat", "prob": 0.9940089583396912, "left": 6.802154541015625, "top": 157.69247436523438, "right": 334.0, "bottom": 500.0}], "time": 21.868576049804688}
