{"im": 4396, "res": [{"class": "chair", "prob": 0.6538127660751343, "left": 103.3331069946289, "top": 316.42822265625, "right": 293.2989196777344, "bottom": 493.09100341796875}], "time": 0.8228390216827393}
