{"im": 4984, "res": [{"class": "pottedplant", "prob": 0.5671212673187256, "left": 28.632827758789062, "top": 1.25543212890625, "right": 467.86114501953125, "bottom": 322.7931823730469}], "time": 21.439977884292603}
