{"im": 4651, "res": [{"class": "bird", "prob": 0.9901825785636902, "left": 59.95556640625, "top": 117.83092498779297, "right": 458.64190673828125, "bottom": 276.5688171386719}], "time": 21.376256942749023}
