{"im": 4067, "res": [{"class": "aeroplane", "prob": 0.7409287691116333, "left": 413.3486328125, "top": 184.87452697753906, "right": 429.9595947265625, "bottom": 213.85667419433594}, {"class": "car", "prob": 0.649694561958313, "left": 71.906494140625, "top": 103.48664093017578, "right": 422.6961669921875, "bottom": 257.63995361328125}], "time": 0.8296940326690674}
