{"im": 1033, "res": [{"class": "aeroplane", "prob": 0.9949076771736145, "left": 145.8738555908203, "top": 31.113327026367188, "right": 402.0130615234375, "bottom": 357.3570556640625}, {"class": "boat", "prob": 0.9025545120239258, "left": 92.55438232421875, "top": 166.150146484375, "right": 500.0, "bottom": 369.53546142578125}], "time": 21.418299198150635}
