{"im": 5535, "res": [{"class": "sheep", "prob": 0.5518480539321899, "left": 90.751708984375, "top": 43.23286437988281, "right": 430.00555419921875, "bottom": 323.32568359375}], "time": 0.9534900188446045}
