{"im": 2957, "res": [{"class": "sheep", "prob": 0.9786062836647034, "left": 35.03004455566406, "top": 15.521072387695312, "right": 375.0, "bottom": 497.6400146484375}], "time": 21.578984022140503}
