{"im": 4685, "res": [{"class": "boat", "prob": 0.9975212216377258, "left": 48.429656982421875, "top": 31.84246826171875, "right": 460.1151428222656, "bottom": 295.4509582519531}, {"class": "bird", "prob": 0.9762067794799805, "left": 310.3365478515625, "top": 2.3601455688476562, "right": 500.0, "bottom": 208.93075561523438}], "time": 21.34564971923828}
