{"im": 4414, "res": [{"class": "car", "prob": 0.9994869828224182, "left": 48.99681091308594, "top": 95.20215606689453, "right": 462.04119873046875, "bottom": 303.8533630371094}, {"class": "car", "prob": 0.9580789804458618, "left": 408.0586853027344, "top": 104.94475555419922, "right": 499.8347473144531, "bottom": 273.7590026855469}], "time": 22.4425950050354}
