{"im": 2841, "res": [{"class": "bus", "prob": 0.7746952772140503, "left": 23.248825073242188, "top": 0.0, "right": 481.467529296875, "bottom": 305.6934814453125}], "time": 0.8838150501251221}
