{"im": 2710, "res": [{"class": "aeroplane", "prob": 0.6053288578987122, "left": 7.524935722351074, "top": 268.75543212890625, "right": 27.13776397705078, "bottom": 297.63189697265625}, {"class": "aeroplane", "prob": 0.521554708480835, "left": 6.854274749755859, "top": 272.4967041015625, "right": 25.874385833740234, "bottom": 322.29364013671875}], "time": 0.8432619571685791}
