{"im": 4103, "res": [{"class": "aeroplane", "prob": 0.95087069272995, "left": 234.99356079101562, "top": 129.54725646972656, "right": 356.1773986816406, "bottom": 375.0}, {"class": "aeroplane", "prob": 0.9315727949142456, "left": 394.4610595703125, "top": 127.2513198852539, "right": 489.0350341796875, "bottom": 373.39923095703125}, {"class": "aeroplane", "prob": 0.8800733089447021, "left": 12.533798217773438, "top": 107.34245300292969, "right": 198.79310607910156, "bottom": 371.86676025390625}, {"class": "aeroplane", "prob": 0.7884659767150879, "left": 122.13518524169922, "top": 114.88069915771484, "right": 221.8701171875, "bottom": 365.2896423339844}], "time": 0.8325738906860352}
