{"im": 2667, "res": [{"class": "person", "prob": 0.9970414638519287, "left": 153.22486877441406, "top": 179.09573364257812, "right": 272.79541015625, "bottom": 331.97125244140625}, {"class": "person", "prob": 0.9874597191810608, "left": 161.0564422607422, "top": 148.44036865234375, "right": 208.54640197753906, "bottom": 183.17263793945312}, {"class": "person", "prob": 0.7362681031227112, "left": 206.78829956054688, "top": 190.35662841796875, "right": 284.4816589355469, "bottom": 316.78656005859375}], "time": 21.515281915664673}
