{"im": 1796, "res": [{"class": "cat", "prob": 0.9582987427711487, "left": 24.190750122070312, "top": 12.803886413574219, "right": 472.22210693359375, "bottom": 244.93911743164062}], "time": 21.63006281852722}
