{"im": 905, "res": [{"class": "pottedplant", "prob": 0.9969761371612549, "left": 161.52975463867188, "top": 49.61077880859375, "right": 356.5793151855469, "bottom": 315.35662841796875}], "time": 21.125232934951782}
