{"im": 4586, "res": [{"class": "aeroplane", "prob": 0.8715131282806396, "left": 222.3252410888672, "top": 41.63926696777344, "right": 484.8243408203125, "bottom": 375.0}, {"class": "aeroplane", "prob": 0.6947927474975586, "left": 0.0, "top": 65.6771240234375, "right": 297.43511962890625, "bottom": 375.0}], "time": 0.8571739196777344}
