{"im": 559, "res": [{"class": "aeroplane", "prob": 0.9997855424880981, "left": 227.0332489013672, "top": 68.42460632324219, "right": 497.898681640625, "bottom": 362.179931640625}, {"class": "aeroplane", "prob": 0.9989361763000488, "left": 83.385498046875, "top": 114.52664184570312, "right": 268.86212158203125, "bottom": 375.0}], "time": 26.363713026046753}
