{"im": 5472, "res": [{"class": "aeroplane", "prob": 0.999836802482605, "left": 10.371627807617188, "top": 52.28033447265625, "right": 189.05226135253906, "bottom": 359.87750244140625}, {"class": "aeroplane", "prob": 0.990225076675415, "left": 320.81982421875, "top": 0.0, "right": 500.0, "bottom": 375.0}, {"class": "aeroplane", "prob": 0.8899966478347778, "left": 227.12486267089844, "top": 102.15023803710938, "right": 306.5098876953125, "bottom": 198.31057739257812}], "time": 21.480698823928833}
