{"im": 1336, "res": [{"class": "sheep", "prob": 0.9506797194480896, "left": 170.34243774414062, "top": 8.242431640625, "right": 272.1669616699219, "bottom": 371.8953857421875}], "time": 21.677054166793823}
