{"im": 5176, "res": [{"class": "car", "prob": 0.8635533452033997, "left": 146.8680419921875, "top": 92.22308349609375, "right": 281.06805419921875, "bottom": 257.45587158203125}, {"class": "car", "prob": 0.578675389289856, "left": 279.642822265625, "top": 71.9652099609375, "right": 500.0, "bottom": 332.0}], "time": 0.8324902057647705}
