{"im": 4083, "res": [{"class": "aeroplane", "prob": 0.9998815655708313, "left": 0.0, "top": 9.614288330078125, "right": 175.711181640625, "bottom": 292.16961669921875}, {"class": "aeroplane", "prob": 0.9995959401130676, "left": 175.7850341796875, "top": 26.62291717529297, "right": 324.0, "bottom": 268.0523681640625}, {"class": "aeroplane", "prob": 0.9914529919624329, "left": 178.0047607421875, "top": 48.02374267578125, "right": 253.80047607421875, "bottom": 170.3670654296875}], "time": 21.660492658615112}
