{"im": 5793, "res": [{"class": "aeroplane", "prob": 0.948400616645813, "left": 231.54147338867188, "top": 86.97390747070312, "right": 382.1770324707031, "bottom": 332.5045471191406}], "time": 21.377907276153564}
