{"im": 4061, "res": [{"class": "boat", "prob": 0.842256486415863, "left": 293.5084228515625, "top": 164.7183380126953, "right": 399.53515625, "bottom": 256.5911865234375}, {"class": "bicycle", "prob": 0.9889703392982483, "left": 1.1706905364990234, "top": 149.23471069335938, "right": 49.018310546875, "bottom": 226.27682495117188}, {"class": "aeroplane", "prob": 0.9980546236038208, "left": 308.9442138671875, "top": 111.4220962524414, "right": 380.947265625, "bottom": 233.77838134765625}, {"class": "aeroplane", "prob": 0.8715724349021912, "left": 0.1445465087890625, "top": 100.98374938964844, "right": 37.326393127441406, "bottom": 217.13246154785156}], "time": 21.561429023742676}
