{"im": 3754, "res": [{"class": "sheep", "prob": 0.9870491027832031, "left": 90.94612121582031, "top": 176.559326171875, "right": 248.4374237060547, "bottom": 293.17828369140625}, {"class": "aeroplane", "prob": 0.9614026546478271, "left": 254.4455108642578, "top": 44.50959014892578, "right": 500.0, "bottom": 300.3732604980469}], "time": 21.503648042678833}
