{"im": 5450, "res": [{"class": "chair", "prob": 0.9946618676185608, "left": 129.31039428710938, "top": 123.1492919921875, "right": 353.4066162109375, "bottom": 176.0513916015625}, {"class": "chair", "prob": 0.6133460402488708, "left": 450.92864990234375, "top": 163.37637329101562, "right": 491.54833984375, "bottom": 175.29043579101562}], "time": 21.481767177581787}
