{"im": 328, "res": [{"class": "aeroplane", "prob": 0.9717872142791748, "left": 27.212997436523438, "top": 96.06562805175781, "right": 355.20404052734375, "bottom": 493.92547607421875}], "time": 21.839478969573975}
