{"im": 4104, "res": [{"class": "pottedplant", "prob": 0.9760252833366394, "left": 92.5730209350586, "top": 32.58781433105469, "right": 186.4683837890625, "bottom": 178.3863067626953}], "time": 21.605964183807373}
