{"im": 3712, "res": [{"class": "sheep", "prob": 0.603853702545166, "left": 32.61784362792969, "top": 37.754638671875, "right": 366.11016845703125, "bottom": 462.1855773925781}], "time": 21.53901696205139}
