{"im": 1722, "res": [{"class": "pottedplant", "prob": 0.937218964099884, "left": 114.9754638671875, "top": 14.405990600585938, "right": 435.36895751953125, "bottom": 372.72381591796875}], "time": 21.71116328239441}
