{"im": 4118, "res": [{"class": "bottle", "prob": 0.9989195466041565, "left": 26.29510498046875, "top": 45.31561279296875, "right": 486.21539306640625, "bottom": 285.6600036621094}], "time": 21.61026883125305}
