{"im": 606, "res": [{"class": "aeroplane", "prob": 0.8980526924133301, "left": 71.20721435546875, "top": 0.0, "right": 244.524658203125, "bottom": 145.06549072265625}], "time": 0.8378102779388428}
