{"im": 3505, "res": [{"class": "bird", "prob": 0.9989656805992126, "left": 12.112312316894531, "top": 86.02882385253906, "right": 237.00906372070312, "bottom": 214.12266540527344}, {"class": "aeroplane", "prob": 0.8235547542572021, "left": 82.92951965332031, "top": 107.79801177978516, "right": 108.37020874023438, "bottom": 128.63467407226562}], "time": 21.471678972244263}
