{"im": 5282, "res": [{"class": "pottedplant", "prob": 0.9079214930534363, "left": 40.08026123046875, "top": 1.14385986328125, "right": 277.2354431152344, "bottom": 439.9528503417969}], "time": 21.52405595779419}
