{"im": 1760, "res": [{"class": "train", "prob": 0.7086449861526489, "left": 180.38958740234375, "top": 155.06723022460938, "right": 370.47412109375, "bottom": 316.3382873535156}, {"class": "aeroplane", "prob": 0.962243378162384, "left": 0.0, "top": 86.17276000976562, "right": 123.87487030029297, "bottom": 342.39471435546875}, {"class": "aeroplane", "prob": 0.8321273326873779, "left": 180.36097717285156, "top": 47.20684814453125, "right": 323.09173583984375, "bottom": 280.65924072265625}, {"class": "sheep", "prob": 0.7088893055915833, "left": 34.714210510253906, "top": 228.5203857421875, "right": 246.83978271484375, "bottom": 363.1927490234375}], "time": 21.758440017700195}
