{"im": 5814, "res": [{"class": "sofa", "prob": 0.9635036587715149, "left": 44.07481384277344, "top": 54.7376708984375, "right": 370.13482666015625, "bottom": 369.7080993652344}], "time": 21.64140009880066}
