{"im": 5113, "res": [{"class": "aeroplane", "prob": 0.9982285499572754, "left": 344.1612548828125, "top": 98.59597778320312, "right": 480.71990966796875, "bottom": 366.5843200683594}, {"class": "aeroplane", "prob": 0.9775029420852661, "left": 0.0, "top": 18.611846923828125, "right": 182.02609252929688, "bottom": 353.468017578125}, {"class": "aeroplane", "prob": 0.8138638734817505, "left": 183.41632080078125, "top": 163.63316345214844, "right": 228.21612548828125, "bottom": 218.6223907470703}], "time": 21.425801038742065}
