{"im": 3477, "res": [{"class": "aeroplane", "prob": 0.9994407892227173, "left": 12.229019165039062, "top": 66.08549499511719, "right": 334.3414306640625, "bottom": 367.94781494140625}, {"class": "aeroplane", "prob": 0.9984579682350159, "left": 177.30856323242188, "top": 119.97261047363281, "right": 433.9926452636719, "bottom": 369.19952392578125}, {"class": "aeroplane", "prob": 0.9548819661140442, "left": 386.8871765136719, "top": 132.51779174804688, "right": 500.0, "bottom": 375.0}], "time": 21.484586000442505}
