{"im": 2547, "res": [{"class": "bicycle", "prob": 0.527994692325592, "left": 81.84095764160156, "top": 35.51176452636719, "right": 496.719482421875, "bottom": 305.251708984375}], "time": 0.8338029384613037}
