{"im": 15, "res": [{"class": "person", "prob": 0.998407244682312, "left": 108.52021789550781, "top": 147.5579833984375, "right": 191.2326202392578, "bottom": 221.84384155273438}, {"class": "person", "prob": 0.9971120357513428, "left": 282.0540466308594, "top": 103.55210876464844, "right": 318.0431213378906, "bottom": 173.03590393066406}], "time": 21.375871896743774}
