{"im": 4056, "res": [{"class": "aeroplane", "prob": 0.9976934194564819, "left": 7.1425018310546875, "top": 11.6494140625, "right": 442.95361328125, "bottom": 326.6754150390625}], "time": 21.612312078475952}
