{"im": 3637, "res": [{"class": "person", "prob": 0.9916902780532837, "left": 136.26605224609375, "top": 59.72953796386719, "right": 421.03826904296875, "bottom": 290.98028564453125}], "time": 21.54004979133606}
