{"im": 2056, "res": [{"class": "aeroplane", "prob": 0.9793162941932678, "left": 35.229217529296875, "top": 0.0, "right": 358.5280456542969, "bottom": 208.0107421875}], "time": 21.660358905792236}
