{"im": 593, "res": [{"class": "aeroplane", "prob": 0.6477409601211548, "left": 29.316864013671875, "top": 78.94839477539062, "right": 350.07110595703125, "bottom": 474.0459289550781}], "time": 21.570024013519287}
