{"im": 313, "res": [{"class": "aeroplane", "prob": 0.9999290108680725, "left": 215.79962158203125, "top": 60.37614440917969, "right": 295.30389404296875, "bottom": 201.3016815185547}, {"class": "bicycle", "prob": 0.9961282014846802, "left": 228.3555450439453, "top": 128.387939453125, "right": 309.763671875, "bottom": 248.381591796875}], "time": 21.699493169784546}
