{"im": 4356, "res": [{"class": "cat", "prob": 0.9907601475715637, "left": 11.613357543945312, "top": 51.928558349609375, "right": 317.20513916015625, "bottom": 294.1210632324219}, {"class": "bird", "prob": 0.9165656566619873, "left": 222.08004760742188, "top": 97.00981140136719, "right": 486.4886779785156, "bottom": 232.76075744628906}], "time": 21.412070274353027}
