{"im": 1998, "res": [{"class": "bottle", "prob": 0.9875810146331787, "left": 230.6594696044922, "top": 144.73764038085938, "right": 284.8543701171875, "bottom": 217.63043212890625}], "time": 21.687143087387085}
