{"im": 3344, "res": [{"class": "tvmonitor", "prob": 0.8686398863792419, "left": 80.68428039550781, "top": 71.24993133544922, "right": 403.79400634765625, "bottom": 287.5564270019531}], "time": 0.9850201606750488}
