{"im": 5315, "res": [{"class": "sheep", "prob": 0.9974185824394226, "left": 4.93548583984375, "top": 79.05172729492188, "right": 308.5268249511719, "bottom": 297.6297912597656}], "time": 21.479514122009277}
