{"im": 5115, "res": [{"class": "sheep", "prob": 0.5905750393867493, "left": 96.042236328125, "top": 65.35382080078125, "right": 377.7049255371094, "bottom": 304.1946105957031}], "time": 0.8721909523010254}
