{"im": 3535, "res": [{"class": "sheep", "prob": 0.9825373291969299, "left": 71.63436889648438, "top": 162.82354736328125, "right": 362.6907958984375, "bottom": 303.01568603515625}], "time": 21.556905269622803}
