{"im": 2661, "res": [{"class": "bottle", "prob": 0.9962062239646912, "left": 42.9805908203125, "top": 92.56047058105469, "right": 389.59906005859375, "bottom": 205.6909942626953}], "time": 21.5249240398407}
