{"im": 1657, "res": [{"class": "sheep", "prob": 0.9884315133094788, "left": 162.75186157226562, "top": 35.995201110839844, "right": 482.6743469238281, "bottom": 288.9355773925781}], "time": 21.638569831848145}
