{"im": 531, "res": [{"class": "aeroplane", "prob": 0.9939232468605042, "left": 140.4646759033203, "top": 45.18720245361328, "right": 225.62986755371094, "bottom": 235.39926147460938}], "time": 21.789061307907104}
