{"im": 1516, "res": [{"class": "aeroplane", "prob": 0.8365724682807922, "left": 357.85040283203125, "top": 221.34197998046875, "right": 496.88189697265625, "bottom": 368.9329833984375}], "time": 0.8282439708709717}
