{"im": 3193, "res": [{"class": "aeroplane", "prob": 0.9956821799278259, "left": 81.71837615966797, "top": 0.0, "right": 204.52328491210938, "bottom": 170.4091796875}, {"class": "aeroplane", "prob": 0.9770257472991943, "left": 329.56524658203125, "top": 0.0, "right": 426.04473876953125, "bottom": 137.35169982910156}], "time": 21.755868911743164}
