{"im": 753, "res": [{"class": "bicycle", "prob": 0.9989614486694336, "left": 0.0, "top": 16.51019287109375, "right": 499.3935852050781, "bottom": 357.87646484375}], "time": 22.39298987388611}
