{"im": 449, "res": [{"class": "aeroplane", "prob": 0.9955663084983826, "left": 183.62142944335938, "top": 103.92282104492188, "right": 354.4579162597656, "bottom": 375.0}, {"class": "aeroplane", "prob": 0.7212716937065125, "left": 41.76734161376953, "top": 24.720993041992188, "right": 244.11669921875, "bottom": 362.95172119140625}, {"class": "aeroplane", "prob": 0.5644047856330872, "left": 126.36740112304688, "top": 12.66375732421875, "right": 210.691162109375, "bottom": 375.0}], "time": 21.759183883666992}
