{"im": 5068, "res": [{"class": "bottle", "prob": 0.9993441700935364, "left": 23.79266357421875, "top": 82.01636505126953, "right": 426.28387451171875, "bottom": 212.93276977539062}, {"class": "bottle", "prob": 0.8423440456390381, "left": 260.31805419921875, "top": 196.64938354492188, "right": 500.0, "bottom": 333.0}], "time": 21.419201135635376}
