{"im": 430, "res": [{"class": "aeroplane", "prob": 0.7813244462013245, "left": 63.14204406738281, "top": 46.94525146484375, "right": 381.0882568359375, "bottom": 371.0}], "time": 21.4761061668396}
