{"im": 2293, "res": [{"class": "pottedplant", "prob": 0.9692413806915283, "left": 62.93358612060547, "top": 8.465713500976562, "right": 271.1694641113281, "bottom": 500.0}], "time": 21.56281089782715}
