{"im": 2396, "res": [{"class": "aeroplane", "prob": 0.9890866875648499, "left": 40.42488098144531, "top": 56.2313232421875, "right": 331.0, "bottom": 500.0}], "time": 21.43086886405945}
