{"im": 3895, "res": [{"class": "sheep", "prob": 0.6295249462127686, "left": 188.6006622314453, "top": 20.07342529296875, "right": 465.45904541015625, "bottom": 332.1636962890625}], "time": 0.8465859889984131}
