{"im": 3525, "res": [{"class": "cat", "prob": 0.7092226147651672, "left": 59.64085388183594, "top": 28.321884155273438, "right": 470.14617919921875, "bottom": 310.5396728515625}], "time": 21.495338916778564}
