{"im": 4007, "res": [{"class": "sheep", "prob": 0.9995851516723633, "left": 82.13597106933594, "top": 34.61155700683594, "right": 367.2296142578125, "bottom": 339.84271240234375}], "time": 21.674592971801758}
