{"im": 5384, "res": [{"class": "car", "prob": 0.9986488819122314, "left": 194.46348571777344, "top": 147.65863037109375, "right": 500.0, "bottom": 339.3849182128906}], "time": 21.502997875213623}
