{"im": 1672, "res": [{"class": "aeroplane", "prob": 0.9516990780830383, "left": 236.31668090820312, "top": 2.850738525390625, "right": 483.7236022949219, "bottom": 333.0}, {"class": "boat", "prob": 0.5686412453651428, "left": 7.420269012451172, "top": 180.21786499023438, "right": 104.41754150390625, "bottom": 289.31475830078125}], "time": 1.0047729015350342}
