{"im": 2817, "res": [{"class": "aeroplane", "prob": 0.6430123448371887, "left": 163.836181640625, "top": 10.08160400390625, "right": 393.1634521484375, "bottom": 375.0}], "time": 1.0257511138916016}
