{"im": 3, "res": [{"class": "tvmonitor", "prob": 0.6593265533447266, "left": 216.78607177734375, "top": 156.69845581054688, "right": 298.83990478515625, "bottom": 222.31695556640625}], "time": 21.65007185935974}
