{"im": 3453, "res": [{"class": "bicycle", "prob": 0.5993163585662842, "left": 67.60031127929688, "top": 142.57066345214844, "right": 452.6335144042969, "bottom": 365.55340576171875}], "time": 1.0172550678253174}
