{"im": 1781, "res": [{"class": "sheep", "prob": 0.7282211780548096, "left": 111.75804901123047, "top": 73.80843353271484, "right": 242.12881469726562, "bottom": 232.6402587890625}], "time": 21.660241842269897}
