{"im": 4605, "res": [{"class": "sofa", "prob": 0.9805931448936462, "left": 0.0, "top": 110.47562408447266, "right": 153.07542419433594, "bottom": 326.759033203125}, {"class": "sofa", "prob": 0.9789106249809265, "left": 260.9452819824219, "top": 46.227752685546875, "right": 490.7767639160156, "bottom": 330.1039123535156}, {"class": "sofa", "prob": 0.7467074394226074, "left": 117.24258422851562, "top": 36.21037292480469, "right": 239.91650390625, "bottom": 333.0}], "time": 21.394142866134644}
