{"im": 5038, "res": [{"class": "aeroplane", "prob": 0.9921324849128723, "left": 0.0, "top": 35.457244873046875, "right": 375.0, "bottom": 495.6374816894531}, {"class": "aeroplane", "prob": 0.5018836259841919, "left": 2.155010223388672, "top": 14.022205352783203, "right": 113.01806640625, "bottom": 104.34672546386719}], "time": 21.405421018600464}
