{"im": 584, "res": [{"class": "aeroplane", "prob": 0.997625470161438, "left": 41.876617431640625, "top": 28.02099609375, "right": 375.0, "bottom": 500.0}], "time": 21.51730990409851}
