{"im": 210, "res": [{"class": "pottedplant", "prob": 0.5459856986999512, "left": 6.8731842041015625, "top": 0.0, "right": 491.08746337890625, "bottom": 500.0}], "time": 21.676164865493774}
