{"im": 711, "res": [{"class": "aeroplane", "prob": 0.897945761680603, "left": 80.34293365478516, "top": 101.94383239746094, "right": 216.2877197265625, "bottom": 375.0}, {"class": "aeroplane", "prob": 0.6990010142326355, "left": 269.29998779296875, "top": 107.92317962646484, "right": 365.305908203125, "bottom": 356.99859619140625}, {"class": "aeroplane", "prob": 0.6958613991737366, "left": 199.71734619140625, "top": 102.02099609375, "right": 296.8486022949219, "bottom": 365.985107421875}], "time": 0.8405671119689941}
