{"im": 5504, "res": [{"class": "aeroplane", "prob": 0.9848891496658325, "left": 26.223724365234375, "top": 65.34121704101562, "right": 390.08349609375, "bottom": 492.5064392089844}], "time": 21.288300037384033}
