{"im": 5467, "res": [{"class": "sheep", "prob": 0.9185564517974854, "left": 122.06767272949219, "top": 12.451004028320312, "right": 389.05206298828125, "bottom": 346.6341552734375}], "time": 21.516496181488037}
