{"im": 580, "res": [{"class": "boat", "prob": 0.9775878190994263, "left": 289.3110656738281, "top": 202.05682373046875, "right": 459.8053894042969, "bottom": 324.88818359375}], "time": 21.52251696586609}
