{"im": 5817, "res": [{"class": "aeroplane", "prob": 0.9299377799034119, "left": 465.35247802734375, "top": 217.16397094726562, "right": 484.0462646484375, "bottom": 253.72412109375}, {"class": "aeroplane", "prob": 0.869523286819458, "left": 414.6810607910156, "top": 200.78359985351562, "right": 422.7593688964844, "bottom": 232.42547607421875}, {"class": "aeroplane", "prob": 0.7978847026824951, "left": 346.7301940917969, "top": 202.799072265625, "right": 364.1823425292969, "bottom": 241.70001220703125}, {"class": "aeroplane", "prob": 0.6625904440879822, "left": 318.32281494140625, "top": 192.19345092773438, "right": 325.52685546875, "bottom": 215.4288330078125}], "time": 1.1467669010162354}
