{"im": 2302, "res": [{"class": "aeroplane", "prob": 0.9784989356994629, "left": 216.0210723876953, "top": 50.780784606933594, "right": 388.81658935546875, "bottom": 262.4328308105469}, {"class": "chair", "prob": 0.9358630776405334, "left": 0.0, "top": 209.27667236328125, "right": 498.45703125, "bottom": 331.72491455078125}, {"class": "chair", "prob": 0.7325182557106018, "left": 13.975753784179688, "top": 142.3424835205078, "right": 480.1131591796875, "bottom": 298.646484375}], "time": 21.387917041778564}
