{"im": 5481, "res": [{"class": "aeroplane", "prob": 0.6202043890953064, "left": 6.8824615478515625, "top": 0.0, "right": 375.0, "bottom": 495.708251953125}], "time": 21.546610832214355}
