{"im": 4950, "res": [{"class": "bird", "prob": 0.7635217308998108, "left": 0.0, "top": 0.0, "right": 500.0, "bottom": 293.06964111328125}], "time": 21.46073889732361}
