{"im": 3907, "res": [{"class": "pottedplant", "prob": 0.9893386960029602, "left": 19.060165405273438, "top": 36.97795104980469, "right": 318.17352294921875, "bottom": 412.0}], "time": 21.605690002441406}
