{"im": 1012, "res": [{"class": "bus", "prob": 0.7446362376213074, "left": 86.69642639160156, "top": 57.22303771972656, "right": 480.85894775390625, "bottom": 299.51580810546875}], "time": 1.0009112358093262}
