{"im": 5033, "res": [{"class": "cat", "prob": 0.7473049759864807, "left": 99.96328735351562, "top": 131.85108947753906, "right": 465.5545959472656, "bottom": 258.4947509765625}], "time": 0.819608211517334}
