{"im": 2211, "res": [{"class": "car", "prob": 0.9131633639335632, "left": 120.97552490234375, "top": 108.95249938964844, "right": 390.7419128417969, "bottom": 313.43768310546875}], "time": 0.8275339603424072}
