{"im": 4052, "res": [{"class": "sheep", "prob": 0.9908103942871094, "left": 180.39614868164062, "top": 141.22630310058594, "right": 287.2089538574219, "bottom": 363.82720947265625}, {"class": "aeroplane", "prob": 0.9991361498832703, "left": 88.32735443115234, "top": 9.940185546875, "right": 297.914306640625, "bottom": 339.3843078613281}], "time": 21.686516046524048}
