{"im": 4667, "res": [{"class": "sofa", "prob": 0.5606809854507446, "left": 0.0, "top": 2.194580078125, "right": 500.0, "bottom": 316.3482971191406}], "time": 0.8982510566711426}
