{"im": 4851, "res": [{"class": "sheep", "prob": 0.9713496565818787, "left": 6.946746826171875, "top": 0.0, "right": 436.7749938964844, "bottom": 500.0}], "time": 21.442039966583252}
