{"im": 1876, "res": [{"class": "bottle", "prob": 0.9963231086730957, "left": 51.39288330078125, "top": 130.50148010253906, "right": 488.1844482421875, "bottom": 255.9274444580078}], "time": 21.66013526916504}
