{"im": 3165, "res": [{"class": "pottedplant", "prob": 0.5198944211006165, "left": 52.33294677734375, "top": 136.64724731445312, "right": 327.0, "bottom": 500.0}], "time": 0.843458890914917}
