{"im": 5453, "res": [{"class": "bird", "prob": 0.996299147605896, "left": 329.6121826171875, "top": 169.25440979003906, "right": 387.2930908203125, "bottom": 194.0101776123047}, {"class": "bird", "prob": 0.9877548813819885, "left": 22.35335922241211, "top": 164.58116149902344, "right": 79.25846862792969, "bottom": 190.6819610595703}, {"class": "bird", "prob": 0.746674656867981, "left": 0.0, "top": 165.9898223876953, "right": 24.745037078857422, "bottom": 187.90638732910156}], "time": 22.35228729248047}
