{"im": 2485, "res": [{"class": "person", "prob": 0.6024173498153687, "left": 121.22247314453125, "top": 21.729263305664062, "right": 372.34637451171875, "bottom": 300.638916015625}], "time": 0.8389439582824707}
