{"im": 1390, "res": [{"class": "sofa", "prob": 0.9782472252845764, "left": 238.10269165039062, "top": 187.42581176757812, "right": 433.3721008300781, "bottom": 375.0}, {"class": "sofa", "prob": 0.966688334941864, "left": 0.0, "top": 0.0, "right": 298.5753173828125, "bottom": 372.1561279296875}], "time": 21.649092197418213}
