{"im": 4112, "res": [{"class": "aeroplane", "prob": 0.9988674521446228, "left": 154.177734375, "top": 67.20677185058594, "right": 245.33975219726562, "bottom": 370.2457275390625}, {"class": "boat", "prob": 0.9973099231719971, "left": 101.6566162109375, "top": 169.26925659179688, "right": 397.89520263671875, "bottom": 360.0614318847656}, {"class": "aeroplane", "prob": 0.9903106093406677, "left": 105.20024108886719, "top": 58.22723388671875, "right": 184.10935974121094, "bottom": 258.5706787109375}], "time": 21.638794898986816}
