{"im": 142, "res": [{"class": "aeroplane", "prob": 0.9997761845588684, "left": 0.0, "top": 39.089447021484375, "right": 292.8497619628906, "bottom": 375.0}, {"class": "aeroplane", "prob": 0.8230090141296387, "left": 359.3718566894531, "top": 44.44343566894531, "right": 500.0, "bottom": 366.8641357421875}], "time": 21.446980237960815}
