{"im": 3121, "res": [{"class": "sheep", "prob": 0.9675140976905823, "left": 234.22970581054688, "top": 208.5323944091797, "right": 441.8686218261719, "bottom": 324.93194580078125}, {"class": "aeroplane", "prob": 0.9306520223617554, "left": 119.74284362792969, "top": 43.413116455078125, "right": 206.88795471191406, "bottom": 315.322265625}], "time": 1.052325963973999}
