{"im": 4398, "res": [{"class": "aeroplane", "prob": 0.9228833317756653, "left": 89.52120971679688, "top": 83.77711486816406, "right": 413.144775390625, "bottom": 461.05303955078125}], "time": 22.525949001312256}
