{"im": 3644, "res": [{"class": "aeroplane", "prob": 0.959688127040863, "left": 89.69253540039062, "top": 59.308074951171875, "right": 212.53469848632812, "bottom": 371.6768493652344}, {"class": "aeroplane", "prob": 0.6487603187561035, "left": 216.2884063720703, "top": 117.0406494140625, "right": 289.5114440917969, "bottom": 245.02862548828125}, {"class": "aeroplane", "prob": 0.5047085881233215, "left": 236.91152954101562, "top": 134.6384735107422, "right": 269.5389404296875, "bottom": 230.28318786621094}], "time": 0.9514949321746826}
