{"im": 4320, "res": [{"class": "bottle", "prob": 0.9994077086448669, "left": 0.0, "top": 103.23091888427734, "right": 500.0, "bottom": 243.5731201171875}, {"class": "aeroplane", "prob": 0.6140448451042175, "left": 288.1242980957031, "top": 125.42274475097656, "right": 310.0024108886719, "bottom": 146.6998748779297}], "time": 21.434995889663696}
