{"im": 3824, "res": [{"class": "person", "prob": 0.9709831476211548, "left": 172.0276336669922, "top": 26.036834716796875, "right": 198.26112365722656, "bottom": 47.33573913574219}, {"class": "person", "prob": 0.6429010629653931, "left": 111.06393432617188, "top": 400.6790466308594, "right": 125.68707275390625, "bottom": 410.8508605957031}], "time": 21.776496171951294}
