{"im": 3532, "res": [{"class": "car", "prob": 0.9667202830314636, "left": 55.5120849609375, "top": 96.2334976196289, "right": 479.62237548828125, "bottom": 231.66671752929688}, {"class": "car", "prob": 0.830269992351532, "left": 0.0, "top": 0.0, "right": 450.31597900390625, "bottom": 45.217044830322266}], "time": 21.517302989959717}
