{"im": 5543, "res": [{"class": "bird", "prob": 0.9956107139587402, "left": 39.841888427734375, "top": 125.55364227294922, "right": 465.7814636230469, "bottom": 300.857177734375}], "time": 21.242779970169067}
