{"im": 5310, "res": [{"class": "aeroplane", "prob": 0.891985297203064, "left": 276.85345458984375, "top": 9.823440551757812, "right": 402.75982666015625, "bottom": 352.0018310546875}], "time": 1.2514970302581787}
