{"im": 24, "res": [{"class": "aeroplane", "prob": 0.7470920085906982, "left": 10.968276977539062, "top": 3.5967559814453125, "right": 444.71673583984375, "bottom": 494.7196044921875}], "time": 21.440372943878174}
