{"im": 2073, "res": [{"class": "aeroplane", "prob": 0.7562130689620972, "left": 212.27188110351562, "top": 80.50321197509766, "right": 374.2550354003906, "bottom": 330.4559326171875}], "time": 0.8354072570800781}
