{"im": 120, "res": [{"class": "aeroplane", "prob": 0.9302259087562561, "left": 18.366226196289062, "top": 51.00349426269531, "right": 436.07745361328125, "bottom": 369.16693115234375}], "time": 22.844850778579712}
