{"im": 2657, "res": [{"class": "bottle", "prob": 0.9959443807601929, "left": 56.916900634765625, "top": 35.53729248046875, "right": 484.7521667480469, "bottom": 140.26406860351562}, {"class": "bottle", "prob": 0.9228713512420654, "left": 0.0, "top": 88.88481903076172, "right": 38.4085578918457, "bottom": 111.36229705810547}, {"class": "aeroplane", "prob": 0.7244460582733154, "left": 189.814697265625, "top": 126.762451171875, "right": 197.1302490234375, "bottom": 145.21780395507812}], "time": 21.46371817588806}
