{"im": 5131, "res": [{"class": "bicycle", "prob": 0.9273683428764343, "left": 225.58087158203125, "top": 184.77972412109375, "right": 255.6439208984375, "bottom": 213.54937744140625}], "time": 21.390471935272217}
