{"im": 2869, "res": [{"class": "bottle", "prob": 0.9914683699607849, "left": 55.619964599609375, "top": 92.53185272216797, "right": 494.7383728027344, "bottom": 199.06854248046875}], "time": 21.413368225097656}
