{"im": 2548, "res": [{"class": "tvmonitor", "prob": 0.9534891247749329, "left": 275.3138427734375, "top": 39.23750305175781, "right": 426.28448486328125, "bottom": 323.52349853515625}], "time": 0.835747241973877}
