{"im": 1747, "res": [{"class": "sheep", "prob": 0.8248966932296753, "left": 55.66328430175781, "top": 123.5406494140625, "right": 273.582275390625, "bottom": 374.5885925292969}], "time": 1.1718430519104004}
