{"im": 392, "res": [{"class": "aeroplane", "prob": 0.9312266111373901, "left": 209.44091796875, "top": 21.823837280273438, "right": 450.7471923828125, "bottom": 330.8912353515625}], "time": 0.893355131149292}
