{"im": 5465, "res": [{"class": "aeroplane", "prob": 0.8195226192474365, "left": 97.66522216796875, "top": 108.35929870605469, "right": 267.3143005371094, "bottom": 473.8936767578125}], "time": 0.8261048793792725}
