{"im": 2390, "res": [{"class": "sheep", "prob": 0.9786418080329895, "left": 26.945755004882812, "top": 36.22431945800781, "right": 361.451904296875, "bottom": 406.9984130859375}], "time": 21.477130889892578}
