{"im": 1616, "res": [{"class": "aeroplane", "prob": 0.9074199795722961, "left": 317.5098571777344, "top": 88.63081359863281, "right": 493.8207702636719, "bottom": 358.07781982421875}, {"class": "aeroplane", "prob": 0.8340259194374084, "left": 208.25469970703125, "top": 153.48233032226562, "right": 363.01214599609375, "bottom": 373.0884704589844}], "time": 1.1969108581542969}
