{"im": 3395, "res": [{"class": "aeroplane", "prob": 0.9947285652160645, "left": 97.52216339111328, "top": 119.93441009521484, "right": 149.30015563964844, "bottom": 297.0243225097656}], "time": 21.536628007888794}
