{"im": 589, "res": [{"class": "aeroplane", "prob": 0.9831237196922302, "left": 301.08660888671875, "top": 51.40224075317383, "right": 319.962158203125, "bottom": 105.76719665527344}], "time": 21.53195023536682}
