{"im": 1292, "res": [{"class": "aeroplane", "prob": 0.9990118741989136, "left": 190.55557250976562, "top": 4.202980041503906, "right": 424.6579895019531, "bottom": 156.36407470703125}], "time": 21.378742933273315}
