{"im": 898, "res": [{"class": "aeroplane", "prob": 0.9207037091255188, "left": 331.84613037109375, "top": 119.42263793945312, "right": 487.86163330078125, "bottom": 475.7920227050781}], "time": 0.9306638240814209}
