{"im": 690, "res": [{"class": "aeroplane", "prob": 0.9983514547348022, "left": 65.3825912475586, "top": 123.17552185058594, "right": 201.177490234375, "bottom": 431.79833984375}], "time": 21.647063970565796}
