{"im": 1131, "res": [{"class": "person", "prob": 0.5972540378570557, "left": 178.7097625732422, "top": 63.447364807128906, "right": 322.576904296875, "bottom": 215.37954711914062}], "time": 0.885603666305542}
