{"im": 2071, "res": [{"class": "person", "prob": 0.9344564080238342, "left": 0.0, "top": 57.17140197753906, "right": 285.6288757324219, "bottom": 493.71038818359375}, {"class": "person", "prob": 0.8102118372917175, "left": 33.63562774658203, "top": 0.5215950012207031, "right": 183.43502807617188, "bottom": 76.89620971679688}], "time": 21.653216123580933}
