{"im": 244, "res": [{"class": "aeroplane", "prob": 0.9995250105857849, "left": 155.54823303222656, "top": 244.71463012695312, "right": 186.87110900878906, "bottom": 345.7882385253906}, {"class": "aeroplane", "prob": 0.9974007606506348, "left": 129.40843200683594, "top": 254.09100341796875, "right": 158.5829315185547, "bottom": 349.1070556640625}, {"class": "aeroplane", "prob": 0.9956584572792053, "left": 190.79696655273438, "top": 263.16619873046875, "right": 220.66207885742188, "bottom": 347.495361328125}], "time": 21.5922269821167}
