{"im": 832, "res": [{"class": "person", "prob": 0.5751019716262817, "left": 212.27976989746094, "top": 119.60762786865234, "right": 425.2613525390625, "bottom": 331.801025390625}], "time": 0.8383893966674805}
