{"im": 908, "res": [{"class": "aeroplane", "prob": 0.9469067454338074, "left": 69.95074462890625, "top": 75.37629699707031, "right": 180.0349578857422, "bottom": 398.51373291015625}], "time": 0.8377127647399902}
