{"im": 4234, "res": [{"class": "person", "prob": 0.9990665912628174, "left": 227.5092010498047, "top": 106.30850219726562, "right": 435.78326416015625, "bottom": 205.21127319335938}, {"class": "person", "prob": 0.8927693367004395, "left": 80.72383117675781, "top": 142.36415100097656, "right": 258.60626220703125, "bottom": 221.76158142089844}], "time": 23.602482795715332}
