{"im": 5159, "res": [{"class": "sheep", "prob": 0.9961323738098145, "left": 39.92327880859375, "top": 7.8695220947265625, "right": 280.1110534667969, "bottom": 494.150390625}], "time": 21.500896215438843}
