{"im": 5389, "res": [{"class": "pottedplant", "prob": 0.96318519115448, "left": 134.54632568359375, "top": 61.55128479003906, "right": 251.3160400390625, "bottom": 198.7747344970703}], "time": 21.50938105583191}
