{"im": 5820, "res": [{"class": "bird", "prob": 0.9952075481414795, "left": 20.343551635742188, "top": 356.0877685546875, "right": 309.0765380859375, "bottom": 459.78045654296875}], "time": 0.9843389987945557}
