{"im": 4335, "res": [{"class": "tvmonitor", "prob": 0.9961486458778381, "left": 29.665115356445312, "top": 155.2772674560547, "right": 319.6019287109375, "bottom": 373.1429443359375}, {"class": "aeroplane", "prob": 0.9891511797904968, "left": 59.00188446044922, "top": 38.62896728515625, "right": 137.59976196289062, "bottom": 189.680419921875}], "time": 21.49371314048767}
