{"im": 1105, "res": [{"class": "aeroplane", "prob": 0.6151301264762878, "left": 272.8765563964844, "top": 49.001747131347656, "right": 320.8948669433594, "bottom": 151.14825439453125}], "time": 0.9448838233947754}
