{"im": 5189, "res": [{"class": "aeroplane", "prob": 0.9996712803840637, "left": 201.52784729003906, "top": 14.9317626953125, "right": 500.0, "bottom": 296.0}, {"class": "aeroplane", "prob": 0.9986238479614258, "left": 63.41709899902344, "top": 46.01837921142578, "right": 334.40264892578125, "bottom": 268.2585144042969}, {"class": "aeroplane", "prob": 0.9712346196174622, "left": 0.0, "top": 56.25627136230469, "right": 136.92144775390625, "bottom": 249.2084503173828}], "time": 21.45662498474121}
