{"im": 3706, "res": [{"class": "person", "prob": 0.5980924367904663, "left": 153.20346069335938, "top": 354.732177734375, "right": 207.33328247070312, "bottom": 440.420654296875}], "time": 21.54242992401123}
