{"im": 1006, "res": [{"class": "chair", "prob": 0.9790776371955872, "left": 106.2257080078125, "top": 107.35215759277344, "right": 453.69293212890625, "bottom": 206.81629943847656}], "time": 21.14968180656433}
