{"im": 963, "res": [{"class": "aeroplane", "prob": 0.9997430443763733, "left": 234.11343383789062, "top": 38.29449462890625, "right": 414.9413757324219, "bottom": 375.0}, {"class": "bird", "prob": 0.9950985908508301, "left": 38.17420959472656, "top": 114.81060791015625, "right": 413.82000732421875, "bottom": 369.7188720703125}], "time": 21.10173797607422}
