{"im": 4026, "res": [{"class": "sheep", "prob": 0.6708252429962158, "left": 0.0, "top": 40.92033386230469, "right": 500.0, "bottom": 371.6317138671875}], "time": 23.077708959579468}
