{"im": 3842, "res": [{"class": "pottedplant", "prob": 0.6020119786262512, "left": 20.666091918945312, "top": 0.0, "right": 482.79931640625, "bottom": 317.0562438964844}], "time": 0.850471019744873}
