{"im": 1246, "res": [{"class": "bottle", "prob": 0.9995183348655701, "left": 25.569931030273438, "top": 72.858154296875, "right": 271.2987060546875, "bottom": 155.86671447753906}], "time": 21.37495493888855}
