{"im": 4413, "res": [{"class": "pottedplant", "prob": 0.6769053339958191, "left": 108.65438079833984, "top": 111.09746551513672, "right": 315.6769104003906, "bottom": 319.39532470703125}], "time": 0.8290021419525146}
