{"im": 5220, "res": [{"class": "person", "prob": 0.5074408650398254, "left": 0.0, "top": 31.784042358398438, "right": 413.7127990722656, "bottom": 310.072509765625}], "time": 21.539665937423706}
