{"im": 3671, "res": [{"class": "aeroplane", "prob": 0.6613603830337524, "left": 339.81402587890625, "top": 80.39864349365234, "right": 480.0, "bottom": 331.12677001953125}], "time": 0.889915943145752}
