{"im": 807, "res": [{"class": "aeroplane", "prob": 0.9983718395233154, "left": 220.94740295410156, "top": 124.3214111328125, "right": 341.0462341308594, "bottom": 375.0}], "time": 22.126230239868164}
