{"im": 4395, "res": [{"class": "aeroplane", "prob": 0.5699616074562073, "left": 121.85696411132812, "top": 25.036727905273438, "right": 457.1467590332031, "bottom": 285.15435791015625}, {"class": "sheep", "prob": 0.5551571846008301, "left": 215.36544799804688, "top": 169.47640991210938, "right": 283.3950500488281, "bottom": 306.0207824707031}, {"class": "sheep", "prob": 0.5436089634895325, "left": 227.66050720214844, "top": 182.645263671875, "right": 263.44952392578125, "bottom": 285.2821044921875}], "time": 0.8296301364898682}
