{"im": 4553, "res": [{"class": "sheep", "prob": 0.6435210704803467, "left": 52.106292724609375, "top": 0.0, "right": 379.4447326660156, "bottom": 333.0}], "time": 0.9060087203979492}
