{"im": 2999, "res": [{"class": "aeroplane", "prob": 0.668861985206604, "left": 146.76824951171875, "top": 52.82780456542969, "right": 490.909912109375, "bottom": 372.0}], "time": 0.8252558708190918}
