{"im": 3381, "res": [{"class": "bottle", "prob": 0.9974702000617981, "left": 79.3519287109375, "top": 150.94522094726562, "right": 379.1596374511719, "bottom": 260.4309387207031}], "time": 21.501763105392456}
