{"im": 2108, "res": [{"class": "car", "prob": 0.9976540803909302, "left": 56.55503845214844, "top": 12.834892272949219, "right": 496.50048828125, "bottom": 245.02182006835938}], "time": 21.678735971450806}
