{"im": 407, "res": [{"class": "bird", "prob": 0.9972173571586609, "left": 88.75625610351562, "top": 251.4672088623047, "right": 130.9977264404297, "bottom": 288.5281066894531}, {"class": "bird", "prob": 0.9844080209732056, "left": 0.49794864654541016, "top": 255.94815063476562, "right": 20.926464080810547, "bottom": 309.6253356933594}, {"class": "bird", "prob": 0.8886322379112244, "left": 32.02220153808594, "top": 252.6888427734375, "right": 75.00847625732422, "bottom": 284.86578369140625}, {"class": "boat", "prob": 0.8387147784233093, "left": 35.73392868041992, "top": 263.8771057128906, "right": 84.90213012695312, "bottom": 310.7749328613281}], "time": 21.583671808242798}
