{"im": 2344, "res": [{"class": "aeroplane", "prob": 0.9997174739837646, "left": 123.3956298828125, "top": 21.791168212890625, "right": 386.5330505371094, "bottom": 475.47650146484375}, {"class": "bicycle", "prob": 0.9969752430915833, "left": 33.352996826171875, "top": 225.89793395996094, "right": 426.1284484863281, "bottom": 477.13128662109375}, {"class": "bird", "prob": 0.9839280843734741, "left": 373.1685791015625, "top": 146.6757354736328, "right": 458.0, "bottom": 175.9170379638672}, {"class": "bird", "prob": 0.8694988489151001, "left": 132.9217529296875, "top": 150.294921875, "right": 226.13973999023438, "bottom": 179.52838134765625}], "time": 21.43718695640564}
