{"im": 1612, "res": [{"class": "sheep", "prob": 0.9439790844917297, "left": 13.854400634765625, "top": 0.0, "right": 308.4847412109375, "bottom": 500.0}], "time": 21.65003490447998}
