{"im": 1792, "res": [{"class": "sheep", "prob": 0.994510293006897, "left": 271.8500671386719, "top": 143.87246704101562, "right": 415.5320129394531, "bottom": 253.1875}, {"class": "sheep", "prob": 0.9826850891113281, "left": 100.33729553222656, "top": 156.96092224121094, "right": 189.6149444580078, "bottom": 208.28028869628906}, {"class": "sheep", "prob": 0.9731557965278625, "left": 21.318260192871094, "top": 132.21530151367188, "right": 142.60049438476562, "bottom": 211.8768310546875}, {"class": "sheep", "prob": 0.6268391609191895, "left": 185.5869598388672, "top": 161.73013305664062, "right": 290.68231201171875, "bottom": 208.74899291992188}], "time": 21.562922954559326}
