{"im": 5072, "res": [{"class": "sheep", "prob": 0.9986680746078491, "left": 16.558135986328125, "top": 13.721466064453125, "right": 336.4753723144531, "bottom": 370.25714111328125}, {"class": "sheep", "prob": 0.9545518755912781, "left": 183.90374755859375, "top": 100.22651672363281, "right": 383.561767578125, "bottom": 215.5397491455078}], "time": 21.48116707801819}
