{"im": 4822, "res": [{"class": "pottedplant", "prob": 0.5017516613006592, "left": 117.55281066894531, "top": 41.68800354003906, "right": 303.38494873046875, "bottom": 369.81707763671875}, {"class": "sheep", "prob": 0.814572274684906, "left": 117.55281066894531, "top": 41.68800354003906, "right": 303.38494873046875, "bottom": 369.81707763671875}], "time": 21.45344305038452}
