{"im": 3041, "res": [{"class": "boat", "prob": 0.9784458875656128, "left": 191.83836364746094, "top": 193.85211181640625, "right": 411.7056884765625, "bottom": 334.24462890625}], "time": 0.8766489028930664}
