{"im": 4886, "res": [{"class": "aeroplane", "prob": 0.763593316078186, "left": 97.36283874511719, "top": 28.918296813964844, "right": 267.8978271484375, "bottom": 268.4853820800781}], "time": 1.023604393005371}
