{"im": 1404, "res": [{"class": "aeroplane", "prob": 0.9983377456665039, "left": 60.053749084472656, "top": 0.0, "right": 285.2349548339844, "bottom": 226.36651611328125}], "time": 22.869088888168335}
