{"im": 2783, "res": [{"class": "bird", "prob": 0.9878750443458557, "left": 119.31047058105469, "top": 57.37914276123047, "right": 165.9988250732422, "bottom": 91.8613052368164}], "time": 21.536155939102173}
