{"im": 3093, "res": [{"class": "person", "prob": 0.9554246068000793, "left": 83.31451416015625, "top": 121.4488296508789, "right": 327.64306640625, "bottom": 323.53631591796875}], "time": 21.80736780166626}
