{"im": 1118, "res": [{"class": "aeroplane", "prob": 0.7984328269958496, "left": 93.83130645751953, "top": 80.31163024902344, "right": 263.8283996582031, "bottom": 377.0}], "time": 0.9023659229278564}
