{"im": 2690, "res": [{"class": "bird", "prob": 0.7397034764289856, "left": 76.57977294921875, "top": 136.1452178955078, "right": 91.06326293945312, "bottom": 144.81275939941406}], "time": 0.88555908203125}
