{"im": 1397, "res": [{"class": "aeroplane", "prob": 0.9996401071548462, "left": 5.493263244628906, "top": 116.51110076904297, "right": 141.69818115234375, "bottom": 345.26983642578125}, {"class": "aeroplane", "prob": 0.999384880065918, "left": 122.94316101074219, "top": 3.6340103149414062, "right": 266.26837158203125, "bottom": 235.34860229492188}], "time": 21.63857388496399}
