{"im": 1437, "res": [{"class": "aeroplane", "prob": 0.9457669854164124, "left": 53.88372802734375, "top": 2.313720703125, "right": 437.8729248046875, "bottom": 325.19207763671875}], "time": 21.625571966171265}
