{"im": 4088, "res": [{"class": "sheep", "prob": 0.9796785712242126, "left": 101.17213439941406, "top": 29.235748291015625, "right": 393.93206787109375, "bottom": 374.0860290527344}], "time": 23.95529866218567}
