{"im": 3010, "res": [{"class": "sofa", "prob": 0.9987829923629761, "left": 10.985397338867188, "top": 62.48536682128906, "right": 324.20550537109375, "bottom": 375.0}], "time": 22.24989891052246}
