{"im": 1952, "res": [{"class": "person", "prob": 0.6807385683059692, "left": 107.82891845703125, "top": 52.82850646972656, "right": 392.921875, "bottom": 316.8187255859375}], "time": 21.63263201713562}
