{"im": 5264, "res": [{"class": "aeroplane", "prob": 0.7622018456459045, "left": 5.728360652923584, "top": 225.54327392578125, "right": 19.549821853637695, "bottom": 271.9546813964844}], "time": 0.8560531139373779}
