{"im": 402, "res": [{"class": "aeroplane", "prob": 0.9803855419158936, "left": 239.54476928710938, "top": 112.41739654541016, "right": 325.4371643066406, "bottom": 309.2013244628906}, {"class": "aeroplane", "prob": 0.6157234907150269, "left": 0.0, "top": 167.6331329345703, "right": 30.09868621826172, "bottom": 225.42259216308594}], "time": 21.436339139938354}
