{"im": 3697, "res": [{"class": "aeroplane", "prob": 0.9361716508865356, "left": 208.02523803710938, "top": 52.94090270996094, "right": 305.0427551269531, "bottom": 331.91680908203125}, {"class": "aeroplane", "prob": 0.8244275450706482, "left": 302.6807556152344, "top": 20.943115234375, "right": 431.4804382324219, "bottom": 367.55389404296875}], "time": 0.8347640037536621}
