{"im": 3590, "res": [{"class": "aeroplane", "prob": 0.9145364761352539, "left": 161.0687255859375, "top": 50.06256866455078, "right": 283.04681396484375, "bottom": 215.21432495117188}, {"class": "sofa", "prob": 0.8699458241462708, "left": 25.939346313476562, "top": 93.7139892578125, "right": 408.5322265625, "bottom": 379.3443603515625}, {"class": "aeroplane", "prob": 0.7495934367179871, "left": 199.22640991210938, "top": 66.61714172363281, "right": 244.27008056640625, "bottom": 200.8750457763672}], "time": 0.9195640087127686}
