{"im": 5128, "res": [{"class": "sheep", "prob": 0.9044654369354248, "left": 26.73876953125, "top": 55.2711181640625, "right": 345.4424743652344, "bottom": 488.8265380859375}, {"class": "sheep", "prob": 0.514971137046814, "left": 240.40406799316406, "top": 91.87309265136719, "right": 341.5547790527344, "bottom": 195.65708923339844}], "time": 21.440669775009155}
