{"im": 97, "res": [{"class": "aeroplane", "prob": 0.9956565499305725, "left": 1.8117218017578125, "top": 27.978561401367188, "right": 161.46531677246094, "bottom": 316.04058837890625}, {"class": "aeroplane", "prob": 0.9760938882827759, "left": 83.5402603149414, "top": 60.5003662109375, "right": 257.0, "bottom": 371.72314453125}], "time": 21.425423860549927}
