{"im": 1880, "res": [{"class": "sheep", "prob": 0.9946995377540588, "left": 36.11140441894531, "top": 141.18824768066406, "right": 362.13470458984375, "bottom": 291.66754150390625}], "time": 21.865811109542847}
