{"im": 5746, "res": [{"class": "bottle", "prob": 0.9973681569099426, "left": 8.482940673828125, "top": 113.02678680419922, "right": 431.9286804199219, "bottom": 231.32827758789062}], "time": 21.06932830810547}
