{"im": 1276, "res": [{"class": "chair", "prob": 0.715471088886261, "left": 426.7259521484375, "top": 99.74354553222656, "right": 436.429931640625, "bottom": 130.6129608154297}, {"class": "chair", "prob": 0.6322419047355652, "left": 278.11871337890625, "top": 102.75849914550781, "right": 286.01629638671875, "bottom": 132.6842498779297}], "time": 0.861077070236206}
