{"im": 1735, "res": [{"class": "bird", "prob": 0.7898697853088379, "left": 76.8634033203125, "top": 97.37284851074219, "right": 335.2384948730469, "bottom": 243.0422821044922}, {"class": "aeroplane", "prob": 0.6944218873977661, "left": 337.6201477050781, "top": 80.66070556640625, "right": 343.8927307128906, "bottom": 100.09278869628906}, {"class": "bird", "prob": 0.6169173121452332, "left": 354.6509094238281, "top": 81.58391571044922, "right": 365.9819030761719, "bottom": 89.61962127685547}], "time": 0.8330059051513672}
