{"im": 1852, "res": [{"class": "person", "prob": 0.9945875406265259, "left": 188.68984985351562, "top": 121.83937072753906, "right": 372.8548889160156, "bottom": 234.70335388183594}], "time": 21.677746295928955}
