{"im": 2706, "res": [{"class": "aeroplane", "prob": 0.9582859873771667, "left": 194.4102020263672, "top": 98.82008361816406, "right": 214.0906219482422, "bottom": 150.61294555664062}, {"class": "sofa", "prob": 0.6640051603317261, "left": 117.53543090820312, "top": 101.15569305419922, "right": 279.8125, "bottom": 227.59454345703125}], "time": 0.845210075378418}
