{"im": 1255, "res": [{"class": "aeroplane", "prob": 0.998826801776886, "left": 145.398681640625, "top": 73.03884887695312, "right": 474.17730712890625, "bottom": 375.0}], "time": 21.296913146972656}
