{"im": 2122, "res": [{"class": "person", "prob": 0.9541493654251099, "left": 75.53255462646484, "top": 1.6331787109375, "right": 278.4814453125, "bottom": 499.12213134765625}], "time": 21.68520212173462}
