{"im": 1641, "res": [{"class": "aeroplane", "prob": 0.9395247101783752, "left": 122.69200134277344, "top": 0.0, "right": 491.31231689453125, "bottom": 375.0}, {"class": "pottedplant", "prob": 0.8542109131813049, "left": 99.92425537109375, "top": 59.15922546386719, "right": 352.9216613769531, "bottom": 368.4442138671875}, {"class": "pottedplant", "prob": 0.7921149134635925, "left": 188.3292236328125, "top": 79.01901245117188, "right": 315.7452392578125, "bottom": 375.0}], "time": 22.203938007354736}
