{"im": 4844, "res": [{"class": "bottle", "prob": 0.9988345503807068, "left": 165.75634765625, "top": 147.97845458984375, "right": 317.0130310058594, "bottom": 245.3272705078125}], "time": 21.360762119293213}
