{"im": 248, "res": [{"class": "aeroplane", "prob": 0.9396601915359497, "left": 272.4637145996094, "top": 0.0, "right": 390.5122375488281, "bottom": 335.0}, {"class": "aeroplane", "prob": 0.6986996531486511, "left": 89.68115234375, "top": 20.148040771484375, "right": 343.7273864746094, "bottom": 321.7899169921875}], "time": 1.1685256958007812}
