{"im": 3874, "res": [{"class": "aeroplane", "prob": 0.9994497299194336, "left": 285.0535888671875, "top": 55.57248306274414, "right": 314.545166015625, "bottom": 158.35177612304688}, {"class": "sheep", "prob": 0.9967580437660217, "left": 136.82870483398438, "top": 231.3404083251953, "right": 191.4962158203125, "bottom": 307.3138122558594}, {"class": "sheep", "prob": 0.9794613718986511, "left": 293.7898864746094, "top": 138.14016723632812, "right": 315.8122863769531, "bottom": 168.01046752929688}], "time": 21.600934743881226}
