{"im": 3149, "res": [{"class": "cat", "prob": 0.9943892955780029, "left": 11.093231201171875, "top": 75.01331329345703, "right": 487.1678466796875, "bottom": 311.497314453125}], "time": 22.090239763259888}
