{"im": 2532, "res": [{"class": "bicycle", "prob": 0.8180065155029297, "left": 79.09860229492188, "top": 38.943878173828125, "right": 472.4708557128906, "bottom": 334.0}], "time": 21.43043828010559}
