{"im": 1171, "res": [{"class": "aeroplane", "prob": 0.7337944507598877, "left": 106.77798461914062, "top": 66.33427429199219, "right": 191.80685424804688, "bottom": 326.3682861328125}, {"class": "sofa", "prob": 0.5470914840698242, "left": 186.68577575683594, "top": 52.81916809082031, "right": 256.78857421875, "bottom": 222.45738220214844}], "time": 0.8944048881530762}
