{"im": 5215, "res": [{"class": "aeroplane", "prob": 0.9979578852653503, "left": 60.235923767089844, "top": 87.09877014160156, "right": 293.4349670410156, "bottom": 375.0}, {"class": "aeroplane", "prob": 0.9958643913269043, "left": 289.2447509765625, "top": 122.26737976074219, "right": 479.98406982421875, "bottom": 373.09222412109375}, {"class": "aeroplane", "prob": 0.9455519914627075, "left": 0.02149200439453125, "top": 97.72650146484375, "right": 40.68344497680664, "bottom": 290.8426513671875}], "time": 21.577200889587402}
