{"im": 1114, "res": [{"class": "aeroplane", "prob": 0.9696696400642395, "left": 86.47125244140625, "top": 96.48225402832031, "right": 412.5306091308594, "bottom": 374.8695068359375}, {"class": "aeroplane", "prob": 0.9829561710357666, "left": 320.382568359375, "top": 31.64801025390625, "right": 389.8271484375, "bottom": 246.97271728515625}, {"class": "aeroplane", "prob": 0.9623638391494751, "left": 239.0648193359375, "top": 15.947959899902344, "right": 297.86993408203125, "bottom": 160.63507080078125}, {"class": "aeroplane", "prob": 0.9524814486503601, "left": 372.1847839355469, "top": 25.581985473632812, "right": 424.4681701660156, "bottom": 234.73097229003906}], "time": 21.08031392097473}
