{"im": 5283, "res": [{"class": "tvmonitor", "prob": 0.7969371676445007, "left": 87.95413208007812, "top": 33.62263488769531, "right": 479.5841369628906, "bottom": 306.83685302734375}], "time": 0.8643093109130859}
