{"im": 4858, "res": [{"class": "bicycle", "prob": 0.6127281785011292, "left": 68.4820556640625, "top": 80.90034484863281, "right": 500.0, "bottom": 374.3504638671875}], "time": 0.8634140491485596}
