{"im": 4215, "res": [{"class": "aeroplane", "prob": 0.8465073108673096, "left": 64.6888198852539, "top": 89.36088562011719, "right": 234.16415405273438, "bottom": 422.46673583984375}, {"class": "aeroplane", "prob": 0.7305701375007629, "left": 172.7013397216797, "top": 226.72911071777344, "right": 349.56365966796875, "bottom": 493.039306640625}], "time": 0.8420290946960449}
