{"im": 1652, "res": [{"class": "sheep", "prob": 0.8706132173538208, "left": 117.74996948242188, "top": 44.140045166015625, "right": 428.2860412597656, "bottom": 227.05758666992188}], "time": 21.813292980194092}
