{"im": 2202, "res": [{"class": "sheep", "prob": 0.5222108960151672, "left": 192.87539672851562, "top": 109.10008239746094, "right": 314.78546142578125, "bottom": 213.33531188964844}], "time": 0.879127025604248}
