{"im": 3228, "res": [{"class": "bird", "prob": 0.5258100628852844, "left": 258.81634521484375, "top": 124.114990234375, "right": 331.83392333984375, "bottom": 183.9051513671875}, {"class": "bicycle", "prob": 0.8880585432052612, "left": 161.38864135742188, "top": 141.86288452148438, "right": 316.86077880859375, "bottom": 466.9021911621094}], "time": 21.728641033172607}
