{"im": 4412, "res": [{"class": "aeroplane", "prob": 0.9741567373275757, "left": 7.7135467529296875, "top": 20.341262817382812, "right": 443.06488037109375, "bottom": 500.0}], "time": 21.478696823120117}
