{"im": 2888, "res": [{"class": "pottedplant", "prob": 0.5893319845199585, "left": 44.619964599609375, "top": 42.33244323730469, "right": 270.12530517578125, "bottom": 448.0306396484375}], "time": 0.8420958518981934}
