{"im": 2419, "res": [{"class": "bird", "prob": 0.8933650255203247, "left": 0.0, "top": 41.51948547363281, "right": 500.0, "bottom": 371.36419677734375}, {"class": "bird", "prob": 0.9637280702590942, "left": 412.88330078125, "top": 51.87502670288086, "right": 499.492919921875, "bottom": 134.2991943359375}, {"class": "aeroplane", "prob": 0.8695951700210571, "left": 120.08340454101562, "top": 77.36361694335938, "right": 217.24322509765625, "bottom": 162.17483520507812}], "time": 21.455594062805176}
