{"im": 1181, "res": [{"class": "aeroplane", "prob": 0.9984697699546814, "left": 196.56451416015625, "top": 0.0, "right": 370.0830078125, "bottom": 500.0}], "time": 21.16922402381897}
