{"im": 1719, "res": [{"class": "chair", "prob": 0.9457224607467651, "left": 217.827880859375, "top": 157.19247436523438, "right": 248.750244140625, "bottom": 199.2518310546875}, {"class": "chair", "prob": 0.5631880164146423, "left": 112.80506896972656, "top": 186.20968627929688, "right": 134.39501953125, "bottom": 197.96414184570312}], "time": 21.678306102752686}
