{"im": 2215, "res": [{"class": "bicycle", "prob": 0.7837322950363159, "left": 87.03099060058594, "top": 14.12225341796875, "right": 467.29998779296875, "bottom": 252.70556640625}], "time": 21.437551975250244}
