{"im": 2292, "res": [{"class": "car", "prob": 0.9996210336685181, "left": 107.78031921386719, "top": 66.40776062011719, "right": 343.88311767578125, "bottom": 354.18603515625}, {"class": "bird", "prob": 0.8702104091644287, "left": 0.0, "top": 74.87100982666016, "right": 28.618038177490234, "bottom": 99.83623504638672}, {"class": "aeroplane", "prob": 0.9339295625686646, "left": 231.0358428955078, "top": 106.37444305419922, "right": 244.30564880371094, "bottom": 128.6060791015625}], "time": 22.944684982299805}
