{"im": 5487, "res": [{"class": "sheep", "prob": 0.5476998090744019, "left": 11.755874633789062, "top": 3.628448486328125, "right": 489.06414794921875, "bottom": 330.25067138671875}], "time": 21.45454216003418}
