{"im": 3634, "res": [{"class": "sheep", "prob": 0.998181939125061, "left": 56.12934875488281, "top": 69.79290771484375, "right": 248.50132751464844, "bottom": 169.2082977294922}], "time": 21.546496152877808}
