{"im": 2009, "res": [{"class": "car", "prob": 0.9985439777374268, "left": 0.0, "top": 44.55357360839844, "right": 490.7264404296875, "bottom": 328.0941162109375}], "time": 24.321921825408936}
