{"im": 355, "res": [{"class": "aeroplane", "prob": 0.9987550377845764, "left": 10.963455200195312, "top": 139.40008544921875, "right": 326.072021484375, "bottom": 485.58929443359375}], "time": 21.857204914093018}
