{"im": 2694, "res": [{"class": "sheep", "prob": 0.9990395307540894, "left": 102.07413482666016, "top": 112.11083221435547, "right": 332.0992431640625, "bottom": 265.3941955566406}], "time": 21.414126873016357}
