{"im": 4919, "res": [{"class": "aeroplane", "prob": 0.9846340417861938, "left": 175.72732543945312, "top": 83.8652114868164, "right": 315.1610107421875, "bottom": 291.7128601074219}, {"class": "aeroplane", "prob": 0.864184558391571, "left": 1.8155059814453125, "top": 72.00053405761719, "right": 142.77377319335938, "bottom": 352.0040283203125}, {"class": "aeroplane", "prob": 0.6678216457366943, "left": 367.48345947265625, "top": 105.999755859375, "right": 494.369140625, "bottom": 337.0174560546875}], "time": 0.8682150840759277}
