{"im": 325, "res": [{"class": "aeroplane", "prob": 0.5621741414070129, "left": 15.002479553222656, "top": 0.0, "right": 256.5829162597656, "bottom": 375.0}], "time": 0.954622745513916}
