{"im": 1309, "res": [{"class": "bird", "prob": 0.9639189839363098, "left": 323.4301452636719, "top": 110.79637145996094, "right": 445.1292419433594, "bottom": 194.9635772705078}, {"class": "bird", "prob": 0.7229315638542175, "left": 394.83984375, "top": 82.27044677734375, "right": 500.0, "bottom": 183.37094116210938}, {"class": "cat", "prob": 0.5036671757698059, "left": 394.83984375, "top": 82.27044677734375, "right": 500.0, "bottom": 183.37094116210938}], "time": 23.25599694252014}
