{"im": 4104, "res": [{"class": "pottedplant", "prob": 0.843030571937561, "left": 78.14393615722656, "top": 39.89128875732422, "right": 171.44183349609375, "bottom": 180.23309326171875}], "time": 0.8219089508056641}
