{"im": 1779, "res": [{"class": "aeroplane", "prob": 0.8478840589523315, "left": 117.17036437988281, "top": 88.55268096923828, "right": 234.9205780029297, "bottom": 230.2965087890625}], "time": 21.644809007644653}
