{"im": 3506, "res": [{"class": "pottedplant", "prob": 0.9407002329826355, "left": 1.9234771728515625, "top": 0.0, "right": 357.0, "bottom": 500.0}], "time": 21.490257024765015}
