{"im": 5744, "res": [{"class": "sheep", "prob": 0.6849139332771301, "left": 8.58477783203125, "top": 32.35035705566406, "right": 332.98876953125, "bottom": 345.31219482421875}], "time": 21.119305849075317}
