{"im": 1262, "res": [{"class": "car", "prob": 0.5598399639129639, "left": 0.0, "top": 196.517578125, "right": 292.231201171875, "bottom": 243.10116577148438}], "time": 0.8553872108459473}
