{"im": 5701, "res": [{"class": "aeroplane", "prob": 0.6227772831916809, "left": 0.0, "top": 140.92755126953125, "right": 70.02885437011719, "bottom": 375.0}], "time": 0.8431448936462402}
