{"im": 5, "res": [{"class": "bottle", "prob": 0.9972561001777649, "left": 0.0, "top": 141.9383544921875, "right": 494.3690185546875, "bottom": 291.7336730957031}], "time": 22.111352920532227}
