{"im": 372, "res": [{"class": "pottedplant", "prob": 0.7146995067596436, "left": 3.6045074462890625, "top": 7.293098449707031, "right": 492.41241455078125, "bottom": 175.79440307617188}], "time": 21.653691053390503}
