{"im": 3475, "res": [{"class": "person", "prob": 0.8025587797164917, "left": 0.0321502685546875, "top": 70.91429901123047, "right": 303.86279296875, "bottom": 259.83026123046875}], "time": 21.493242979049683}
