{"im": 1628, "res": [{"class": "bird", "prob": 0.833350658416748, "left": 62.68736267089844, "top": 202.07440185546875, "right": 149.45712280273438, "bottom": 272.6603088378906}, {"class": "bird", "prob": 0.856109619140625, "left": 14.2486572265625, "top": 195.6676788330078, "right": 197.79454040527344, "bottom": 278.74951171875}, {"class": "bird", "prob": 0.6260024905204773, "left": 332.4497985839844, "top": 217.65328979492188, "right": 377.8282165527344, "bottom": 254.89700317382812}, {"class": "bird", "prob": 0.5167540311813354, "left": 312.5239562988281, "top": 216.14053344726562, "right": 361.7212219238281, "bottom": 256.31658935546875}], "time": 0.9564507007598877}
