{"im": 2224, "res": [{"class": "car", "prob": 0.7690338492393494, "left": 143.6669158935547, "top": 165.95021057128906, "right": 419.07867431640625, "bottom": 295.25946044921875}], "time": 0.8451840877532959}
