{"im": 2571, "res": [{"class": "train", "prob": 0.9618808627128601, "left": 24.716873168945312, "top": 44.632568359375, "right": 265.4671630859375, "bottom": 364.9624328613281}], "time": 21.566735982894897}
