{"im": 900, "res": [{"class": "aeroplane", "prob": 0.6292793154716492, "left": 115.59774017333984, "top": 39.73231506347656, "right": 350.6953125, "bottom": 500.0}], "time": 0.8343870639801025}
