{"im": 5046, "res": [{"class": "aeroplane", "prob": 0.995457649230957, "left": 121.44517517089844, "top": 49.58154296875, "right": 322.859619140625, "bottom": 329.04046630859375}, {"class": "aeroplane", "prob": 0.9928181767463684, "left": 96.71241760253906, "top": 28.13817596435547, "right": 259.13104248046875, "bottom": 237.56768798828125}, {"class": "aeroplane", "prob": 0.692344069480896, "left": 200.94839477539062, "top": 65.62089538574219, "right": 352.6651306152344, "bottom": 319.8184814453125}], "time": 21.464563131332397}
