{"im": 5713, "res": [{"class": "boat", "prob": 0.9923712611198425, "left": 18.959152221679688, "top": 70.03233337402344, "right": 439.44854736328125, "bottom": 404.12445068359375}, {"class": "aeroplane", "prob": 0.9093527793884277, "left": 144.27261352539062, "top": 1.7586517333984375, "right": 360.5086975097656, "bottom": 373.5322265625}], "time": 21.646642923355103}
