{"im": 1915, "res": [{"class": "aeroplane", "prob": 0.9460145235061646, "left": 130.9266357421875, "top": 151.98489379882812, "right": 221.76004028320312, "bottom": 394.2637634277344}, {"class": "sofa", "prob": 0.7961221933364868, "left": 56.75977325439453, "top": 161.73849487304688, "right": 153.47219848632812, "bottom": 386.1103820800781}], "time": 0.8321568965911865}
