{"im": 5107, "res": [{"class": "aeroplane", "prob": 0.9925360679626465, "left": 244.34446716308594, "top": 135.65658569335938, "right": 359.22259521484375, "bottom": 349.3177490234375}], "time": 21.461323022842407}
