{"im": 2131, "res": [{"class": "person", "prob": 0.6290329098701477, "left": 158.83432006835938, "top": 183.59527587890625, "right": 235.54486083984375, "bottom": 401.43048095703125}], "time": 0.8349339962005615}
