{"im": 3835, "res": [{"class": "aeroplane", "prob": 0.9385101199150085, "left": 112.64436340332031, "top": 38.65917205810547, "right": 200.75376892089844, "bottom": 235.62924194335938}], "time": 0.8883891105651855}
