{"im": 2525, "res": [{"class": "bus", "prob": 0.9985185265541077, "left": 29.776947021484375, "top": 39.93267822265625, "right": 455.3657531738281, "bottom": 321.7857666015625}, {"class": "bus", "prob": 0.9978469014167786, "left": 413.55255126953125, "top": 35.44224548339844, "right": 499.75592041015625, "bottom": 277.88201904296875}, {"class": "aeroplane", "prob": 0.8944857120513916, "left": 271.84136962890625, "top": 118.82414245605469, "right": 324.702392578125, "bottom": 183.02613830566406}, {"class": "aeroplane", "prob": 0.6099868416786194, "left": 204.48768615722656, "top": 128.3321533203125, "right": 257.34197998046875, "bottom": 184.59359741210938}], "time": 21.453968048095703}
