{"im": 3608, "res": [{"class": "sheep", "prob": 0.6227027177810669, "left": 62.95832824707031, "top": 28.164138793945312, "right": 331.92010498046875, "bottom": 465.681884765625}], "time": 21.495819807052612}
