{"im": 223, "res": [{"class": "sheep", "prob": 0.5500986576080322, "left": 248.0135955810547, "top": 283.173095703125, "right": 348.52484130859375, "bottom": 342.0667724609375}, {"class": "sofa", "prob": 0.8417701721191406, "left": 248.0135955810547, "top": 283.173095703125, "right": 348.52484130859375, "bottom": 342.0667724609375}], "time": 21.653405904769897}
