{"im": 3068, "res": [{"class": "aeroplane", "prob": 0.9971399307250977, "left": 221.33985900878906, "top": 25.357223510742188, "right": 315.6817321777344, "bottom": 195.43751525878906}, {"class": "sofa", "prob": 0.9583956003189087, "left": 204.2630615234375, "top": 53.21998596191406, "right": 395.59808349609375, "bottom": 320.598388671875}], "time": 21.750871896743774}
