{"im": 4280, "res": [{"class": "aeroplane", "prob": 0.9094597101211548, "left": 280.18695068359375, "top": 108.18247985839844, "right": 428.216064453125, "bottom": 260.4173583984375}], "time": 23.24846601486206}
