{"im": 1953, "res": [{"class": "person", "prob": 0.5146569013595581, "left": 186.30007934570312, "top": 41.440311431884766, "right": 310.82965087890625, "bottom": 166.2191925048828}], "time": 21.69862389564514}
