{"im": 2541, "res": [{"class": "bird", "prob": 0.999434769153595, "left": 0.0, "top": 226.41156005859375, "right": 205.10687255859375, "bottom": 336.15185546875}], "time": 21.500613927841187}
