{"im": 2332, "res": [{"class": "aeroplane", "prob": 0.9986838698387146, "left": 28.080413818359375, "top": 126.51876831054688, "right": 359.0708312988281, "bottom": 425.6068420410156}], "time": 21.451093912124634}
