{"im": 1260, "res": [{"class": "person", "prob": 0.9605457782745361, "left": 226.17626953125, "top": 358.0684509277344, "right": 375.0, "bottom": 497.7434997558594}], "time": 21.351855039596558}
