{"im": 1533, "res": [{"class": "aeroplane", "prob": 0.9900397658348083, "left": 22.368133544921875, "top": 2.3179779052734375, "right": 422.8760070800781, "bottom": 462.838134765625}], "time": 21.996751070022583}
