{"im": 4254, "res": [{"class": "pottedplant", "prob": 0.9985644221305847, "left": 70.23635864257812, "top": 148.99400329589844, "right": 217.80230712890625, "bottom": 351.1041259765625}, {"class": "bicycle", "prob": 0.9830412864685059, "left": 0.0, "top": 246.11984252929688, "right": 102.72477722167969, "bottom": 403.9280090332031}], "time": 21.664377212524414}
