{"im": 4522, "res": [{"class": "tvmonitor", "prob": 0.6492648720741272, "left": 121.46385192871094, "top": 17.336181640625, "right": 342.825439453125, "bottom": 246.77020263671875}, {"class": "train", "prob": 0.93515944480896, "left": 399.420654296875, "top": 25.97015380859375, "right": 499.91156005859375, "bottom": 286.6778869628906}], "time": 21.40973711013794}
