{"im": 5506, "res": [{"class": "train", "prob": 0.8139426708221436, "left": 260.09375, "top": 255.52102661132812, "right": 271.93206787109375, "bottom": 269.8655090332031}, {"class": "train", "prob": 0.6936072111129761, "left": 178.69696044921875, "top": 241.4853515625, "right": 192.00839233398438, "bottom": 253.8397216796875}, {"class": "train", "prob": 0.6109339594841003, "left": 214.70542907714844, "top": 247.4901580810547, "right": 226.3801727294922, "bottom": 257.49749755859375}, {"class": "train", "prob": 0.5166378617286682, "left": 195.04051208496094, "top": 243.28814697265625, "right": 209.7233123779297, "bottom": 254.8353271484375}], "time": 0.8491477966308594}
