{"im": 295, "res": [{"class": "aeroplane", "prob": 0.6316529512405396, "left": 247.37298583984375, "top": 93.24466705322266, "right": 401.2811279296875, "bottom": 333.0}, {"class": "aeroplane", "prob": 0.5522964596748352, "left": 43.724700927734375, "top": 32.49552917480469, "right": 242.91769409179688, "bottom": 318.508544921875}], "time": 0.8908629417419434}
