{"im": 3473, "res": [{"class": "person", "prob": 0.9841313362121582, "left": 121.23656463623047, "top": 61.29572296142578, "right": 326.399658203125, "bottom": 233.07696533203125}], "time": 21.46868896484375}
