{"im": 1942, "res": [{"class": "bottle", "prob": 0.8771870732307434, "left": 24.243255615234375, "top": 87.86534118652344, "right": 426.6845397949219, "bottom": 200.1020965576172}], "time": 21.662437200546265}
