{"im": 2665, "res": [{"class": "sheep", "prob": 0.8065657019615173, "left": 38.31609344482422, "top": 99.50224304199219, "right": 288.1187438964844, "bottom": 393.09796142578125}], "time": 23.037052154541016}
