{"im": 2271, "res": [{"class": "sheep", "prob": 0.5557765364646912, "left": 21.908248901367188, "top": 144.48886108398438, "right": 309.82666015625, "bottom": 416.7646789550781}], "time": 21.42610216140747}
