{"im": 2643, "res": [{"class": "train", "prob": 0.7738490700721741, "left": 162.6963348388672, "top": 194.4742431640625, "right": 249.8636016845703, "bottom": 234.1334228515625}, {"class": "train", "prob": 0.6932060122489929, "left": 316.4153137207031, "top": 102.14342498779297, "right": 388.8581848144531, "bottom": 150.83294677734375}], "time": 21.43784999847412}
