{"im": 787, "res": [{"class": "pottedplant", "prob": 0.9843618273735046, "left": 5.7251129150390625, "top": 56.31959533691406, "right": 440.10943603515625, "bottom": 276.126953125}], "time": 21.728864192962646}
