{"im": 4446, "res": [{"class": "pottedplant", "prob": 0.8440343141555786, "left": 32.66954803466797, "top": 58.09809875488281, "right": 218.2200927734375, "bottom": 327.22259521484375}], "time": 21.40623378753662}
