{"im": 3392, "res": [{"class": "bus", "prob": 0.9824081659317017, "left": 90.67893981933594, "top": 139.54067993164062, "right": 415.24859619140625, "bottom": 257.1455078125}, {"class": "bird", "prob": 0.8001988530158997, "left": 8.106689453125, "top": 192.67762756347656, "right": 19.20106315612793, "bottom": 207.4829559326172}], "time": 1.1020936965942383}
