{"im": 3376, "res": [{"class": "chair", "prob": 0.8879935145378113, "left": 46.94921875, "top": 68.78011322021484, "right": 490.1134033203125, "bottom": 318.63153076171875}], "time": 21.527748823165894}
