{"im": 3840, "res": [{"class": "person", "prob": 0.9996565580368042, "left": 174.46218872070312, "top": 46.054718017578125, "right": 377.0589904785156, "bottom": 256.6698303222656}], "time": 21.58244228363037}
