{"im": 535, "res": [{"class": "aeroplane", "prob": 0.9984031915664673, "left": 310.0027160644531, "top": 91.93794250488281, "right": 399.8836364746094, "bottom": 353.299072265625}, {"class": "aeroplane", "prob": 0.996825635433197, "left": 377.8108825683594, "top": 95.79645538330078, "right": 471.5480041503906, "bottom": 318.51959228515625}], "time": 23.11627197265625}
