{"im": 3363, "res": [{"class": "car", "prob": 0.999282717704773, "left": 56.56181335449219, "top": 53.901580810546875, "right": 438.135986328125, "bottom": 293.95843505859375}], "time": 22.108874082565308}
