{"im": 5100, "res": [{"class": "bicycle", "prob": 0.9999228715896606, "left": 0.0, "top": 21.467681884765625, "right": 500.0, "bottom": 350.5401916503906}, {"class": "bird", "prob": 0.9689585566520691, "left": 0.0, "top": 0.0, "right": 181.04940795898438, "bottom": 155.34893798828125}], "time": 21.41495704650879}
