{"im": 4095, "res": [{"class": "aeroplane", "prob": 0.9928323030471802, "left": 38.52576446533203, "top": 217.03512573242188, "right": 171.5592041015625, "bottom": 494.1152038574219}, {"class": "train", "prob": 0.9566221833229065, "left": 64.0289535522461, "top": 21.826126098632812, "right": 179.04397583007812, "bottom": 252.19920349121094}], "time": 21.728946208953857}
