{"im": 3144, "res": [{"class": "train", "prob": 0.7605560421943665, "left": 185.16558837890625, "top": 171.6838836669922, "right": 371.159423828125, "bottom": 299.6715087890625}, {"class": "tvmonitor", "prob": 0.6138641834259033, "left": 97.43141174316406, "top": 180.24107360839844, "right": 176.48573303222656, "bottom": 277.42724609375}, {"class": "tvmonitor", "prob": 0.5945878624916077, "left": 112.23222351074219, "top": 208.52439880371094, "right": 140.42405700683594, "bottom": 251.71958923339844}, {"class": "tvmonitor", "prob": 0.5438900589942932, "left": 118.70452117919922, "top": 175.2506103515625, "right": 206.59393310546875, "bottom": 281.8525695800781}], "time": 1.185258150100708}
