{"im": 3162, "res": [{"class": "person", "prob": 0.9760453701019287, "left": 111.22994995117188, "top": 99.236572265625, "right": 376.5682067871094, "bottom": 341.4028015136719}], "time": 23.55994701385498}
