{"im": 803, "res": [{"class": "aeroplane", "prob": 0.9542861580848694, "left": 201.56304931640625, "top": 42.24541473388672, "right": 357.40924072265625, "bottom": 294.9495849609375}], "time": 0.8491148948669434}
