{"im": 1846, "res": [{"class": "car", "prob": 0.9154318571090698, "left": 0.0, "top": 253.90875244140625, "right": 370.402587890625, "bottom": 500.0}], "time": 22.554429054260254}
