{"im": 4388, "res": [{"class": "tvmonitor", "prob": 0.6334221959114075, "left": 36.91954803466797, "top": 136.24993896484375, "right": 234.082763671875, "bottom": 362.462158203125}], "time": 0.8289051055908203}
