{"im": 4525, "res": [{"class": "cat", "prob": 0.7634574770927429, "left": 157.4705047607422, "top": 164.1051788330078, "right": 342.827392578125, "bottom": 201.51219177246094}, {"class": "bird", "prob": 0.5583657026290894, "left": 8.66553783416748, "top": 84.6314697265625, "right": 23.316463470458984, "bottom": 100.45123291015625}], "time": 0.806149959564209}
