{"im": 2691, "res": [{"class": "aeroplane", "prob": 0.7218268513679504, "left": 178.36390686035156, "top": 181.47744750976562, "right": 236.24549865722656, "bottom": 372.6515197753906}], "time": 0.9112880229949951}
