{"im": 1105, "res": [{"class": "aeroplane", "prob": 0.7262358665466309, "left": 243.170166015625, "top": 27.02184295654297, "right": 350.24542236328125, "bottom": 157.00811767578125}], "time": 21.18527102470398}
