{"im": 900, "res": [{"class": "aeroplane", "prob": 0.9926937222480774, "left": 108.73191833496094, "top": 8.6461181640625, "right": 349.09710693359375, "bottom": 500.0}], "time": 21.248152017593384}
