{"im": 618, "res": [{"class": "aeroplane", "prob": 0.9864749312400818, "left": 179.46205139160156, "top": 148.330078125, "right": 279.42828369140625, "bottom": 375.0}], "time": 21.646899938583374}
