{"im": 2893, "res": [{"class": "sheep", "prob": 0.9611421823501587, "left": 179.8531036376953, "top": 20.574417114257812, "right": 491.67352294921875, "bottom": 365.545654296875}], "time": 21.471200942993164}
