{"im": 3232, "res": [{"class": "bus", "prob": 0.7836418747901917, "left": 48.16279602050781, "top": 14.690017700195312, "right": 500.0, "bottom": 341.9283447265625}], "time": 0.9982700347900391}
