{"im": 1241, "res": [{"class": "aeroplane", "prob": 0.9992594122886658, "left": 281.0185241699219, "top": 83.24018096923828, "right": 344.6261291503906, "bottom": 318.1916198730469}], "time": 21.362032175064087}
