{"im": 4050, "res": [{"class": "sheep", "prob": 0.9931842684745789, "left": 178.04318237304688, "top": 43.24254608154297, "right": 428.0370788574219, "bottom": 275.87847900390625}], "time": 23.133511066436768}
