{"im": 229, "res": [{"class": "tvmonitor", "prob": 0.9457312822341919, "left": 0.0, "top": 0.0, "right": 266.16986083984375, "bottom": 375.0}], "time": 21.654370069503784}
