{"im": 1177, "res": [{"class": "aeroplane", "prob": 0.7839280366897583, "left": 215.83602905273438, "top": 170.56283569335938, "right": 332.6084289550781, "bottom": 469.0072326660156}], "time": 0.8961451053619385}
