{"im": 3565, "res": [{"class": "bird", "prob": 0.8249683380126953, "left": 24.82867431640625, "top": 9.114776611328125, "right": 500.0, "bottom": 333.0}], "time": 21.585111141204834}
