{"im": 5342, "res": [{"class": "person", "prob": 0.9973271489143372, "left": 22.996719360351562, "top": 104.64356994628906, "right": 378.00140380859375, "bottom": 279.3636474609375}], "time": 21.471931219100952}
