{"im": 1322, "res": [{"class": "aeroplane", "prob": 0.9975192546844482, "left": 19.143211364746094, "top": 36.43849182128906, "right": 246.27639770507812, "bottom": 393.30316162109375}], "time": 21.6170392036438}
