{"im": 2653, "res": [{"class": "aeroplane", "prob": 0.6509066820144653, "left": 442.4210205078125, "top": 235.24929809570312, "right": 499.2105712890625, "bottom": 369.0275573730469}, {"class": "aeroplane", "prob": 0.6424400806427002, "left": 23.386554718017578, "top": 209.11309814453125, "right": 104.98150634765625, "bottom": 374.69976806640625}], "time": 21.457755088806152}
