{"im": 4583, "res": [{"class": "pottedplant", "prob": 0.9583222270011902, "left": 27.26263427734375, "top": 21.559661865234375, "right": 430.3955383300781, "bottom": 306.2015380859375}], "time": 21.63194513320923}
