{"im": 3668, "res": [{"class": "aeroplane", "prob": 0.6283907890319824, "left": 153.15594482421875, "top": 120.13673400878906, "right": 259.8434143066406, "bottom": 226.0393524169922}], "time": 0.8348510265350342}
