{"im": 5462, "res": [{"class": "aeroplane", "prob": 0.968778133392334, "left": 4.909511566162109, "top": 86.89845275878906, "right": 92.67410278320312, "bottom": 365.43121337890625}, {"class": "aeroplane", "prob": 0.8352715373039246, "left": 127.8005599975586, "top": 96.10545349121094, "right": 247.059326171875, "bottom": 360.48504638671875}, {"class": "aeroplane", "prob": 0.7764766812324524, "left": 267.9341125488281, "top": 95.14259338378906, "right": 370.7085266113281, "bottom": 362.48944091796875}], "time": 0.8635890483856201}
