{"im": 1254, "res": [{"class": "chair", "prob": 0.9517002701759338, "left": 226.39915466308594, "top": 189.60427856445312, "right": 389.2589111328125, "bottom": 302.1932373046875}, {"class": "chair", "prob": 0.7947472929954529, "left": 236.6873321533203, "top": 183.1061248779297, "right": 266.16497802734375, "bottom": 201.29478454589844}], "time": 21.28130578994751}
