{"im": 764, "res": [{"class": "aeroplane", "prob": 0.9956291913986206, "left": 257.4096984863281, "top": 174.1968994140625, "right": 389.7081604003906, "bottom": 325.39373779296875}, {"class": "aeroplane", "prob": 0.9792046546936035, "left": 92.14364624023438, "top": 171.87045288085938, "right": 264.02020263671875, "bottom": 332.3214111328125}], "time": 22.404527187347412}
