{"im": 3219, "res": [{"class": "sheep", "prob": 0.9996310472488403, "left": 198.20602416992188, "top": 122.00528717041016, "right": 442.7338562011719, "bottom": 331.7132873535156}, {"class": "bird", "prob": 0.9821889400482178, "left": 0.01261138916015625, "top": 4.012510299682617, "right": 148.67169189453125, "bottom": 64.06535339355469}], "time": 21.814931869506836}
