{"im": 3182, "res": [{"class": "pottedplant", "prob": 0.8777854442596436, "left": 8.964706420898438, "top": 0.0, "right": 321.54742431640625, "bottom": 382.293212890625}, {"class": "pottedplant", "prob": 0.8025864362716675, "left": 126.70123291015625, "top": 12.617691040039062, "right": 482.0638427734375, "bottom": 272.26556396484375}], "time": 21.70723605155945}
