{"im": 3191, "res": [{"class": "sheep", "prob": 0.7182618975639343, "left": 95.0797119140625, "top": 104.60285949707031, "right": 237.87667846679688, "bottom": 473.891845703125}], "time": 0.8536651134490967}
