{"im": 4142, "res": [{"class": "aeroplane", "prob": 0.9668927192687988, "left": 427.9876708984375, "top": 177.85916137695312, "right": 499.6690673828125, "bottom": 369.0965881347656}, {"class": "aeroplane", "prob": 0.8666029572486877, "left": 45.801971435546875, "top": 198.7086181640625, "right": 235.1671142578125, "bottom": 375.0}], "time": 21.665712118148804}
