{"im": 1469, "res": [{"class": "bird", "prob": 0.9994779825210571, "left": 20.738677978515625, "top": 17.025909423828125, "right": 471.8822326660156, "bottom": 277.6697998046875}, {"class": "bird", "prob": 0.9646623134613037, "left": 0.2895641326904297, "top": 30.39376449584961, "right": 44.966087341308594, "bottom": 135.53439331054688}], "time": 21.64959192276001}
