{"im": 3013, "res": [{"class": "bottle", "prob": 0.9992260932922363, "left": 196.34381103515625, "top": 88.89561462402344, "right": 399.52764892578125, "bottom": 155.66036987304688}], "time": 22.72817301750183}
