{"im": 4058, "res": [{"class": "pottedplant", "prob": 0.6894115209579468, "left": 304.15069580078125, "top": 77.45716094970703, "right": 438.213134765625, "bottom": 235.3875732421875}], "time": 0.9225258827209473}
