{"im": 3352, "res": [{"class": "sheep", "prob": 0.976953387260437, "left": 49.135406494140625, "top": 12.94757080078125, "right": 493.1361389160156, "bottom": 359.6652526855469}], "time": 21.682116270065308}
