{"im": 5422, "res": [{"class": "person", "prob": 0.9194932579994202, "left": 150.99639892578125, "top": 162.7689666748047, "right": 247.31277465820312, "bottom": 369.4139404296875}], "time": 21.484610080718994}
