{"im": 5635, "res": [{"class": "sheep", "prob": 0.619586706161499, "left": 61.56340789794922, "top": 76.52310180664062, "right": 238.50643920898438, "bottom": 365.6024169921875}], "time": 0.9242527484893799}
