{"im": 2530, "res": [{"class": "aeroplane", "prob": 0.864615797996521, "left": 108.4464111328125, "top": 125.25413513183594, "right": 243.61639404296875, "bottom": 333.0}, {"class": "aeroplane", "prob": 0.8570737838745117, "left": 4.415409088134766, "top": 127.47828674316406, "right": 114.29763793945312, "bottom": 331.74371337890625}, {"class": "aeroplane", "prob": 0.6523703336715698, "left": 280.2463684082031, "top": 110.85428619384766, "right": 377.4165954589844, "bottom": 309.60491943359375}, {"class": "aeroplane", "prob": 0.5112018585205078, "left": 242.27659606933594, "top": 270.9945068359375, "right": 337.1305236816406, "bottom": 333.0}], "time": 0.8331432342529297}
