{"im": 1399, "res": [{"class": "sheep", "prob": 0.9984369277954102, "left": 115.51631164550781, "top": 21.19890594482422, "right": 206.55674743652344, "bottom": 156.33163452148438}], "time": 21.734066009521484}
