{"im": 3800, "res": [{"class": "pottedplant", "prob": 0.8726697564125061, "left": 156.70944213867188, "top": 91.7729263305664, "right": 328.57080078125, "bottom": 333.43768310546875}], "time": 0.8968210220336914}
