{"im": 2039, "res": [{"class": "sofa", "prob": 0.5983267426490784, "left": 61.5443115234375, "top": 28.182662963867188, "right": 454.90655517578125, "bottom": 332.38360595703125}], "time": 0.8311328887939453}
