{"im": 4023, "res": [{"class": "bus", "prob": 0.9997876882553101, "left": 46.704803466796875, "top": 95.8236083984375, "right": 373.5748291015625, "bottom": 221.20065307617188}], "time": 23.029032945632935}
