{"im": 3523, "res": [{"class": "bicycle", "prob": 0.6700093150138855, "left": 146.86087036132812, "top": 6.751976013183594, "right": 437.5401916503906, "bottom": 193.21588134765625}], "time": 0.8439998626708984}
