{"im": 5254, "res": [{"class": "pottedplant", "prob": 0.8055996894836426, "left": 106.69757080078125, "top": 49.36083984375, "right": 465.1728515625, "bottom": 347.72613525390625}], "time": 0.844353199005127}
