{"im": 5359, "res": [{"class": "aeroplane", "prob": 0.9963698387145996, "left": 171.88941955566406, "top": 166.39703369140625, "right": 291.16229248046875, "bottom": 445.5572509765625}, {"class": "aeroplane", "prob": 0.9894115328788757, "left": 79.75823974609375, "top": 126.6072998046875, "right": 192.0328369140625, "bottom": 460.2088623046875}, {"class": "bottle", "prob": 0.6985952854156494, "left": 0.0, "top": 278.01458740234375, "right": 80.87452697753906, "bottom": 347.0181884765625}], "time": 21.689934730529785}
