{"im": 4132, "res": [{"class": "bottle", "prob": 0.5017432570457458, "left": 50.654205322265625, "top": 97.37628936767578, "right": 437.66253662109375, "bottom": 211.0958251953125}], "time": 0.8871879577636719}
