{"im": 1063, "res": [{"class": "aeroplane", "prob": 0.9993798136711121, "left": 168.552490234375, "top": 22.744171142578125, "right": 494.4991455078125, "bottom": 367.0741882324219}, {"class": "person", "prob": 0.9610159993171692, "left": 29.836658477783203, "top": 88.74546813964844, "right": 144.27102661132812, "bottom": 220.82936096191406}], "time": 21.12146782875061}
