{"im": 4595, "res": [{"class": "sheep", "prob": 0.8505657315254211, "left": 184.6700439453125, "top": 157.88470458984375, "right": 331.436767578125, "bottom": 293.2943115234375}], "time": 0.8310909271240234}
