{"im": 3847, "res": [{"class": "person", "prob": 0.7149949669837952, "left": 90.27088928222656, "top": 105.93762969970703, "right": 348.6026611328125, "bottom": 246.4346923828125}, {"class": "pottedplant", "prob": 0.5737160444259644, "left": 90.27088928222656, "top": 105.93762969970703, "right": 348.6026611328125, "bottom": 246.4346923828125}], "time": 21.57105588912964}
