{"im": 4057, "res": [{"class": "sheep", "prob": 0.997778058052063, "left": 228.14651489257812, "top": 56.48199462890625, "right": 446.4109191894531, "bottom": 359.9222412109375}, {"class": "aeroplane", "prob": 0.9981790781021118, "left": 18.324390411376953, "top": 56.36022186279297, "right": 41.769508361816406, "bottom": 112.32921600341797}], "time": 21.784964084625244}
