{"im": 5211, "res": [{"class": "aeroplane", "prob": 0.9972030520439148, "left": 339.89910888671875, "top": 100.15028381347656, "right": 490.99627685546875, "bottom": 374.1617431640625}, {"class": "aeroplane", "prob": 0.99724280834198, "left": 221.16998291015625, "top": 113.78173828125, "right": 370.38623046875, "bottom": 375.0}, {"class": "aeroplane", "prob": 0.9903520345687866, "left": 7.010078430175781, "top": 139.35853576660156, "right": 220.304443359375, "bottom": 375.0}, {"class": "aeroplane", "prob": 0.9171186685562134, "left": 81.50711059570312, "top": 221.52017211914062, "right": 264.55950927734375, "bottom": 373.7008361816406}], "time": 21.519370079040527}
