{"im": 159, "res": [{"class": "aeroplane", "prob": 0.7458329796791077, "left": 96.83936309814453, "top": 142.16229248046875, "right": 227.67025756835938, "bottom": 234.34967041015625}, {"class": "aeroplane", "prob": 0.5086197257041931, "left": 57.691551208496094, "top": 19.82996368408203, "right": 266.50701904296875, "bottom": 229.9739990234375}], "time": 1.0995111465454102}
