{"im": 2433, "res": [{"class": "person", "prob": 0.7699518799781799, "left": 251.56521606445312, "top": 160.88340759277344, "right": 263.3464050292969, "bottom": 180.72251892089844}], "time": 0.8315291404724121}
