{"im": 3357, "res": [{"class": "bus", "prob": 0.9972273111343384, "left": 12.883529663085938, "top": 85.24097442626953, "right": 162.56503295898438, "bottom": 257.3347473144531}, {"class": "bus", "prob": 0.9920716285705566, "left": 294.09228515625, "top": 65.64102172851562, "right": 478.4915771484375, "bottom": 268.5313415527344}, {"class": "aeroplane", "prob": 0.9609343409538269, "left": 109.25146484375, "top": 128.43983459472656, "right": 144.25132751464844, "bottom": 154.53575134277344}], "time": 21.49978804588318}
