{"im": 2058, "res": [{"class": "bottle", "prob": 0.9040064215660095, "left": 6.3308868408203125, "top": 159.73165893554688, "right": 482.4991455078125, "bottom": 321.9933166503906}], "time": 21.622902870178223}
