{"im": 2603, "res": [{"class": "car", "prob": 0.9992390275001526, "left": 42.67927551269531, "top": 140.07289123535156, "right": 266.1976318359375, "bottom": 344.724365234375}, {"class": "aeroplane", "prob": 0.9995749592781067, "left": 284.36773681640625, "top": 253.07369995117188, "right": 331.12518310546875, "bottom": 438.5364074707031}], "time": 21.462072134017944}
