{"im": 4225, "res": [{"class": "sheep", "prob": 0.9315375685691833, "left": 214.28399658203125, "top": 81.84254455566406, "right": 458.81005859375, "bottom": 303.9251708984375}, {"class": "aeroplane", "prob": 0.609774112701416, "left": 12.580101013183594, "top": 16.662185668945312, "right": 256.9129943847656, "bottom": 296.57086181640625}], "time": 21.62598991394043}
