{"im": 2313, "res": [{"class": "pottedplant", "prob": 0.9250147938728333, "left": 52.39820861816406, "top": 90.62350463867188, "right": 487.81329345703125, "bottom": 375.0}, {"class": "pottedplant", "prob": 0.8014267683029175, "left": 0.0, "top": 84.83659362792969, "right": 301.92083740234375, "bottom": 375.0}], "time": 21.414172887802124}
