{"im": 5447, "res": [{"class": "aeroplane", "prob": 0.8797414302825928, "left": 201.7896728515625, "top": 178.29025268554688, "right": 373.7030029296875, "bottom": 333.0}, {"class": "aeroplane", "prob": 0.5817478895187378, "left": 224.49874877929688, "top": 110.42388916015625, "right": 304.3145446777344, "bottom": 221.00643920898438}, {"class": "aeroplane", "prob": 0.5730076432228088, "left": 249.11880493164062, "top": 118.82154083251953, "right": 283.6177673339844, "bottom": 197.29269409179688}], "time": 0.8958520889282227}
