{"im": 345, "res": [{"class": "aeroplane", "prob": 0.980004608631134, "left": 197.99571228027344, "top": 123.30296325683594, "right": 469.1263427734375, "bottom": 336.6143798828125}], "time": 21.714977979660034}
