{"im": 2063, "res": [{"class": "tvmonitor", "prob": 0.6437423229217529, "left": 1.6863021850585938, "top": 99.43415832519531, "right": 132.71624755859375, "bottom": 287.5653076171875}], "time": 0.8202450275421143}
