{"im": 4625, "res": [{"class": "person", "prob": 0.7135426998138428, "left": 79.63369750976562, "top": 64.04181671142578, "right": 339.3351135253906, "bottom": 262.4649963378906}], "time": 0.8278090953826904}
