{"im": 467, "res": [{"class": "aeroplane", "prob": 0.8493404984474182, "left": 1.2724685668945312, "top": 76.73703002929688, "right": 174.78366088867188, "bottom": 366.8315124511719}, {"class": "aeroplane", "prob": 0.5355313420295715, "left": 386.7585144042969, "top": 82.28509521484375, "right": 497.0113220214844, "bottom": 361.9608154296875}], "time": 0.8403730392456055}
