{"im": 4354, "res": [{"class": "aeroplane", "prob": 0.9981546998023987, "left": 108.33245086669922, "top": 107.23692321777344, "right": 173.6328125, "bottom": 223.63832092285156}], "time": 21.391494035720825}
