{"im": 3572, "res": [{"class": "aeroplane", "prob": 0.5603007674217224, "left": 251.84739685058594, "top": 54.396812438964844, "right": 280.1688537597656, "bottom": 132.589111328125}], "time": 21.492815017700195}
