{"im": 5243, "res": [{"class": "bottle", "prob": 0.9934352040290833, "left": 56.226043701171875, "top": 74.0675048828125, "right": 477.2105407714844, "bottom": 246.40933227539062}], "time": 21.583051919937134}
