{"im": 677, "res": [{"class": "aeroplane", "prob": 0.9988868832588196, "left": 0.0, "top": 0.0, "right": 324.6999816894531, "bottom": 500.0}], "time": 21.573024034500122}
