{"im": 28, "res": [{"class": "aeroplane", "prob": 0.7617453932762146, "left": 103.00703430175781, "top": 73.25237274169922, "right": 173.21290588378906, "bottom": 193.11822509765625}, {"class": "aeroplane", "prob": 0.756458044052124, "left": 293.48834228515625, "top": 159.88418579101562, "right": 359.251708984375, "bottom": 310.716552734375}, {"class": "aeroplane", "prob": 0.6531779170036316, "left": 308.30755615234375, "top": 177.21766662597656, "right": 338.667236328125, "bottom": 290.52178955078125}, {"class": "aeroplane", "prob": 0.6594468355178833, "left": 261.94134521484375, "top": 78.865966796875, "right": 289.48333740234375, "bottom": 150.38787841796875}], "time": 0.9989259243011475}
