{"im": 4663, "res": [{"class": "aeroplane", "prob": 0.8338785767555237, "left": 16.826705932617188, "top": 93.79315185546875, "right": 232.28453063964844, "bottom": 361.9970703125}], "time": 0.8686881065368652}
