{"im": 1626, "res": [{"class": "bird", "prob": 0.9849414229393005, "left": 179.16064453125, "top": 135.07321166992188, "right": 228.65347290039062, "bottom": 178.56436157226562}, {"class": "tvmonitor", "prob": 0.974249005317688, "left": 270.41229248046875, "top": 151.4810791015625, "right": 292.0693359375, "bottom": 175.56149291992188}, {"class": "bird", "prob": 0.6992108821868896, "left": 0.0, "top": 267.0731201171875, "right": 500.0, "bottom": 375.0}, {"class": "bird", "prob": 0.5375161170959473, "left": 0.0, "top": 171.1565399169922, "right": 500.0, "bottom": 356.868408203125}], "time": 21.674609899520874}
