{"im": 1383, "res": [{"class": "sheep", "prob": 0.9840739965438843, "left": 81.66658020019531, "top": 30.115036010742188, "right": 473.6614990234375, "bottom": 375.0}, {"class": "aeroplane", "prob": 0.6390141248703003, "left": 405.88818359375, "top": 8.445823669433594, "right": 499.176025390625, "bottom": 145.80752563476562}], "time": 21.681509971618652}
