{"im": 1455, "res": [{"class": "sofa", "prob": 0.9569345712661743, "left": 286.9104309082031, "top": 53.92826843261719, "right": 461.9246520996094, "bottom": 367.63665771484375}], "time": 21.64498996734619}
