{"im": 3695, "res": [{"class": "aeroplane", "prob": 0.9871811866760254, "left": 132.75527954101562, "top": 106.43436431884766, "right": 192.23861694335938, "bottom": 262.20013427734375}, {"class": "bicycle", "prob": 0.8750938177108765, "left": 70.8839111328125, "top": 173.20779418945312, "right": 280.5137939453125, "bottom": 302.3349304199219}, {"class": "aeroplane", "prob": 0.6948002576828003, "left": 8.795612335205078, "top": 118.46563720703125, "right": 62.70943832397461, "bottom": 203.89651489257812}], "time": 21.539748191833496}
