{"im": 3616, "res": [{"class": "sheep", "prob": 0.5827581286430359, "left": 4.307899475097656, "top": 66.51179504394531, "right": 241.43017578125, "bottom": 330.898681640625}], "time": 0.842987060546875}
