{"im": 1936, "res": [{"class": "bird", "prob": 0.9983658194541931, "left": 275.62823486328125, "top": 242.8887176513672, "right": 371.2362060546875, "bottom": 421.1077880859375}, {"class": "bird", "prob": 0.9003568291664124, "left": 92.80653381347656, "top": 332.3023681640625, "right": 127.89305114746094, "bottom": 360.488525390625}, {"class": "bird", "prob": 0.9133225083351135, "left": 253.83168029785156, "top": 254.39537048339844, "right": 315.3998718261719, "bottom": 367.6800537109375}, {"class": "bird", "prob": 0.6910673975944519, "left": 222.88284301757812, "top": 306.53118896484375, "right": 251.38058471679688, "bottom": 363.49481201171875}], "time": 21.691285133361816}
