{"im": 5789, "res": [{"class": "aeroplane", "prob": 0.9983482956886292, "left": 286.9875183105469, "top": 186.29942321777344, "right": 335.7314758300781, "bottom": 240.01783752441406}, {"class": "aeroplane", "prob": 0.9295423626899719, "left": 141.51011657714844, "top": 192.4631805419922, "right": 183.56544494628906, "bottom": 242.0991668701172}, {"class": "chair", "prob": 0.8552606105804443, "left": 203.86737060546875, "top": 225.81707763671875, "right": 390.44598388671875, "bottom": 253.95303344726562}, {"class": "sheep", "prob": 0.503699779510498, "left": 259.2217102050781, "top": 220.02476501464844, "right": 289.1930236816406, "bottom": 244.7250213623047}], "time": 21.488976001739502}
