{"im": 5187, "res": [{"class": "bicycle", "prob": 0.9521409869194031, "left": 245.56259155273438, "top": 180.2362060546875, "right": 282.4360046386719, "bottom": 222.67706298828125}, {"class": "aeroplane", "prob": 0.8242989182472229, "left": 248.83432006835938, "top": 157.38958740234375, "right": 274.3108825683594, "bottom": 195.55056762695312}], "time": 0.8302006721496582}
