{"im": 627, "res": [{"class": "aeroplane", "prob": 0.9956466555595398, "left": 85.44998168945312, "top": 0.0, "right": 339.0083923339844, "bottom": 500.0}, {"class": "aeroplane", "prob": 0.8023141622543335, "left": 7.61041259765625, "top": 19.871612548828125, "right": 158.33914184570312, "bottom": 483.2994079589844}], "time": 24.741233348846436}
