{"im": 1355, "res": [{"class": "motorbike", "prob": 0.7070344090461731, "left": 204.9424285888672, "top": 15.586055755615234, "right": 255.0, "bottom": 45.15463638305664}], "time": 21.65873885154724}
