{"im": 2862, "res": [{"class": "sofa", "prob": 0.9703711271286011, "left": 65.06243896484375, "top": 78.88831329345703, "right": 452.66552734375, "bottom": 322.61834716796875}], "time": 0.8616080284118652}
