{"im": 5639, "res": [{"class": "aeroplane", "prob": 0.5800420045852661, "left": 198.37123107910156, "top": 27.58740234375, "right": 460.46240234375, "bottom": 365.515869140625}], "time": 0.8430051803588867}
