{"im": 740, "res": [{"class": "aeroplane", "prob": 0.9623748660087585, "left": 176.76649475097656, "top": 110.62922668457031, "right": 253.7326202392578, "bottom": 326.25469970703125}], "time": 0.8417630195617676}
