{"im": 5374, "res": [{"class": "sofa", "prob": 0.9967783689498901, "left": 183.1595001220703, "top": 142.14984130859375, "right": 235.9990997314453, "bottom": 210.2403564453125}, {"class": "person", "prob": 0.600479006767273, "left": 368.1015625, "top": 153.6379852294922, "right": 379.42681884765625, "bottom": 161.7207794189453}], "time": 21.728450059890747}
