{"im": 4390, "res": [{"class": "sheep", "prob": 0.9917909502983093, "left": 113.67428588867188, "top": 74.9010009765625, "right": 323.6535339355469, "bottom": 261.5345153808594}, {"class": "sheep", "prob": 0.8213726878166199, "left": 221.7347412109375, "top": 68.77140808105469, "right": 426.62603759765625, "bottom": 236.67576599121094}], "time": 21.393245935440063}
