{"im": 4164, "res": [{"class": "bicycle", "prob": 0.9714058637619019, "left": 104.17158508300781, "top": 12.485626220703125, "right": 401.40521240234375, "bottom": 368.41009521484375}], "time": 21.856536865234375}
