{"im": 4632, "res": [{"class": "sheep", "prob": 0.925316572189331, "left": 82.48922729492188, "top": 92.3959732055664, "right": 336.1490173339844, "bottom": 287.0482177734375}], "time": 0.8759951591491699}
