{"im": 3031, "res": [{"class": "person", "prob": 0.62312251329422, "left": 221.39358520507812, "top": 87.41886901855469, "right": 372.6509094238281, "bottom": 129.45187377929688}], "time": 0.9851119518280029}
