{"im": 4913, "res": [{"class": "pottedplant", "prob": 0.9617857933044434, "left": 9.2137451171875, "top": 11.89306640625, "right": 437.1094970703125, "bottom": 313.4743957519531}], "time": 21.420100927352905}
