{"im": 377, "res": [{"class": "sheep", "prob": 0.9773428440093994, "left": 102.78318786621094, "top": 171.38235473632812, "right": 439.74542236328125, "bottom": 298.16162109375}, {"class": "sheep", "prob": 0.5626500844955444, "left": 0.0, "top": 222.81332397460938, "right": 354.362548828125, "bottom": 366.8192443847656}], "time": 21.644876956939697}
