{"im": 3001, "res": [{"class": "bird", "prob": 0.6532381772994995, "left": 81.87076568603516, "top": 141.23257446289062, "right": 325.02734375, "bottom": 365.3840026855469}, {"class": "aeroplane", "prob": 0.6851649284362793, "left": 200.6585235595703, "top": 0.7273683547973633, "right": 216.33229064941406, "bottom": 22.970352172851562}, {"class": "aeroplane", "prob": 0.5028801560401917, "left": 282.126953125, "top": 11.09693717956543, "right": 297.8961181640625, "bottom": 31.090478897094727}], "time": 25.035611152648926}
