{"im": 3935, "res": [{"class": "sheep", "prob": 0.9519180059432983, "left": 126.01974487304688, "top": 51.74073791503906, "right": 479.5537414550781, "bottom": 395.70281982421875}], "time": 21.570924043655396}
