{"im": 4809, "res": [{"class": "bottle", "prob": 0.9971386790275574, "left": 298.87188720703125, "top": 188.31581115722656, "right": 375.7078857421875, "bottom": 266.97265625}], "time": 21.3768630027771}
