{"im": 1967, "res": [{"class": "aeroplane", "prob": 0.9985862374305725, "left": 3.1006088256835938, "top": 97.95967864990234, "right": 111.28120422363281, "bottom": 273.04962158203125}, {"class": "aeroplane", "prob": 0.9854184985160828, "left": 349.88909912109375, "top": 23.3795166015625, "right": 480.4764404296875, "bottom": 233.23919677734375}, {"class": "aeroplane", "prob": 0.969668984413147, "left": 83.11203002929688, "top": 125.8133316040039, "right": 146.83128356933594, "bottom": 266.4660339355469}], "time": 21.725493907928467}
