{"im": 1111, "res": [{"class": "aeroplane", "prob": 0.9165946841239929, "left": 135.31036376953125, "top": 15.01007080078125, "right": 341.81341552734375, "bottom": 229.48411560058594}], "time": 0.8968501091003418}
