{"im": 1605, "res": [{"class": "aeroplane", "prob": 0.8237417936325073, "left": 86.12969970703125, "top": 92.62311553955078, "right": 166.16665649414062, "bottom": 310.22845458984375}], "time": 1.1656157970428467}
