{"im": 2190, "res": [{"class": "sheep", "prob": 0.9791275858879089, "left": 12.386642456054688, "top": 22.206695556640625, "right": 442.01416015625, "bottom": 399.7632141113281}], "time": 21.452900171279907}
