{"im": 1609, "res": [{"class": "person", "prob": 0.7216102480888367, "left": 296.32940673828125, "top": 128.48912048339844, "right": 339.93914794921875, "bottom": 158.03807067871094}, {"class": "person", "prob": 0.645820677280426, "left": 215.03475952148438, "top": 112.36461639404297, "right": 241.88739013671875, "bottom": 136.8419952392578}, {"class": "person", "prob": 0.5688705444335938, "left": 302.8623962402344, "top": 117.09410095214844, "right": 335.2324523925781, "bottom": 172.4711151123047}, {"class": "person", "prob": 0.5524076223373413, "left": 373.8066711425781, "top": 103.82620239257812, "right": 420.1031188964844, "bottom": 118.75242614746094}], "time": 1.265005111694336}
