{"im": 1048, "res": [{"class": "pottedplant", "prob": 0.9977424144744873, "left": 136.024658203125, "top": 122.61957550048828, "right": 326.23236083984375, "bottom": 261.4136962890625}], "time": 21.51406717300415}
