{"im": 4474, "res": [{"class": "sheep", "prob": 0.991407036781311, "left": 55.42353820800781, "top": 177.98388671875, "right": 380.88232421875, "bottom": 475.63482666015625}], "time": 21.466997861862183}
