{"im": 4310, "res": [{"class": "bird", "prob": 0.9971488118171692, "left": 49.45098876953125, "top": 42.618919372558594, "right": 408.1882629394531, "bottom": 287.0899658203125}, {"class": "aeroplane", "prob": 0.99884033203125, "left": 387.56768798828125, "top": 95.50228118896484, "right": 462.453857421875, "bottom": 269.06890869140625}, {"class": "bird", "prob": 0.9751498699188232, "left": 0.0, "top": 60.291358947753906, "right": 67.11255645751953, "bottom": 224.16632080078125}], "time": 21.476305961608887}
