{"im": 4292, "res": [{"class": "sheep", "prob": 0.958924412727356, "left": 0.0, "top": 1.1188201904296875, "right": 427.0, "bottom": 499.55145263671875}], "time": 25.454267263412476}
