{"im": 1808, "res": [{"class": "aeroplane", "prob": 0.995133101940155, "left": 156.0711212158203, "top": 116.85847473144531, "right": 294.33099365234375, "bottom": 360.6956787109375}], "time": 21.60154891014099}
