{"im": 808, "res": [{"class": "aeroplane", "prob": 0.9296894669532776, "left": 77.7664794921875, "top": 16.303497314453125, "right": 185.18731689453125, "bottom": 500.0}], "time": 0.8289952278137207}
