{"im": 5332, "res": [{"class": "tvmonitor", "prob": 0.8251033425331116, "left": 462.4479064941406, "top": 155.5697784423828, "right": 485.4934387207031, "bottom": 211.77064514160156}, {"class": "tvmonitor", "prob": 0.6046106815338135, "left": 201.12271118164062, "top": 100.37976837158203, "right": 376.4289855957031, "bottom": 301.590576171875}, {"class": "tvmonitor", "prob": 0.5340402126312256, "left": 312.4344787597656, "top": 122.62980651855469, "right": 421.8129577636719, "bottom": 265.3284912109375}], "time": 1.0251667499542236}
