{"im": 4258, "res": [{"class": "sheep", "prob": 0.5528168678283691, "left": 162.96885681152344, "top": 96.753173828125, "right": 284.0743713378906, "bottom": 286.3292541503906}], "time": 21.673780918121338}
