{"im": 4828, "res": [{"class": "aeroplane", "prob": 0.7938860058784485, "left": 206.0792999267578, "top": 62.760162353515625, "right": 500.0, "bottom": 375.0}, {"class": "aeroplane", "prob": 0.6725273728370667, "left": 0.0, "top": 47.8173828125, "right": 279.0540771484375, "bottom": 375.0}], "time": 0.8699851036071777}
