{"im": 1863, "res": [{"class": "sheep", "prob": 0.6693744659423828, "left": 16.1715087890625, "top": 76.14619445800781, "right": 347.3285827636719, "bottom": 375.0}], "time": 0.8282968997955322}
