{"im": 1123, "res": [{"class": "pottedplant", "prob": 0.8390181064605713, "left": 0.7442779541015625, "top": 0.0, "right": 361.1400146484375, "bottom": 500.0}], "time": 21.106514930725098}
