{"im": 5366, "res": [{"class": "aeroplane", "prob": 0.663954496383667, "left": 245.29232788085938, "top": 113.70673370361328, "right": 264.8567810058594, "bottom": 149.14166259765625}, {"class": "boat", "prob": 0.5614185333251953, "left": 210.58517456054688, "top": 139.14443969726562, "right": 437.6930236816406, "bottom": 273.8993835449219}], "time": 0.8172621726989746}
