{"im": 2567, "res": [{"class": "car", "prob": 0.6034597158432007, "left": 83.97593688964844, "top": 107.0057601928711, "right": 492.264892578125, "bottom": 304.90380859375}], "time": 0.8714330196380615}
