{"im": 3765, "res": [{"class": "chair", "prob": 0.9334867596626282, "left": 0.0, "top": 222.00038146972656, "right": 70.93604278564453, "bottom": 244.2141571044922}, {"class": "aeroplane", "prob": 0.5265963077545166, "left": 7.1426897048950195, "top": 214.11245727539062, "right": 16.24881362915039, "bottom": 225.00234985351562}], "time": 21.489609956741333}
