{"im": 2188, "res": [{"class": "aeroplane", "prob": 0.6696153879165649, "left": 117.67919158935547, "top": 26.336713790893555, "right": 137.90426635742188, "bottom": 64.50074768066406}, {"class": "aeroplane", "prob": 0.5105761289596558, "left": 114.20596313476562, "top": 32.20537567138672, "right": 136.71128845214844, "bottom": 85.5126953125}], "time": 0.847661018371582}
