{"im": 2253, "res": [{"class": "bird", "prob": 0.761043131351471, "left": 59.56690979003906, "top": 160.37916564941406, "right": 104.85073852539062, "bottom": 193.54737854003906}, {"class": "bird", "prob": 0.6855822801589966, "left": 27.168556213378906, "top": 160.7053680419922, "right": 135.26364135742188, "bottom": 195.4349822998047}], "time": 0.8539831638336182}
