{"im": 922, "res": [{"class": "aeroplane", "prob": 0.999430239200592, "left": 67.96691131591797, "top": 93.05294799804688, "right": 322.7987976074219, "bottom": 495.2851257324219}, {"class": "aeroplane", "prob": 0.626792848110199, "left": 300.29534912109375, "top": 407.4091796875, "right": 374.19970703125, "bottom": 499.82281494140625}], "time": 21.18664026260376}
