{"im": 3096, "res": [{"class": "aeroplane", "prob": 0.613160252571106, "left": 0.0, "top": 60.551422119140625, "right": 348.9141540527344, "bottom": 320.6233215332031}], "time": 0.9264392852783203}
