{"im": 9, "res": [{"class": "aeroplane", "prob": 0.9997245073318481, "left": 42.69087219238281, "top": 43.66108703613281, "right": 338.0, "bottom": 500.0}, {"class": "aeroplane", "prob": 0.9932143688201904, "left": 9.471080780029297, "top": 153.7117462158203, "right": 110.00700378417969, "bottom": 294.065185546875}, {"class": "aeroplane", "prob": 0.9539035558700562, "left": 54.37207794189453, "top": 116.23480224609375, "right": 194.96621704101562, "bottom": 327.28515625}, {"class": "aeroplane", "prob": 0.7658533453941345, "left": 47.779449462890625, "top": 92.69358825683594, "right": 236.82781982421875, "bottom": 461.3909912109375}], "time": 21.44069814682007}
