{"im": 2812, "res": [{"class": "bottle", "prob": 0.999067485332489, "left": 192.3123779296875, "top": 74.79141235351562, "right": 351.90380859375, "bottom": 188.18844604492188}], "time": 21.425589084625244}
