{"im": 3340, "res": [{"class": "bus", "prob": 0.98972487449646, "left": 66.33575439453125, "top": 142.61666870117188, "right": 386.7958068847656, "bottom": 318.5775451660156}, {"class": "aeroplane", "prob": 0.5552419424057007, "left": 118.7706298828125, "top": 210.7218017578125, "right": 131.8455352783203, "bottom": 226.17022705078125}], "time": 0.8815188407897949}
