{"im": 1922, "res": [{"class": "aeroplane", "prob": 0.8433191776275635, "left": 5.79566764831543, "top": 0.8255405426025391, "right": 69.11750793457031, "bottom": 35.88807678222656}], "time": 21.729268074035645}
