{"im": 5687, "res": [{"class": "aeroplane", "prob": 0.9988542199134827, "left": 117.71478271484375, "top": 178.2003936767578, "right": 234.880615234375, "bottom": 476.65875244140625}], "time": 21.180638313293457}
