{"im": 1602, "res": [{"class": "sheep", "prob": 0.9992672801017761, "left": 93.061767578125, "top": 74.53993225097656, "right": 413.2332458496094, "bottom": 350.19647216796875}], "time": 21.684000968933105}
