{"im": 1149, "res": [{"class": "bottle", "prob": 0.7692170739173889, "left": 212.6122283935547, "top": 198.4970703125, "right": 240.1469268798828, "bottom": 207.15133666992188}], "time": 1.0022978782653809}
