{"im": 5680, "res": [{"class": "aeroplane", "prob": 0.8692781925201416, "left": 271.80322265625, "top": 184.6049041748047, "right": 293.68829345703125, "bottom": 246.10865783691406}, {"class": "aeroplane", "prob": 0.7121623158454895, "left": 447.7535095214844, "top": 200.01841735839844, "right": 460.2410583496094, "bottom": 219.7837371826172}, {"class": "aeroplane", "prob": 0.6983476281166077, "left": 238.09495544433594, "top": 202.27304077148438, "right": 253.70887756347656, "bottom": 253.47293090820312}, {"class": "aeroplane", "prob": 0.6739307045936584, "left": 304.3858642578125, "top": 181.9237060546875, "right": 329.20465087890625, "bottom": 214.44097900390625}], "time": 0.8613331317901611}
