{"im": 859, "res": [{"class": "boat", "prob": 0.9994339346885681, "left": 86.91548156738281, "top": 115.15128326416016, "right": 229.90223693847656, "bottom": 254.58770751953125}, {"class": "aeroplane", "prob": 0.9993436932563782, "left": 99.63648986816406, "top": 54.872314453125, "right": 182.9156036376953, "bottom": 211.51947021484375}, {"class": "aeroplane", "prob": 0.8765431046485901, "left": 68.13227081298828, "top": 48.093849182128906, "right": 113.68077850341797, "bottom": 177.86346435546875}], "time": 21.82334017753601}
