{"im": 927, "res": [{"class": "aeroplane", "prob": 0.9996033310890198, "left": 177.64752197265625, "top": 102.79005432128906, "right": 286.6402282714844, "bottom": 375.0}, {"class": "aeroplane", "prob": 0.9967918992042542, "left": 255.79718017578125, "top": 8.287261962890625, "right": 451.2310791015625, "bottom": 375.0}, {"class": "aeroplane", "prob": 0.9960919618606567, "left": 33.77651596069336, "top": 136.119140625, "right": 130.15188598632812, "bottom": 327.8189392089844}, {"class": "aeroplane", "prob": 0.685166597366333, "left": 41.70982360839844, "top": 82.79946899414062, "right": 96.03440856933594, "bottom": 253.82855224609375}], "time": 21.109530210494995}
