{"im": 5280, "res": [{"class": "aeroplane", "prob": 0.9970895648002625, "left": 175.8866729736328, "top": 88.08839416503906, "right": 477.4993896484375, "bottom": 375.0}, {"class": "aeroplane", "prob": 0.9988597631454468, "left": 8.392684936523438, "top": 0.0, "right": 275.98468017578125, "bottom": 365.61688232421875}], "time": 22.78093695640564}
