{"im": 1600, "res": [{"class": "pottedplant", "prob": 0.7422926425933838, "left": 97.91138458251953, "top": 14.984710693359375, "right": 297.0229797363281, "bottom": 199.31004333496094}], "time": 1.38718581199646}
