{"im": 754, "res": [{"class": "aeroplane", "prob": 0.993016242980957, "left": 132.728271484375, "top": 207.08663940429688, "right": 252.7496337890625, "bottom": 343.8133239746094}, {"class": "aeroplane", "prob": 0.8867307901382446, "left": 337.9045104980469, "top": 292.9306640625, "right": 373.7489929199219, "bottom": 379.78314208984375}], "time": 21.85980987548828}
