{"im": 1808, "res": [{"class": "aeroplane", "prob": 0.8634454011917114, "left": 114.31996154785156, "top": 89.23646545410156, "right": 308.9881591796875, "bottom": 364.13995361328125}], "time": 0.832611083984375}
