{"im": 3772, "res": [{"class": "sofa", "prob": 0.9855674505233765, "left": 49.87675476074219, "top": 130.66693115234375, "right": 311.16839599609375, "bottom": 311.56414794921875}], "time": 21.586461067199707}
