{"im": 2456, "res": [{"class": "person", "prob": 0.5956563353538513, "left": 110.77308654785156, "top": 122.23739624023438, "right": 233.6646270751953, "bottom": 310.72454833984375}], "time": 1.17330002784729}
