{"im": 1754, "res": [{"class": "sheep", "prob": 0.7019848823547363, "left": 192.7346649169922, "top": 177.11264038085938, "right": 389.57977294921875, "bottom": 338.6032409667969}, {"class": "aeroplane", "prob": 0.5838366746902466, "left": 161.5066375732422, "top": 0.0, "right": 262.5732116699219, "bottom": 214.8358154296875}], "time": 0.8352859020233154}
