{"im": 1825, "res": [{"class": "bird", "prob": 0.9893286228179932, "left": 207.95562744140625, "top": 127.74552154541016, "right": 465.0185546875, "bottom": 237.71493530273438}, {"class": "motorbike", "prob": 0.9448376893997192, "left": 247.8560333251953, "top": 211.40805053710938, "right": 465.73974609375, "bottom": 315.9077453613281}, {"class": "motorbike", "prob": 0.7889335751533508, "left": 222.33294677734375, "top": 123.4597396850586, "right": 282.5917053222656, "bottom": 166.65426635742188}, {"class": "motorbike", "prob": 0.6559885740280151, "left": 235.78468322753906, "top": 254.89297485351562, "right": 380.297119140625, "bottom": 321.1488342285156}], "time": 21.61258292198181}
