{"im": 2704, "res": [{"class": "aeroplane", "prob": 0.870228111743927, "left": 307.10906982421875, "top": 197.7877197265625, "right": 334.96826171875, "bottom": 312.2390441894531}, {"class": "aeroplane", "prob": 0.8281543254852295, "left": 291.1719970703125, "top": 180.73382568359375, "right": 351.6624755859375, "bottom": 327.9230041503906}], "time": 0.8332381248474121}
