{"im": 2661, "res": [{"class": "bottle", "prob": 0.9424741268157959, "left": 40.082275390625, "top": 105.19918823242188, "right": 394.12615966796875, "bottom": 208.74960327148438}], "time": 0.8804502487182617}
