{"im": 602, "res": [{"class": "aeroplane", "prob": 0.9972605109214783, "left": 11.938018798828125, "top": 42.58940124511719, "right": 263.3545837402344, "bottom": 367.69378662109375}, {"class": "aeroplane", "prob": 0.9775226712226868, "left": 216.7291259765625, "top": 0.0, "right": 437.6871337890625, "bottom": 375.0}, {"class": "aeroplane", "prob": 0.7634815573692322, "left": 314.26190185546875, "top": 6.4204254150390625, "right": 498.82684326171875, "bottom": 369.5455322265625}], "time": 21.765480041503906}
