{"im": 1884, "res": [{"class": "aeroplane", "prob": 0.9997486472129822, "left": 198.30258178710938, "top": 112.1152114868164, "right": 255.33279418945312, "bottom": 280.9525146484375}, {"class": "sofa", "prob": 0.9991301894187927, "left": 150.6271514892578, "top": 185.87857055664062, "right": 345.968017578125, "bottom": 367.0019836425781}], "time": 21.73379611968994}
