{"im": 648, "res": [{"class": "aeroplane", "prob": 0.9994537234306335, "left": 63.893821716308594, "top": 21.935867309570312, "right": 222.83349609375, "bottom": 365.65679931640625}, {"class": "aeroplane", "prob": 0.9714623093605042, "left": 95.37739562988281, "top": 152.9013671875, "right": 356.8621826171875, "bottom": 375.0}, {"class": "aeroplane", "prob": 0.9751682877540588, "left": 308.4868469238281, "top": 115.2470932006836, "right": 448.9779357910156, "bottom": 369.6033630371094}], "time": 22.027344226837158}
