{"im": 1473, "res": [{"class": "pottedplant", "prob": 0.5111333727836609, "left": 0.0, "top": 46.14141845703125, "right": 329.7596435546875, "bottom": 497.84954833984375}], "time": 21.74674916267395}
