{"im": 4568, "res": [{"class": "aeroplane", "prob": 0.7054545879364014, "left": 24.855491638183594, "top": 180.1604461669922, "right": 216.19497680664062, "bottom": 492.64190673828125}], "time": 0.8457002639770508}
