{"im": 4666, "res": [{"class": "car", "prob": 0.6527758836746216, "left": 144.11920166015625, "top": 175.06863403320312, "right": 422.31719970703125, "bottom": 345.2040100097656}], "time": 0.9834575653076172}
