{"im": 5053, "res": [{"class": "bottle", "prob": 0.9793301224708557, "left": 129.2987060546875, "top": 144.97872924804688, "right": 283.8826904296875, "bottom": 278.039794921875}], "time": 0.8602108955383301}
