{"im": 3266, "res": [{"class": "person", "prob": 0.77425616979599, "left": 38.714134216308594, "top": 37.46089172363281, "right": 240.4027099609375, "bottom": 263.69488525390625}], "time": 0.9703080654144287}
