{"im": 4637, "res": [{"class": "tvmonitor", "prob": 0.6276143789291382, "left": 48.06996154785156, "top": 20.177490234375, "right": 334.0, "bottom": 500.0}], "time": 21.47632598876953}
