{"im": 3357, "res": [{"class": "bus", "prob": 0.9939591884613037, "left": 17.572914123535156, "top": 85.6618881225586, "right": 156.859375, "bottom": 262.20263671875}, {"class": "cat", "prob": 0.6815254092216492, "left": 284.3197021484375, "top": 56.12548828125, "right": 478.38818359375, "bottom": 281.9893493652344}], "time": 1.0275840759277344}
