{"im": 4281, "res": [{"class": "pottedplant", "prob": 0.9837372303009033, "left": 1.422332763671875, "top": 151.299560546875, "right": 451.2972106933594, "bottom": 365.0675048828125}], "time": 25.081714868545532}
