{"im": 1782, "res": [{"class": "bird", "prob": 0.9931632280349731, "left": 23.059173583984375, "top": 101.76102447509766, "right": 424.0431213378906, "bottom": 282.205078125}], "time": 21.618122100830078}
