{"im": 301, "res": [{"class": "person", "prob": 0.9840442538261414, "left": 0.0, "top": 40.56721496582031, "right": 500.0, "bottom": 423.88720703125}], "time": 21.697041988372803}
