{"im": 550, "res": [{"class": "aeroplane", "prob": 0.7188635468482971, "left": 205.0361785888672, "top": 163.63037109375, "right": 280.6873474121094, "bottom": 330.25811767578125}, {"class": "aeroplane", "prob": 0.7146726846694946, "left": 459.9876403808594, "top": 118.6501235961914, "right": 484.4440002441406, "bottom": 169.7532196044922}], "time": 0.8569719791412354}
