{"im": 2284, "res": [{"class": "car", "prob": 0.9984422326087952, "left": 52.779144287109375, "top": 114.04308319091797, "right": 407.52679443359375, "bottom": 209.96389770507812}], "time": 21.40099596977234}
