{"im": 277, "res": [{"class": "aeroplane", "prob": 0.9358918070793152, "left": 44.96387481689453, "top": 117.92381286621094, "right": 258.4416809082031, "bottom": 338.0}, {"class": "aeroplane", "prob": 0.957942008972168, "left": 240.59205627441406, "top": 88.51683044433594, "right": 463.22174072265625, "bottom": 338.0}], "time": 21.612048864364624}
