{"im": 5705, "res": [{"class": "bird", "prob": 0.6823984384536743, "left": 41.23945617675781, "top": 322.4949035644531, "right": 255.33470153808594, "bottom": 484.4538879394531}, {"class": "aeroplane", "prob": 0.5003690123558044, "left": 307.94317626953125, "top": 168.2397918701172, "right": 371.4859619140625, "bottom": 316.07659912109375}], "time": 0.8184418678283691}
