{"im": 2375, "res": [{"class": "sheep", "prob": 0.9892498850822449, "left": 42.646087646484375, "top": 139.60916137695312, "right": 182.6060333251953, "bottom": 270.3349914550781}], "time": 21.479601860046387}
