{"im": 2945, "res": [{"class": "aeroplane", "prob": 0.9938371181488037, "left": 307.3326416015625, "top": 80.20645141601562, "right": 456.54034423828125, "bottom": 328.9788818359375}, {"class": "aeroplane", "prob": 0.9958074688911438, "left": 142.0749969482422, "top": 73.07464599609375, "right": 300.18798828125, "bottom": 228.64791870117188}, {"class": "boat", "prob": 0.9758442640304565, "left": 39.483917236328125, "top": 160.7862548828125, "right": 408.6058349609375, "bottom": 334.84228515625}], "time": 21.556889057159424}
