{"im": 5509, "res": [{"class": "car", "prob": 0.9967652559280396, "left": 45.422637939453125, "top": 133.70297241210938, "right": 312.9522399902344, "bottom": 298.3493957519531}, {"class": "cow", "prob": 0.914559006690979, "left": 233.9017333984375, "top": 78.5461654663086, "right": 245.57928466796875, "bottom": 100.30823516845703}, {"class": "cow", "prob": 0.9108681082725525, "left": 160.70883178710938, "top": 78.18510437011719, "right": 171.7625732421875, "bottom": 100.25523376464844}, {"class": "cow", "prob": 0.622699499130249, "left": 235.7080078125, "top": 122.26996612548828, "right": 246.94064331054688, "bottom": 131.33108520507812}], "time": 21.06325387954712}
