{"im": 2946, "res": [{"class": "aeroplane", "prob": 0.9486384391784668, "left": 9.011474609375, "top": 16.274978637695312, "right": 287.4573059082031, "bottom": 312.21148681640625}, {"class": "sheep", "prob": 0.8428129553794861, "left": 287.45416259765625, "top": 26.968826293945312, "right": 425.01422119140625, "bottom": 87.11384582519531}, {"class": "sheep", "prob": 0.9959794282913208, "left": 336.97943115234375, "top": 137.58502197265625, "right": 500.0, "bottom": 318.3179626464844}], "time": 21.609710216522217}
