{"im": 2690, "res": [{"class": "bird", "prob": 0.5294268727302551, "left": 256.88153076171875, "top": 114.28712463378906, "right": 299.82196044921875, "bottom": 127.80778503417969}, {"class": "aeroplane", "prob": 0.8643849492073059, "left": 49.59794235229492, "top": 72.18013000488281, "right": 61.38460159301758, "bottom": 95.72576904296875}], "time": 21.425092697143555}
