{"im": 5431, "res": [{"class": "aeroplane", "prob": 0.8436099886894226, "left": 281.9795227050781, "top": 137.95632934570312, "right": 335.9075012207031, "bottom": 206.14248657226562}, {"class": "aeroplane", "prob": 0.5857726335525513, "left": 0.06730079650878906, "top": 137.5751190185547, "right": 43.21509552001953, "bottom": 204.0070343017578}], "time": 21.43646502494812}
