{"im": 5214, "res": [{"class": "person", "prob": 0.990893542766571, "left": 312.0927734375, "top": 90.91341400146484, "right": 397.68963623046875, "bottom": 301.9590759277344}], "time": 21.555000066757202}
