{"im": 2139, "res": [{"class": "bottle", "prob": 0.9916882514953613, "left": 0.0, "top": 88.22948455810547, "right": 500.0, "bottom": 281.7552490234375}], "time": 26.134541988372803}
