{"im": 5650, "res": [{"class": "aeroplane", "prob": 0.563062846660614, "left": 19.870655059814453, "top": 220.10015869140625, "right": 52.0631217956543, "bottom": 284.2561340332031}], "time": 0.8240618705749512}
