{"im": 3886, "res": [{"class": "bottle", "prob": 0.9874012470245361, "left": 329.07171630859375, "top": 145.26295471191406, "right": 378.66900634765625, "bottom": 163.13645935058594}], "time": 21.53761100769043}
