{"im": 1887, "res": [{"class": "aeroplane", "prob": 0.999914824962616, "left": 81.86637878417969, "top": 42.33561706542969, "right": 243.35411071777344, "bottom": 500.0}], "time": 21.725197076797485}
