{"im": 179, "res": [{"class": "sheep", "prob": 0.8079009056091309, "left": 304.6670227050781, "top": 197.09478759765625, "right": 392.8675842285156, "bottom": 307.8537292480469}, {"class": "aeroplane", "prob": 0.8577864766120911, "left": 109.08590698242188, "top": 93.30016326904297, "right": 235.29800415039062, "bottom": 278.5408020019531}, {"class": "sheep", "prob": 0.573712170124054, "left": 326.33160400390625, "top": 203.64303588867188, "right": 364.708984375, "bottom": 291.2867431640625}], "time": 0.9507908821105957}
