{"im": 2213, "res": [{"class": "person", "prob": 0.8692837953567505, "left": 68.60134887695312, "top": 219.6385498046875, "right": 335.0936584472656, "bottom": 374.10711669921875}, {"class": "person", "prob": 0.5348202586174011, "left": 67.14071655273438, "top": 97.05000305175781, "right": 337.309814453125, "bottom": 357.7236328125}], "time": 21.44778084754944}
