{"im": 2325, "res": [{"class": "bird", "prob": 0.9703004360198975, "left": 106.11094665527344, "top": 98.53511047363281, "right": 453.884521484375, "bottom": 254.7749786376953}, {"class": "aeroplane", "prob": 0.9171355962753296, "left": 236.9379425048828, "top": 120.66383361816406, "right": 273.743408203125, "bottom": 152.87892150878906}], "time": 21.470689058303833}
