{"im": 2720, "res": [{"class": "aeroplane", "prob": 0.9599605202674866, "left": 17.735321044921875, "top": 11.239501953125, "right": 475.6461181640625, "bottom": 326.47344970703125}], "time": 21.474815130233765}
