{"im": 1453, "res": [{"class": "boat", "prob": 0.9879730939865112, "left": 0.0, "top": 89.31806182861328, "right": 500.0, "bottom": 297.1036376953125}], "time": 21.703938007354736}
