{"im": 2361, "res": [{"class": "person", "prob": 0.8885965347290039, "left": 279.6784973144531, "top": 176.8737335205078, "right": 379.6543884277344, "bottom": 246.55296325683594}], "time": 21.489925861358643}
