{"im": 1966, "res": [{"class": "bicycle", "prob": 0.5955057144165039, "left": 0.0, "top": 69.291748046875, "right": 399.79315185546875, "bottom": 330.739501953125}], "time": 0.8665568828582764}
