{"im": 2659, "res": [{"class": "bus", "prob": 0.9954388737678528, "left": 124.35781860351562, "top": 22.675460815429688, "right": 470.8848571777344, "bottom": 357.03802490234375}, {"class": "aeroplane", "prob": 0.9118108749389648, "left": 183.69943237304688, "top": 126.17593383789062, "right": 257.23687744140625, "bottom": 193.90582275390625}], "time": 21.47406578063965}
