{"im": 4556, "res": [{"class": "bicycle", "prob": 0.9989469051361084, "left": 62.88682556152344, "top": 15.745391845703125, "right": 323.46435546875, "bottom": 424.180908203125}], "time": 21.395828008651733}
