{"im": 4359, "res": [{"class": "bottle", "prob": 0.6509035229682922, "left": 69.2491455078125, "top": 137.97207641601562, "right": 150.3804168701172, "bottom": 188.564453125}, {"class": "bottle", "prob": 0.5376677513122559, "left": 0.0, "top": 131.76190185546875, "right": 266.1627502441406, "bottom": 198.67611694335938}], "time": 0.8137209415435791}
