{"im": 1716, "res": [{"class": "aeroplane", "prob": 0.762138307094574, "left": 49.98297119140625, "top": 40.83973693847656, "right": 310.2752380371094, "bottom": 336.03125}], "time": 21.700854063034058}
