{"im": 5223, "res": [{"class": "bird", "prob": 0.9130085110664368, "left": 9.347797393798828, "top": 243.34841918945312, "right": 106.35725402832031, "bottom": 309.9350280761719}, {"class": "bird", "prob": 0.865919291973114, "left": 38.71650314331055, "top": 253.81654357910156, "right": 82.58831787109375, "bottom": 305.1634826660156}, {"class": "bird", "prob": 0.514028012752533, "left": 231.7487030029297, "top": 277.664794921875, "right": 491.9188232421875, "bottom": 371.50555419921875}], "time": 0.849174976348877}
