{"im": 2455, "res": [{"class": "pottedplant", "prob": 0.7921587824821472, "left": 167.010009765625, "top": 61.52757263183594, "right": 328.85125732421875, "bottom": 283.58740234375}], "time": 0.9633700847625732}
