{"im": 1967, "res": [{"class": "aeroplane", "prob": 0.6892223358154297, "left": 57.0048713684082, "top": 134.93234252929688, "right": 148.2310028076172, "bottom": 260.54150390625}, {"class": "tvmonitor", "prob": 0.5949723720550537, "left": 192.58828735351562, "top": 135.00369262695312, "right": 370.7355651855469, "bottom": 300.96630859375}, {"class": "aeroplane", "prob": 0.5625131130218506, "left": 89.38818359375, "top": 152.73680114746094, "right": 128.62095642089844, "bottom": 243.78273010253906}], "time": 0.829016923904419}
