{"im": 897, "res": [{"class": "aeroplane", "prob": 0.9658834338188171, "left": 412.3924560546875, "top": 181.76222229003906, "right": 487.387939453125, "bottom": 375.0}, {"class": "aeroplane", "prob": 0.9264257550239563, "left": 434.9089660644531, "top": 215.7032470703125, "right": 470.2589416503906, "bottom": 340.31866455078125}, {"class": "aeroplane", "prob": 0.5784045457839966, "left": 295.6979064941406, "top": 199.95289611816406, "right": 374.6324157714844, "bottom": 375.0}], "time": 0.8802609443664551}
