{"im": 2773, "res": [{"class": "aeroplane", "prob": 0.952675461769104, "left": 179.6856689453125, "top": 169.96588134765625, "right": 204.48526000976562, "bottom": 210.1190185546875}], "time": 21.498497009277344}
