{"im": 1055, "res": [{"class": "aeroplane", "prob": 0.829379677772522, "left": 204.69140625, "top": 6.746307373046875, "right": 498.72967529296875, "bottom": 324.252197265625}], "time": 21.091601848602295}
