{"im": 10, "res": [{"class": "bird", "prob": 0.9672598838806152, "left": 443.8539733886719, "top": 249.6446533203125, "right": 500.0, "bottom": 344.47930908203125}], "time": 21.64583706855774}
