{"im": 3380, "res": [{"class": "bird", "prob": 0.9121244549751282, "left": 382.5470886230469, "top": 86.4990463256836, "right": 450.9701232910156, "bottom": 117.02205657958984}], "time": 21.498795986175537}
