{"im": 1532, "res": [{"class": "bird", "prob": 0.9885820150375366, "left": 261.0394287109375, "top": 4.9239959716796875, "right": 459.1920166015625, "bottom": 76.06707763671875}, {"class": "bird", "prob": 0.9690948128700256, "left": 305.09222412109375, "top": 15.144126892089844, "right": 407.28997802734375, "bottom": 69.2869873046875}], "time": 0.8765599727630615}
