{"im": 435, "res": [{"class": "sheep", "prob": 0.9448299407958984, "left": 0.0, "top": 0.0, "right": 496.0, "bottom": 500.0}, {"class": "sheep", "prob": 0.8150138258934021, "left": 0.0, "top": 96.64198303222656, "right": 417.0211181640625, "bottom": 500.0}], "time": 21.56097412109375}
