{"im": 5686, "res": [{"class": "bottle", "prob": 0.9890704154968262, "left": 69.58625793457031, "top": 61.43699645996094, "right": 488.79376220703125, "bottom": 309.23291015625}], "time": 21.185998916625977}
