{"im": 3399, "res": [{"class": "bus", "prob": 0.7644256949424744, "left": 125.55618286132812, "top": 15.940086364746094, "right": 414.2242126464844, "bottom": 270.2716369628906}, {"class": "aeroplane", "prob": 0.6247571110725403, "left": 273.03173828125, "top": 60.04244613647461, "right": 286.01312255859375, "bottom": 75.10939025878906}], "time": 0.9258999824523926}
