{"im": 4527, "res": [{"class": "bus", "prob": 0.9980977773666382, "left": 48.085906982421875, "top": 140.46356201171875, "right": 328.25823974609375, "bottom": 270.56048583984375}], "time": 21.366868019104004}
