{"im": 3016, "res": [{"class": "motorbike", "prob": 0.9761254787445068, "left": 302.874755859375, "top": 40.68589782714844, "right": 482.69403076171875, "bottom": 286.8453369140625}], "time": 21.725875854492188}
