{"im": 4908, "res": [{"class": "aeroplane", "prob": 0.9993941783905029, "left": 290.533203125, "top": 39.191131591796875, "right": 472.861083984375, "bottom": 369.73760986328125}, {"class": "aeroplane", "prob": 0.9989344477653503, "left": 32.53838348388672, "top": 60.806915283203125, "right": 192.284912109375, "bottom": 362.1865234375}, {"class": "aeroplane", "prob": 0.9960107803344727, "left": 183.48086547851562, "top": 69.98249816894531, "right": 308.52288818359375, "bottom": 365.5802001953125}], "time": 21.444878816604614}
