{"im": 2968, "res": [{"class": "aeroplane", "prob": 0.9986799359321594, "left": 77.09793090820312, "top": 7.6557159423828125, "right": 305.5999755859375, "bottom": 498.048583984375}], "time": 21.56240200996399}
