{"im": 1416, "res": [{"class": "bird", "prob": 0.9021313190460205, "left": 408.6788635253906, "top": 143.0811767578125, "right": 455.8958435058594, "bottom": 171.32791137695312}, {"class": "bird", "prob": 0.8075523376464844, "left": 376.01202392578125, "top": 135.9315643310547, "right": 480.6883544921875, "bottom": 179.2893524169922}], "time": 0.8845310211181641}
