{"im": 2769, "res": [{"class": "cat", "prob": 0.9533161520957947, "left": 133.75892639160156, "top": 118.65042114257812, "right": 403.68072509765625, "bottom": 266.2137756347656}], "time": 22.539142370224}
