{"im": 2451, "res": [{"class": "sheep", "prob": 0.9931311011314392, "left": 165.12783813476562, "top": 165.28280639648438, "right": 385.2476501464844, "bottom": 298.8924865722656}, {"class": "aeroplane", "prob": 0.9995887279510498, "left": 221.03379821777344, "top": 70.68524932861328, "right": 296.73052978515625, "bottom": 290.9720458984375}], "time": 21.486727952957153}
