{"im": 157, "res": [{"class": "aeroplane", "prob": 0.9895131587982178, "left": 89.73184204101562, "top": 151.17259216308594, "right": 182.70101928710938, "bottom": 406.49163818359375}], "time": 21.64163589477539}
