{"im": 4782, "res": [{"class": "bicycle", "prob": 0.9870158433914185, "left": 228.68521118164062, "top": 208.9139404296875, "right": 341.8357849121094, "bottom": 278.8519287109375}, {"class": "bicycle", "prob": 0.6045933961868286, "left": 256.9232177734375, "top": 203.7443389892578, "right": 305.54656982421875, "bottom": 264.34661865234375}], "time": 0.9669008255004883}
