{"im": 625, "res": [{"class": "bus", "prob": 0.9985252022743225, "left": 9.42999267578125, "top": 142.11573791503906, "right": 497.0152893066406, "bottom": 337.7813720703125}, {"class": "aeroplane", "prob": 0.8941678404808044, "left": 136.98179626464844, "top": 206.6531524658203, "right": 150.76844787597656, "bottom": 223.49009704589844}], "time": 21.514191150665283}
