{"im": 3933, "res": [{"class": "aeroplane", "prob": 0.9601829051971436, "left": 148.24664306640625, "top": 75.00993347167969, "right": 268.389892578125, "bottom": 271.44024658203125}, {"class": "sofa", "prob": 0.9161313772201538, "left": 225.6987762451172, "top": 13.002067565917969, "right": 489.98095703125, "bottom": 226.32696533203125}], "time": 0.8754301071166992}
