{"im": 129, "res": [{"class": "aeroplane", "prob": 0.8723044991493225, "left": 175.62965393066406, "top": 64.74253845214844, "right": 331.87005615234375, "bottom": 188.8179931640625}], "time": 21.630491256713867}
