{"im": 4861, "res": [{"class": "bus", "prob": 0.6388136148452759, "left": 115.52444458007812, "top": 191.50527954101562, "right": 222.77365112304688, "bottom": 237.04519653320312}, {"class": "bus", "prob": 0.5752824544906616, "left": 146.2882080078125, "top": 203.1772003173828, "right": 189.39572143554688, "bottom": 234.6605682373047}], "time": 0.8191039562225342}
