{"im": 2736, "res": [{"class": "bottle", "prob": 0.9996035099029541, "left": 0.0, "top": 17.3033447265625, "right": 500.0, "bottom": 313.0705871582031}, {"class": "aeroplane", "prob": 0.8479615449905396, "left": 235.5469207763672, "top": 66.9022445678711, "right": 260.312255859375, "bottom": 93.7149429321289}], "time": 21.42027187347412}
