{"im": 823, "res": [{"class": "aeroplane", "prob": 0.999774694442749, "left": 240.83258056640625, "top": 87.84481811523438, "right": 488.9407958984375, "bottom": 302.5660400390625}, {"class": "aeroplane", "prob": 0.9982965588569641, "left": 133.58688354492188, "top": 99.1843490600586, "right": 308.9608459472656, "bottom": 274.7262878417969}], "time": 24.09773898124695}
