{"im": 2242, "res": [{"class": "sofa", "prob": 0.5399186015129089, "left": 18.643264770507812, "top": 73.96891784667969, "right": 309.46923828125, "bottom": 415.88116455078125}], "time": 0.8771951198577881}
