{"im": 4844, "res": [{"class": "bottle", "prob": 0.941290557384491, "left": 155.7684326171875, "top": 155.15451049804688, "right": 321.672119140625, "bottom": 243.59552001953125}, {"class": "bottle", "prob": 0.9354573488235474, "left": 204.42544555664062, "top": 168.43601989746094, "right": 279.2159423828125, "bottom": 232.46119689941406}], "time": 0.9414510726928711}
