{"im": 2992, "res": [{"class": "bus", "prob": 0.7963716387748718, "left": 60.91484069824219, "top": 55.61443328857422, "right": 452.635009765625, "bottom": 273.6590270996094}, {"class": "bird", "prob": 0.6751665472984314, "left": 483.0647277832031, "top": 147.5233612060547, "right": 492.6268005371094, "bottom": 171.8305206298828}], "time": 0.852684736251831}
