{"im": 273, "res": [{"class": "pottedplant", "prob": 0.9985691905021667, "left": 133.0269317626953, "top": 103.226806640625, "right": 417.215087890625, "bottom": 331.2012939453125}], "time": 21.515191078186035}
