{"im": 192, "res": [{"class": "aeroplane", "prob": 0.9990522265434265, "left": 54.12358856201172, "top": 122.2844009399414, "right": 247.47946166992188, "bottom": 372.543701171875}, {"class": "aeroplane", "prob": 0.9920520186424255, "left": 160.64303588867188, "top": 117.55538940429688, "right": 395.4084777832031, "bottom": 368.2217712402344}], "time": 21.64770793914795}
