{"im": 1082, "res": [{"class": "pottedplant", "prob": 0.9684792160987854, "left": 74.74504089355469, "top": 70.5263671875, "right": 377.6309814453125, "bottom": 262.102294921875}], "time": 21.085761785507202}
