{"im": 5218, "res": [{"class": "aeroplane", "prob": 0.996809720993042, "left": 310.1380920410156, "top": 78.26002502441406, "right": 497.7222595214844, "bottom": 326.2337646484375}, {"class": "aeroplane", "prob": 0.996288537979126, "left": 123.31952667236328, "top": 28.348617553710938, "right": 324.2766418457031, "bottom": 324.21429443359375}, {"class": "aeroplane", "prob": 0.9928494095802307, "left": 74.63189697265625, "top": 86.35053253173828, "right": 206.96975708007812, "bottom": 314.4240417480469}, {"class": "aeroplane", "prob": 0.9363058805465698, "left": 0.9243431091308594, "top": 125.84388732910156, "right": 90.1295166015625, "bottom": 329.234619140625}], "time": 21.554880142211914}
