{"im": 1681, "res": [{"class": "pottedplant", "prob": 0.9969826936721802, "left": 76.36093139648438, "top": 69.88496398925781, "right": 365.94891357421875, "bottom": 290.111328125}], "time": 21.826431035995483}
