{"im": 2810, "res": [{"class": "boat", "prob": 0.8932318091392517, "left": 73.32051086425781, "top": 67.48267364501953, "right": 382.27197265625, "bottom": 262.3489074707031}], "time": 21.456768035888672}
