{"im": 3746, "res": [{"class": "pottedplant", "prob": 0.6924206614494324, "left": 10.10992431640625, "top": 6.2397308349609375, "right": 284.2483215332031, "bottom": 275.2310791015625}], "time": 0.8642890453338623}
