{"im": 3292, "res": [{"class": "person", "prob": 0.5348823070526123, "left": 148.59494018554688, "top": 72.988525390625, "right": 216.02365112304688, "bottom": 132.39231872558594}], "time": 0.8601281642913818}
