{"im": 626, "res": [{"class": "aeroplane", "prob": 0.9986690282821655, "left": 0.0, "top": 17.718536376953125, "right": 400.0, "bottom": 493.317138671875}], "time": 22.55777406692505}
