{"im": 2152, "res": [{"class": "aeroplane", "prob": 0.7295314073562622, "left": 219.67918395996094, "top": 132.16030883789062, "right": 280.18438720703125, "bottom": 260.3099365234375}], "time": 0.8882298469543457}
