{"im": 1698, "res": [{"class": "pottedplant", "prob": 0.8879392147064209, "left": 31.918319702148438, "top": 22.982803344726562, "right": 500.0, "bottom": 364.259033203125}], "time": 21.61845302581787}
