{"im": 678, "res": [{"class": "aeroplane", "prob": 0.9980123043060303, "left": 61.02247619628906, "top": 72.98910522460938, "right": 390.45367431640625, "bottom": 370.7522888183594}], "time": 22.02935814857483}
