{"im": 185, "res": [{"class": "aeroplane", "prob": 0.9843066334724426, "left": 7.3434295654296875, "top": 29.453231811523438, "right": 312.82672119140625, "bottom": 423.55908203125}], "time": 21.544854164123535}
