{"im": 3588, "res": [{"class": "boat", "prob": 0.9776903986930847, "left": 0.0, "top": 25.969833374023438, "right": 500.0, "bottom": 290.4317626953125}, {"class": "bird", "prob": 0.5932921171188354, "left": 0.0, "top": 0.0, "right": 129.9158935546875, "bottom": 152.46627807617188}, {"class": "aeroplane", "prob": 0.5537025332450867, "left": 380.19403076171875, "top": 0.09635734558105469, "right": 455.3194580078125, "bottom": 60.64836883544922}], "time": 21.556519985198975}
