{"im": 3986, "res": [{"class": "aeroplane", "prob": 0.8665927052497864, "left": 1.4632492065429688, "top": 96.37612915039062, "right": 198.71713256835938, "bottom": 367.9051208496094}, {"class": "aeroplane", "prob": 0.7629030346870422, "left": 209.97348022460938, "top": 59.969268798828125, "right": 500.0, "bottom": 371.0452575683594}], "time": 0.9936082363128662}
