{"im": 2312, "res": [{"class": "aeroplane", "prob": 0.9679497480392456, "left": 100.39512634277344, "top": 226.46243286132812, "right": 168.1561737060547, "bottom": 331.8522033691406}, {"class": "aeroplane", "prob": 0.862170398235321, "left": 283.4501953125, "top": 43.47218322753906, "right": 466.343017578125, "bottom": 295.5689697265625}, {"class": "aeroplane", "prob": 0.8033426403999329, "left": 115.69873046875, "top": 237.95982360839844, "right": 145.30697631835938, "bottom": 317.2254638671875}], "time": 0.8756799697875977}
