{"im": 325, "res": [{"class": "aeroplane", "prob": 0.99835205078125, "left": 5.11627197265625, "top": 9.772064208984375, "right": 297.1651611328125, "bottom": 370.610595703125}], "time": 21.763516902923584}
