{"im": 860, "res": [{"class": "aeroplane", "prob": 0.6931810975074768, "left": 232.94313049316406, "top": 151.51266479492188, "right": 243.7386932373047, "bottom": 172.15737915039062}, {"class": "aeroplane", "prob": 0.8143306970596313, "left": 158.38796997070312, "top": 264.9797668457031, "right": 215.61483764648438, "bottom": 352.8962097167969}, {"class": "aeroplane", "prob": 0.812475323677063, "left": 120.19649505615234, "top": 246.23065185546875, "right": 245.729248046875, "bottom": 372.84521484375}, {"class": "aeroplane", "prob": 0.7623593807220459, "left": 7.237457275390625, "top": 202.6701202392578, "right": 133.93577575683594, "bottom": 375.0}], "time": 0.9280352592468262}
