{"im": 4559, "res": [{"class": "sheep", "prob": 0.9631027579307556, "left": 0.0, "top": 0.359771728515625, "right": 405.15789794921875, "bottom": 488.0}], "time": 21.41340708732605}
