{"im": 3966, "res": [{"class": "bicycle", "prob": 0.9177912473678589, "left": 0.0, "top": 18.244384765625, "right": 375.0, "bottom": 471.72882080078125}], "time": 21.57802128791809}
