{"im": 1062, "res": [{"class": "person", "prob": 0.9955467581748962, "left": 345.8961181640625, "top": 76.65739440917969, "right": 406.82794189453125, "bottom": 206.71534729003906}, {"class": "person", "prob": 0.9722409248352051, "left": 50.46105194091797, "top": 272.8273010253906, "right": 87.02513885498047, "bottom": 325.5058898925781}, {"class": "person", "prob": 0.5615643858909607, "left": 148.45733642578125, "top": 290.947509765625, "right": 190.6575927734375, "bottom": 342.11322021484375}], "time": 21.116764068603516}
