{"im": 4825, "res": [{"class": "person", "prob": 0.590641975402832, "left": 368.14068603515625, "top": 114.0345230102539, "right": 493.4736328125, "bottom": 341.9552917480469}], "time": 0.8698840141296387}
