{"im": 636, "res": [{"class": "aeroplane", "prob": 0.9989721775054932, "left": 118.90618133544922, "top": 64.87831115722656, "right": 333.0, "bottom": 500.0}], "time": 21.74282693862915}
