{"im": 2332, "res": [{"class": "aeroplane", "prob": 0.6524996757507324, "left": 0.0, "top": 113.25811767578125, "right": 372.5928955078125, "bottom": 417.56298828125}], "time": 0.8487229347229004}
