{"im": 2004, "res": [{"class": "pottedplant", "prob": 0.660214364528656, "left": 0.0, "top": 0.0, "right": 500.0, "bottom": 454.0}], "time": 21.695361137390137}
