{"im": 4759, "res": [{"class": "sheep", "prob": 0.9924790859222412, "left": 159.59059143066406, "top": 69.64363098144531, "right": 500.0, "bottom": 333.0}, {"class": "aeroplane", "prob": 0.9923181533813477, "left": 55.9688720703125, "top": 10.441390991210938, "right": 280.1890869140625, "bottom": 331.11077880859375}], "time": 21.39416003227234}
