{"im": 5733, "res": [{"class": "person", "prob": 0.9959374070167542, "left": 108.3380126953125, "top": 81.49451446533203, "right": 375.9635009765625, "bottom": 241.06939697265625}], "time": 21.077635765075684}
