{"im": 860, "res": [{"class": "aeroplane", "prob": 0.8797232508659363, "left": 1.4263992309570312, "top": 199.474365234375, "right": 133.8082275390625, "bottom": 372.5228271484375}, {"class": "aeroplane", "prob": 0.5887585282325745, "left": 122.10946655273438, "top": 248.76644897460938, "right": 259.6016540527344, "bottom": 372.2210388183594}], "time": 22.38575005531311}
