{"im": 2717, "res": [{"class": "chair", "prob": 0.9570133686065674, "left": 88.2598876953125, "top": 76.46410369873047, "right": 414.2102355957031, "bottom": 287.3979797363281}, {"class": "chair", "prob": 0.7680962681770325, "left": 0.0, "top": 100.41996002197266, "right": 153.9586181640625, "bottom": 317.8675537109375}], "time": 21.51059603691101}
