{"im": 4126, "res": [{"class": "sofa", "prob": 0.9465816020965576, "left": 127.75409698486328, "top": 166.15267944335938, "right": 368.6484680175781, "bottom": 342.2667541503906}, {"class": "aeroplane", "prob": 0.6134936213493347, "left": 451.144775390625, "top": 220.59217834472656, "right": 460.01934814453125, "bottom": 245.9167938232422}], "time": 0.8904190063476562}
