{"im": 1376, "res": [{"class": "bird", "prob": 0.8004453182220459, "left": 254.75436401367188, "top": 241.33078002929688, "right": 294.6011047363281, "bottom": 264.5445251464844}, {"class": "bird", "prob": 0.7791481614112854, "left": 73.02710723876953, "top": 215.1500244140625, "right": 188.52908325195312, "bottom": 270.6606140136719}, {"class": "aeroplane", "prob": 0.7521793842315674, "left": 322.0511169433594, "top": 302.2835998535156, "right": 348.6123352050781, "bottom": 347.1661682128906}, {"class": "bird", "prob": 0.6035624742507935, "left": 115.67745971679688, "top": 226.46185302734375, "right": 160.51736450195312, "bottom": 258.91448974609375}], "time": 0.9143831729888916}
