{"im": 4512, "res": [{"class": "bird", "prob": 0.7110720872879028, "left": 0.0, "top": 108.257568359375, "right": 450.4866638183594, "bottom": 255.117431640625}], "time": 0.8060750961303711}
