{"im": 4031, "res": [{"class": "aeroplane", "prob": 0.9993450045585632, "left": 57.5715217590332, "top": 160.51600646972656, "right": 161.62557983398438, "bottom": 372.08697509765625}, {"class": "aeroplane", "prob": 0.9970110058784485, "left": 152.76712036132812, "top": 154.88845825195312, "right": 237.96441650390625, "bottom": 365.1484069824219}, {"class": "aeroplane", "prob": 0.9953202605247498, "left": 238.6652069091797, "top": 155.35855102539062, "right": 321.74627685546875, "bottom": 372.0265197753906}, {"class": "aeroplane", "prob": 0.9919800758361816, "left": 324.1226501464844, "top": 149.116455078125, "right": 417.3694763183594, "bottom": 370.46429443359375}], "time": 23.09479284286499}
