{"im": 2998, "res": [{"class": "aeroplane", "prob": 0.9069803953170776, "left": 194.35812377929688, "top": 282.498291015625, "right": 210.10748291015625, "bottom": 308.85760498046875}, {"class": "chair", "prob": 0.8084489703178406, "left": 208.9047393798828, "top": 192.39280700683594, "right": 230.7198028564453, "bottom": 268.9224548339844}, {"class": "chair", "prob": 0.7246658802032471, "left": 33.802215576171875, "top": 65.81517791748047, "right": 245.46939086914062, "bottom": 318.93756103515625}, {"class": "aeroplane", "prob": 0.5324690341949463, "left": 214.2918701171875, "top": 287.12744140625, "right": 227.49072265625, "bottom": 306.97607421875}], "time": 22.996099710464478}
