{"im": 2496, "res": [{"class": "aeroplane", "prob": 0.5077182650566101, "left": 146.67855834960938, "top": 140.9425048828125, "right": 332.66278076171875, "bottom": 368.4337158203125}], "time": 0.8325939178466797}
