{"im": 3958, "res": [{"class": "person", "prob": 0.9484433531761169, "left": 125.51920318603516, "top": 169.39529418945312, "right": 237.81903076171875, "bottom": 326.5978088378906}], "time": 22.379913091659546}
