{"im": 1932, "res": [{"class": "aeroplane", "prob": 0.9975727796554565, "left": 275.6819152832031, "top": 71.37648010253906, "right": 442.2942810058594, "bottom": 372.4705810546875}, {"class": "tvmonitor", "prob": 0.8528920412063599, "left": 76.2812271118164, "top": 100.27413177490234, "right": 280.090087890625, "bottom": 328.2895202636719}], "time": 21.65848994255066}
