{"im": 939, "res": [{"class": "aeroplane", "prob": 0.6340470314025879, "left": 89.64976501464844, "top": 58.16996765136719, "right": 278.96820068359375, "bottom": 500.0}], "time": 0.8419039249420166}
