{"im": 1875, "res": [{"class": "aeroplane", "prob": 0.9594100713729858, "left": 425.08294677734375, "top": 302.2301330566406, "right": 455.07904052734375, "bottom": 350.8891296386719}, {"class": "boat", "prob": 0.8448981642723083, "left": 255.51174926757812, "top": 217.97474670410156, "right": 350.5315856933594, "bottom": 294.26190185546875}, {"class": "boat", "prob": 0.6954290866851807, "left": 282.7926940917969, "top": 230.634033203125, "right": 323.8298645019531, "bottom": 281.29595947265625}, {"class": "aeroplane", "prob": 0.5595795512199402, "left": 466.0718688964844, "top": 273.53289794921875, "right": 484.0403747558594, "bottom": 305.91229248046875}], "time": 0.8293929100036621}
