{"im": 3534, "res": [{"class": "person", "prob": 0.9944944381713867, "left": 232.04898071289062, "top": 159.85496520996094, "right": 298.3201599121094, "bottom": 208.51414489746094}], "time": 21.499128103256226}
