{"im": 4014, "res": [{"class": "aeroplane", "prob": 0.5263092517852783, "left": 53.54405212402344, "top": 26.2904052734375, "right": 186.02102661132812, "bottom": 401.3753967285156}], "time": 0.8609321117401123}
