{"im": 2236, "res": [{"class": "car", "prob": 0.8194230794906616, "left": 98.4991455078125, "top": 92.39007568359375, "right": 392.9774169921875, "bottom": 218.79718017578125}, {"class": "car", "prob": 0.54744553565979, "left": 414.898681640625, "top": 157.31019592285156, "right": 458.93695068359375, "bottom": 177.10426330566406}], "time": 0.8564407825469971}
