{"im": 1382, "res": [{"class": "aeroplane", "prob": 0.512032151222229, "left": 192.35328674316406, "top": 225.4429168701172, "right": 217.35496520996094, "bottom": 280.4219970703125}], "time": 0.848132848739624}
