{"im": 4382, "res": [{"class": "aeroplane", "prob": 0.9953616857528687, "left": 120.49431610107422, "top": 120.57107543945312, "right": 271.4528503417969, "bottom": 375.0}], "time": 21.399585008621216}
