{"im": 5544, "res": [{"class": "sheep", "prob": 0.9480941891670227, "left": 176.26931762695312, "top": 50.68458557128906, "right": 419.8110046386719, "bottom": 364.08941650390625}], "time": 21.243100881576538}
