{"im": 1727, "res": [{"class": "aeroplane", "prob": 0.906200647354126, "left": 107.35026550292969, "top": 11.735427856445312, "right": 229.0155792236328, "bottom": 334.0}, {"class": "sofa", "prob": 0.5431475043296814, "left": 195.39404296875, "top": 101.67543029785156, "right": 380.6412353515625, "bottom": 328.27374267578125}], "time": 0.8795359134674072}
