{"im": 1950, "res": [{"class": "pottedplant", "prob": 0.6341661810874939, "left": 189.3289794921875, "top": 104.08399200439453, "right": 335.9827880859375, "bottom": 304.75665283203125}], "time": 0.8332328796386719}
