{"im": 4246, "res": [{"class": "person", "prob": 0.9975329637527466, "left": 214.5679931640625, "top": 132.6608123779297, "right": 345.25421142578125, "bottom": 242.06507873535156}], "time": 23.26953101158142}
