{"im": 5099, "res": [{"class": "sheep", "prob": 0.6980840563774109, "left": 54.80767059326172, "top": 204.59454345703125, "right": 149.17404174804688, "bottom": 286.6712951660156}, {"class": "sheep", "prob": 0.5391353368759155, "left": 347.3667297363281, "top": 219.55299377441406, "right": 406.3863830566406, "bottom": 286.4673767089844}, {"class": "sheep", "prob": 0.5535992980003357, "left": 311.6757507324219, "top": 211.8596649169922, "right": 436.3642272949219, "bottom": 296.7516784667969}, {"class": "sheep", "prob": 0.5308745503425598, "left": 221.56167602539062, "top": 216.4923553466797, "right": 334.9810485839844, "bottom": 294.8160400390625}], "time": 0.8595890998840332}
