{"im": 1387, "res": [{"class": "aeroplane", "prob": 0.90278160572052, "left": 272.0904235839844, "top": 168.57333374023438, "right": 346.6112365722656, "bottom": 359.9364929199219}, {"class": "chair", "prob": 0.6358234882354736, "left": 25.365386962890625, "top": 150.69070434570312, "right": 148.60272216796875, "bottom": 206.66522216796875}, {"class": "aeroplane", "prob": 0.5769073367118835, "left": 246.50958251953125, "top": 220.0954132080078, "right": 277.03704833984375, "bottom": 332.71295166015625}], "time": 0.8854410648345947}
