{"im": 4341, "res": [{"class": "bottle", "prob": 0.9613479375839233, "left": 156.87815856933594, "top": 42.7613525390625, "right": 351.06243896484375, "bottom": 117.45196533203125}, {"class": "aeroplane", "prob": 0.85868901014328, "left": 255.7416534423828, "top": 217.61029052734375, "right": 492.67364501953125, "bottom": 366.65826416015625}, {"class": "aeroplane", "prob": 0.8033873438835144, "left": 149.2321319580078, "top": 204.41595458984375, "right": 290.970947265625, "bottom": 373.01708984375}, {"class": "bottle", "prob": 0.70128333568573, "left": 197.6061553955078, "top": 55.545745849609375, "right": 292.1042175292969, "bottom": 104.91386413574219}], "time": 0.8201770782470703}
