{"im": 2520, "res": [{"class": "boat", "prob": 0.8657256364822388, "left": 240.11746215820312, "top": 129.33956909179688, "right": 344.6341247558594, "bottom": 193.81045532226562}, {"class": "boat", "prob": 0.5082259178161621, "left": 272.50067138671875, "top": 136.93350219726562, "right": 317.9722900390625, "bottom": 187.57537841796875}], "time": 0.8390982151031494}
