{"im": 5315, "res": [{"class": "sheep", "prob": 0.5284033417701721, "left": 54.98802185058594, "top": 75.69953918457031, "right": 336.10791015625, "bottom": 294.4317626953125}], "time": 0.9466109275817871}
