{"im": 548, "res": [{"class": "aeroplane", "prob": 0.782538652420044, "left": 179.14144897460938, "top": 95.17155456542969, "right": 295.1254577636719, "bottom": 358.40142822265625}, {"class": "aeroplane", "prob": 0.6273300647735596, "left": 290.0006103515625, "top": 187.01345825195312, "right": 450.94805908203125, "bottom": 359.3155212402344}, {"class": "aeroplane", "prob": 0.655245840549469, "left": 0.0, "top": 93.45042419433594, "right": 128.56439208984375, "bottom": 368.58184814453125}, {"class": "aeroplane", "prob": 0.6368900537490845, "left": 88.21891784667969, "top": 181.57281494140625, "right": 209.3013458251953, "bottom": 367.715576171875}], "time": 0.8383450508117676}
