{"im": 874, "res": [{"class": "aeroplane", "prob": 0.9841963052749634, "left": 124.04292297363281, "top": 162.4047393798828, "right": 177.76463317871094, "bottom": 192.7757110595703}, {"class": "chair", "prob": 0.9487436413764954, "left": 94.56761169433594, "top": 183.2286834716797, "right": 196.9686737060547, "bottom": 223.64686584472656}], "time": 21.126609325408936}
