{"im": 2576, "res": [{"class": "bus", "prob": 0.9719302654266357, "left": 0.0, "top": 49.59489440917969, "right": 500.0, "bottom": 333.27642822265625}], "time": 21.440779209136963}
