{"im": 5526, "res": [{"class": "aeroplane", "prob": 0.561123251914978, "left": 479.0538024902344, "top": 298.5490417480469, "right": 494.9932556152344, "bottom": 338.5202331542969}], "time": 1.1675500869750977}
