{"im": 4089, "res": [{"class": "bicycle", "prob": 0.9973191618919373, "left": 82.17485046386719, "top": 16.709274291992188, "right": 470.9749755859375, "bottom": 309.54241943359375}], "time": 21.687724828720093}
