{"im": 1672, "res": [{"class": "aeroplane", "prob": 0.9998775720596313, "left": 209.2029571533203, "top": 6.1531982421875, "right": 491.34112548828125, "bottom": 333.0}, {"class": "boat", "prob": 0.786536693572998, "left": 1.9260406494140625, "top": 165.49786376953125, "right": 111.22262573242188, "bottom": 310.55859375}, {"class": "bird", "prob": 0.9621413350105286, "left": 203.01034545898438, "top": 139.7994384765625, "right": 249.19766235351562, "bottom": 179.63638305664062}], "time": 21.729338884353638}
