{"im": 1809, "res": [{"class": "bottle", "prob": 0.9260677099227905, "left": 34.514312744140625, "top": 166.4418182373047, "right": 477.7927551269531, "bottom": 314.02197265625}, {"class": "bottle", "prob": 0.9518553614616394, "left": 419.9858093261719, "top": 132.8683624267578, "right": 468.8596496582031, "bottom": 149.0924530029297}], "time": 21.60481905937195}
