{"im": 4912, "res": [{"class": "person", "prob": 0.7604034543037415, "left": 370.24530029296875, "top": 5.858318328857422, "right": 397.4061279296875, "bottom": 69.86326599121094}], "time": 21.4492928981781}
