{"im": 763, "res": [{"class": "boat", "prob": 0.7760992050170898, "left": 33.62239074707031, "top": 36.51469421386719, "right": 459.81475830078125, "bottom": 332.54449462890625}, {"class": "bird", "prob": 0.8526652455329895, "left": 278.6956481933594, "top": 1.0883502960205078, "right": 368.1154479980469, "bottom": 17.372549057006836}], "time": 21.796053171157837}
