{"im": 799, "res": [{"class": "pottedplant", "prob": 0.9893009662628174, "left": 0.2360687255859375, "top": 0.0, "right": 396.1806640625, "bottom": 375.0}], "time": 26.29450798034668}
