{"im": 2817, "res": [{"class": "aeroplane", "prob": 0.9785149097442627, "left": 168.8236083984375, "top": 12.06451416015625, "right": 386.3736572265625, "bottom": 374.61297607421875}], "time": 21.470776081085205}
