{"im": 3299, "res": [{"class": "car", "prob": 0.9761053323745728, "left": 0.0, "top": 11.326095581054688, "right": 317.39984130859375, "bottom": 375.49163818359375}], "time": 21.859945058822632}
