{"im": 989, "res": [{"class": "aeroplane", "prob": 0.6200434565544128, "left": 5.55096435546875, "top": 15.978660583496094, "right": 155.2836151123047, "bottom": 225.76034545898438}], "time": 1.2437517642974854}
