{"im": 2240, "res": [{"class": "tvmonitor", "prob": 0.7390004992485046, "left": 0.0, "top": 157.4129180908203, "right": 83.72290802001953, "bottom": 260.5677490234375}, {"class": "tvmonitor", "prob": 0.6641631722450256, "left": 20.969717025756836, "top": 165.38296508789062, "right": 63.62616729736328, "bottom": 238.671875}, {"class": "tvmonitor", "prob": 0.547038733959198, "left": 97.4908218383789, "top": 154.83990478515625, "right": 189.1097412109375, "bottom": 220.20230102539062}], "time": 0.851841926574707}
