{"im": 2573, "res": [{"class": "sofa", "prob": 0.5881092548370361, "left": 231.134521484375, "top": 301.73712158203125, "right": 293.5220947265625, "bottom": 385.706298828125}], "time": 0.8648278713226318}
