{"im": 5598, "res": [{"class": "aeroplane", "prob": 0.8126307725906372, "left": 316.9862976074219, "top": 175.93177795410156, "right": 330.4916076660156, "bottom": 206.1619415283203}, {"class": "aeroplane", "prob": 0.7705361247062683, "left": 382.5808410644531, "top": 188.4307403564453, "right": 403.5338439941406, "bottom": 234.29786682128906}, {"class": "aeroplane", "prob": 0.7519866824150085, "left": 434.6737060546875, "top": 171.92477416992188, "right": 442.22454833984375, "bottom": 195.0706787109375}], "time": 0.8324790000915527}
