{"im": 348, "res": [{"class": "aeroplane", "prob": 0.8543913960456848, "left": 237.52792358398438, "top": 49.91667175292969, "right": 444.0987243652344, "bottom": 336.23809814453125}, {"class": "aeroplane", "prob": 0.8090245723724365, "left": 86.90559387207031, "top": 85.07215881347656, "right": 277.0482177734375, "bottom": 332.27978515625}], "time": 0.8345661163330078}
