{"im": 3816, "res": [{"class": "aeroplane", "prob": 0.681452751159668, "left": 27.77801513671875, "top": 238.83013916015625, "right": 170.20118713378906, "bottom": 333.0}], "time": 0.8635241985321045}
