{"im": 764, "res": [{"class": "aeroplane", "prob": 0.8852053880691528, "left": 251.8355712890625, "top": 160.27847290039062, "right": 406.57666015625, "bottom": 330.4073486328125}], "time": 0.8712360858917236}
