{"im": 1933, "res": [{"class": "person", "prob": 0.9996424913406372, "left": 24.11236572265625, "top": 112.658447265625, "right": 382.2670593261719, "bottom": 343.07220458984375}], "time": 21.631147146224976}
