{"im": 1480, "res": [{"class": "bicycle", "prob": 0.9974427819252014, "left": 36.95909118652344, "top": 65.77468872070312, "right": 470.12469482421875, "bottom": 362.2236633300781}], "time": 21.702857971191406}
