{"im": 3497, "res": [{"class": "car", "prob": 0.7365971207618713, "left": 119.02302551269531, "top": 39.11949157714844, "right": 452.85858154296875, "bottom": 331.72344970703125}], "time": 0.8662278652191162}
