{"im": 4015, "res": [{"class": "aeroplane", "prob": 0.9981245398521423, "left": 162.4995574951172, "top": 102.15201568603516, "right": 275.13848876953125, "bottom": 295.43475341796875}, {"class": "chair", "prob": 0.847979724407196, "left": 30.207290649414062, "top": 142.9581298828125, "right": 500.0, "bottom": 375.0}], "time": 25.89433193206787}
