{"im": 52, "res": [{"class": "aeroplane", "prob": 0.9976412653923035, "left": 2.0058441162109375, "top": 147.46282958984375, "right": 164.41554260253906, "bottom": 371.6090087890625}, {"class": "aeroplane", "prob": 0.9946615099906921, "left": 144.19644165039062, "top": 118.81571960449219, "right": 322.074951171875, "bottom": 369.1810302734375}, {"class": "aeroplane", "prob": 0.9920045137405396, "left": 299.7708740234375, "top": 144.78102111816406, "right": 500.0, "bottom": 368.1494140625}, {"class": "aeroplane", "prob": 0.5440879464149475, "left": 0.0, "top": 185.80091857910156, "right": 35.43070983886719, "bottom": 279.8697814941406}], "time": 21.529040098190308}
