{"im": 2705, "res": [{"class": "sheep", "prob": 0.905587375164032, "left": 60.74114990234375, "top": 136.67391967773438, "right": 375.0, "bottom": 422.8363342285156}, {"class": "sheep", "prob": 0.7511959075927734, "left": 10.287521362304688, "top": 107.0341796875, "right": 370.54022216796875, "bottom": 279.7312316894531}], "time": 21.466384172439575}
