{"im": 712, "res": [{"class": "aeroplane", "prob": 0.9985666275024414, "left": 17.435653686523438, "top": 98.87832641601562, "right": 321.42828369140625, "bottom": 375.0}, {"class": "aeroplane", "prob": 0.9807833433151245, "left": 225.19366455078125, "top": 95.68879699707031, "right": 423.54248046875, "bottom": 375.0}, {"class": "aeroplane", "prob": 0.9618396162986755, "left": 362.2490234375, "top": 15.730026245117188, "right": 500.0, "bottom": 367.38201904296875}], "time": 21.89885902404785}
