{"im": 4383, "res": [{"class": "pottedplant", "prob": 0.7106462121009827, "left": 40.15150451660156, "top": 26.87646484375, "right": 344.2615966796875, "bottom": 475.0878601074219}], "time": 21.412360191345215}
