{"im": 846, "res": [{"class": "aeroplane", "prob": 0.5659691095352173, "left": 38.02649688720703, "top": 175.43954467773438, "right": 103.97151947021484, "bottom": 323.4368591308594}], "time": 0.9501078128814697}
