{"im": 3225, "res": [{"class": "pottedplant", "prob": 0.5782579779624939, "left": 0.6623687744140625, "top": 9.497817993164062, "right": 294.34112548828125, "bottom": 281.82342529296875}, {"class": "sheep", "prob": 0.8549839854240417, "left": 0.6623687744140625, "top": 9.497817993164062, "right": 294.34112548828125, "bottom": 281.82342529296875}], "time": 21.672303915023804}
