{"im": 2993, "res": [{"class": "aeroplane", "prob": 0.9990041255950928, "left": 294.8443908691406, "top": 180.97935485839844, "right": 314.4858093261719, "bottom": 244.30726623535156}, {"class": "aeroplane", "prob": 0.9942888617515564, "left": 191.2642059326172, "top": 216.0857391357422, "right": 237.09010314941406, "bottom": 273.7342224121094}, {"class": "aeroplane", "prob": 0.9965502023696899, "left": 277.6298828125, "top": 177.36355590820312, "right": 294.25762939453125, "bottom": 244.11947631835938}, {"class": "boat", "prob": 0.9818819165229797, "left": 338.18463134765625, "top": 199.06878662109375, "right": 401.10498046875, "bottom": 240.37857055664062}], "time": 23.080517053604126}
