{"im": 5080, "res": [{"class": "aeroplane", "prob": 0.9621924757957458, "left": 204.6900634765625, "top": 142.3070831298828, "right": 268.3825988769531, "bottom": 281.70416259765625}, {"class": "aeroplane", "prob": 0.9528383016586304, "left": 222.53952026367188, "top": 166.98614501953125, "right": 252.57327270507812, "bottom": 256.1151123046875}], "time": 1.0650708675384521}
