{"im": 2205, "res": [{"class": "aeroplane", "prob": 0.8750521540641785, "left": 145.06121826171875, "top": 144.0701141357422, "right": 271.1108093261719, "bottom": 381.69769287109375}], "time": 0.8287510871887207}
