{"im": 621, "res": [{"class": "aeroplane", "prob": 0.9976674318313599, "left": 204.1652374267578, "top": 74.513916015625, "right": 499.42529296875, "bottom": 368.8512878417969}, {"class": "aeroplane", "prob": 0.6011708974838257, "left": 19.91229248046875, "top": 75.04730224609375, "right": 275.2958679199219, "bottom": 367.7527160644531}], "time": 21.561192989349365}
