{"im": 3420, "res": [{"class": "aeroplane", "prob": 0.9678444862365723, "left": 65.09422302246094, "top": 51.51814270019531, "right": 182.28009033203125, "bottom": 317.7177734375}], "time": 0.9636600017547607}
