{"im": 642, "res": [{"class": "aeroplane", "prob": 0.8291558027267456, "left": 288.9432067871094, "top": 136.51715087890625, "right": 366.1701965332031, "bottom": 259.59967041015625}, {"class": "aeroplane", "prob": 0.5711002945899963, "left": 317.1568298339844, "top": 155.00961303710938, "right": 352.0890197753906, "bottom": 238.94732666015625}], "time": 0.8333461284637451}
