{"im": 2503, "res": [{"class": "sofa", "prob": 0.9040883183479309, "left": 192.76885986328125, "top": 104.60874938964844, "right": 461.8671875, "bottom": 313.29534912109375}], "time": 0.8582572937011719}
