{"im": 329, "res": [{"class": "aeroplane", "prob": 0.9993888735771179, "left": 261.38616943359375, "top": 78.98298645019531, "right": 484.54351806640625, "bottom": 366.99090576171875}, {"class": "aeroplane", "prob": 0.9992712140083313, "left": 41.12347412109375, "top": 45.488494873046875, "right": 266.6066589355469, "bottom": 375.0}], "time": 21.622564792633057}
