{"im": 5613, "res": [{"class": "pottedplant", "prob": 0.724449872970581, "left": 12.674911499023438, "top": 10.138412475585938, "right": 368.03558349609375, "bottom": 476.7879638671875}], "time": 21.092348098754883}
