{"im": 4488, "res": [{"class": "aeroplane", "prob": 0.9970695972442627, "left": 235.1331787109375, "top": 115.8177719116211, "right": 314.33740234375, "bottom": 349.32220458984375}, {"class": "aeroplane", "prob": 0.9875320196151733, "left": 177.40353393554688, "top": 151.96853637695312, "right": 265.0682678222656, "bottom": 347.82659912109375}, {"class": "aeroplane", "prob": 0.9513907432556152, "left": 327.51226806640625, "top": 137.8520050048828, "right": 338.83526611328125, "bottom": 168.9288787841797}, {"class": "car", "prob": 0.7624397277832031, "left": 22.406646728515625, "top": 0.0, "right": 319.0268859863281, "bottom": 271.68560791015625}], "time": 21.446973085403442}
