{"im": 5681, "res": [{"class": "sheep", "prob": 0.9858664870262146, "left": 14.978988647460938, "top": 7.554229736328125, "right": 489.2589111328125, "bottom": 404.0}], "time": 21.18376898765564}
