{"im": 1050, "res": [{"class": "aeroplane", "prob": 0.9996471405029297, "left": 183.6606903076172, "top": 108.8026351928711, "right": 275.2266845703125, "bottom": 303.5320739746094}, {"class": "bird", "prob": 0.6743338108062744, "left": 0.0, "top": 99.04783630371094, "right": 47.762229919433594, "bottom": 134.18455505371094}], "time": 21.164878129959106}
