{"im": 1847, "res": [{"class": "bird", "prob": 0.997432291507721, "left": 151.44940185546875, "top": 0.0, "right": 500.0, "bottom": 275.66400146484375}, {"class": "boat", "prob": 0.9888675212860107, "left": 88.40177917480469, "top": 44.83131408691406, "right": 368.2830810546875, "bottom": 325.6522216796875}], "time": 23.00066304206848}
