{"im": 3070, "res": [{"class": "car", "prob": 0.9959638118743896, "left": 102.68826293945312, "top": 64.51832580566406, "right": 384.3642883300781, "bottom": 252.1495819091797}, {"class": "cat", "prob": 0.9581453204154968, "left": 392.9820251464844, "top": 121.90293884277344, "right": 494.3251037597656, "bottom": 228.48536682128906}], "time": 21.701253175735474}
