{"im": 3690, "res": [{"class": "tvmonitor", "prob": 0.7815151810646057, "left": 59.93568420410156, "top": 94.2373046875, "right": 449.1649169921875, "bottom": 329.6019287109375}], "time": 0.8819799423217773}
