{"im": 5522, "res": [{"class": "aeroplane", "prob": 0.8355875015258789, "left": 319.4449768066406, "top": 287.3936462402344, "right": 339.0931091308594, "bottom": 340.3770446777344}, {"class": "aeroplane", "prob": 0.7183923125267029, "left": 12.801864624023438, "top": 246.22657775878906, "right": 72.88977813720703, "bottom": 400.67041015625}, {"class": "aeroplane", "prob": 0.611779510974884, "left": 26.729705810546875, "top": 268.94366455078125, "right": 54.253440856933594, "bottom": 371.5927734375}], "time": 0.8264431953430176}
