{"im": 3814, "res": [{"class": "bird", "prob": 0.9978840947151184, "left": 204.42642211914062, "top": 176.20706176757812, "right": 331.7389831542969, "bottom": 221.91970825195312}], "time": 21.604613065719604}
