{"im": 494, "res": [{"class": "aeroplane", "prob": 0.9997060894966125, "left": 218.64889526367188, "top": 23.709091186523438, "right": 372.5982971191406, "bottom": 275.32086181640625}, {"class": "aeroplane", "prob": 0.9992297291755676, "left": 77.60306549072266, "top": 47.42268371582031, "right": 276.4666442871094, "bottom": 285.0}], "time": 21.609416961669922}
