{"im": 5771, "res": [{"class": "car", "prob": 0.9969610571861267, "left": 71.50054931640625, "top": 142.04248046875, "right": 382.0032043457031, "bottom": 355.073974609375}], "time": 21.748651027679443}
