{"im": 3046, "res": [{"class": "bird", "prob": 0.9571912884712219, "left": 176.8622283935547, "top": 210.0382080078125, "right": 472.96142578125, "bottom": 348.2977294921875}, {"class": "bird", "prob": 0.8634787201881409, "left": 61.444488525390625, "top": 198.81585693359375, "right": 190.6100311279297, "bottom": 279.7203063964844}, {"class": "bird", "prob": 0.7387651205062866, "left": 96.93180847167969, "top": 211.30995178222656, "right": 155.13027954101562, "bottom": 265.6905517578125}], "time": 0.8781270980834961}
