{"im": 525, "res": [{"class": "aeroplane", "prob": 0.7693220376968384, "left": 132.71568298339844, "top": 43.08338928222656, "right": 281.09783935546875, "bottom": 266.064453125}], "time": 0.8433957099914551}
