{"im": 5656, "res": [{"class": "bottle", "prob": 0.9856138229370117, "left": 75.0439453125, "top": 40.11842346191406, "right": 483.56585693359375, "bottom": 245.8575897216797}], "time": 21.317759037017822}
