{"im": 155, "res": [{"class": "aeroplane", "prob": 0.9997538924217224, "left": 3.3831787109375, "top": 93.42433166503906, "right": 333.0, "bottom": 495.6058349609375}], "time": 21.45923113822937}
