{"im": 1912, "res": [{"class": "person", "prob": 0.6706929206848145, "left": 76.16645050048828, "top": 25.572952270507812, "right": 298.3154602050781, "bottom": 321.40985107421875}], "time": 21.698415994644165}
