{"im": 3795, "res": [{"class": "sheep", "prob": 0.9971736669540405, "left": 9.421417236328125, "top": 26.744216918945312, "right": 319.6207580566406, "bottom": 469.501708984375}], "time": 21.80736494064331}
