{"im": 1597, "res": [{"class": "sheep", "prob": 0.5446904897689819, "left": 53.35603332519531, "top": 132.67025756835938, "right": 283.20819091796875, "bottom": 408.9172668457031}], "time": 1.3899760246276855}
