{"im": 5388, "res": [{"class": "person", "prob": 0.947283148765564, "left": 0.0, "top": 75.94619750976562, "right": 492.78363037109375, "bottom": 294.5787353515625}], "time": 21.549764156341553}
