{"im": 4642, "res": [{"class": "chair", "prob": 0.9881253838539124, "left": 12.461441040039062, "top": 76.88914489746094, "right": 420.99530029296875, "bottom": 246.2898406982422}], "time": 21.52005624771118}
