{"im": 2997, "res": [{"class": "bottle", "prob": 0.5931622982025146, "left": 88.85536193847656, "top": 110.20872497558594, "right": 415.88262939453125, "bottom": 206.6974639892578}], "time": 0.8851587772369385}
