{"im": 2001, "res": [{"class": "sofa", "prob": 0.9946898818016052, "left": 247.52491760253906, "top": 143.70945739746094, "right": 301.8467712402344, "bottom": 196.63597106933594}, {"class": "tvmonitor", "prob": 0.757683515548706, "left": 66.98037719726562, "top": 152.7983856201172, "right": 93.96534729003906, "bottom": 179.8040313720703}], "time": 21.71278190612793}
