{"im": 2246, "res": [{"class": "pottedplant", "prob": 0.9815386533737183, "left": 101.84907531738281, "top": 57.26782989501953, "right": 339.08892822265625, "bottom": 307.3236999511719}], "time": 21.441385984420776}
