{"im": 3497, "res": [{"class": "car", "prob": 0.9998794794082642, "left": 31.151123046875, "top": 25.091888427734375, "right": 448.67132568359375, "bottom": 349.5270690917969}], "time": 21.47569990158081}
