{"im": 59, "res": [{"class": "aeroplane", "prob": 0.6957777142524719, "left": 8.089912414550781, "top": 0.0, "right": 182.55184936523438, "bottom": 334.0}, {"class": "aeroplane", "prob": 0.5621941089630127, "left": 202.29278564453125, "top": 117.80735778808594, "right": 454.69696044921875, "bottom": 316.16729736328125}], "time": 0.8629589080810547}
