{"im": 4097, "res": [{"class": "aeroplane", "prob": 0.8581210374832153, "left": 330.19012451171875, "top": 102.69168090820312, "right": 392.673583984375, "bottom": 215.371826171875}, {"class": "tvmonitor", "prob": 0.5512272715568542, "left": 60.10654830932617, "top": 141.9793701171875, "right": 102.37570190429688, "bottom": 163.30615234375}, {"class": "aeroplane", "prob": 0.7145052552223206, "left": 344.0409240722656, "top": 117.41148376464844, "right": 372.7126770019531, "bottom": 198.5082244873047}], "time": 0.8281106948852539}
