{"im": 3435, "res": [{"class": "bird", "prob": 0.9869360327720642, "left": 50.50889587402344, "top": 101.98970794677734, "right": 485.8609619140625, "bottom": 302.271484375}], "time": 21.438111066818237}
