{"im": 1692, "res": [{"class": "aeroplane", "prob": 0.5478315949440002, "left": 236.57997131347656, "top": 131.57345581054688, "right": 352.3212890625, "bottom": 243.58779907226562}], "time": 0.8342320919036865}
