{"im": 902, "res": [{"class": "pottedplant", "prob": 0.9664713144302368, "left": 118.344970703125, "top": 24.079757690429688, "right": 486.36602783203125, "bottom": 363.521240234375}], "time": 21.019095182418823}
