{"im": 2377, "res": [{"class": "aeroplane", "prob": 0.9977573156356812, "left": 137.19924926757812, "top": 33.794219970703125, "right": 296.76611328125, "bottom": 498.0}], "time": 21.493613719940186}
