{"im": 3522, "res": [{"class": "train", "prob": 0.5626012086868286, "left": 117.52279663085938, "top": 274.7042541503906, "right": 202.04931640625, "bottom": 320.4669494628906}], "time": 21.514708042144775}
