{"im": 1083, "res": [{"class": "bottle", "prob": 0.7936975955963135, "left": 147.11007690429688, "top": 135.43983459472656, "right": 283.72412109375, "bottom": 185.61155700683594}], "time": 0.8350069522857666}
