{"im": 4530, "res": [{"class": "pottedplant", "prob": 0.7516646385192871, "left": 2.7030487060546875, "top": 111.22843170166016, "right": 271.32537841796875, "bottom": 255.76651000976562}], "time": 21.437692165374756}
