{"im": 2816, "res": [{"class": "boat", "prob": 0.9934500455856323, "left": 30.058883666992188, "top": 178.06309509277344, "right": 314.38116455078125, "bottom": 437.39996337890625}], "time": 21.452452182769775}
