{"im": 4215, "res": [{"class": "aeroplane", "prob": 0.9990277886390686, "left": 78.17998504638672, "top": 103.58995056152344, "right": 233.04681396484375, "bottom": 411.8587646484375}, {"class": "aeroplane", "prob": 0.9645226001739502, "left": 172.34918212890625, "top": 225.02330017089844, "right": 360.7060546875, "bottom": 487.03912353515625}], "time": 21.666874170303345}
