{"im": 4661, "res": [{"class": "aeroplane", "prob": 0.9960537552833557, "left": 347.17059326171875, "top": 155.03268432617188, "right": 393.98394775390625, "bottom": 262.40789794921875}, {"class": "bird", "prob": 0.9769080281257629, "left": 261.95782470703125, "top": 197.73794555664062, "right": 289.17401123046875, "bottom": 219.6865234375}, {"class": "bird", "prob": 0.7301549315452576, "left": 288.5010986328125, "top": 194.4541015625, "right": 319.3734130859375, "bottom": 218.6123046875}, {"class": "bicycle", "prob": 0.7717916965484619, "left": 352.6038818359375, "top": 217.00538635253906, "right": 379.08544921875, "bottom": 281.23394775390625}], "time": 21.36965775489807}
