{"im": 4647, "res": [{"class": "sheep", "prob": 0.83881014585495, "left": 30.431228637695312, "top": 41.75733947753906, "right": 330.12921142578125, "bottom": 330.616943359375}], "time": 21.369385957717896}
