{"im": 1089, "res": [{"class": "car", "prob": 0.9991510510444641, "left": 134.17691040039062, "top": 14.75390625, "right": 476.9411315917969, "bottom": 359.50390625}], "time": 21.061871767044067}
