{"im": 4217, "res": [{"class": "pottedplant", "prob": 0.9591939449310303, "left": 6.3983306884765625, "top": 74.34082794189453, "right": 431.091064453125, "bottom": 247.14328002929688}], "time": 21.59141206741333}
