{"im": 2198, "res": [{"class": "bus", "prob": 0.9951084852218628, "left": 0.0, "top": 216.65234375, "right": 157.45803833007812, "bottom": 314.66436767578125}, {"class": "bus", "prob": 0.9994821548461914, "left": 237.8607177734375, "top": 201.58438110351562, "right": 395.39874267578125, "bottom": 342.5663757324219}, {"class": "bus", "prob": 0.9194121956825256, "left": 132.47105407714844, "top": 231.76634216308594, "right": 250.78358459472656, "bottom": 325.2267150878906}], "time": 21.419713020324707}
