{"im": 1217, "res": [{"class": "bird", "prob": 0.6820580959320068, "left": 0.0, "top": 24.635787963867188, "right": 466.0, "bottom": 422.83843994140625}, {"class": "bird", "prob": 0.5586512684822083, "left": 0.0, "top": 197.6822052001953, "right": 466.0, "bottom": 500.0}], "time": 21.25859308242798}
