{"im": 2752, "res": [{"class": "train", "prob": 0.625013530254364, "left": 60.124183654785156, "top": 120.4867172241211, "right": 270.2547912597656, "bottom": 267.7864990234375}], "time": 0.9330410957336426}
