{"im": 5335, "res": [{"class": "aeroplane", "prob": 0.9922835230827332, "left": 8.6865234375, "top": 87.20934295654297, "right": 210.84327697753906, "bottom": 330.6127624511719}, {"class": "aeroplane", "prob": 0.9844488501548767, "left": 275.553466796875, "top": 54.23741149902344, "right": 438.21502685546875, "bottom": 281.1329345703125}, {"class": "aeroplane", "prob": 0.6660504937171936, "left": 392.07244873046875, "top": 16.173309326171875, "right": 500.0, "bottom": 316.10711669921875}], "time": 0.924828052520752}
