{"im": 590, "res": [{"class": "aeroplane", "prob": 0.5116937160491943, "left": 163.85159301757812, "top": 55.26893615722656, "right": 475.6676330566406, "bottom": 375.0}], "time": 0.8396501541137695}
