{"im": 2552, "res": [{"class": "pottedplant", "prob": 0.988643229007721, "left": 164.9173126220703, "top": 0.0, "right": 482.21136474609375, "bottom": 284.89959716796875}], "time": 21.42387890815735}
