{"im": 4884, "res": [{"class": "pottedplant", "prob": 0.9774863719940186, "left": 0.0, "top": 31.460350036621094, "right": 342.81707763671875, "bottom": 228.76123046875}], "time": 21.408511877059937}
