{"im": 4465, "res": [{"class": "sofa", "prob": 0.8288705348968506, "left": 93.81932067871094, "top": 26.25518798828125, "right": 413.51605224609375, "bottom": 370.4635009765625}], "time": 0.8288440704345703}
