{"im": 4554, "res": [{"class": "sofa", "prob": 0.8843076229095459, "left": 26.09515380859375, "top": 58.854644775390625, "right": 421.9441833496094, "bottom": 324.1121826171875}], "time": 0.8720371723175049}
