{"im": 2149, "res": [{"class": "boat", "prob": 0.8139220476150513, "left": 344.44744873046875, "top": 119.56950378417969, "right": 460.8948974609375, "bottom": 336.90570068359375}, {"class": "aeroplane", "prob": 0.7554764747619629, "left": 312.1504211425781, "top": 153.10775756835938, "right": 328.1196594238281, "bottom": 202.01681518554688}, {"class": "boat", "prob": 0.5462509989738464, "left": 159.36474609375, "top": 133.13319396972656, "right": 267.5975341796875, "bottom": 332.374755859375}], "time": 0.8294401168823242}
