{"im": 2531, "res": [{"class": "sofa", "prob": 0.9903159737586975, "left": 269.3268737792969, "top": 163.49526977539062, "right": 391.7181701660156, "bottom": 252.27340698242188}, {"class": "sofa", "prob": 0.9763559103012085, "left": 304.1068115234375, "top": 173.642578125, "right": 354.19384765625, "bottom": 243.40875244140625}, {"class": "sofa", "prob": 0.6460590362548828, "left": 78.30628967285156, "top": 166.26483154296875, "right": 183.75270080566406, "bottom": 235.06851196289062}, {"class": "sofa", "prob": 0.5686804056167603, "left": 103.73416137695312, "top": 173.60768127441406, "right": 153.10772705078125, "bottom": 224.4487762451172}], "time": 0.8404459953308105}
