{"im": 1158, "res": [{"class": "aeroplane", "prob": 0.9953652620315552, "left": 192.49156188964844, "top": 69.57654571533203, "right": 273.9833068847656, "bottom": 255.53082275390625}, {"class": "sofa", "prob": 0.9475191831588745, "left": 156.69757080078125, "top": 157.31861877441406, "right": 311.3971862792969, "bottom": 354.48431396484375}], "time": 21.181994199752808}
