{"im": 896, "res": [{"class": "aeroplane", "prob": 0.973520815372467, "left": 79.56948852539062, "top": 33.87077331542969, "right": 283.3159484863281, "bottom": 359.14251708984375}, {"class": "bird", "prob": 0.9718437194824219, "left": 0.8286781311035156, "top": 70.7510757446289, "right": 128.75408935546875, "bottom": 237.59832763671875}, {"class": "boat", "prob": 0.9558225870132446, "left": 47.21125030517578, "top": 226.0557098388672, "right": 262.6354064941406, "bottom": 479.4876708984375}, {"class": "bird", "prob": 0.933428943157196, "left": 243.85235595703125, "top": 120.87291717529297, "right": 375.0, "bottom": 307.52960205078125}], "time": 21.246652364730835}
