{"im": 1363, "res": [{"class": "bird", "prob": 0.9971949458122253, "left": 72.52413940429688, "top": 183.7118377685547, "right": 155.56607055664062, "bottom": 212.6444549560547}], "time": 21.65840983390808}
