{"im": 5691, "res": [{"class": "aeroplane", "prob": 0.9999222159385681, "left": 49.25038146972656, "top": 101.50791931152344, "right": 276.15240478515625, "bottom": 436.549072265625}, {"class": "aeroplane", "prob": 0.9985446929931641, "left": 247.05853271484375, "top": 71.62051391601562, "right": 460.32049560546875, "bottom": 425.9326477050781}], "time": 21.187455892562866}
