{"im": 4993, "res": [{"class": "pottedplant", "prob": 0.9969506859779358, "left": 0.0, "top": 0.0, "right": 274.7974548339844, "bottom": 500.0}], "time": 21.454989910125732}
