{"im": 1629, "res": [{"class": "sheep", "prob": 0.8165796995162964, "left": 121.0433120727539, "top": 122.48344421386719, "right": 301.2044372558594, "bottom": 292.67041015625}], "time": 0.9479649066925049}
