{"im": 1629, "res": [{"class": "sheep", "prob": 0.999031662940979, "left": 126.71074676513672, "top": 134.20606994628906, "right": 295.8310852050781, "bottom": 296.290771484375}], "time": 21.841873168945312}
