{"im": 1602, "res": [{"class": "sheep", "prob": 0.8508549332618713, "left": 80.0950927734375, "top": 75.45936584472656, "right": 410.81182861328125, "bottom": 347.06170654296875}], "time": 1.0457720756530762}
