{"im": 4300, "res": [{"class": "aeroplane", "prob": 0.9990692138671875, "left": 84.74496459960938, "top": 89.95730590820312, "right": 172.54058837890625, "bottom": 296.62750244140625}, {"class": "aeroplane", "prob": 0.9955549836158752, "left": 200.73562622070312, "top": 106.29108428955078, "right": 302.676513671875, "bottom": 299.75341796875}], "time": 21.54275870323181}
