{"im": 2894, "res": [{"class": "bottle", "prob": 0.9973938465118408, "left": 18.77435302734375, "top": 77.28015899658203, "right": 423.9208068847656, "bottom": 262.05419921875}], "time": 21.479281187057495}
