{"im": 3282, "res": [{"class": "sheep", "prob": 0.94814532995224, "left": 10.941696166992188, "top": 150.20037841796875, "right": 333.0, "bottom": 391.37603759765625}], "time": 21.804382801055908}
