{"im": 3962, "res": [{"class": "pottedplant", "prob": 0.6375095844268799, "left": 0.0, "top": 62.58073425292969, "right": 500.0, "bottom": 364.67156982421875}], "time": 21.564605236053467}
