{"im": 3312, "res": [{"class": "aeroplane", "prob": 0.9917920231819153, "left": 213.14373779296875, "top": 76.18812561035156, "right": 340.22100830078125, "bottom": 424.17462158203125}], "time": 21.84946298599243}
