{"im": 5076, "res": [{"class": "boat", "prob": 0.8309031128883362, "left": 196.60671997070312, "top": 124.72395324707031, "right": 281.5271911621094, "bottom": 261.69354248046875}, {"class": "aeroplane", "prob": 0.8078604340553284, "left": 133.0933074951172, "top": 147.9211883544922, "right": 162.78651428222656, "bottom": 203.8933868408203}, {"class": "boat", "prob": 0.7203131914138794, "left": 218.67543029785156, "top": 150.7868194580078, "right": 260.1103515625, "bottom": 240.5825653076172}], "time": 0.9486031532287598}
