{"im": 1930, "res": [{"class": "sheep", "prob": 0.9707440137863159, "left": 184.1068115234375, "top": 32.518585205078125, "right": 433.87554931640625, "bottom": 297.128662109375}], "time": 21.828943014144897}
