{"im": 2219, "res": [{"class": "car", "prob": 0.9969810247421265, "left": 4.453422546386719, "top": 19.81322479248047, "right": 144.30160522460938, "bottom": 199.36572265625}], "time": 21.45487904548645}
