{"im": 3649, "res": [{"class": "sofa", "prob": 0.998047947883606, "left": 165.04937744140625, "top": 67.9063720703125, "right": 488.9576416015625, "bottom": 326.58416748046875}, {"class": "sofa", "prob": 0.7109878659248352, "left": 0.0, "top": 111.53120422363281, "right": 94.48336791992188, "bottom": 202.3376922607422}, {"class": "sofa", "prob": 0.8782635927200317, "left": 68.55109405517578, "top": 120.50613403320312, "right": 221.53079223632812, "bottom": 329.6983947753906}, {"class": "sofa", "prob": 0.7840864062309265, "left": 418.8802795410156, "top": 60.971832275390625, "right": 499.3243713378906, "bottom": 328.22955322265625}], "time": 22.946797132492065}
