{"im": 2728, "res": [{"class": "cat", "prob": 0.5566495060920715, "left": 70.94381713867188, "top": 0.0, "right": 368.71551513671875, "bottom": 115.26190948486328}], "time": 0.835374116897583}
