{"im": 3263, "res": [{"class": "pottedplant", "prob": 0.6534490585327148, "left": 75.90486145019531, "top": 96.79817199707031, "right": 328.25921630859375, "bottom": 457.37640380859375}], "time": 1.1520800590515137}
