{"im": 3476, "res": [{"class": "sofa", "prob": 0.9988670945167542, "left": 1.554656982421875, "top": 21.965484619140625, "right": 424.9625244140625, "bottom": 325.623291015625}], "time": 21.458229064941406}
