{"im": 908, "res": [{"class": "aeroplane", "prob": 0.9984037280082703, "left": 70.5809097290039, "top": 70.08485412597656, "right": 183.21221923828125, "bottom": 410.31317138671875}], "time": 21.158149242401123}
