{"im": 1296, "res": [{"class": "bicycle", "prob": 0.8291414380073547, "left": 31.516036987304688, "top": 160.7330322265625, "right": 212.25526428222656, "bottom": 328.4857177734375}], "time": 0.8419849872589111}
