{"im": 5023, "res": [{"class": "aeroplane", "prob": 0.9791250228881836, "left": 98.95182800292969, "top": 24.757415771484375, "right": 400.75604248046875, "bottom": 292.19573974609375}, {"class": "aeroplane", "prob": 0.77801513671875, "left": 457.88385009765625, "top": 71.58470916748047, "right": 499.708740234375, "bottom": 262.356689453125}], "time": 21.443853855133057}
