{"im": 2954, "res": [{"class": "car", "prob": 0.5288554430007935, "left": 65.83102416992188, "top": 50.22186279296875, "right": 500.0, "bottom": 309.35748291015625}], "time": 0.8393080234527588}
