{"im": 2073, "res": [{"class": "aeroplane", "prob": 0.9955424666404724, "left": 220.056640625, "top": 80.08763122558594, "right": 373.844970703125, "bottom": 331.51123046875}], "time": 21.71795392036438}
