{"im": 3904, "res": [{"class": "train", "prob": 0.9958691000938416, "left": 208.62689208984375, "top": 1.29937744140625, "right": 494.96893310546875, "bottom": 333.0}, {"class": "train", "prob": 0.7770254611968994, "left": 3.0106964111328125, "top": 21.562286376953125, "right": 270.0142822265625, "bottom": 322.2470397949219}], "time": 21.57299304008484}
