{"im": 1078, "res": [{"class": "sofa", "prob": 0.9993741512298584, "left": 117.86259460449219, "top": 36.68583297729492, "right": 276.5931396484375, "bottom": 98.74543762207031}], "time": 21.067424058914185}
