{"im": 1983, "res": [{"class": "bird", "prob": 0.998075008392334, "left": 43.707733154296875, "top": 136.29965209960938, "right": 230.90234375, "bottom": 227.4013671875}, {"class": "bird", "prob": 0.9944989085197449, "left": 219.9066162109375, "top": 143.28689575195312, "right": 456.13970947265625, "bottom": 234.95880126953125}], "time": 21.653504133224487}
