{"im": 3356, "res": [{"class": "bird", "prob": 0.5735033750534058, "left": 13.145278930664062, "top": 77.55430603027344, "right": 486.16827392578125, "bottom": 365.39251708984375}], "time": 1.146061897277832}
