{"im": 2879, "res": [{"class": "bus", "prob": 0.9594924449920654, "left": 18.47747802734375, "top": 40.12263488769531, "right": 122.26986694335938, "bottom": 184.407958984375}, {"class": "bus", "prob": 0.7904549837112427, "left": 48.001651763916016, "top": 62.95566940307617, "right": 91.25131225585938, "bottom": 167.93045043945312}, {"class": "bus", "prob": 0.6618736982345581, "left": 102.60501098632812, "top": 44.37394714355469, "right": 426.3558044433594, "bottom": 274.02630615234375}], "time": 0.8554422855377197}
