{"im": 5176, "res": [{"class": "car", "prob": 0.996971607208252, "left": 146.09523010253906, "top": 88.29966735839844, "right": 264.8834228515625, "bottom": 249.32154846191406}, {"class": "car", "prob": 0.9891146421432495, "left": 281.22100830078125, "top": 59.45637512207031, "right": 497.24322509765625, "bottom": 332.0}], "time": 21.53050184249878}
