{"im": 3711, "res": [{"class": "aeroplane", "prob": 0.8773760795593262, "left": 93.81123352050781, "top": 109.04841613769531, "right": 256.9637451171875, "bottom": 358.5908203125}, {"class": "boat", "prob": 0.8351797461509705, "left": 51.758201599121094, "top": 194.5409393310547, "right": 286.4584045410156, "bottom": 403.2691650390625}], "time": 0.8564019203186035}
