{"im": 1187, "res": [{"class": "aeroplane", "prob": 0.9986854195594788, "left": 240.31344604492188, "top": 92.24565124511719, "right": 295.8438415527344, "bottom": 182.5268096923828}, {"class": "boat", "prob": 0.9836227893829346, "left": 289.8170471191406, "top": 106.1534652709961, "right": 356.8785705566406, "bottom": 175.56869506835938}], "time": 21.109779357910156}
