{"im": 4168, "res": [{"class": "sofa", "prob": 0.9834427237510681, "left": 68.36683654785156, "top": 97.51028442382812, "right": 308.87158203125, "bottom": 489.9395446777344}, {"class": "aeroplane", "prob": 0.9588344693183899, "left": 267.9562072753906, "top": 57.01139831542969, "right": 367.9924011230469, "bottom": 495.9725341796875}], "time": 21.645048141479492}
