{"im": 2405, "res": [{"class": "aeroplane", "prob": 0.965151309967041, "left": 187.30191040039062, "top": 29.76544189453125, "right": 314.0307922363281, "bottom": 267.5930480957031}, {"class": "aeroplane", "prob": 0.8788006901741028, "left": 92.786376953125, "top": 113.29550170898438, "right": 177.24508666992188, "bottom": 211.48443603515625}, {"class": "aeroplane", "prob": 0.8210923671722412, "left": 316.7889709472656, "top": 30.921730041503906, "right": 440.9178161621094, "bottom": 236.843994140625}, {"class": "aeroplane", "prob": 0.5713890194892883, "left": 122.54708862304688, "top": 129.88818359375, "right": 157.6353759765625, "bottom": 198.27151489257812}], "time": 0.8517870903015137}
