{"im": 3982, "res": [{"class": "boat", "prob": 0.933387041091919, "left": 97.7646713256836, "top": 121.885986328125, "right": 228.505126953125, "bottom": 480.12744140625}], "time": 22.432820796966553}
