{"im": 249, "res": [{"class": "aeroplane", "prob": 0.9983751773834229, "left": 139.77110290527344, "top": 14.69140625, "right": 415.444091796875, "bottom": 333.0}], "time": 21.626163959503174}
