{"im": 3075, "res": [{"class": "car", "prob": 0.9918961524963379, "left": 16.975616455078125, "top": 115.19397735595703, "right": 435.2532043457031, "bottom": 269.4535217285156}], "time": 21.717550039291382}
