{"im": 3131, "res": [{"class": "sofa", "prob": 0.9104176759719849, "left": 95.48970031738281, "top": 58.163780212402344, "right": 350.14471435546875, "bottom": 300.69805908203125}], "time": 1.0973379611968994}
