{"im": 3574, "res": [{"class": "car", "prob": 0.9984439611434937, "left": 50.721923828125, "top": 110.6448974609375, "right": 389.0071105957031, "bottom": 278.6246643066406}], "time": 21.555009126663208}
