{"im": 383, "res": [{"class": "aeroplane", "prob": 0.6066981554031372, "left": 90.2292251586914, "top": 27.360076904296875, "right": 268.5348205566406, "bottom": 500.0}], "time": 0.8558309078216553}
