{"im": 1070, "res": [{"class": "bird", "prob": 0.7629584074020386, "left": 9.725692749023438, "top": 4.506439208984375, "right": 484.84271240234375, "bottom": 373.1219787597656}, {"class": "bird", "prob": 0.997749924659729, "left": 312.6755676269531, "top": 9.317408561706543, "right": 393.9421081542969, "bottom": 35.978782653808594}, {"class": "bird", "prob": 0.872870147228241, "left": 278.0912780761719, "top": 26.294456481933594, "right": 500.0, "bottom": 237.47784423828125}], "time": 21.09774899482727}
