{"im": 3900, "res": [{"class": "aeroplane", "prob": 0.9057411551475525, "left": 69.46378326416016, "top": 96.25517272949219, "right": 101.74922943115234, "bottom": 185.66734313964844}], "time": 21.57975482940674}
