{"im": 2175, "res": [{"class": "aeroplane", "prob": 0.6470296382904053, "left": 252.78720092773438, "top": 0.0, "right": 494.0119323730469, "bottom": 368.204833984375}], "time": 0.8792679309844971}
