{"im": 462, "res": [{"class": "bottle", "prob": 0.9445297718048096, "left": 219.8029022216797, "top": 171.02232360839844, "right": 252.3216094970703, "bottom": 201.1657257080078}], "time": 21.516895294189453}
