{"im": 1566, "res": [{"class": "car", "prob": 0.9992103576660156, "left": 54.747222900390625, "top": 47.91826629638672, "right": 440.9737854003906, "bottom": 242.76324462890625}], "time": 21.905130863189697}
