{"im": 3762, "res": [{"class": "pottedplant", "prob": 0.9343798756599426, "left": 97.62944793701172, "top": 40.400184631347656, "right": 265.5078430175781, "bottom": 272.3254699707031}], "time": 21.529391050338745}
