{"im": 5484, "res": [{"class": "sofa", "prob": 0.8149236440658569, "left": 19.286865234375, "top": 21.694374084472656, "right": 284.44757080078125, "bottom": 206.39398193359375}], "time": 0.8608739376068115}
