{"im": 2461, "res": [{"class": "boat", "prob": 0.9937261939048767, "left": 149.55215454101562, "top": 140.00267028808594, "right": 349.74462890625, "bottom": 411.08905029296875}, {"class": "aeroplane", "prob": 0.5305692553520203, "left": 150.10812377929688, "top": 43.80046844482422, "right": 304.8326721191406, "bottom": 190.24493408203125}], "time": 21.545547008514404}
