{"im": 4184, "res": [{"class": "aeroplane", "prob": 0.9660205841064453, "left": 104.73410034179688, "top": 0.0, "right": 495.1619567871094, "bottom": 369.06817626953125}], "time": 21.651943922042847}
