{"im": 1828, "res": [{"class": "aeroplane", "prob": 0.953612208366394, "left": 50.44191360473633, "top": 229.05874633789062, "right": 92.96006774902344, "bottom": 294.9722595214844}, {"class": "aeroplane", "prob": 0.9054505825042725, "left": 166.4881591796875, "top": 0.0, "right": 380.94927978515625, "bottom": 226.32022094726562}, {"class": "boat", "prob": 0.705863356590271, "left": 55.51664352416992, "top": 251.38294982910156, "right": 110.85734558105469, "bottom": 299.896728515625}], "time": 21.602264881134033}
