{"im": 5152, "res": [{"class": "tvmonitor", "prob": 0.8102439045906067, "left": 466.8551940917969, "top": 113.07987976074219, "right": 487.5583801269531, "bottom": 126.85472106933594}, {"class": "tvmonitor", "prob": 0.5924026966094971, "left": 90.52833557128906, "top": 65.28518676757812, "right": 470.72967529296875, "bottom": 332.42352294921875}], "time": 0.8519718647003174}
