{"im": 3403, "res": [{"class": "pottedplant", "prob": 0.9785736203193665, "left": 54.706695556640625, "top": 0.0, "right": 396.7915344238281, "bottom": 327.44451904296875}], "time": 21.504971027374268}
