{"im": 3679, "res": [{"class": "bird", "prob": 0.6110872626304626, "left": 220.8417205810547, "top": 118.65553283691406, "right": 493.46185302734375, "bottom": 268.1038818359375}, {"class": "aeroplane", "prob": 0.5116742253303528, "left": 482.94744873046875, "top": 114.1148452758789, "right": 492.81658935546875, "bottom": 130.1995849609375}], "time": 0.8367700576782227}
