{"im": 2270, "res": [{"class": "boat", "prob": 0.9985570311546326, "left": 14.338790893554688, "top": 40.606719970703125, "right": 489.65570068359375, "bottom": 331.9899597167969}], "time": 21.47683620452881}
