{"im": 1531, "res": [{"class": "aeroplane", "prob": 0.9997226595878601, "left": 314.18798828125, "top": 1.9064254760742188, "right": 414.23529052734375, "bottom": 140.47085571289062}, {"class": "sofa", "prob": 0.9731324911117554, "left": 206.8150177001953, "top": 21.027450561523438, "right": 500.0, "bottom": 360.46380615234375}, {"class": "chair", "prob": 0.6967411637306213, "left": 0.0, "top": 69.16258239746094, "right": 237.28167724609375, "bottom": 144.36912536621094}, {"class": "cat", "prob": 0.5768154859542847, "left": 401.8392333984375, "top": 68.88710021972656, "right": 500.0, "bottom": 132.08937072753906}], "time": 21.737350702285767}
