{"im": 3956, "res": [{"class": "pottedplant", "prob": 0.7756986021995544, "left": 0.0, "top": 30.79656982421875, "right": 436.26446533203125, "bottom": 278.1116638183594}], "time": 21.769899129867554}
