{"im": 5657, "res": [{"class": "aeroplane", "prob": 0.989777684211731, "left": 120.34686279296875, "top": 148.44024658203125, "right": 201.21170043945312, "bottom": 373.21185302734375}], "time": 0.8643031120300293}
