{"im": 4005, "res": [{"class": "person", "prob": 0.9985573291778564, "left": 71.40126037597656, "top": 143.07713317871094, "right": 424.7230224609375, "bottom": 340.98760986328125}], "time": 21.700719833374023}
