{"im": 2688, "res": [{"class": "bus", "prob": 0.9985101819038391, "left": 32.90769958496094, "top": 56.076416015625, "right": 415.03564453125, "bottom": 303.1224365234375}], "time": 23.377068042755127}
