{"im": 4790, "res": [{"class": "sheep", "prob": 0.998837947845459, "left": 35.01731872558594, "top": 112.83751678466797, "right": 145.48748779296875, "bottom": 289.2225341796875}, {"class": "sheep", "prob": 0.9694423079490662, "left": 172.44447326660156, "top": 112.03630828857422, "right": 274.1011047363281, "bottom": 241.18365478515625}], "time": 21.56013011932373}
