{"im": 5331, "res": [{"class": "bottle", "prob": 0.6653562784194946, "left": 128.49972534179688, "top": 136.33316040039062, "right": 386.6726989746094, "bottom": 209.70962524414062}], "time": 1.0184519290924072}
