{"im": 1190, "res": [{"class": "pottedplant", "prob": 0.5480479001998901, "left": 288.0716857910156, "top": 41.66424560546875, "right": 450.1830749511719, "bottom": 344.6393127441406}], "time": 1.1372439861297607}
