{"im": 4403, "res": [{"class": "aeroplane", "prob": 0.9998149275779724, "left": 69.30242919921875, "top": 93.984375, "right": 322.94183349609375, "bottom": 375.0}], "time": 21.42199397087097}
