{"im": 1100, "res": [{"class": "aeroplane", "prob": 0.9205055832862854, "left": 319.04608154296875, "top": 121.65989685058594, "right": 408.2264404296875, "bottom": 425.73974609375}], "time": 0.9784977436065674}
