{"im": 4327, "res": [{"class": "sheep", "prob": 0.9977725744247437, "left": 109.93203735351562, "top": 234.70010375976562, "right": 194.25759887695312, "bottom": 372.0975036621094}, {"class": "aeroplane", "prob": 0.9986578822135925, "left": 282.0079345703125, "top": 29.079261779785156, "right": 476.37713623046875, "bottom": 254.2911376953125}, {"class": "train", "prob": 0.9627559185028076, "left": 25.62451171875, "top": 19.11199951171875, "right": 296.4341735839844, "bottom": 223.0342254638672}, {"class": "person", "prob": 0.6473080515861511, "left": 274.5152893066406, "top": 199.85191345214844, "right": 447.1166076660156, "bottom": 312.3444519042969}], "time": 21.39850401878357}
