{"im": 1540, "res": [{"class": "pottedplant", "prob": 0.9945523738861084, "left": 18.17291259765625, "top": 32.36164855957031, "right": 472.9742736816406, "bottom": 291.6495361328125}], "time": 21.706066131591797}
