{"im": 4730, "res": [{"class": "sheep", "prob": 0.8982260227203369, "left": 236.1817626953125, "top": 129.73989868164062, "right": 307.26873779296875, "bottom": 173.57009887695312}], "time": 21.381359815597534}
