{"im": 5504, "res": [{"class": "aeroplane", "prob": 0.5421355366706848, "left": 0.0, "top": 53.04237365722656, "right": 421.0, "bottom": 500.0}], "time": 0.818572998046875}
