{"im": 4750, "res": [{"class": "aeroplane", "prob": 0.9849918484687805, "left": 110.65632629394531, "top": 40.71058654785156, "right": 213.4318084716797, "bottom": 290.5440673828125}, {"class": "sheep", "prob": 0.9280687570571899, "left": 242.49766540527344, "top": 161.13327026367188, "right": 353.69622802734375, "bottom": 221.27496337890625}], "time": 22.632617950439453}
