{"im": 342, "res": [{"class": "aeroplane", "prob": 0.9922396540641785, "left": 30.673782348632812, "top": 39.11689758300781, "right": 302.68292236328125, "bottom": 460.8763427734375}, {"class": "aeroplane", "prob": 0.553166925907135, "left": 0.0, "top": 69.63224792480469, "right": 165.13768005371094, "bottom": 378.50811767578125}], "time": 21.68334698677063}
