{"im": 752, "res": [{"class": "aeroplane", "prob": 0.9969837665557861, "left": 58.11034393310547, "top": 33.55928039550781, "right": 222.12677001953125, "bottom": 395.161376953125}, {"class": "aeroplane", "prob": 0.9953896999359131, "left": 313.81903076171875, "top": 91.90884399414062, "right": 460.49530029296875, "bottom": 396.507568359375}, {"class": "aeroplane", "prob": 0.9925784468650818, "left": 198.2460174560547, "top": 67.61137390136719, "right": 332.536376953125, "bottom": 398.0}], "time": 21.88990306854248}
