{"im": 4338, "res": [{"class": "aeroplane", "prob": 0.8230748772621155, "left": 51.357460021972656, "top": 161.5482635498047, "right": 77.1889877319336, "bottom": 207.5702667236328}, {"class": "bus", "prob": 0.5819411277770996, "left": 53.17108154296875, "top": 30.087669372558594, "right": 457.410888671875, "bottom": 278.87811279296875}], "time": 0.8731868267059326}
