{"im": 1570, "res": [{"class": "pottedplant", "prob": 0.9751079678535461, "left": 35.918365478515625, "top": 156.28677368164062, "right": 406.03338623046875, "bottom": 279.385986328125}], "time": 21.674149751663208}
