{"im": 4847, "res": [{"class": "train", "prob": 0.788043200969696, "left": 191.67431640625, "top": 56.796600341796875, "right": 310.8317565917969, "bottom": 261.45562744140625}], "time": 0.8319740295410156}
