{"im": 3799, "res": [{"class": "sofa", "prob": 0.9933763742446899, "left": 64.62480163574219, "top": 88.50151062011719, "right": 312.603759765625, "bottom": 495.16436767578125}, {"class": "sofa", "prob": 0.8378575444221497, "left": 16.53125, "top": 129.06890869140625, "right": 183.4723663330078, "bottom": 461.21734619140625}], "time": 21.84041690826416}
