{"im": 4878, "res": [{"class": "bottle", "prob": 0.828277051448822, "left": 55.29071044921875, "top": 122.8726806640625, "right": 350.4767761230469, "bottom": 242.51220703125}], "time": 0.8198592662811279}
