{"im": 696, "res": [{"class": "pottedplant", "prob": 0.9890389442443848, "left": 167.36376953125, "top": 132.4310302734375, "right": 323.6247253417969, "bottom": 464.37060546875}], "time": 21.694967031478882}
