{"im": 1513, "res": [{"class": "bird", "prob": 0.8074501156806946, "left": 0.0, "top": 190.2391357421875, "right": 186.60987854003906, "bottom": 315.8350524902344}, {"class": "sheep", "prob": 0.6737456321716309, "left": 206.11087036132812, "top": 213.18093872070312, "right": 314.7926940917969, "bottom": 330.9839782714844}, {"class": "sheep", "prob": 0.5176390409469604, "left": 236.07540893554688, "top": 230.6599884033203, "right": 289.8489685058594, "bottom": 314.223388671875}], "time": 0.9041950702667236}
