{"im": 482, "res": [{"class": "aeroplane", "prob": 0.984332799911499, "left": 63.54310607910156, "top": 1.501953125, "right": 375.4063720703125, "bottom": 368.6392822265625}], "time": 22.191652297973633}
