{"im": 5456, "res": [{"class": "pottedplant", "prob": 0.9749380350112915, "left": 32.284942626953125, "top": 67.85452270507812, "right": 303.864501953125, "bottom": 425.8874206542969}], "time": 21.51419973373413}
