{"im": 898, "res": [{"class": "aeroplane", "prob": 0.9997270703315735, "left": 307.6013488769531, "top": 113.35084533691406, "right": 475.2071228027344, "bottom": 493.0009765625}], "time": 21.18044686317444}
