{"im": 4908, "res": [{"class": "aeroplane", "prob": 0.7070949077606201, "left": 192.14878845214844, "top": 88.37899780273438, "right": 314.27142333984375, "bottom": 363.3263244628906}, {"class": "aeroplane", "prob": 0.5541082620620728, "left": 282.66400146484375, "top": 43.767059326171875, "right": 466.84991455078125, "bottom": 354.21014404296875}], "time": 0.8405580520629883}
