{"im": 2254, "res": [{"class": "aeroplane", "prob": 0.9827026128768921, "left": 9.897172927856445, "top": 87.932373046875, "right": 37.02397155761719, "bottom": 160.27084350585938}], "time": 21.450024127960205}
