{"im": 3915, "res": [{"class": "sofa", "prob": 0.9002148509025574, "left": 170.08505249023438, "top": 104.4465103149414, "right": 383.2082824707031, "bottom": 308.8498840332031}, {"class": "aeroplane", "prob": 0.6109814643859863, "left": 208.32748413085938, "top": 28.01329803466797, "right": 308.7677307128906, "bottom": 205.385009765625}], "time": 0.8740630149841309}
