{"im": 3960, "res": [{"class": "chair", "prob": 0.7874659895896912, "left": 299.68914794921875, "top": 102.26567077636719, "right": 471.26812744140625, "bottom": 219.31761169433594}, {"class": "cat", "prob": 0.6789777874946594, "left": 281.8371276855469, "top": 129.51443481445312, "right": 372.2924499511719, "bottom": 195.1903076171875}, {"class": "motorbike", "prob": 0.5881249904632568, "left": 0.357666015625, "top": 282.06549072265625, "right": 71.96810150146484, "bottom": 316.71441650390625}], "time": 21.455305814743042}
