{"im": 1284, "res": [{"class": "boat", "prob": 0.6694352030754089, "left": 40.023406982421875, "top": 24.911453247070312, "right": 500.0, "bottom": 333.0}, {"class": "aeroplane", "prob": 0.8830471038818359, "left": 337.4700012207031, "top": 0.0, "right": 495.7541198730469, "bottom": 169.88345336914062}], "time": 21.259597063064575}
