{"im": 1398, "res": [{"class": "cat", "prob": 0.7782555818557739, "left": 88.661865234375, "top": 32.64634704589844, "right": 495.8277587890625, "bottom": 306.72686767578125}], "time": 21.714834928512573}
