{"im": 125, "res": [{"class": "bird", "prob": 0.9855822324752808, "left": 179.71957397460938, "top": 310.5828857421875, "right": 464.4816589355469, "bottom": 373.0198974609375}], "time": 21.59333086013794}
