{"im": 1312, "res": [{"class": "aeroplane", "prob": 0.9996455907821655, "left": 76.0134048461914, "top": 143.16033935546875, "right": 246.597900390625, "bottom": 355.73468017578125}, {"class": "aeroplane", "prob": 0.9973117113113403, "left": 227.6185302734375, "top": 153.9667205810547, "right": 386.25360107421875, "bottom": 364.0350341796875}], "time": 23.099159717559814}
