{"im": 5175, "res": [{"class": "bottle", "prob": 0.9690871834754944, "left": 0.0, "top": 40.56268310546875, "right": 500.0, "bottom": 334.4452209472656}], "time": 21.49240493774414}
