{"im": 615, "res": [{"class": "aeroplane", "prob": 0.9996567964553833, "left": 184.15505981445312, "top": 67.77371978759766, "right": 400.0489196777344, "bottom": 307.78271484375}, {"class": "aeroplane", "prob": 0.998325765132904, "left": 12.689079284667969, "top": 44.192352294921875, "right": 234.98477172851562, "bottom": 365.78192138671875}], "time": 21.641399145126343}
