{"im": 751, "res": [{"class": "aeroplane", "prob": 0.9994685053825378, "left": 139.09608459472656, "top": 17.491714477539062, "right": 426.8758544921875, "bottom": 375.04449462890625}], "time": 22.54620599746704}
