{"im": 5114, "res": [{"class": "sofa", "prob": 0.9991735219955444, "left": 14.618942260742188, "top": 3.1854248046875, "right": 333.0, "bottom": 500.0}], "time": 21.440016269683838}
