{"im": 1518, "res": [{"class": "sheep", "prob": 0.9736850261688232, "left": 214.23211669921875, "top": 35.702781677246094, "right": 368.16522216796875, "bottom": 247.66494750976562}], "time": 21.961331129074097}
