{"im": 1101, "res": [{"class": "aeroplane", "prob": 0.9694972634315491, "left": 125.96530151367188, "top": 14.65521240234375, "right": 476.5431213378906, "bottom": 373.15167236328125}, {"class": "aeroplane", "prob": 0.819494903087616, "left": 98.02523040771484, "top": 214.60934448242188, "right": 302.8471374511719, "bottom": 374.3769836425781}], "time": 21.068185806274414}
