{"im": 3812, "res": [{"class": "sofa", "prob": 0.9983213543891907, "left": 13.981582641601562, "top": 8.559295654296875, "right": 488.06207275390625, "bottom": 341.2437438964844}], "time": 21.794436931610107}
