{"im": 503, "res": [{"class": "aeroplane", "prob": 0.630156397819519, "left": 2.7932891845703125, "top": 131.82980346679688, "right": 124.37908935546875, "bottom": 332.9142761230469}, {"class": "aeroplane", "prob": 0.5463573932647705, "left": 108.67755126953125, "top": 121.5103530883789, "right": 139.78860473632812, "bottom": 154.40713500976562}], "time": 0.8427059650421143}
