{"im": 2597, "res": [{"class": "sofa", "prob": 0.7932307720184326, "left": 105.72389221191406, "top": 230.76577758789062, "right": 326.94708251953125, "bottom": 375.0}], "time": 0.9054808616638184}
