{"im": 4837, "res": [{"class": "sheep", "prob": 0.9710481762886047, "left": 0.0, "top": 0.05010986328125, "right": 500.0, "bottom": 344.5532531738281}], "time": 21.45853590965271}
