{"im": 3928, "res": [{"class": "bird", "prob": 0.9745147228240967, "left": 4.7971649169921875, "top": 6.711822509765625, "right": 489.246337890625, "bottom": 324.31182861328125}], "time": 21.553468942642212}
