{"im": 4204, "res": [{"class": "aeroplane", "prob": 0.7439735531806946, "left": 247.15057373046875, "top": 70.95059204101562, "right": 482.61517333984375, "bottom": 333.0}], "time": 0.8412160873413086}
