{"im": 2171, "res": [{"class": "aeroplane", "prob": 0.9234529733657837, "left": 200.81619262695312, "top": 34.352867126464844, "right": 311.4484558105469, "bottom": 219.57266235351562}], "time": 0.8363111019134521}
