{"im": 1391, "res": [{"class": "cat", "prob": 0.7076046466827393, "left": 270.78082275390625, "top": 215.64688110351562, "right": 411.0206298828125, "bottom": 263.93310546875}], "time": 0.8459467887878418}
