{"im": 1881, "res": [{"class": "sheep", "prob": 0.9744188785552979, "left": 0.5199432373046875, "top": 26.772232055664062, "right": 401.36273193359375, "bottom": 313.64227294921875}, {"class": "sheep", "prob": 0.6011558771133423, "left": 321.52606201171875, "top": 124.87678527832031, "right": 437.41864013671875, "bottom": 238.5166778564453}], "time": 21.724147081375122}
