{"im": 983, "res": [{"class": "boat", "prob": 0.9916794300079346, "left": 20.578018188476562, "top": 68.33663940429688, "right": 410.07989501953125, "bottom": 340.2490234375}, {"class": "aeroplane", "prob": 0.9985487461090088, "left": 56.805877685546875, "top": 14.259796142578125, "right": 219.12313842773438, "bottom": 353.08868408203125}], "time": 21.099602937698364}
