{"im": 136, "res": [{"class": "boat", "prob": 0.9983571171760559, "left": 119.13092041015625, "top": 169.4351043701172, "right": 202.26950073242188, "bottom": 236.0977020263672}, {"class": "aeroplane", "prob": 0.9981926679611206, "left": 374.08502197265625, "top": 226.00860595703125, "right": 500.0, "bottom": 370.89031982421875}, {"class": "aeroplane", "prob": 0.9852700233459473, "left": 135.6432342529297, "top": 136.39761352539062, "right": 172.28868103027344, "bottom": 209.54312133789062}, {"class": "boat", "prob": 0.6872573494911194, "left": 364.4075622558594, "top": 324.8546447753906, "right": 500.0, "bottom": 372.6089172363281}], "time": 21.461297273635864}
