{"im": 1034, "res": [{"class": "person", "prob": 0.9976907968521118, "left": 20.746749877929688, "top": 23.04083251953125, "right": 323.396484375, "bottom": 222.97763061523438}], "time": 21.09909200668335}
