{"im": 378, "res": [{"class": "aeroplane", "prob": 0.9926273226737976, "left": 10.879638671875, "top": 121.93351745605469, "right": 266.975341796875, "bottom": 477.94183349609375}, {"class": "aeroplane", "prob": 0.6916548609733582, "left": 121.76443481445312, "top": 135.7341766357422, "right": 291.7050476074219, "bottom": 479.50384521484375}], "time": 21.816860914230347}
