{"im": 681, "res": [{"class": "aeroplane", "prob": 0.9998066425323486, "left": 143.24789428710938, "top": 52.40191650390625, "right": 332.1576843261719, "bottom": 500.0}, {"class": "aeroplane", "prob": 0.9990885853767395, "left": 3.828155517578125, "top": 102.39505004882812, "right": 185.1785125732422, "bottom": 494.1002502441406}], "time": 21.694868087768555}
