{"im": 476, "res": [{"class": "bus", "prob": 0.5791971683502197, "left": 253.84072875976562, "top": 56.72340393066406, "right": 500.0, "bottom": 319.05645751953125}, {"class": "car", "prob": 0.6806270480155945, "left": 253.84072875976562, "top": 56.72340393066406, "right": 500.0, "bottom": 319.05645751953125}], "time": 22.57343316078186}
