{"im": 1597, "res": [{"class": "sheep", "prob": 0.9773311614990234, "left": 69.68793487548828, "top": 34.59214782714844, "right": 284.0250549316406, "bottom": 390.087646484375}, {"class": "motorbike", "prob": 0.5704392790794373, "left": 98.03425598144531, "top": 2.1370925903320312, "right": 182.51039123535156, "bottom": 56.543556213378906}], "time": 21.792583227157593}
