{"im": 4081, "res": [{"class": "aeroplane", "prob": 0.9992438554763794, "left": 14.912559509277344, "top": 113.57176208496094, "right": 217.28497314453125, "bottom": 341.02410888671875}, {"class": "aeroplane", "prob": 0.9990591406822205, "left": 349.2410888671875, "top": 101.36013793945312, "right": 500.0, "bottom": 341.0498352050781}], "time": 21.734410047531128}
