{"im": 297, "res": [{"class": "boat", "prob": 0.9974860548973083, "left": 36.627960205078125, "top": 24.362884521484375, "right": 466.09478759765625, "bottom": 303.76483154296875}], "time": 21.57588505744934}
