{"im": 25, "res": [{"class": "sheep", "prob": 0.9989340901374817, "left": 203.7384033203125, "top": 64.69686889648438, "right": 398.6907958984375, "bottom": 275.0044250488281}], "time": 21.57360601425171}
