{"im": 5389, "res": [{"class": "pottedplant", "prob": 0.6725427508354187, "left": 137.0482177734375, "top": 68.27803039550781, "right": 225.91983032226562, "bottom": 192.7114715576172}], "time": 1.0971789360046387}
