{"im": 3944, "res": [{"class": "bus", "prob": 0.9315201640129089, "left": 96.91888427734375, "top": 62.59227752685547, "right": 376.15655517578125, "bottom": 248.811767578125}, {"class": "bird", "prob": 0.6393808722496033, "left": 14.304004669189453, "top": 186.7810516357422, "right": 34.6511344909668, "bottom": 201.8026885986328}], "time": 0.8768179416656494}
