{"im": 3896, "res": [{"class": "bird", "prob": 0.9923528432846069, "left": 424.7638854980469, "top": 219.38262939453125, "right": 455.0685729980469, "bottom": 246.10049438476562}, {"class": "bicycle", "prob": 0.9747951626777649, "left": 0.510894775390625, "top": 145.73248291015625, "right": 42.75468063354492, "bottom": 236.37448120117188}, {"class": "bicycle", "prob": 0.951731264591217, "left": 25.789575576782227, "top": 130.3946075439453, "right": 73.31778717041016, "bottom": 234.7090606689453}, {"class": "boat", "prob": 0.7882817983627319, "left": 398.0188903808594, "top": 232.4862060546875, "right": 413.1999206542969, "bottom": 253.14111328125}], "time": 23.686450958251953}
