{"im": 3598, "res": [{"class": "bicycle", "prob": 0.9310378432273865, "left": 67.94161987304688, "top": 224.7130889892578, "right": 107.31094360351562, "bottom": 288.19189453125}, {"class": "bicycle", "prob": 0.9026767015457153, "left": 47.646461486816406, "top": 201.13824462890625, "right": 127.69426727294922, "bottom": 298.6153564453125}, {"class": "aeroplane", "prob": 0.5423463582992554, "left": 90.4979248046875, "top": 188.33837890625, "right": 119.38722229003906, "bottom": 244.45184326171875}], "time": 0.8831620216369629}
