{"im": 2437, "res": [{"class": "sofa", "prob": 0.858079731464386, "left": 100.46610260009766, "top": 12.626815795898438, "right": 329.7344055175781, "bottom": 319.18963623046875}], "time": 21.424423933029175}
