{"im": 3930, "res": [{"class": "car", "prob": 0.9995392560958862, "left": 227.71148681640625, "top": 83.53140258789062, "right": 496.2562255859375, "bottom": 359.859619140625}], "time": 22.880950212478638}
