{"im": 86, "res": [{"class": "aeroplane", "prob": 0.9996514916419983, "left": 5.8138885498046875, "top": 36.45570373535156, "right": 348.78289794921875, "bottom": 328.1142578125}, {"class": "aeroplane", "prob": 0.9934015274047852, "left": 329.49298095703125, "top": 80.5051040649414, "right": 499.567138671875, "bottom": 324.4958801269531}], "time": 21.42983078956604}
