{"im": 3838, "res": [{"class": "tvmonitor", "prob": 0.9756606817245483, "left": 44.01097106933594, "top": 41.461029052734375, "right": 240.38429260253906, "bottom": 323.7254943847656}], "time": 21.57363796234131}
