{"im": 3239, "res": [{"class": "bottle", "prob": 0.9990008473396301, "left": 0.0, "top": 97.093994140625, "right": 500.0, "bottom": 220.33993530273438}, {"class": "aeroplane", "prob": 0.9695615172386169, "left": 302.25799560546875, "top": 204.60031127929688, "right": 313.66717529296875, "bottom": 219.896728515625}, {"class": "cat", "prob": 0.8629080653190613, "left": 452.2279357910156, "top": 205.15237426757812, "right": 499.1992492675781, "bottom": 250.47915649414062}], "time": 22.057530879974365}
