{"im": 1263, "res": [{"class": "train", "prob": 0.7656945586204529, "left": 0.0, "top": 42.612548828125, "right": 351.85675048828125, "bottom": 333.97625732421875}], "time": 21.395704746246338}
