{"im": 4296, "res": [{"class": "aeroplane", "prob": 0.8353480696678162, "left": 57.48253631591797, "top": 175.67803955078125, "right": 299.8659362792969, "bottom": 491.0921630859375}], "time": 0.8613817691802979}
