{"im": 5796, "res": [{"class": "aeroplane", "prob": 0.9987868666648865, "left": 3.8781509399414062, "top": 92.20889282226562, "right": 152.65139770507812, "bottom": 476.0100402832031}, {"class": "aeroplane", "prob": 0.9926061630249023, "left": 138.00079345703125, "top": 125.72554016113281, "right": 242.7318115234375, "bottom": 445.1240234375}, {"class": "bicycle", "prob": 0.8624393939971924, "left": 270.7066650390625, "top": 294.09259033203125, "right": 363.577880859375, "bottom": 362.20489501953125}], "time": 21.399158000946045}
