{"im": 5712, "res": [{"class": "chair", "prob": 0.8343740701675415, "left": 280.9532165527344, "top": 31.217941284179688, "right": 382.2694396972656, "bottom": 166.23318481445312}], "time": 21.30817484855652}
