{"im": 4597, "res": [{"class": "aeroplane", "prob": 0.8452333211898804, "left": 64.05720520019531, "top": 3.716278076171875, "right": 360.47161865234375, "bottom": 328.0}], "time": 0.8192770481109619}
