{"im": 266, "res": [{"class": "aeroplane", "prob": 0.998258113861084, "left": 72.14341735839844, "top": 188.9764404296875, "right": 131.0904998779297, "bottom": 304.5708923339844}, {"class": "aeroplane", "prob": 0.998042106628418, "left": 58.38514709472656, "top": 187.58523559570312, "right": 92.52809143066406, "bottom": 302.6519775390625}, {"class": "aeroplane", "prob": 0.988927960395813, "left": 0.0, "top": 191.08639526367188, "right": 30.80498504638672, "bottom": 303.43682861328125}, {"class": "aeroplane", "prob": 0.9345677495002747, "left": 207.31967163085938, "top": 102.05718231201172, "right": 281.5442810058594, "bottom": 346.4881286621094}], "time": 21.6201069355011}
