{"im": 2601, "res": [{"class": "aeroplane", "prob": 0.99521803855896, "left": 17.210052490234375, "top": 2.1443939208984375, "right": 490.44134521484375, "bottom": 480.0}], "time": 21.517211198806763}
