{"im": 4001, "res": [{"class": "bird", "prob": 0.5382986664772034, "left": 335.08984375, "top": 0.01458740234375, "right": 500.0, "bottom": 115.78507232666016}, {"class": "bird", "prob": 0.5495860576629639, "left": 2.31903076171875, "top": 1.0613670349121094, "right": 124.57447814941406, "bottom": 52.975547790527344}], "time": 0.8861639499664307}
