{"im": 2809, "res": [{"class": "aeroplane", "prob": 0.8890424370765686, "left": 163.87867736816406, "top": 131.82254028320312, "right": 335.73114013671875, "bottom": 439.1974182128906}], "time": 1.0460269451141357}
