{"im": 724, "res": [{"class": "aeroplane", "prob": 0.9991034865379333, "left": 210.20835876464844, "top": 0.0, "right": 491.68914794921875, "bottom": 333.0}, {"class": "aeroplane", "prob": 0.9737491011619568, "left": 69.46163177490234, "top": 201.57400512695312, "right": 223.23394775390625, "bottom": 327.8598937988281}, {"class": "aeroplane", "prob": 0.9351202249526978, "left": 249.21766662597656, "top": 8.958381652832031, "right": 367.40069580078125, "bottom": 210.10516357421875}], "time": 23.35849618911743}
