{"im": 1974, "res": [{"class": "aeroplane", "prob": 0.7506621479988098, "left": 102.03933715820312, "top": 114.0619888305664, "right": 345.4677734375, "bottom": 360.2879333496094}], "time": 0.8280088901519775}
