{"im": 5166, "res": [{"class": "person", "prob": 0.8769056797027588, "left": 236.55496215820312, "top": 181.25497436523438, "right": 277.4128723144531, "bottom": 224.16998291015625}, {"class": "person", "prob": 0.8364702463150024, "left": 213.7095184326172, "top": 167.5713348388672, "right": 302.9358825683594, "bottom": 237.64817810058594}], "time": 0.8508620262145996}
