{"im": 5093, "res": [{"class": "aeroplane", "prob": 0.999550998210907, "left": 216.09112548828125, "top": 36.66136169433594, "right": 349.8218994140625, "bottom": 360.81854248046875}, {"class": "boat", "prob": 0.977087140083313, "left": 89.13665771484375, "top": 76.39996337890625, "right": 422.0116882324219, "bottom": 349.20562744140625}, {"class": "bird", "prob": 0.6715179085731506, "left": 413.1354675292969, "top": 51.188907623291016, "right": 434.8240661621094, "bottom": 63.49416732788086}], "time": 21.436927318572998}
