{"im": 91, "res": [{"class": "aeroplane", "prob": 0.9989315271377563, "left": 9.423187255859375, "top": 13.48992919921875, "right": 443.6441955566406, "bottom": 318.1202392578125}, {"class": "aeroplane", "prob": 0.7422024011611938, "left": 251.86984252929688, "top": 145.80670166015625, "right": 393.0688171386719, "bottom": 300.126708984375}, {"class": "aeroplane", "prob": 0.6217460036277771, "left": 356.57159423828125, "top": 200.09512329101562, "right": 387.68572998046875, "bottom": 252.03225708007812}], "time": 21.24558687210083}
