{"im": 2485, "res": [{"class": "person", "prob": 0.9995028972625732, "left": 56.3095703125, "top": 32.19914245605469, "right": 395.9681701660156, "bottom": 343.63568115234375}], "time": 21.66802978515625}
