{"im": 4014, "res": [{"class": "aeroplane", "prob": 0.9932771921157837, "left": 40.41423034667969, "top": 6.19976806640625, "right": 192.16798400878906, "bottom": 486.46783447265625}], "time": 21.589703798294067}
