{"im": 4883, "res": [{"class": "sheep", "prob": 0.9656030535697937, "left": 0.0, "top": 82.90670776367188, "right": 345.1884460449219, "bottom": 375.0}], "time": 21.713294982910156}
