{"im": 211, "res": [{"class": "person", "prob": 0.8701725602149963, "left": 230.63133239746094, "top": 148.3094482421875, "right": 277.1446533203125, "bottom": 245.55224609375}], "time": 21.61647629737854}
