{"im": 1622, "res": [{"class": "train", "prob": 0.6053488254547119, "left": 224.77841186523438, "top": 196.70152282714844, "right": 246.46820068359375, "bottom": 237.88563537597656}, {"class": "train", "prob": 0.5555581450462341, "left": 208.745849609375, "top": 197.21273803710938, "right": 231.65133666992188, "bottom": 238.72796630859375}], "time": 0.9884390830993652}
