{"im": 940, "res": [{"class": "aeroplane", "prob": 0.9964414834976196, "left": 64.60572814941406, "top": 31.488922119140625, "right": 318.91131591796875, "bottom": 462.87750244140625}, {"class": "aeroplane", "prob": 0.9446517825126648, "left": 18.445846557617188, "top": 0.567474365234375, "right": 160.1317138671875, "bottom": 285.22467041015625}], "time": 21.08940815925598}
