{"im": 504, "res": [{"class": "aeroplane", "prob": 0.8152087926864624, "left": 0.0, "top": 64.06256103515625, "right": 185.12722778320312, "bottom": 375.0}, {"class": "aeroplane", "prob": 0.7506927847862244, "left": 323.54119873046875, "top": 104.90743255615234, "right": 500.0, "bottom": 343.5736083984375}], "time": 0.8399991989135742}
