{"im": 4092, "res": [{"class": "bird", "prob": 0.8382332921028137, "left": 299.7279052734375, "top": 119.4356689453125, "right": 433.19873046875, "bottom": 164.91311645507812}, {"class": "bird", "prob": 0.7529476881027222, "left": 121.9671630859375, "top": 127.83558654785156, "right": 170.39382934570312, "bottom": 159.78794860839844}, {"class": "bird", "prob": 0.6733810901641846, "left": 339.6349182128906, "top": 124.47053527832031, "right": 398.4441223144531, "bottom": 158.7014923095703}, {"class": "bird", "prob": 0.627766489982605, "left": 89.91070556640625, "top": 115.59088897705078, "right": 199.10702514648438, "bottom": 164.1810760498047}], "time": 0.8333089351654053}
