{"im": 3194, "res": [{"class": "bus", "prob": 0.9425017237663269, "left": 69.79220581054688, "top": 75.37120819091797, "right": 385.50274658203125, "bottom": 270.4424133300781}, {"class": "bird", "prob": 0.6706209778785706, "left": 384.31207275390625, "top": 171.6789093017578, "right": 498.69036865234375, "bottom": 210.9313507080078}], "time": 0.8453912734985352}
