{"im": 3815, "res": [{"class": "boat", "prob": 0.8153205513954163, "left": 105.80390930175781, "top": 285.8703308105469, "right": 137.87803649902344, "bottom": 306.2831115722656}], "time": 0.8460438251495361}
