{"im": 354, "res": [{"class": "aeroplane", "prob": 0.9450421929359436, "left": 179.9701385498047, "top": 30.350799560546875, "right": 478.89239501953125, "bottom": 363.5756530761719}], "time": 21.791150093078613}
