{"im": 4747, "res": [{"class": "chair", "prob": 0.9446173906326294, "left": 0.0, "top": 266.7259216308594, "right": 357.8785705566406, "bottom": 374.0221862792969}], "time": 21.384520769119263}
