{"im": 1535, "res": [{"class": "aeroplane", "prob": 0.5309478044509888, "left": 152.43392944335938, "top": 50.547027587890625, "right": 350.1102294921875, "bottom": 332.0}], "time": 0.8739829063415527}
