{"im": 1354, "res": [{"class": "pottedplant", "prob": 0.9660181999206543, "left": 111.98967742919922, "top": 122.14895629882812, "right": 258.34124755859375, "bottom": 384.66552734375}], "time": 0.9648048877716064}
