{"im": 5096, "res": [{"class": "sofa", "prob": 0.7573285698890686, "left": 61.754852294921875, "top": 11.399978637695312, "right": 485.4855651855469, "bottom": 319.5594482421875}], "time": 21.44088101387024}
