{"im": 5283, "res": [{"class": "tvmonitor", "prob": 0.9923516511917114, "left": 0.9775848388671875, "top": 22.474929809570312, "right": 460.9345703125, "bottom": 326.478515625}, {"class": "person", "prob": 0.7182362079620361, "left": 85.33393096923828, "top": 18.025917053222656, "right": 121.76483917236328, "bottom": 31.30280303955078}], "time": 21.482334852218628}
