{"im": 4163, "res": [{"class": "chair", "prob": 0.6127988696098328, "left": 306.68316650390625, "top": 160.14707946777344, "right": 456.918701171875, "bottom": 196.3731231689453}], "time": 21.592309951782227}
