{"im": 4161, "res": [{"class": "pottedplant", "prob": 0.6757960319519043, "left": 185.97647094726562, "top": 88.75621795654297, "right": 333.8380432128906, "bottom": 301.8815612792969}], "time": 0.8921389579772949}
