{"im": 2964, "res": [{"class": "bird", "prob": 0.502789318561554, "left": 177.23934936523438, "top": 199.95555114746094, "right": 315.67169189453125, "bottom": 454.697021484375}], "time": 0.8325419425964355}
