{"im": 4918, "res": [{"class": "boat", "prob": 0.6049933433532715, "left": 0.0, "top": 92.82623291015625, "right": 500.0, "bottom": 360.0711975097656}], "time": 0.8609540462493896}
