{"im": 4490, "res": [{"class": "chair", "prob": 0.9220174551010132, "left": 13.263778686523438, "top": 89.59841918945312, "right": 338.311767578125, "bottom": 353.5518798828125}], "time": 21.426857948303223}
