{"im": 1858, "res": [{"class": "aeroplane", "prob": 0.7089354991912842, "left": 159.82354736328125, "top": 89.29935455322266, "right": 347.38922119140625, "bottom": 318.6795349121094}], "time": 0.8385350704193115}
