{"im": 710, "res": [{"class": "tvmonitor", "prob": 0.9456171989440918, "left": 45.24046325683594, "top": 99.02214050292969, "right": 150.08660888671875, "bottom": 161.77699279785156}, {"class": "tvmonitor", "prob": 0.8772585988044739, "left": 74.40174865722656, "top": 105.40876007080078, "right": 121.55874633789062, "bottom": 148.44131469726562}, {"class": "tvmonitor", "prob": 0.5452139973640442, "left": 173.63356018066406, "top": 104.24774169921875, "right": 190.9282684326172, "bottom": 117.15907287597656}, {"class": "tvmonitor", "prob": 0.6240677833557129, "left": 158.9116973876953, "top": 105.68608093261719, "right": 175.43092346191406, "bottom": 117.29133605957031}], "time": 0.827380895614624}
