{"im": 3854, "res": [{"class": "pottedplant", "prob": 0.9994068741798401, "left": 131.35943603515625, "top": 164.31358337402344, "right": 280.0672912597656, "bottom": 291.76422119140625}], "time": 21.675347805023193}
