{"im": 5222, "res": [{"class": "car", "prob": 0.6556201577186584, "left": 228.3170166015625, "top": 8.095260620117188, "right": 491.1925048828125, "bottom": 371.25030517578125}], "time": 0.8411719799041748}
