{"im": 1366, "res": [{"class": "chair", "prob": 0.7142333388328552, "left": 204.513427734375, "top": 226.02420043945312, "right": 239.66653442382812, "bottom": 234.78359985351562}, {"class": "chair", "prob": 0.7118881940841675, "left": 386.8330383300781, "top": 191.45640563964844, "right": 403.4156799316406, "bottom": 202.2801055908203}], "time": 0.9332971572875977}
