{"im": 1492, "res": [{"class": "aeroplane", "prob": 0.9996278882026672, "left": 60.9517936706543, "top": 177.37342834472656, "right": 160.43020629882812, "bottom": 492.82366943359375}, {"class": "aeroplane", "prob": 0.9943017363548279, "left": 189.08863830566406, "top": 203.40504455566406, "right": 270.45794677734375, "bottom": 476.057373046875}, {"class": "aeroplane", "prob": 0.9416537880897522, "left": 16.650318145751953, "top": 252.87353515625, "right": 32.31827926635742, "bottom": 308.156982421875}, {"class": "aeroplane", "prob": 0.8589372634887695, "left": 7.98454475402832, "top": 249.8000946044922, "right": 22.555355072021484, "bottom": 307.1107177734375}], "time": 21.659492015838623}
