{"im": 1941, "res": [{"class": "aeroplane", "prob": 0.8804092407226562, "left": 230.84085083007812, "top": 124.4935302734375, "right": 335.7759704589844, "bottom": 240.18960571289062}, {"class": "aeroplane", "prob": 0.8123794198036194, "left": 259.3553466796875, "top": 144.46145629882812, "right": 303.4202880859375, "bottom": 214.7880859375}, {"class": "aeroplane", "prob": 0.7604364156723022, "left": 334.2635192871094, "top": 129.08592224121094, "right": 467.1307067871094, "bottom": 300.35870361328125}, {"class": "aeroplane", "prob": 0.5074213743209839, "left": 41.280548095703125, "top": 153.98394775390625, "right": 160.59759521484375, "bottom": 370.89642333984375}], "time": 0.8686389923095703}
