{"im": 2426, "res": [{"class": "tvmonitor", "prob": 0.8194237351417542, "left": 213.755126953125, "top": 42.98353576660156, "right": 447.0870361328125, "bottom": 317.88409423828125}, {"class": "tvmonitor", "prob": 0.5633123517036438, "left": 21.520912170410156, "top": 93.659912109375, "right": 242.38302612304688, "bottom": 341.44598388671875}], "time": 0.8322691917419434}
