{"im": 3487, "res": [{"class": "sofa", "prob": 0.817987859249115, "left": 132.21563720703125, "top": 91.79716491699219, "right": 461.87579345703125, "bottom": 421.925537109375}], "time": 0.9404571056365967}
