{"im": 2365, "res": [{"class": "sheep", "prob": 0.9982852339744568, "left": 143.31431579589844, "top": 82.38214874267578, "right": 420.3109130859375, "bottom": 321.7272033691406}, {"class": "aeroplane", "prob": 0.6910210251808167, "left": 189.9814453125, "top": 0.8050765991210938, "right": 365.016357421875, "bottom": 148.62933349609375}], "time": 21.425003051757812}
