{"im": 4757, "res": [{"class": "aeroplane", "prob": 0.7362396121025085, "left": 212.09950256347656, "top": 153.25946044921875, "right": 493.28961181640625, "bottom": 330.02349853515625}, {"class": "boat", "prob": 0.5233899354934692, "left": 212.09950256347656, "top": 153.25946044921875, "right": 493.28961181640625, "bottom": 330.02349853515625}, {"class": "aeroplane", "prob": 0.9922786355018616, "left": 20.9439754486084, "top": 0.31982421875, "right": 79.37503051757812, "bottom": 108.28709411621094}], "time": 21.423653841018677}
