{"im": 347, "res": [{"class": "aeroplane", "prob": 0.6798058748245239, "left": 134.51268005371094, "top": 130.27218627929688, "right": 244.0651397705078, "bottom": 500.0}], "time": 0.832449197769165}
