{"im": 2144, "res": [{"class": "tvmonitor", "prob": 0.8463726043701172, "left": 53.95655822753906, "top": 35.223876953125, "right": 382.29498291015625, "bottom": 326.8341979980469}], "time": 0.8324050903320312}
