{"im": 2029, "res": [{"class": "aeroplane", "prob": 0.9473165273666382, "left": 235.12075805664062, "top": 1.633148193359375, "right": 422.8656921386719, "bottom": 273.4127197265625}, {"class": "aeroplane", "prob": 0.8420650959014893, "left": 38.41118621826172, "top": 11.591842651367188, "right": 222.077392578125, "bottom": 327.4669189453125}], "time": 0.8454830646514893}
