{"im": 5437, "res": [{"class": "aeroplane", "prob": 0.9996433258056641, "left": 182.2106475830078, "top": 126.05731964111328, "right": 247.9263153076172, "bottom": 238.2562255859375}, {"class": "bicycle", "prob": 0.6137369275093079, "left": 194.78790283203125, "top": 178.37091064453125, "right": 243.98944091796875, "bottom": 260.9305114746094}, {"class": "boat", "prob": 0.8148737549781799, "left": 194.78790283203125, "top": 178.37091064453125, "right": 243.98944091796875, "bottom": 260.9305114746094}], "time": 22.73420023918152}
