{"im": 3386, "res": [{"class": "sofa", "prob": 0.9990222454071045, "left": 152.39825439453125, "top": 122.20185089111328, "right": 286.7264099121094, "bottom": 285.7638854980469}, {"class": "bird", "prob": 0.9281617403030396, "left": 34.151126861572266, "top": 61.506805419921875, "right": 74.47476196289062, "bottom": 81.49940490722656}], "time": 21.474668979644775}
