{"im": 2244, "res": [{"class": "boat", "prob": 0.9971883893013, "left": 77.77581787109375, "top": 91.18885040283203, "right": 415.8716735839844, "bottom": 305.6456604003906}, {"class": "aeroplane", "prob": 0.9943248629570007, "left": 148.99832153320312, "top": 18.562179565429688, "right": 306.7893371582031, "bottom": 207.27304077148438}], "time": 21.42034101486206}
