{"im": 1616, "res": [{"class": "aeroplane", "prob": 0.9989857077598572, "left": 59.16704559326172, "top": 155.114501953125, "right": 177.65164184570312, "bottom": 326.1926574707031}, {"class": "aeroplane", "prob": 0.9972884654998779, "left": 154.5095977783203, "top": 132.98550415039062, "right": 260.56982421875, "bottom": 294.36566162109375}, {"class": "aeroplane", "prob": 0.9970405697822571, "left": 320.46209716796875, "top": 47.34635925292969, "right": 500.0, "bottom": 375.0}, {"class": "aeroplane", "prob": 0.9820423722267151, "left": 142.59481811523438, "top": 153.80889892578125, "right": 361.2218933105469, "bottom": 375.0}], "time": 21.635860919952393}
