{"im": 203, "res": [{"class": "aeroplane", "prob": 0.8188679814338684, "left": 313.11676025390625, "top": 71.20240783691406, "right": 482.18023681640625, "bottom": 360.81195068359375}, {"class": "boat", "prob": 0.9301905035972595, "left": 15.104080200195312, "top": 150.5538330078125, "right": 257.04693603515625, "bottom": 333.8738098144531}, {"class": "aeroplane", "prob": 0.6930316686630249, "left": 89.31549835205078, "top": 50.850189208984375, "right": 251.53390502929688, "bottom": 174.40089416503906}], "time": 21.599780797958374}
