{"im": 3418, "res": [{"class": "bus", "prob": 0.6175581812858582, "left": 7.6297454833984375, "top": 67.74250030517578, "right": 493.54437255859375, "bottom": 282.96099853515625}], "time": 0.9238221645355225}
