{"im": 2762, "res": [{"class": "tvmonitor", "prob": 0.8655961751937866, "left": 323.45086669921875, "top": 227.41127014160156, "right": 452.27752685546875, "bottom": 300.0897521972656}, {"class": "tvmonitor", "prob": 0.5348598957061768, "left": 349.4894104003906, "top": 245.5198516845703, "right": 414.4535827636719, "bottom": 290.14459228515625}], "time": 1.0425171852111816}
