{"im": 3130, "res": [{"class": "sheep", "prob": 0.9640296697616577, "left": 238.0539093017578, "top": 119.85484313964844, "right": 312.541259765625, "bottom": 210.5084686279297}], "time": 21.948374032974243}
