{"im": 4354, "res": [{"class": "aeroplane", "prob": 0.7280995845794678, "left": 127.58740234375, "top": 119.40945434570312, "right": 151.33489990234375, "bottom": 204.78677368164062}], "time": 0.827880859375}
