{"im": 4329, "res": [{"class": "bird", "prob": 0.9694530367851257, "left": 243.383056640625, "top": 176.7425994873047, "right": 487.13629150390625, "bottom": 310.90191650390625}, {"class": "bird", "prob": 0.9754523634910583, "left": 77.7306900024414, "top": 176.8956298828125, "right": 221.64443969726562, "bottom": 256.02880859375}, {"class": "bird", "prob": 0.9384980797767639, "left": 152.59405517578125, "top": 177.16525268554688, "right": 344.2467041015625, "bottom": 280.8948974609375}], "time": 21.721067905426025}
