{"im": 2192, "res": [{"class": "motorbike", "prob": 0.5060877799987793, "left": 19.539894104003906, "top": 236.52264404296875, "right": 272.2376708984375, "bottom": 369.39599609375}], "time": 0.8423640727996826}
