{"im": 3187, "res": [{"class": "aeroplane", "prob": 0.9995879530906677, "left": 223.73452758789062, "top": 65.76953125, "right": 362.4289855957031, "bottom": 333.0}, {"class": "aeroplane", "prob": 0.9994514584541321, "left": 50.998626708984375, "top": 79.40887451171875, "right": 176.04067993164062, "bottom": 323.284912109375}, {"class": "aeroplane", "prob": 0.9979211688041687, "left": 110.89373016357422, "top": 137.44906616210938, "right": 279.0884094238281, "bottom": 332.276123046875}, {"class": "aeroplane", "prob": 0.9965510964393616, "left": 308.4136962890625, "top": 36.61772155761719, "right": 500.0, "bottom": 329.127197265625}], "time": 21.73676085472107}
