{"im": 5816, "res": [{"class": "sheep", "prob": 0.9800777435302734, "left": 246.14169311523438, "top": 129.6763916015625, "right": 395.8726501464844, "bottom": 210.11434936523438}, {"class": "sheep", "prob": 0.9216715097427368, "left": 26.911163330078125, "top": 136.12677001953125, "right": 259.822998046875, "bottom": 252.69088745117188}], "time": 23.055432081222534}
