{"im": 3000, "res": [{"class": "person", "prob": 0.8913593888282776, "left": 197.19918823242188, "top": 195.72743225097656, "right": 324.2586364746094, "bottom": 273.27813720703125}, {"class": "person", "prob": 0.6649516820907593, "left": 233.67718505859375, "top": 212.17466735839844, "right": 291.77777099609375, "bottom": 269.377685546875}], "time": 0.827451229095459}
