{"im": 1324, "res": [{"class": "aeroplane", "prob": 0.9718298316001892, "left": 96.44654846191406, "top": 152.83033752441406, "right": 375.0, "bottom": 498.89599609375}], "time": 21.660490036010742}
