{"im": 4971, "res": [{"class": "tvmonitor", "prob": 0.8492234945297241, "left": 141.50457763671875, "top": 152.48837280273438, "right": 500.0, "bottom": 365.3252868652344}], "time": 0.8603169918060303}
