{"im": 291, "res": [{"class": "boat", "prob": 0.9984713196754456, "left": 112.0633544921875, "top": 267.001708984375, "right": 207.744384765625, "bottom": 339.92999267578125}], "time": 21.464412927627563}
