{"im": 662, "res": [{"class": "aeroplane", "prob": 0.9965795874595642, "left": 23.20452880859375, "top": 88.8018798828125, "right": 343.61517333984375, "bottom": 500.0}, {"class": "aeroplane", "prob": 0.8160502910614014, "left": 12.759674072265625, "top": 95.55805969238281, "right": 156.36326599121094, "bottom": 351.53839111328125}], "time": 23.640611171722412}
