{"im": 1337, "res": [{"class": "sofa", "prob": 0.9919995665550232, "left": 15.002494812011719, "top": 50.31318664550781, "right": 227.55523681640625, "bottom": 263.54693603515625}, {"class": "sofa", "prob": 0.9912418723106384, "left": 237.35711669921875, "top": 70.76243591308594, "right": 485.11566162109375, "bottom": 257.5494384765625}, {"class": "bird", "prob": 0.882067859172821, "left": 450.8455810546875, "top": 86.59381866455078, "right": 488.1724853515625, "bottom": 99.99691009521484}], "time": 21.642563104629517}
