{"im": 4393, "res": [{"class": "bicycle", "prob": 0.999572217464447, "left": 2.0881500244140625, "top": 44.46507263183594, "right": 489.54742431640625, "bottom": 331.48931884765625}], "time": 21.404909133911133}
