{"im": 1527, "res": [{"class": "aeroplane", "prob": 0.5768085718154907, "left": 195.8284454345703, "top": 161.9173583984375, "right": 314.6781005859375, "bottom": 261.3555603027344}], "time": 0.8549351692199707}
