{"im": 2264, "res": [{"class": "bird", "prob": 0.9306429028511047, "left": 136.3958282470703, "top": 140.864013671875, "right": 259.4521789550781, "bottom": 217.08883666992188}, {"class": "bird", "prob": 0.9169267416000366, "left": 168.38711547851562, "top": 150.30947875976562, "right": 226.85556030273438, "bottom": 206.95559692382812}], "time": 0.8329086303710938}
