{"im": 2994, "res": [{"class": "car", "prob": 0.6312214732170105, "left": 0.0, "top": 7.9525299072265625, "right": 500.0, "bottom": 333.0}], "time": 0.833625078201294}
