{"im": 3346, "res": [{"class": "pottedplant", "prob": 0.631249189376831, "left": 33.530975341796875, "top": 14.52777099609375, "right": 282.50140380859375, "bottom": 484.5694885253906}], "time": 0.8818831443786621}
