{"im": 807, "res": [{"class": "aeroplane", "prob": 0.8183947801589966, "left": 237.717041015625, "top": 130.9617919921875, "right": 329.45599365234375, "bottom": 372.166259765625}], "time": 0.8539719581604004}
