{"im": 2549, "res": [{"class": "car", "prob": 0.9988042116165161, "left": 11.718276977539062, "top": 79.65812683105469, "right": 473.48974609375, "bottom": 291.97601318359375}, {"class": "bird", "prob": 0.6584651470184326, "left": 477.6026611328125, "top": 41.63150405883789, "right": 498.75445556640625, "bottom": 50.6742057800293}], "time": 21.41732883453369}
