{"im": 1038, "res": [{"class": "sheep", "prob": 0.7670596241950989, "left": 3.563018798828125, "top": 14.407699584960938, "right": 389.1914978027344, "bottom": 371.255126953125}], "time": 21.037375926971436}
