{"im": 5634, "res": [{"class": "bird", "prob": 0.9272231459617615, "left": 60.08879089355469, "top": 49.640960693359375, "right": 327.00482177734375, "bottom": 144.084716796875}], "time": 21.025521755218506}
