{"im": 960, "res": [{"class": "aeroplane", "prob": 0.9942864179611206, "left": 173.62269592285156, "top": 0.9003448486328125, "right": 499.03729248046875, "bottom": 386.26495361328125}], "time": 21.115357875823975}
