{"im": 5133, "res": [{"class": "bird", "prob": 0.9919888377189636, "left": 85.50395202636719, "top": 52.99988555908203, "right": 466.791015625, "bottom": 291.5659484863281}, {"class": "bird", "prob": 0.864715576171875, "left": 311.753662109375, "top": 60.22167205810547, "right": 500.0, "bottom": 160.44061279296875}, {"class": "bird", "prob": 0.9048351645469666, "left": 482.9321594238281, "top": 100.62714385986328, "right": 499.6717224121094, "bottom": 188.52615356445312}], "time": 21.4432430267334}
