{"im": 3770, "res": [{"class": "car", "prob": 0.9979825615882874, "left": 151.09771728515625, "top": 136.95327758789062, "right": 388.7291259765625, "bottom": 256.9452209472656}], "time": 21.526063203811646}
