{"im": 2212, "res": [{"class": "car", "prob": 0.9921504259109497, "left": 0.0, "top": 46.820518493652344, "right": 208.601806640625, "bottom": 281.7054748535156}], "time": 21.479884147644043}
