{"im": 2701, "res": [{"class": "car", "prob": 0.8357399702072144, "left": 226.6800537109375, "top": 130.20982360839844, "right": 435.3900146484375, "bottom": 228.96986389160156}, {"class": "car", "prob": 0.6155849099159241, "left": 296.3863220214844, "top": 140.5113525390625, "right": 371.3580017089844, "bottom": 218.38128662109375}], "time": 0.888333797454834}
