{"im": 3513, "res": [{"class": "tvmonitor", "prob": 0.9528337717056274, "left": 94.20237731933594, "top": 117.76828002929688, "right": 413.97845458984375, "bottom": 287.3503723144531}, {"class": "tvmonitor", "prob": 0.6592408418655396, "left": 237.23577880859375, "top": 78.77709197998047, "right": 319.09228515625, "bottom": 159.05349731445312}], "time": 21.514305114746094}
