{"im": 2544, "res": [{"class": "car", "prob": 0.5129249095916748, "left": 73.0284423828125, "top": 141.64013671875, "right": 398.08056640625, "bottom": 283.040771484375}], "time": 0.9035131931304932}
