{"im": 1878, "res": [{"class": "sheep", "prob": 0.9870465993881226, "left": 87.3089828491211, "top": 189.10752868652344, "right": 245.50704956054688, "bottom": 406.01934814453125}], "time": 21.68615412712097}
