{"im": 1121, "res": [{"class": "aeroplane", "prob": 0.9975197911262512, "left": 127.85613250732422, "top": 29.480697631835938, "right": 323.0633544921875, "bottom": 375.0}, {"class": "aeroplane", "prob": 0.9894189834594727, "left": 270.84930419921875, "top": 120.44998931884766, "right": 402.69512939453125, "bottom": 375.0}], "time": 21.157992124557495}
