{"im": 4042, "res": [{"class": "sheep", "prob": 0.9635955095291138, "left": 0.0, "top": 0.0, "right": 500.0, "bottom": 480.0}], "time": 23.175063133239746}
