{"im": 2861, "res": [{"class": "cow", "prob": 0.8328116536140442, "left": 17.848569869995117, "top": 129.10546875, "right": 39.96403503417969, "bottom": 157.77996826171875}, {"class": "bus", "prob": 0.7871338725090027, "left": 141.2071990966797, "top": 23.368820190429688, "right": 386.2928466796875, "bottom": 297.2969970703125}, {"class": "cow", "prob": 0.7949561476707458, "left": 120.71808624267578, "top": 143.35479736328125, "right": 129.1773681640625, "bottom": 170.53857421875}, {"class": "bus", "prob": 0.6110413670539856, "left": 399.837646484375, "top": 123.29288482666016, "right": 478.7025146484375, "bottom": 229.66055297851562}], "time": 0.8541829586029053}
