{"im": 5281, "res": [{"class": "train", "prob": 0.6124114394187927, "left": 12.553459167480469, "top": 205.7200164794922, "right": 155.75112915039062, "bottom": 341.13800048828125}, {"class": "tvmonitor", "prob": 0.7743794918060303, "left": 208.81173706054688, "top": 216.40208435058594, "right": 241.00588989257812, "bottom": 278.2901306152344}, {"class": "tvmonitor", "prob": 0.7129440903663635, "left": 181.15921020507812, "top": 205.6654052734375, "right": 265.06304931640625, "bottom": 296.4156188964844}], "time": 0.8615942001342773}
