{"im": 2641, "res": [{"class": "bus", "prob": 0.9808473587036133, "left": 18.843185424804688, "top": 0.0, "right": 359.62957763671875, "bottom": 500.0}], "time": 21.46953511238098}
