{"im": 766, "res": [{"class": "sheep", "prob": 0.9979239702224731, "left": 0.0, "top": 41.86517333984375, "right": 247.6942138671875, "bottom": 331.1249694824219}], "time": 21.71476411819458}
