{"im": 4967, "res": [{"class": "aeroplane", "prob": 0.9994720816612244, "left": 20.163619995117188, "top": 61.70838928222656, "right": 328.265625, "bottom": 481.376220703125}], "time": 21.382242918014526}
