{"im": 2794, "res": [{"class": "aeroplane", "prob": 0.9979790449142456, "left": 128.77377319335938, "top": 203.3017578125, "right": 203.77426147460938, "bottom": 397.3837890625}, {"class": "boat", "prob": 0.7190783023834229, "left": 184.84405517578125, "top": 164.4394073486328, "right": 464.8509521484375, "bottom": 494.4432373046875}, {"class": "bird", "prob": 0.9079153537750244, "left": 0.09639739990234375, "top": 254.81378173828125, "right": 142.98190307617188, "bottom": 368.3017578125}], "time": 23.128228187561035}
