{"im": 278, "res": [{"class": "aeroplane", "prob": 0.6175483465194702, "left": 14.918418884277344, "top": 28.78448486328125, "right": 260.1190490722656, "bottom": 479.52423095703125}], "time": 0.8305449485778809}
