{"im": 491, "res": [{"class": "aeroplane", "prob": 0.999971866607666, "left": 95.33061981201172, "top": 64.28739929199219, "right": 341.85003662109375, "bottom": 366.18994140625}], "time": 21.573889017105103}
