{"im": 4339, "res": [{"class": "sheep", "prob": 0.9966837763786316, "left": 0.0, "top": 50.1513671875, "right": 235.83309936523438, "bottom": 333.0}, {"class": "aeroplane", "prob": 0.9448110461235046, "left": 294.766845703125, "top": 50.11357116699219, "right": 482.38775634765625, "bottom": 217.3296356201172}], "time": 21.524665117263794}
