{"im": 5311, "res": [{"class": "bicycle", "prob": 0.9674347043037415, "left": 42.02874755859375, "top": 67.67323303222656, "right": 471.40966796875, "bottom": 314.47393798828125}], "time": 1.237504005432129}
