{"im": 3226, "res": [{"class": "sofa", "prob": 0.9893708825111389, "left": 43.28369140625, "top": 157.5880889892578, "right": 449.0449523925781, "bottom": 357.022705078125}], "time": 21.586595058441162}
