{"im": 5210, "res": [{"class": "train", "prob": 0.7848190069198608, "left": 170.3864288330078, "top": 119.81910705566406, "right": 299.6697998046875, "bottom": 207.70863342285156}], "time": 21.471879959106445}
