{"im": 1456, "res": [{"class": "sheep", "prob": 0.9428006410598755, "left": 30.42529296875, "top": 70.32194519042969, "right": 416.2840881347656, "bottom": 370.07672119140625}], "time": 21.637068033218384}
