{"im": 1291, "res": [{"class": "sheep", "prob": 0.9951581358909607, "left": 187.66297912597656, "top": 2.056488037109375, "right": 484.2845458984375, "bottom": 330.47027587890625}], "time": 21.350811004638672}
