{"im": 2264, "res": [{"class": "bird", "prob": 0.9991021156311035, "left": 136.06405639648438, "top": 142.4761962890625, "right": 260.95849609375, "bottom": 214.13916015625}, {"class": "aeroplane", "prob": 0.9761582612991333, "left": 480.157470703125, "top": 103.41419219970703, "right": 498.47711181640625, "bottom": 155.6653594970703}], "time": 21.57364010810852}
