{"im": 2529, "res": [{"class": "person", "prob": 0.9707159399986267, "left": 30.326492309570312, "top": 65.70191955566406, "right": 370.24810791015625, "bottom": 369.29180908203125}], "time": 21.85059905052185}
