{"im": 186, "res": [{"class": "aeroplane", "prob": 0.7001030445098877, "left": 24.22137451171875, "top": 36.343963623046875, "right": 272.605712890625, "bottom": 450.4422607421875}], "time": 1.075247049331665}
