{"im": 70, "res": [{"class": "aeroplane", "prob": 0.9994738698005676, "left": 247.46481323242188, "top": 96.97671508789062, "right": 500.0, "bottom": 375.0}], "time": 21.32334327697754}
