{"im": 2268, "res": [{"class": "aeroplane", "prob": 0.9992146492004395, "left": 107.26966094970703, "top": 189.8851318359375, "right": 358.0247802734375, "bottom": 469.53460693359375}], "time": 21.443434953689575}
