{"im": 3496, "res": [{"class": "aeroplane", "prob": 0.9994716048240662, "left": 61.76990509033203, "top": 33.611663818359375, "right": 218.906005859375, "bottom": 184.24893188476562}, {"class": "boat", "prob": 0.9918454885482788, "left": 106.0376968383789, "top": 173.038330078125, "right": 360.9374694824219, "bottom": 299.6459655761719}], "time": 21.46817898750305}
