{"im": 583, "res": [{"class": "cat", "prob": 0.621934175491333, "left": 356.1437683105469, "top": 190.99717712402344, "right": 410.8016052246094, "bottom": 223.8198699951172}], "time": 21.5190589427948}
