{"im": 2622, "res": [{"class": "person", "prob": 0.9600938558578491, "left": 218.48257446289062, "top": 134.30458068847656, "right": 339.4238586425781, "bottom": 211.93141174316406}, {"class": "person", "prob": 0.8684484958648682, "left": 254.77423095703125, "top": 142.86146545410156, "right": 311.99981689453125, "bottom": 203.2295379638672}], "time": 0.8559088706970215}
