{"im": 5419, "res": [{"class": "bird", "prob": 0.5680162906646729, "left": 7.996333599090576, "top": 376.5689697265625, "right": 22.927066802978516, "bottom": 389.70623779296875}, {"class": "aeroplane", "prob": 0.5340933799743652, "left": 154.29434204101562, "top": 373.47711181640625, "right": 162.44775390625, "bottom": 405.95562744140625}, {"class": "aeroplane", "prob": 0.5123812556266785, "left": 184.57565307617188, "top": 374.8546142578125, "right": 202.60226440429688, "bottom": 406.3101806640625}], "time": 0.925421953201294}
