{"im": 4924, "res": [{"class": "bottle", "prob": 0.9956715703010559, "left": 49.924774169921875, "top": 36.82444763183594, "right": 487.6509704589844, "bottom": 176.54522705078125}, {"class": "aeroplane", "prob": 0.5752478837966919, "left": 187.9203338623047, "top": 120.36453247070312, "right": 198.65577697753906, "bottom": 131.13076782226562}], "time": 21.437777996063232}
