{"im": 1830, "res": [{"class": "aeroplane", "prob": 0.6643902063369751, "left": 231.22225952148438, "top": 106.01124572753906, "right": 257.9072570800781, "bottom": 138.86473083496094}, {"class": "aeroplane", "prob": 0.5611751675605774, "left": 67.99655151367188, "top": 157.25311279296875, "right": 94.51834106445312, "bottom": 197.21270751953125}], "time": 0.8844490051269531}
