{"im": 1777, "res": [{"class": "pottedplant", "prob": 0.9984952211380005, "left": 112.9124526977539, "top": 45.12373352050781, "right": 296.0555114746094, "bottom": 233.25709533691406}, {"class": "pottedplant", "prob": 0.9798534512519836, "left": 259.8430480957031, "top": 82.6619873046875, "right": 411.7619934082031, "bottom": 343.15142822265625}], "time": 21.631790161132812}
