{"im": 630, "res": [{"class": "person", "prob": 0.9974964261054993, "left": 105.65821838378906, "top": 84.77371215820312, "right": 430.6827392578125, "bottom": 417.5689392089844}], "time": 21.638211011886597}
