{"im": 4737, "res": [{"class": "bus", "prob": 0.9992623925209045, "left": 119.78430938720703, "top": 41.22308349609375, "right": 349.4388732910156, "bottom": 140.09486389160156}], "time": 21.373652935028076}
