{"im": 1485, "res": [{"class": "sheep", "prob": 0.7593920230865479, "left": 11.956756591796875, "top": 21.758743286132812, "right": 488.2770690917969, "bottom": 480.23431396484375}], "time": 22.1036159992218}
