{"im": 4407, "res": [{"class": "boat", "prob": 0.9993463754653931, "left": 48.662200927734375, "top": 120.34708404541016, "right": 262.2511291503906, "bottom": 350.3852233886719}, {"class": "boat", "prob": 0.9935221076011658, "left": 234.8111114501953, "top": 125.58297729492188, "right": 484.34503173828125, "bottom": 307.0614013671875}, {"class": "aeroplane", "prob": 0.9983636140823364, "left": 101.72203063964844, "top": 70.22660064697266, "right": 219.17674255371094, "bottom": 189.5555419921875}, {"class": "aeroplane", "prob": 0.9949137568473816, "left": 267.66351318359375, "top": 74.7352294921875, "right": 340.09185791015625, "bottom": 182.27401733398438}], "time": 21.454089879989624}
