{"im": 1695, "res": [{"class": "bus", "prob": 0.9985038638114929, "left": 168.29566955566406, "top": 108.41633605957031, "right": 378.41064453125, "bottom": 237.1977081298828}, {"class": "aeroplane", "prob": 0.5516107678413391, "left": 288.8180847167969, "top": 152.32655334472656, "right": 301.4326477050781, "bottom": 166.8915557861328}], "time": 0.8512508869171143}
