{"im": 781, "res": [{"class": "aeroplane", "prob": 0.9445444345474243, "left": 366.325439453125, "top": 96.90664672851562, "right": 498.50408935546875, "bottom": 313.9929504394531}, {"class": "aeroplane", "prob": 0.8322756886482239, "left": 138.4056396484375, "top": 82.7567138671875, "right": 352.6451721191406, "bottom": 328.6064147949219}], "time": 0.8538622856140137}
