{"im": 885, "res": [{"class": "chair", "prob": 0.8958485126495361, "left": 76.72102355957031, "top": 81.29873657226562, "right": 368.80657958984375, "bottom": 244.00213623046875}, {"class": "chair", "prob": 0.7812976837158203, "left": 91.59574890136719, "top": 173.9064483642578, "right": 360.6346435546875, "bottom": 364.854736328125}, {"class": "chair", "prob": 0.594873309135437, "left": 477.49017333984375, "top": 105.85259246826172, "right": 500.0, "bottom": 143.6453857421875}], "time": 21.16925024986267}
