{"im": 996, "res": [{"class": "aeroplane", "prob": 0.9983295798301697, "left": 96.177490234375, "top": 125.85853576660156, "right": 345.2740783691406, "bottom": 370.66119384765625}, {"class": "bird", "prob": 0.8292753100395203, "left": 157.36676025390625, "top": 103.76222229003906, "right": 498.49285888671875, "bottom": 375.0}], "time": 21.054453134536743}
