{"im": 1405, "res": [{"class": "aeroplane", "prob": 0.7855017185211182, "left": 143.45449829101562, "top": 75.60286712646484, "right": 230.34906005859375, "bottom": 246.0086669921875}, {"class": "sheep", "prob": 0.568515956401825, "left": 143.45449829101562, "top": 75.60286712646484, "right": 230.34906005859375, "bottom": 246.0086669921875}, {"class": "sofa", "prob": 0.7910194993019104, "left": 321.5110778808594, "top": 119.38236999511719, "right": 373.0, "bottom": 229.39744567871094}], "time": 21.768628120422363}
