{"im": 2674, "res": [{"class": "person", "prob": 0.9866604208946228, "left": 154.97512817382812, "top": 95.01499938964844, "right": 353.14068603515625, "bottom": 228.4634246826172}], "time": 21.433191776275635}
