{"im": 1594, "res": [{"class": "sheep", "prob": 0.9931950569152832, "left": 47.42335510253906, "top": 93.960205078125, "right": 352.907958984375, "bottom": 253.88406372070312}], "time": 22.261664867401123}
