{"im": 381, "res": [{"class": "aeroplane", "prob": 0.996576726436615, "left": 152.8052978515625, "top": 121.66212463378906, "right": 335.6435852050781, "bottom": 330.5888671875}, {"class": "aeroplane", "prob": 0.9631619453430176, "left": 82.20182037353516, "top": 57.614532470703125, "right": 315.744873046875, "bottom": 327.42608642578125}], "time": 21.641921043395996}
