{"im": 2103, "res": [{"class": "person", "prob": 0.9979952573776245, "left": 74.82951354980469, "top": 105.12156677246094, "right": 326.55535888671875, "bottom": 441.485107421875}], "time": 21.640705108642578}
