{"im": 4340, "res": [{"class": "bottle", "prob": 0.9918164610862732, "left": 79.09403991699219, "top": 112.43681335449219, "right": 482.13031005859375, "bottom": 269.53839111328125}], "time": 21.382730960845947}
