{"im": 3546, "res": [{"class": "train", "prob": 0.9677200317382812, "left": 101.89878845214844, "top": 39.149749755859375, "right": 398.07330322265625, "bottom": 326.78778076171875}], "time": 0.9427101612091064}
