{"im": 3457, "res": [{"class": "pottedplant", "prob": 0.9563313126564026, "left": 0.0, "top": 124.92184448242188, "right": 296.0136413574219, "bottom": 253.03341674804688}, {"class": "pottedplant", "prob": 0.7905226945877075, "left": 232.73040771484375, "top": 147.8156280517578, "right": 363.86004638671875, "bottom": 240.3805389404297}], "time": 21.969531774520874}
