{"im": 4615, "res": [{"class": "sofa", "prob": 0.9883489608764648, "left": 84.328125, "top": 20.58367919921875, "right": 360.1315612792969, "bottom": 327.9448547363281}], "time": 22.819581031799316}
