{"im": 2621, "res": [{"class": "bottle", "prob": 0.9998093247413635, "left": 0.0, "top": 66.30479431152344, "right": 486.3330078125, "bottom": 260.8702392578125}], "time": 21.41458773612976}
