{"im": 746, "res": [{"class": "aeroplane", "prob": 0.9999839067459106, "left": 231.0058135986328, "top": 75.3101806640625, "right": 495.3135986328125, "bottom": 355.93328857421875}, {"class": "aeroplane", "prob": 0.9994758367538452, "left": 0.0, "top": 57.981964111328125, "right": 183.7081298828125, "bottom": 366.98638916015625}], "time": 21.814255952835083}
