{"im": 2784, "res": [{"class": "sheep", "prob": 0.914953351020813, "left": 0.0, "top": 31.0244140625, "right": 372.40716552734375, "bottom": 471.61572265625}], "time": 21.45569396018982}
