{"im": 4113, "res": [{"class": "tvmonitor", "prob": 0.9984031319618225, "left": 7.895965576171875, "top": 0.0, "right": 493.1322021484375, "bottom": 368.61810302734375}], "time": 21.637959957122803}
