{"im": 3427, "res": [{"class": "aeroplane", "prob": 0.8516010046005249, "left": 148.08670043945312, "top": 74.65424346923828, "right": 308.3578186035156, "bottom": 308.0660705566406}], "time": 21.542164087295532}
