{"im": 5372, "res": [{"class": "person", "prob": 0.987019419670105, "left": 80.46945190429688, "top": 42.47944641113281, "right": 472.4202575683594, "bottom": 247.6538543701172}], "time": 21.5562961101532}
