{"im": 3097, "res": [{"class": "boat", "prob": 0.99488365650177, "left": 67.16799926757812, "top": 106.42030334472656, "right": 327.07391357421875, "bottom": 443.06671142578125}], "time": 22.669554948806763}
