{"im": 3519, "res": [{"class": "pottedplant", "prob": 0.6581520438194275, "left": 221.9250946044922, "top": 151.27987670898438, "right": 270.4491882324219, "bottom": 174.82781982421875}], "time": 0.8850889205932617}
