{"im": 3275, "res": [{"class": "person", "prob": 0.9999207854270935, "left": 54.649688720703125, "top": 160.87686157226562, "right": 225.85299682617188, "bottom": 446.8974304199219}], "time": 21.7849760055542}
