{"im": 2022, "res": [{"class": "bicycle", "prob": 0.9951514005661011, "left": 145.48703002929688, "top": 135.8618621826172, "right": 364.0545349121094, "bottom": 237.5207977294922}, {"class": "boat", "prob": 0.9861435890197754, "left": 43.988128662109375, "top": 93.81945037841797, "right": 124.0255126953125, "bottom": 178.1259765625}, {"class": "bicycle", "prob": 0.9899359345436096, "left": 1.2207183837890625, "top": 137.4161376953125, "right": 46.27082061767578, "bottom": 208.84600830078125}, {"class": "aeroplane", "prob": 0.7819048762321472, "left": 0.0, "top": 85.80490112304688, "right": 19.844120025634766, "bottom": 181.3099365234375}], "time": 21.628752946853638}
