{"im": 2855, "res": [{"class": "aeroplane", "prob": 0.8405851125717163, "left": 280.9566650390625, "top": 147.41567993164062, "right": 344.27496337890625, "bottom": 336.3179016113281}, {"class": "aeroplane", "prob": 0.7707263827323914, "left": 296.612548828125, "top": 165.67649841308594, "right": 326.3516845703125, "bottom": 314.40753173828125}, {"class": "sofa", "prob": 0.6225621700286865, "left": 84.45539093017578, "top": 92.438232421875, "right": 277.390869140625, "bottom": 400.1495361328125}, {"class": "aeroplane", "prob": 0.5106465816497803, "left": 0.0, "top": 90.85514831542969, "right": 79.7213134765625, "bottom": 495.88116455078125}], "time": 0.8282108306884766}
