{"im": 3098, "res": [{"class": "pottedplant", "prob": 0.8217291831970215, "left": 100.31096649169922, "top": 95.17448425292969, "right": 341.6069030761719, "bottom": 272.23602294921875}, {"class": "aeroplane", "prob": 0.5385444164276123, "left": 309.5472717285156, "top": 0.0, "right": 492.0057067871094, "bottom": 281.0}], "time": 21.82850694656372}
