{"im": 3445, "res": [{"class": "aeroplane", "prob": 0.7188159823417664, "left": 52.79583740234375, "top": 20.975143432617188, "right": 389.1058044433594, "bottom": 361.9716796875}], "time": 1.151535987854004}
