{"im": 4617, "res": [{"class": "pottedplant", "prob": 0.9731422066688538, "left": 47.65989685058594, "top": 51.45884704589844, "right": 489.26324462890625, "bottom": 278.12384033203125}], "time": 21.4494788646698}
