{"im": 1425, "res": [{"class": "person", "prob": 0.974723756313324, "left": 172.1937255859375, "top": 247.89675903320312, "right": 251.30807495117188, "bottom": 307.0596618652344}, {"class": "person", "prob": 0.8568997383117676, "left": 194.01112365722656, "top": 384.6011047363281, "right": 248.5125274658203, "bottom": 467.4745788574219}], "time": 21.651408195495605}
