{"im": 684, "res": [{"class": "aeroplane", "prob": 0.9783912301063538, "left": 73.94422912597656, "top": 7.628570556640625, "right": 250.81663513183594, "bottom": 446.6299133300781}, {"class": "bicycle", "prob": 0.9650644063949585, "left": 99.82437133789062, "top": 246.7362823486328, "right": 228.37393188476562, "bottom": 476.98876953125}], "time": 21.597522974014282}
