{"im": 4823, "res": [{"class": "pottedplant", "prob": 0.6011363863945007, "left": 120.37088012695312, "top": 53.33074188232422, "right": 438.5962219238281, "bottom": 260.1075744628906}], "time": 21.415908098220825}
