{"im": 4253, "res": [{"class": "sofa", "prob": 0.9982935786247253, "left": 5.3633880615234375, "top": 52.972625732421875, "right": 447.84722900390625, "bottom": 356.66900634765625}], "time": 21.648496866226196}
