{"im": 3430, "res": [{"class": "car", "prob": 0.9918703436851501, "left": 39.26615905761719, "top": 118.0733871459961, "right": 464.0426025390625, "bottom": 183.97042846679688}], "time": 21.471736192703247}
