{"im": 5019, "res": [{"class": "bus", "prob": 0.9990881085395813, "left": 0.0, "top": 43.14397430419922, "right": 500.0, "bottom": 242.85360717773438}, {"class": "aeroplane", "prob": 0.8739759922027588, "left": 181.31893920898438, "top": 113.90836334228516, "right": 203.10910034179688, "bottom": 138.65968322753906}], "time": 21.835671186447144}
