{"im": 1958, "res": [{"class": "bottle", "prob": 0.9457748532295227, "left": 86.91746520996094, "top": 43.256690979003906, "right": 226.74754333496094, "bottom": 86.48421478271484}, {"class": "bottle", "prob": 0.8014141321182251, "left": 128.06153869628906, "top": 48.733951568603516, "right": 188.16490173339844, "bottom": 79.9119873046875}], "time": 0.8300879001617432}
