{"im": 5335, "res": [{"class": "aeroplane", "prob": 0.9990962147712708, "left": 0.0, "top": 83.60920715332031, "right": 205.16746520996094, "bottom": 333.0}, {"class": "aeroplane", "prob": 0.997485876083374, "left": 279.9676818847656, "top": 47.42681884765625, "right": 430.2886657714844, "bottom": 280.87774658203125}, {"class": "aeroplane", "prob": 0.9392968416213989, "left": 405.2027893066406, "top": 9.937179565429688, "right": 500.0, "bottom": 329.45904541015625}], "time": 21.467031002044678}
