{"im": 3099, "res": [{"class": "person", "prob": 0.9113035798072815, "left": 73.77306365966797, "top": 102.09815216064453, "right": 119.5931625366211, "bottom": 253.84344482421875}, {"class": "person", "prob": 0.6006579399108887, "left": 271.3251953125, "top": 180.42433166503906, "right": 301.78790283203125, "bottom": 209.8114471435547}], "time": 21.942743062973022}
