{"im": 4273, "res": [{"class": "aeroplane", "prob": 0.9824642539024353, "left": 242.4251251220703, "top": 18.348220825195312, "right": 322.4510192871094, "bottom": 329.58001708984375}, {"class": "aeroplane", "prob": 0.9811445474624634, "left": 168.07119750976562, "top": 72.23579406738281, "right": 252.59051513671875, "bottom": 332.1502685546875}, {"class": "aeroplane", "prob": 0.518716037273407, "left": 39.646636962890625, "top": 152.22116088867188, "right": 249.53140258789062, "bottom": 446.0881042480469}, {"class": "aeroplane", "prob": 0.8898360729217529, "left": 42.70563507080078, "top": 136.8085174560547, "right": 218.56198120117188, "bottom": 313.63543701171875}], "time": 21.704261779785156}
