{"im": 5216, "res": [{"class": "bicycle", "prob": 0.9438990950584412, "left": 0.0, "top": 17.655059814453125, "right": 396.14166259765625, "bottom": 314.69390869140625}, {"class": "aeroplane", "prob": 0.8290454149246216, "left": 476.8486328125, "top": 118.57138061523438, "right": 485.613037109375, "bottom": 142.35250854492188}], "time": 21.515847206115723}
