{"im": 23, "res": [{"class": "sofa", "prob": 0.9607265591621399, "left": 45.049957275390625, "top": 41.961326599121094, "right": 500.0, "bottom": 284.5897521972656}], "time": 21.41775107383728}
