{"im": 3521, "res": [{"class": "aeroplane", "prob": 0.9719365239143372, "left": 76.90872955322266, "top": 88.79376983642578, "right": 220.71826171875, "bottom": 314.9443664550781}], "time": 21.61166000366211}
