{"im": 2589, "res": [{"class": "pottedplant", "prob": 0.9870226383209229, "left": 1.318084716796875, "top": 18.492156982421875, "right": 186.40167236328125, "bottom": 363.9225769042969}], "time": 21.423290014266968}
