{"im": 4854, "res": [{"class": "sofa", "prob": 0.9104633331298828, "left": 152.0568084716797, "top": 88.65573120117188, "right": 319.6585693359375, "bottom": 402.12884521484375}], "time": 21.500598907470703}
