{"im": 3257, "res": [{"class": "person", "prob": 0.9014472961425781, "left": 47.489715576171875, "top": 92.87831115722656, "right": 304.6436767578125, "bottom": 197.16880798339844}], "time": 23.13573980331421}
