{"im": 70, "res": [{"class": "aeroplane", "prob": 0.7173647284507751, "left": 255.78811645507812, "top": 123.75270080566406, "right": 478.8114318847656, "bottom": 374.310791015625}], "time": 1.0761730670928955}
