{"im": 2055, "res": [{"class": "bottle", "prob": 0.9901304244995117, "left": 109.7799072265625, "top": 230.82305908203125, "right": 375.0027160644531, "bottom": 319.29150390625}, {"class": "bird", "prob": 0.9212396740913391, "left": 278.78228759765625, "top": 242.723876953125, "right": 295.47674560546875, "bottom": 250.49819946289062}, {"class": "bird", "prob": 0.9017180800437927, "left": 192.25128173828125, "top": 241.7947235107422, "right": 211.00759887695312, "bottom": 250.2960662841797}], "time": 21.65672993659973}
