{"im": 2559, "res": [{"class": "aeroplane", "prob": 0.8622100949287415, "left": 166.1752166748047, "top": 135.4730682373047, "right": 232.8086700439453, "bottom": 256.4142761230469}, {"class": "aeroplane", "prob": 0.7973345518112183, "left": 182.1904754638672, "top": 150.48428344726562, "right": 213.4795684814453, "bottom": 234.01400756835938}], "time": 0.8293788433074951}
