{"im": 4740, "res": [{"class": "pottedplant", "prob": 0.7057568430900574, "left": 28.559722900390625, "top": 2.211090087890625, "right": 475.5854187011719, "bottom": 375.0}], "time": 21.400249004364014}
