{"im": 558, "res": [{"class": "aeroplane", "prob": 0.9325071573257446, "left": 243.54397583007812, "top": 74.16024780273438, "right": 500.0, "bottom": 333.0}], "time": 0.8353960514068604}
