{"im": 3543, "res": [{"class": "sheep", "prob": 0.8433797359466553, "left": 265.71307373046875, "top": 221.0926055908203, "right": 386.8067626953125, "bottom": 268.1742858886719}, {"class": "aeroplane", "prob": 0.9896478652954102, "left": 88.49400329589844, "top": 47.31214904785156, "right": 474.31689453125, "bottom": 265.25653076171875}], "time": 21.53327512741089}
