{"im": 3680, "res": [{"class": "chair", "prob": 0.9188451170921326, "left": 15.1112060546875, "top": 136.8026885986328, "right": 336.20697021484375, "bottom": 287.117919921875}], "time": 21.499513864517212}
