{"im": 510, "res": [{"class": "aeroplane", "prob": 0.8641409873962402, "left": 157.18594360351562, "top": 234.68301391601562, "right": 375.0, "bottom": 500.0}, {"class": "aeroplane", "prob": 0.6011190414428711, "left": 8.098175048828125, "top": 87.06785583496094, "right": 217.8876953125, "bottom": 500.0}], "time": 1.0119941234588623}
