{"im": 2074, "res": [{"class": "person", "prob": 0.9954954981803894, "left": 216.48046875, "top": 293.5577392578125, "right": 322.66162109375, "bottom": 466.09490966796875}], "time": 21.668524742126465}
