{"im": 5278, "res": [{"class": "boat", "prob": 0.7253708839416504, "left": 76.52106475830078, "top": 11.701217651367188, "right": 280.38458251953125, "bottom": 389.1455078125}], "time": 21.47760272026062}
