{"im": 2519, "res": [{"class": "aeroplane", "prob": 0.996229350566864, "left": 410.3628845214844, "top": 0.0, "right": 499.0552062988281, "bottom": 360.2703857421875}, {"class": "aeroplane", "prob": 0.9960360527038574, "left": 322.1316833496094, "top": 2.7573089599609375, "right": 409.8745422363281, "bottom": 278.1634521484375}, {"class": "aeroplane", "prob": 0.994027316570282, "left": 156.72576904296875, "top": 21.69744873046875, "right": 340.2308349609375, "bottom": 370.49713134765625}, {"class": "aeroplane", "prob": 0.8530982732772827, "left": 385.9852600097656, "top": 12.19778060913086, "right": 417.9406433105469, "bottom": 93.69622802734375}], "time": 21.51331615447998}
