{"im": 4438, "res": [{"class": "bird", "prob": 0.9724807739257812, "left": 15.651485443115234, "top": 113.06819915771484, "right": 127.05531311035156, "bottom": 186.08090209960938}, {"class": "bicycle", "prob": 0.9133253693580627, "left": 148.8229522705078, "top": 160.736572265625, "right": 337.9071044921875, "bottom": 261.71478271484375}, {"class": "bird", "prob": 0.8765878081321716, "left": 45.33725357055664, "top": 117.5387191772461, "right": 98.43170166015625, "bottom": 175.36441040039062}, {"class": "aeroplane", "prob": 0.6811704635620117, "left": 204.8057098388672, "top": 137.78611755371094, "right": 242.27247619628906, "bottom": 222.6074676513672}], "time": 0.8741788864135742}
