{"im": 3334, "res": [{"class": "aeroplane", "prob": 0.7855163812637329, "left": 209.21585083007812, "top": 0.0, "right": 341.7662658691406, "bottom": 82.85319519042969}], "time": 21.48230814933777}
