{"im": 3039, "res": [{"class": "bicycle", "prob": 0.9408859610557556, "left": 45.06303405761719, "top": 73.67794036865234, "right": 458.04913330078125, "bottom": 284.2804260253906}], "time": 0.8521609306335449}
