{"im": 3378, "res": [{"class": "pottedplant", "prob": 0.8823888897895813, "left": 69.0927734375, "top": 43.145233154296875, "right": 476.70892333984375, "bottom": 372.3507995605469}, {"class": "pottedplant", "prob": 0.821088969707489, "left": 32.55816650390625, "top": 0.0, "right": 311.1468811035156, "bottom": 375.0}], "time": 21.50381898880005}
