{"im": 185, "res": [{"class": "aeroplane", "prob": 0.6504707336425781, "left": 65.98472595214844, "top": 41.37120056152344, "right": 320.0, "bottom": 347.33489990234375}], "time": 0.9385437965393066}
