{"im": 2134, "res": [{"class": "sofa", "prob": 0.9151359796524048, "left": 144.368896484375, "top": 66.8122787475586, "right": 345.80853271484375, "bottom": 258.4878845214844}], "time": 0.9778530597686768}
