{"im": 1735, "res": [{"class": "bird", "prob": 0.9088623523712158, "left": 76.13885498046875, "top": 100.31918334960938, "right": 332.266357421875, "bottom": 235.067626953125}, {"class": "aeroplane", "prob": 0.9838023781776428, "left": 335.3688659667969, "top": 71.41493225097656, "right": 349.4644470214844, "bottom": 107.10052490234375}, {"class": "bird", "prob": 0.9554468989372253, "left": 348.2455139160156, "top": 77.86054229736328, "right": 374.9686584472656, "bottom": 93.96125030517578}, {"class": "bird", "prob": 0.5195156931877136, "left": 394.54193115234375, "top": 82.83592987060547, "right": 399.86822509765625, "bottom": 96.08477020263672}], "time": 21.673723936080933}
