{"im": 4430, "res": [{"class": "aeroplane", "prob": 0.9972881078720093, "left": 0.0, "top": 110.1836929321289, "right": 287.8682861328125, "bottom": 320.6098327636719}], "time": 21.38394522666931}
