{"im": 1000, "res": [{"class": "aeroplane", "prob": 0.8003232479095459, "left": 0.0, "top": 157.52484130859375, "right": 102.01469421386719, "bottom": 375.0}, {"class": "aeroplane", "prob": 0.6315125823020935, "left": 80.38262176513672, "top": 96.97923278808594, "right": 263.6859130859375, "bottom": 375.0}], "time": 0.9258360862731934}
