{"im": 3593, "res": [{"class": "pottedplant", "prob": 0.8478559851646423, "left": 21.822433471679688, "top": 6.76800537109375, "right": 474.05816650390625, "bottom": 351.9474182128906}], "time": 21.53849172592163}
