{"im": 1321, "res": [{"class": "tvmonitor", "prob": 0.9774429798126221, "left": 122.69103240966797, "top": 55.75828552246094, "right": 374.1973876953125, "bottom": 331.8807373046875}, {"class": "tvmonitor", "prob": 0.9327324628829956, "left": 300.8437194824219, "top": 62.730194091796875, "right": 500.0, "bottom": 331.51385498046875}], "time": 21.6700279712677}
