{"im": 3561, "res": [{"class": "aeroplane", "prob": 0.916629433631897, "left": 280.7382507324219, "top": 12.1016845703125, "right": 467.6752624511719, "bottom": 316.43682861328125}, {"class": "tvmonitor", "prob": 0.6478211879730225, "left": 15.4735107421875, "top": 16.252105712890625, "right": 101.81916046142578, "bottom": 161.13735961914062}], "time": 0.8995280265808105}
