{"im": 5677, "res": [{"class": "aeroplane", "prob": 0.8950548768043518, "left": 301.809814453125, "top": 34.565460205078125, "right": 493.2138671875, "bottom": 356.55438232421875}, {"class": "aeroplane", "prob": 0.8526498079299927, "left": 309.42401123046875, "top": 27.27191162109375, "right": 480.904541015625, "bottom": 212.67678833007812}, {"class": "aeroplane", "prob": 0.7635988593101501, "left": 93.82978820800781, "top": 80.23554992675781, "right": 395.37860107421875, "bottom": 363.77423095703125}], "time": 0.8243749141693115}
