{"im": 5248, "res": [{"class": "tvmonitor", "prob": 0.5091543197631836, "left": 201.75804138183594, "top": 159.2783660888672, "right": 238.21507263183594, "bottom": 184.2272491455078}], "time": 0.8500611782073975}
