{"im": 222, "res": [{"class": "aeroplane", "prob": 0.998686671257019, "left": 238.52288818359375, "top": 114.43924713134766, "right": 373.02264404296875, "bottom": 226.47506713867188}, {"class": "aeroplane", "prob": 0.9835174083709717, "left": 45.79946517944336, "top": 69.01160430908203, "right": 149.82102966308594, "bottom": 247.5274658203125}, {"class": "aeroplane", "prob": 0.9781813025474548, "left": 269.47509765625, "top": 96.50835418701172, "right": 500.0, "bottom": 324.6744384765625}], "time": 21.464143991470337}
