{"im": 3278, "res": [{"class": "boat", "prob": 0.9961540102958679, "left": 55.868682861328125, "top": 78.92601013183594, "right": 495.9600524902344, "bottom": 343.0836181640625}], "time": 21.979130029678345}
