{"im": 5253, "res": [{"class": "aeroplane", "prob": 0.9767969846725464, "left": 145.9572296142578, "top": 77.35377502441406, "right": 222.08155822753906, "bottom": 240.4407501220703}, {"class": "aeroplane", "prob": 0.9699035286903381, "left": 166.80609130859375, "top": 98.60073852539062, "right": 202.69070434570312, "bottom": 220.01876831054688}], "time": 0.8721592426300049}
