{"im": 824, "res": [{"class": "chair", "prob": 0.7898914217948914, "left": 184.67288208007812, "top": 88.37737274169922, "right": 282.95220947265625, "bottom": 226.71163940429688}, {"class": "chair", "prob": 0.6390243172645569, "left": 41.359127044677734, "top": 172.5888214111328, "right": 59.60568618774414, "bottom": 211.7445526123047}, {"class": "aeroplane", "prob": 0.6069714426994324, "left": 256.9486999511719, "top": 206.4442596435547, "right": 261.6038513183594, "bottom": 214.10179138183594}], "time": 21.958697080612183}
