{"im": 4753, "res": [{"class": "sheep", "prob": 0.9492514729499817, "left": 223.47726440429688, "top": 141.80747985839844, "right": 472.1844177246094, "bottom": 339.989990234375}, {"class": "pottedplant", "prob": 0.9693563580513, "left": 17.989425659179688, "top": 70.92074584960938, "right": 265.2322998046875, "bottom": 371.27056884765625}, {"class": "pottedplant", "prob": 0.8891580104827881, "left": 224.8856201171875, "top": 11.6036376953125, "right": 372.82684326171875, "bottom": 252.25381469726562}], "time": 21.390870809555054}
