{"im": 2238, "res": [{"class": "bus", "prob": 0.9991547465324402, "left": 85.47962951660156, "top": 25.670486450195312, "right": 480.454833984375, "bottom": 312.97528076171875}, {"class": "bird", "prob": 0.9582498669624329, "left": 477.5107421875, "top": 184.71701049804688, "right": 499.88775634765625, "bottom": 231.04931640625}, {"class": "aeroplane", "prob": 0.5084332227706909, "left": 195.21331787109375, "top": 103.47772979736328, "right": 243.6466064453125, "bottom": 154.59036254882812}], "time": 21.443028211593628}
