{"im": 5756, "res": [{"class": "aeroplane", "prob": 0.8865785002708435, "left": 198.1082763671875, "top": 99.0846176147461, "right": 283.5655212402344, "bottom": 333.5736999511719}, {"class": "aeroplane", "prob": 0.8410001993179321, "left": 265.48760986328125, "top": 91.82334899902344, "right": 341.21307373046875, "bottom": 338.7119140625}, {"class": "aeroplane", "prob": 0.6295312643051147, "left": 108.9708023071289, "top": 196.30178833007812, "right": 133.87950134277344, "bottom": 236.81494140625}], "time": 0.8431391716003418}
