{"im": 5563, "res": [{"class": "aeroplane", "prob": 0.9986975193023682, "left": 107.97042083740234, "top": 95.69064331054688, "right": 243.671875, "bottom": 333.0}], "time": 20.985647201538086}
