{"im": 4651, "res": [{"class": "bird", "prob": 0.5702947974205017, "left": 10.592315673828125, "top": 125.9227523803711, "right": 494.4890441894531, "bottom": 270.7060241699219}], "time": 0.8758049011230469}
