{"im": 3342, "res": [{"class": "sheep", "prob": 0.844871461391449, "left": 44.37940979003906, "top": 16.337539672851562, "right": 340.35498046875, "bottom": 500.0}], "time": 21.63035011291504}
