{"im": 679, "res": [{"class": "aeroplane", "prob": 0.9549865126609802, "left": 121.56985473632812, "top": 11.168106079101562, "right": 495.2666931152344, "bottom": 359.23968505859375}], "time": 21.6263530254364}
