{"im": 73, "res": [{"class": "aeroplane", "prob": 0.5364057421684265, "left": 298.6308288574219, "top": 57.10760498046875, "right": 499.8763732910156, "bottom": 335.3612060546875}], "time": 0.8566358089447021}
