{"im": 4807, "res": [{"class": "sheep", "prob": 0.9953128099441528, "left": 171.01663208007812, "top": 170.20814514160156, "right": 330.6370544433594, "bottom": 375.46514892578125}], "time": 21.608773946762085}
