{"im": 940, "res": [{"class": "aeroplane", "prob": 0.5605518221855164, "left": 24.021026611328125, "top": 7.6803131103515625, "right": 158.8843994140625, "bottom": 268.96514892578125}, {"class": "aeroplane", "prob": 0.5070607662200928, "left": 98.521728515625, "top": 49.70738220214844, "right": 309.84332275390625, "bottom": 448.6719970703125}], "time": 0.8778841495513916}
