{"im": 3997, "res": [{"class": "aeroplane", "prob": 0.9785486459732056, "left": 0.0, "top": 14.196807861328125, "right": 500.0, "bottom": 310.4515380859375}], "time": 21.74314308166504}
