{"im": 1620, "res": [{"class": "pottedplant", "prob": 0.9780631065368652, "left": 20.817550659179688, "top": 39.3701171875, "right": 500.0, "bottom": 334.0}], "time": 21.72304105758667}
