{"im": 4820, "res": [{"class": "sheep", "prob": 0.5974545478820801, "left": 131.79139709472656, "top": 18.840980529785156, "right": 414.14599609375, "bottom": 244.99166870117188}], "time": 21.44975471496582}
