{"im": 4121, "res": [{"class": "pottedplant", "prob": 0.9932156205177307, "left": 95.01055908203125, "top": 215.0381317138672, "right": 375.0, "bottom": 500.0}], "time": 22.72112274169922}
