{"im": 4589, "res": [{"class": "chair", "prob": 0.983619749546051, "left": 365.35980224609375, "top": 132.84963989257812, "right": 493.1844482421875, "bottom": 246.24929809570312}, {"class": "chair", "prob": 0.7606284022331238, "left": 240.99282836914062, "top": 158.0087127685547, "right": 371.9550476074219, "bottom": 225.22581481933594}, {"class": "chair", "prob": 0.5975542068481445, "left": 125.34630584716797, "top": 152.30056762695312, "right": 258.9005126953125, "bottom": 212.68032836914062}], "time": 22.6688871383667}
