{"im": 4236, "res": [{"class": "boat", "prob": 0.9364133477210999, "left": 141.2520751953125, "top": 141.37063598632812, "right": 335.19580078125, "bottom": 271.97515869140625}, {"class": "aeroplane", "prob": 0.9289785027503967, "left": 207.86622619628906, "top": 87.7657699584961, "right": 287.7507019042969, "bottom": 244.486328125}, {"class": "aeroplane", "prob": 0.69102543592453, "left": 220.4792022705078, "top": 119.60737609863281, "right": 263.3119201660156, "bottom": 227.88648986816406}], "time": 0.8209700584411621}
