{"im": 89, "res": [{"class": "aeroplane", "prob": 0.9449583888053894, "left": 359.5495300292969, "top": 56.61235046386719, "right": 493.3772888183594, "bottom": 357.0}], "time": 0.8574590682983398}
