{"im": 4364, "res": [{"class": "bird", "prob": 0.9013231992721558, "left": 54.043304443359375, "top": 60.26012420654297, "right": 433.0686950683594, "bottom": 264.2029113769531}], "time": 22.72673273086548}
