{"im": 3036, "res": [{"class": "car", "prob": 0.8340307474136353, "left": 189.19773864746094, "top": 67.0182876586914, "right": 467.22735595703125, "bottom": 318.5970153808594}], "time": 0.9791679382324219}
