{"im": 1902, "res": [{"class": "aeroplane", "prob": 0.5168820023536682, "left": 120.37071990966797, "top": 46.87605285644531, "right": 222.26776123046875, "bottom": 251.9333038330078}], "time": 0.8315691947937012}
