{"im": 2758, "res": [{"class": "tvmonitor", "prob": 0.9576122164726257, "left": 181.2327423095703, "top": 95.11248779296875, "right": 409.0308837890625, "bottom": 240.42520141601562}], "time": 21.53999614715576}
