{"im": 5040, "res": [{"class": "bicycle", "prob": 0.7084000706672668, "left": 213.97726440429688, "top": 189.810302734375, "right": 458.4675598144531, "bottom": 354.20941162109375}], "time": 0.8577492237091064}
