{"im": 5105, "res": [{"class": "person", "prob": 0.9866005182266235, "left": 152.234619140625, "top": 201.7535400390625, "right": 220.19091796875, "bottom": 270.0652770996094}], "time": 22.973032236099243}
