{"im": 161, "res": [{"class": "aeroplane", "prob": 0.528912365436554, "left": 68.67938232421875, "top": 5.595619201660156, "right": 243.10250854492188, "bottom": 205.1204833984375}], "time": 1.1261119842529297}
