{"im": 546, "res": [{"class": "aeroplane", "prob": 0.9996981024742126, "left": 363.9292297363281, "top": 41.709075927734375, "right": 485.1893615722656, "bottom": 375.0}], "time": 21.731482982635498}
