{"im": 4949, "res": [{"class": "pottedplant", "prob": 0.9917663335800171, "left": 2.5520553588867188, "top": 72.3431625366211, "right": 190.93472290039062, "bottom": 326.8412780761719}], "time": 21.412672996520996}
