{"im": 5261, "res": [{"class": "aeroplane", "prob": 0.9992716312408447, "left": 123.90966796875, "top": 22.401351928710938, "right": 386.0612487792969, "bottom": 300.79498291015625}, {"class": "aeroplane", "prob": 0.5320436358451843, "left": 3.9068527221679688, "top": 194.25045776367188, "right": 183.20608520507812, "bottom": 275.1606750488281}], "time": 21.53952693939209}
