{"im": 4918, "res": [{"class": "boat", "prob": 0.9996592402458191, "left": 49.53254699707031, "top": 42.58222961425781, "right": 486.43182373046875, "bottom": 345.034912109375}], "time": 21.445566177368164}
