{"im": 378, "res": [{"class": "aeroplane", "prob": 0.5629188418388367, "left": 27.794708251953125, "top": 115.45172119140625, "right": 264.3887939453125, "bottom": 474.60595703125}], "time": 0.8714480400085449}
