{"im": 729, "res": [{"class": "aeroplane", "prob": 0.9994903206825256, "left": 8.601730346679688, "top": 114.53738403320312, "right": 341.07769775390625, "bottom": 372.8443603515625}, {"class": "aeroplane", "prob": 0.9960371851921082, "left": 317.83154296875, "top": 114.42330169677734, "right": 500.0, "bottom": 367.8878173828125}, {"class": "aeroplane", "prob": 0.9914126396179199, "left": 72.63209533691406, "top": 122.48866271972656, "right": 151.07443237304688, "bottom": 209.0326690673828}, {"class": "aeroplane", "prob": 0.9555060863494873, "left": 247.9683837890625, "top": 117.6622543334961, "right": 340.3212890625, "bottom": 302.5329284667969}], "time": 21.644094944000244}
