{"im": 2473, "res": [{"class": "sheep", "prob": 0.9994489550590515, "left": 230.25595092773438, "top": 6.651878356933594, "right": 340.0876159667969, "bottom": 246.622314453125}], "time": 21.484555959701538}
