{"im": 2881, "res": [{"class": "aeroplane", "prob": 0.9931232333183289, "left": 172.412109375, "top": 143.86106872558594, "right": 379.9276123046875, "bottom": 306.08123779296875}, {"class": "boat", "prob": 0.9821562767028809, "left": 127.71516418457031, "top": 24.83749008178711, "right": 259.26025390625, "bottom": 138.53115844726562}, {"class": "aeroplane", "prob": 0.8318372964859009, "left": 172.79844665527344, "top": 6.891613006591797, "right": 271.4533996582031, "bottom": 116.43339538574219}], "time": 21.430349826812744}
