{"im": 3523, "res": [{"class": "bicycle", "prob": 0.991486668586731, "left": 116.77806091308594, "top": 9.053733825683594, "right": 477.5333251953125, "bottom": 192.67153930664062}, {"class": "aeroplane", "prob": 0.8222092986106873, "left": 361.3885498046875, "top": 3.2789649963378906, "right": 434.0894775390625, "bottom": 63.09004592895508}], "time": 21.518824100494385}
