{"im": 3708, "res": [{"class": "pottedplant", "prob": 0.9948951005935669, "left": 198.0950927734375, "top": 38.150970458984375, "right": 456.48797607421875, "bottom": 333.0}], "time": 23.285144090652466}
