{"im": 1124, "res": [{"class": "bottle", "prob": 0.8592839241027832, "left": 21.141708374023438, "top": 73.6042709350586, "right": 484.4417724609375, "bottom": 239.24813842773438}], "time": 21.104748010635376}
