{"im": 2906, "res": [{"class": "bicycle", "prob": 0.9535019993782043, "left": 125.12934875488281, "top": 229.48617553710938, "right": 221.16749572753906, "bottom": 334.2383117675781}, {"class": "bicycle", "prob": 0.8106113076210022, "left": 147.5104217529297, "top": 243.3026885986328, "right": 192.24427795410156, "bottom": 320.0071105957031}], "time": 0.8359103202819824}
