{"im": 5470, "res": [{"class": "bird", "prob": 0.9826321601867676, "left": 332.0824279785156, "top": 238.82992553710938, "right": 356.8217468261719, "bottom": 256.4807434082031}], "time": 21.5155189037323}
