{"im": 1973, "res": [{"class": "bird", "prob": 0.5857397317886353, "left": 0.0, "top": 165.26039123535156, "right": 89.84257507324219, "bottom": 361.922607421875}], "time": 0.8319108486175537}
