{"im": 2070, "res": [{"class": "bird", "prob": 0.9959169030189514, "left": 105.32714080810547, "top": 157.09471130371094, "right": 173.63198852539062, "bottom": 190.5984344482422}, {"class": "boat", "prob": 0.9731901288032532, "left": 435.6566162109375, "top": 184.08934020996094, "right": 477.4068603515625, "bottom": 221.10984802246094}, {"class": "bicycle", "prob": 0.9382222294807434, "left": 100.4334945678711, "top": 152.15927124023438, "right": 127.2085189819336, "bottom": 169.35818481445312}, {"class": "aeroplane", "prob": 0.929027795791626, "left": 442.3392639160156, "top": 167.24012756347656, "right": 469.1151428222656, "bottom": 210.75193786621094}], "time": 21.713590145111084}
