{"im": 4670, "res": [{"class": "sheep", "prob": 0.9990931749343872, "left": 144.04287719726562, "top": 57.517425537109375, "right": 410.6018371582031, "bottom": 333.0536804199219}, {"class": "aeroplane", "prob": 0.9753837585449219, "left": 332.3033142089844, "top": 0.0, "right": 423.1229553222656, "bottom": 80.38607025146484}], "time": 22.66344428062439}
