{"im": 2080, "res": [{"class": "aeroplane", "prob": 0.9980400800704956, "left": 38.2808952331543, "top": 151.16619873046875, "right": 152.0236053466797, "bottom": 375.0}, {"class": "aeroplane", "prob": 0.9969618320465088, "left": 131.58897399902344, "top": 186.77944946289062, "right": 214.55088806152344, "bottom": 375.0}], "time": 21.697425842285156}
