{"im": 4064, "res": [{"class": "tvmonitor", "prob": 0.7023679614067078, "left": 0.0, "top": 77.45216369628906, "right": 388.77545166015625, "bottom": 375.0}], "time": 1.538710117340088}
