{"im": 5116, "res": [{"class": "aeroplane", "prob": 0.9997400641441345, "left": 232.53717041015625, "top": 161.32147216796875, "right": 352.484375, "bottom": 368.389892578125}, {"class": "aeroplane", "prob": 0.9988695979118347, "left": 8.700199127197266, "top": 86.03413391113281, "right": 129.78555297851562, "bottom": 375.0}, {"class": "aeroplane", "prob": 0.9979414343833923, "left": 320.92279052734375, "top": 79.33360290527344, "right": 495.6705322265625, "bottom": 375.0}], "time": 21.477438926696777}
