{"im": 377, "res": [{"class": "sheep", "prob": 0.5265121459960938, "left": 86.10757446289062, "top": 167.56031799316406, "right": 427.1097106933594, "bottom": 280.4556884765625}], "time": 0.8254730701446533}
