{"im": 5242, "res": [{"class": "aeroplane", "prob": 0.999198853969574, "left": 165.29794311523438, "top": 18.820716857910156, "right": 299.1371765136719, "bottom": 258.7549743652344}, {"class": "boat", "prob": 0.5223522782325745, "left": 74.90631866455078, "top": 109.87665557861328, "right": 314.20037841796875, "bottom": 324.46087646484375}], "time": 21.521701097488403}
