{"im": 2716, "res": [{"class": "aeroplane", "prob": 0.5054308176040649, "left": 243.46157836914062, "top": 209.6522979736328, "right": 494.0075988769531, "bottom": 375.0}], "time": 0.8463072776794434}
