{"im": 3077, "res": [{"class": "aeroplane", "prob": 0.9986587762832642, "left": 105.86613464355469, "top": 56.79737854003906, "right": 375.0, "bottom": 500.0}], "time": 21.71285104751587}
