{"im": 1704, "res": [{"class": "boat", "prob": 0.9961743950843811, "left": 16.617874145507812, "top": 27.201263427734375, "right": 487.96343994140625, "bottom": 285.0693359375}], "time": 22.13776421546936}
