{"im": 5023, "res": [{"class": "aeroplane", "prob": 0.5911941528320312, "left": 112.39559936523438, "top": 0.0, "right": 391.6835632324219, "bottom": 309.05230712890625}], "time": 0.8800289630889893}
