{"im": 2624, "res": [{"class": "person", "prob": 0.9995117783546448, "left": 51.860260009765625, "top": 80.1673812866211, "right": 456.6728515625, "bottom": 236.44625854492188}], "time": 21.439126014709473}
