{"im": 1617, "res": [{"class": "bottle", "prob": 0.9286107420921326, "left": 43.99211120605469, "top": 242.57008361816406, "right": 228.8863067626953, "bottom": 304.947021484375}, {"class": "bottle", "prob": 0.8866469264030457, "left": 105.58085632324219, "top": 253.14501953125, "right": 183.37110900878906, "bottom": 298.13604736328125}], "time": 1.197868824005127}
