{"im": 1679, "res": [{"class": "aeroplane", "prob": 0.6963000893592834, "left": 328.0406799316406, "top": 177.70501708984375, "right": 357.0816955566406, "bottom": 300.57501220703125}, {"class": "aeroplane", "prob": 0.6327984929084778, "left": 309.3440246582031, "top": 151.95620727539062, "right": 372.6676940917969, "bottom": 319.9647521972656}], "time": 1.0444960594177246}
