{"im": 3949, "res": [{"class": "sheep", "prob": 0.9977434873580933, "left": 29.951385498046875, "top": 13.827774047851562, "right": 475.5270080566406, "bottom": 313.4647216796875}], "time": 21.6335391998291}
