{"im": 1193, "res": [{"class": "boat", "prob": 0.6151832342147827, "left": 127.32808685302734, "top": 79.61482238769531, "right": 374.7240905761719, "bottom": 310.24053955078125}], "time": 21.11326313018799}
