{"im": 4922, "res": [{"class": "sheep", "prob": 0.7990247011184692, "left": 1.679901123046875, "top": 0.0, "right": 486.5477294921875, "bottom": 375.0}], "time": 21.443781852722168}
