{"im": 4696, "res": [{"class": "sheep", "prob": 0.9972915649414062, "left": 209.05300903320312, "top": 5.9938201904296875, "right": 500.0, "bottom": 355.07958984375}], "time": 21.405731916427612}
