{"im": 4157, "res": [{"class": "pottedplant", "prob": 0.9914780259132385, "left": 0.0, "top": 0.0, "right": 392.09423828125, "bottom": 449.0}], "time": 21.656472206115723}
