{"im": 3297, "res": [{"class": "pottedplant", "prob": 0.9946881532669067, "left": 132.09886169433594, "top": 25.563385009765625, "right": 482.1246337890625, "bottom": 322.7005615234375}], "time": 21.792675256729126}
