{"im": 980, "res": [{"class": "sofa", "prob": 0.9988725781440735, "left": 94.19558715820312, "top": 109.99343872070312, "right": 499.7232971191406, "bottom": 389.0}, {"class": "aeroplane", "prob": 0.9992624521255493, "left": 0.0, "top": 216.34527587890625, "right": 185.15782165527344, "bottom": 389.0}, {"class": "aeroplane", "prob": 0.991523265838623, "left": 234.3099365234375, "top": 17.282638549804688, "right": 435.93682861328125, "bottom": 368.08953857421875}], "time": 21.134407997131348}
