{"im": 256, "res": [{"class": "aeroplane", "prob": 0.9796537160873413, "left": 293.4730529785156, "top": 244.70574951171875, "right": 352.1724548339844, "bottom": 332.89666748046875}, {"class": "aeroplane", "prob": 0.8036742210388184, "left": 176.64576721191406, "top": 260.04095458984375, "right": 201.9846649169922, "bottom": 329.58123779296875}, {"class": "aeroplane", "prob": 0.8028187155723572, "left": 135.34957885742188, "top": 248.87649536132812, "right": 175.47177124023438, "bottom": 333.0}], "time": 21.63082480430603}
