{"im": 4904, "res": [{"class": "aeroplane", "prob": 0.9970292448997498, "left": 295.7103576660156, "top": 211.54652404785156, "right": 500.0, "bottom": 371.25518798828125}, {"class": "aeroplane", "prob": 0.9957705140113831, "left": 59.04304504394531, "top": 230.03346252441406, "right": 233.56898498535156, "bottom": 375.0}, {"class": "pottedplant", "prob": 0.8423561453819275, "left": 246.05226135253906, "top": 163.14810180664062, "right": 270.9241027832031, "bottom": 197.72174072265625}], "time": 21.427326917648315}
