{"im": 3387, "res": [{"class": "aeroplane", "prob": 0.7278295755386353, "left": 9.197647094726562, "top": 221.40573120117188, "right": 16.04815101623535, "bottom": 242.94070434570312}], "time": 0.9805052280426025}
