{"im": 2623, "res": [{"class": "pottedplant", "prob": 0.6234167218208313, "left": 110.73796081542969, "top": 53.82947540283203, "right": 315.73699951171875, "bottom": 298.8021240234375}], "time": 0.832974910736084}
