{"im": 521, "res": [{"class": "aeroplane", "prob": 0.9973808526992798, "left": 162.55514526367188, "top": 94.2926025390625, "right": 390.7303161621094, "bottom": 331.8869323730469}, {"class": "sofa", "prob": 0.9856300950050354, "left": 49.932106018066406, "top": 7.36065673828125, "right": 299.32244873046875, "bottom": 324.83917236328125}, {"class": "sofa", "prob": 0.9821245074272156, "left": 0.0, "top": 0.0, "right": 121.39234161376953, "bottom": 333.0}], "time": 21.63833498954773}
