{"im": 3187, "res": [{"class": "aeroplane", "prob": 0.9485525488853455, "left": 315.61883544921875, "top": 29.617584228515625, "right": 499.0531005859375, "bottom": 333.0}, {"class": "aeroplane", "prob": 0.8507401347160339, "left": 211.87277221679688, "top": 53.82957458496094, "right": 353.7240905761719, "bottom": 333.0}, {"class": "aeroplane", "prob": 0.8481671810150146, "left": 61.46955108642578, "top": 62.849273681640625, "right": 184.31463623046875, "bottom": 333.0}, {"class": "aeroplane", "prob": 0.7469336986541748, "left": 113.26360321044922, "top": 135.6986083984375, "right": 296.24261474609375, "bottom": 330.15472412109375}], "time": 1.1431879997253418}
