{"im": 1482, "res": [{"class": "person", "prob": 0.9862663745880127, "left": 241.0687713623047, "top": 154.8411865234375, "right": 327.80645751953125, "bottom": 256.1014404296875}], "time": 23.88574504852295}
