{"im": 4870, "res": [{"class": "sheep", "prob": 0.966847836971283, "left": 42.169403076171875, "top": 0.0, "right": 424.0, "bottom": 500.0}], "time": 21.490256309509277}
