{"im": 4381, "res": [{"class": "aeroplane", "prob": 0.9974613785743713, "left": 209.46371459960938, "top": 42.486114501953125, "right": 328.0022277832031, "bottom": 459.63885498046875}, {"class": "bird", "prob": 0.8722056150436401, "left": 0.0, "top": 166.6306915283203, "right": 335.3830261230469, "bottom": 436.8380126953125}], "time": 21.43997311592102}
