{"im": 4121, "res": [{"class": "pottedplant", "prob": 0.7476478815078735, "left": 82.64106750488281, "top": 225.68568420410156, "right": 371.42437744140625, "bottom": 492.11724853515625}], "time": 0.8494746685028076}
