{"im": 5718, "res": [{"class": "boat", "prob": 0.7903031706809998, "left": 35.88478088378906, "top": 13.758331298828125, "right": 394.13763427734375, "bottom": 319.0}], "time": 1.0691750049591064}
