{"im": 1235, "res": [{"class": "person", "prob": 0.9995410442352295, "left": 54.438568115234375, "top": 89.92486572265625, "right": 215.27468872070312, "bottom": 456.85479736328125}], "time": 21.10299587249756}
