{"im": 3142, "res": [{"class": "sofa", "prob": 0.9656752347946167, "left": 40.236663818359375, "top": 101.33206176757812, "right": 359.3244934082031, "bottom": 328.9781188964844}], "time": 1.1833710670471191}
