{"im": 5144, "res": [{"class": "chair", "prob": 0.8228926062583923, "left": 54.07684326171875, "top": 157.15914916992188, "right": 109.33322143554688, "bottom": 196.957275390625}, {"class": "aeroplane", "prob": 0.5611405968666077, "left": 460.73065185546875, "top": 143.853515625, "right": 483.744873046875, "bottom": 173.29388427734375}, {"class": "chair", "prob": 0.530314028263092, "left": 24.974510192871094, "top": 149.06396484375, "right": 144.05142211914062, "bottom": 206.95022583007812}], "time": 0.8646390438079834}
