{"im": 1382, "res": [{"class": "aeroplane", "prob": 0.9997886419296265, "left": 189.1696014404297, "top": 196.10394287109375, "right": 224.5120391845703, "bottom": 317.08599853515625}, {"class": "bottle", "prob": 0.9977150559425354, "left": 50.2381591796875, "top": 104.937744140625, "right": 491.13525390625, "bottom": 330.2726745605469}], "time": 21.67029595375061}
