{"im": 3921, "res": [{"class": "pottedplant", "prob": 0.9917718172073364, "left": 249.6122283935547, "top": 30.150039672851562, "right": 500.0, "bottom": 262.48431396484375}], "time": 21.522523164749146}
