{"im": 5238, "res": [{"class": "bus", "prob": 0.7099038362503052, "left": 91.62278747558594, "top": 94.3448486328125, "right": 429.7200927734375, "bottom": 266.0335388183594}, {"class": "bird", "prob": 0.6972820162773132, "left": 76.76834106445312, "top": 170.3832550048828, "right": 90.08903503417969, "bottom": 186.5802764892578}, {"class": "bus", "prob": 0.5061002969741821, "left": 17.088401794433594, "top": 113.60519409179688, "right": 44.975059509277344, "bottom": 193.32659912109375}], "time": 0.9778618812561035}
