{"im": 424, "res": [{"class": "aeroplane", "prob": 0.9990918636322021, "left": 380.19830322265625, "top": 29.266250610351562, "right": 498.12872314453125, "bottom": 330.36505126953125}, {"class": "aeroplane", "prob": 0.9979929327964783, "left": 5.4156951904296875, "top": 0.83746337890625, "right": 143.55120849609375, "bottom": 317.05120849609375}, {"class": "aeroplane", "prob": 0.9929429292678833, "left": 210.16871643066406, "top": 10.467422485351562, "right": 336.31378173828125, "bottom": 355.49847412109375}, {"class": "aeroplane", "prob": 0.8560718894004822, "left": 291.9679260253906, "top": 31.1312255859375, "right": 357.2868957519531, "bottom": 325.3702697753906}], "time": 21.680197954177856}
