{"im": 457, "res": [{"class": "aeroplane", "prob": 0.9964607954025269, "left": 221.17922973632812, "top": 104.41175842285156, "right": 380.7253112792969, "bottom": 313.42828369140625}, {"class": "aeroplane", "prob": 0.9610503315925598, "left": 183.15980529785156, "top": 127.54467010498047, "right": 311.2747802734375, "bottom": 316.7984313964844}], "time": 21.55102801322937}
