{"im": 82, "res": [{"class": "aeroplane", "prob": 0.9892784357070923, "left": 163.38836669921875, "top": 159.65818786621094, "right": 328.39459228515625, "bottom": 345.3333740234375}, {"class": "boat", "prob": 0.928575873374939, "left": 159.24453735351562, "top": 235.5264892578125, "right": 287.158447265625, "bottom": 421.104248046875}], "time": 21.95656180381775}
