{"im": 533, "res": [{"class": "aeroplane", "prob": 0.975013017654419, "left": 88.75286102294922, "top": 125.52215576171875, "right": 265.7931823730469, "bottom": 375.0}], "time": 0.8874280452728271}
