{"im": 739, "res": [{"class": "aeroplane", "prob": 0.9923935532569885, "left": 157.3148193359375, "top": 143.67906188964844, "right": 380.0, "bottom": 470.358642578125}, {"class": "aeroplane", "prob": 0.9714822173118591, "left": 0.26454925537109375, "top": 240.85549926757812, "right": 192.81646728515625, "bottom": 463.6393127441406}, {"class": "aeroplane", "prob": 0.9407256841659546, "left": 8.986907958984375, "top": 30.863265991210938, "right": 223.66441345214844, "bottom": 441.20623779296875}], "time": 21.837154865264893}
