{"im": 2311, "res": [{"class": "bus", "prob": 0.999235987663269, "left": 112.00550842285156, "top": 41.521331787109375, "right": 380.1185302734375, "bottom": 260.5682067871094}, {"class": "bus", "prob": 0.9987444877624512, "left": 0.0, "top": 109.22603607177734, "right": 114.9979476928711, "bottom": 268.0477600097656}, {"class": "bird", "prob": 0.9964467287063599, "left": 411.9591979980469, "top": 185.99649047851562, "right": 498.8220520019531, "bottom": 254.58148193359375}], "time": 21.433439016342163}
