{"im": 1128, "res": [{"class": "bicycle", "prob": 0.9920129776000977, "left": 93.08174133300781, "top": 191.95877075195312, "right": 350.00482177734375, "bottom": 334.4251403808594}], "time": 21.138279914855957}
