{"im": 4835, "res": [{"class": "tvmonitor", "prob": 0.8736370205879211, "left": 209.52191162109375, "top": 195.24356079101562, "right": 410.684326171875, "bottom": 463.0}, {"class": "aeroplane", "prob": 0.991487979888916, "left": 7.622367858886719, "top": 144.10537719726562, "right": 128.58349609375, "bottom": 361.7592468261719}, {"class": "tvmonitor", "prob": 0.9595102667808533, "left": 40.97041320800781, "top": 168.3983154296875, "right": 187.82456970214844, "bottom": 325.8008117675781}], "time": 21.781368017196655}
