{"im": 1221, "res": [{"class": "sheep", "prob": 0.7721290588378906, "left": 0.0, "top": 130.9444580078125, "right": 350.7453918457031, "bottom": 400.0}, {"class": "tvmonitor", "prob": 0.7608826756477356, "left": 0.0, "top": 130.9444580078125, "right": 350.7453918457031, "bottom": 400.0}], "time": 21.17107892036438}
