{"im": 5373, "res": [{"class": "tvmonitor", "prob": 0.9333521723747253, "left": 78.9208984375, "top": 48.27168273925781, "right": 495.4853515625, "bottom": 261.66571044921875}], "time": 0.834561824798584}
