{"im": 5508, "res": [{"class": "sofa", "prob": 0.9993623495101929, "left": 83.07901000976562, "top": 136.36578369140625, "right": 426.7230224609375, "bottom": 453.03753662109375}], "time": 21.097387075424194}
