{"im": 671, "res": [{"class": "aeroplane", "prob": 0.9978504180908203, "left": 65.7078628540039, "top": 98.17472839355469, "right": 267.59906005859375, "bottom": 371.6090087890625}, {"class": "aeroplane", "prob": 0.9981407523155212, "left": 230.1062469482422, "top": 83.41429138183594, "right": 488.0093994140625, "bottom": 375.0}, {"class": "aeroplane", "prob": 0.9726340770721436, "left": 0.2815361022949219, "top": 160.51303100585938, "right": 47.3311882019043, "bottom": 375.0}, {"class": "aeroplane", "prob": 0.8971444368362427, "left": 435.7533264160156, "top": 85.73953247070312, "right": 500.0, "bottom": 349.36505126953125}], "time": 23.35217308998108}
