{"im": 3624, "res": [{"class": "aeroplane", "prob": 0.5112623572349548, "left": 126.22296142578125, "top": 214.88458251953125, "right": 210.93710327148438, "bottom": 312.4796142578125}], "time": 0.8403582572937012}
