{"im": 4010, "res": [{"class": "aeroplane", "prob": 0.9865198731422424, "left": 0.0, "top": 22.8326416015625, "right": 287.9580078125, "bottom": 341.0087890625}, {"class": "sheep", "prob": 0.8874096870422363, "left": 167.41567993164062, "top": 115.56639862060547, "right": 379.6893005371094, "bottom": 257.20416259765625}], "time": 21.612078189849854}
