{"im": 872, "res": [{"class": "aeroplane", "prob": 0.913616955280304, "left": 67.41288757324219, "top": 62.12705993652344, "right": 301.37274169921875, "bottom": 472.72515869140625}], "time": 21.128603219985962}
