{"im": 1393, "res": [{"class": "cat", "prob": 0.7700555920600891, "left": 137.25196838378906, "top": 133.6661376953125, "right": 420.077392578125, "bottom": 259.9817810058594}], "time": 0.887563943862915}
