{"im": 1306, "res": [{"class": "aeroplane", "prob": 0.9930964112281799, "left": 80.39615631103516, "top": 82.55455017089844, "right": 219.77154541015625, "bottom": 336.0}, {"class": "aeroplane", "prob": 0.9699141979217529, "left": 238.80438232421875, "top": 42.563690185546875, "right": 352.81170654296875, "bottom": 336.0}, {"class": "chair", "prob": 0.5072110295295715, "left": 28.727922439575195, "top": 132.43545532226562, "right": 48.86454772949219, "bottom": 142.19528198242188}], "time": 0.9664242267608643}
