{"im": 1122, "res": [{"class": "boat", "prob": 0.5275301933288574, "left": 95.22378540039062, "top": 0.0, "right": 401.73895263671875, "bottom": 373.10968017578125}], "time": 0.8551180362701416}
