{"im": 1815, "res": [{"class": "aeroplane", "prob": 0.9930595755577087, "left": 178.29440307617188, "top": 55.467041015625, "right": 203.56906127929688, "bottom": 115.35108947753906}, {"class": "aeroplane", "prob": 0.974995493888855, "left": 156.3107147216797, "top": 57.204769134521484, "right": 175.87770080566406, "bottom": 118.31680297851562}, {"class": "aeroplane", "prob": 0.7098763585090637, "left": 0.5961494445800781, "top": 0.0, "right": 45.41929626464844, "bottom": 245.4012451171875}, {"class": "aeroplane", "prob": 0.6695144772529602, "left": 54.57258605957031, "top": 44.6934928894043, "right": 86.81025695800781, "bottom": 151.5944061279297}], "time": 21.646687984466553}
