{"im": 5025, "res": [{"class": "car", "prob": 0.9994717836380005, "left": 0.0, "top": 55.541229248046875, "right": 500.0, "bottom": 375.0}, {"class": "aeroplane", "prob": 0.9982783198356628, "left": 427.63720703125, "top": 164.28713989257812, "right": 460.49298095703125, "bottom": 303.0489196777344}, {"class": "aeroplane", "prob": 0.9936509132385254, "left": 368.6795959472656, "top": 188.33042907714844, "right": 397.3246154785156, "bottom": 298.7814025878906}], "time": 21.462082147598267}
