{"im": 3035, "res": [{"class": "bird", "prob": 0.977838933467865, "left": 87.806396484375, "top": 294.27471923828125, "right": 181.373046875, "bottom": 370.0660400390625}, {"class": "bird", "prob": 0.950179398059845, "left": 114.92576599121094, "top": 307.7054748535156, "right": 157.50132751464844, "bottom": 359.7443542480469}], "time": 0.9526379108428955}
