{"im": 859, "res": [{"class": "aeroplane", "prob": 0.8011835217475891, "left": 96.94729614257812, "top": 64.92880249023438, "right": 183.49884033203125, "bottom": 218.67822265625}, {"class": "boat", "prob": 0.568818211555481, "left": 88.24698638916016, "top": 122.17044067382812, "right": 231.75970458984375, "bottom": 249.145751953125}], "time": 1.0523581504821777}
