{"im": 3410, "res": [{"class": "sheep", "prob": 0.9595634341239929, "left": 0.0, "top": 37.824005126953125, "right": 495.0692138671875, "bottom": 306.0816650390625}], "time": 21.838371992111206}
