{"im": 4231, "res": [{"class": "pottedplant", "prob": 0.9933613538742065, "left": 184.32986450195312, "top": 74.4122314453125, "right": 370.5441589355469, "bottom": 375.0}], "time": 21.5766499042511}
