{"im": 4101, "res": [{"class": "sheep", "prob": 0.924737811088562, "left": 158.80686950683594, "top": 71.190185546875, "right": 321.04876708984375, "bottom": 212.3367919921875}], "time": 21.653470993041992}
