{"im": 5234, "res": [{"class": "bus", "prob": 0.9982589483261108, "left": 96.40621948242188, "top": 74.1227798461914, "right": 391.43524169921875, "bottom": 264.8504943847656}, {"class": "bus", "prob": 0.9946717023849487, "left": 399.3298645019531, "top": 38.997589111328125, "right": 500.0, "bottom": 296.7679443359375}, {"class": "aeroplane", "prob": 0.6951891183853149, "left": 222.88034057617188, "top": 128.72317504882812, "right": 253.66159057617188, "bottom": 200.82485961914062}], "time": 21.465834856033325}
