{"im": 4800, "res": [{"class": "aeroplane", "prob": 0.9805923700332642, "left": 92.83767700195312, "top": 84.54808044433594, "right": 180.00595092773438, "bottom": 375.06024169921875}, {"class": "bird", "prob": 0.6752991676330566, "left": 1.4642562866210938, "top": 108.2769546508789, "right": 133.37393188476562, "bottom": 268.3727111816406}], "time": 0.8658790588378906}
