{"im": 1019, "res": [{"class": "bird", "prob": 0.920968770980835, "left": 76.33616638183594, "top": 120.0994873046875, "right": 401.0921630859375, "bottom": 225.41061401367188}], "time": 0.9083168506622314}
