{"im": 2376, "res": [{"class": "car", "prob": 0.6831196546554565, "left": 112.40109252929688, "top": 150.89187622070312, "right": 440.2566833496094, "bottom": 272.717041015625}], "time": 21.499584913253784}
