{"im": 238, "res": [{"class": "bird", "prob": 0.8083357214927673, "left": 89.89945983886719, "top": 142.90028381347656, "right": 198.7898406982422, "bottom": 226.7494354248047}, {"class": "bird", "prob": 0.8338614702224731, "left": 385.32904052734375, "top": 121.92518615722656, "right": 500.0, "bottom": 196.91514587402344}, {"class": "bird", "prob": 0.6960622072219849, "left": 122.12422943115234, "top": 150.81861877441406, "right": 170.71881103515625, "bottom": 214.6771697998047}, {"class": "bird", "prob": 0.5343770384788513, "left": 423.8677673339844, "top": 127.82659912109375, "right": 471.0266418457031, "bottom": 193.30166625976562}], "time": 1.0480711460113525}
