{"im": 3833, "res": [{"class": "pottedplant", "prob": 0.9859898090362549, "left": 48.41395568847656, "top": 5.8766326904296875, "right": 287.371337890625, "bottom": 340.6219482421875}], "time": 21.56352996826172}
