{"im": 5685, "res": [{"class": "sheep", "prob": 0.9972817897796631, "left": 120.48312377929688, "top": 203.62060546875, "right": 244.45150756835938, "bottom": 360.20281982421875}], "time": 23.571738719940186}
