{"im": 2194, "res": [{"class": "car", "prob": 0.5035111308097839, "left": 8.68096923828125, "top": 99.562744140625, "right": 247.12762451171875, "bottom": 282.41497802734375}], "time": 0.8354699611663818}
