{"im": 5654, "res": [{"class": "aeroplane", "prob": 0.8093399405479431, "left": 85.0647201538086, "top": 150.29122924804688, "right": 337.6923522949219, "bottom": 368.3158264160156}], "time": 0.8519108295440674}
