{"im": 1292, "res": [{"class": "aeroplane", "prob": 0.7742910981178284, "left": 209.6767578125, "top": 1.8179550170898438, "right": 421.898681640625, "bottom": 166.8358154296875}], "time": 0.8289761543273926}
