{"im": 4980, "res": [{"class": "pottedplant", "prob": 0.5931543111801147, "left": 92.51014709472656, "top": 125.14631652832031, "right": 262.6309814453125, "bottom": 336.41766357421875}], "time": 0.8445942401885986}
