{"im": 5797, "res": [{"class": "aeroplane", "prob": 0.9890767931938171, "left": 66.08865356445312, "top": 88.16543579101562, "right": 200.08721923828125, "bottom": 367.71429443359375}, {"class": "aeroplane", "prob": 0.8905487060546875, "left": 298.1749572753906, "top": 0.0, "right": 483.8280334472656, "bottom": 375.0}], "time": 1.0477089881896973}
