{"im": 1196, "res": [{"class": "car", "prob": 0.729614794254303, "left": 64.88206481933594, "top": 57.281044006347656, "right": 439.2181396484375, "bottom": 279.5660095214844}], "time": 1.2425220012664795}
