{"im": 1526, "res": [{"class": "boat", "prob": 0.6155127286911011, "left": 0.0, "top": 59.48945617675781, "right": 500.0, "bottom": 370.2900390625}], "time": 21.66014313697815}
