{"im": 522, "res": [{"class": "aeroplane", "prob": 0.7722532749176025, "left": 344.2204895019531, "top": 62.63548278808594, "right": 472.0575256347656, "bottom": 323.9288330078125}], "time": 0.8902089595794678}
