{"im": 3877, "res": [{"class": "sheep", "prob": 0.627208948135376, "left": 91.5975341796875, "top": 9.888534545898438, "right": 481.34197998046875, "bottom": 333.0}], "time": 0.8328139781951904}
