{"im": 4491, "res": [{"class": "pottedplant", "prob": 0.724545955657959, "left": 23.022018432617188, "top": 0.0, "right": 364.433349609375, "bottom": 322.69873046875}], "time": 21.412090301513672}
