{"im": 3159, "res": [{"class": "bottle", "prob": 0.9990872740745544, "left": 0.0, "top": 59.49695587158203, "right": 500.0, "bottom": 278.3155212402344}], "time": 22.161514043807983}
