{"im": 5690, "res": [{"class": "pottedplant", "prob": 0.9741985201835632, "left": 177.22894287109375, "top": 122.00948333740234, "right": 375.6741943359375, "bottom": 307.95794677734375}], "time": 21.28978681564331}
