{"im": 4262, "res": [{"class": "tvmonitor", "prob": 0.968329906463623, "left": 8.766250610351562, "top": 142.238525390625, "right": 144.6768035888672, "bottom": 249.79693603515625}], "time": 21.484644174575806}
