{"im": 560, "res": [{"class": "aeroplane", "prob": 0.9963939785957336, "left": 0.0, "top": 57.80302429199219, "right": 248.62728881835938, "bottom": 375.0}, {"class": "aeroplane", "prob": 0.997072160243988, "left": 209.17918395996094, "top": 84.69613647460938, "right": 439.20001220703125, "bottom": 375.0}, {"class": "aeroplane", "prob": 0.9640070796012878, "left": 366.02777099609375, "top": 88.1954345703125, "right": 494.40509033203125, "bottom": 375.0}], "time": 22.28685998916626}
