{"im": 5751, "res": [{"class": "sofa", "prob": 0.9987305998802185, "left": 224.1820068359375, "top": 108.55929565429688, "right": 437.6131591796875, "bottom": 280.5858154296875}, {"class": "sofa", "prob": 0.9708573222160339, "left": 12.988571166992188, "top": 132.69776916503906, "right": 314.41229248046875, "bottom": 295.91424560546875}, {"class": "aeroplane", "prob": 0.982448399066925, "left": 445.3515625, "top": 157.7813720703125, "right": 492.64105224609375, "bottom": 260.4938659667969}, {"class": "bird", "prob": 0.8168240189552307, "left": 422.2132263183594, "top": 150.509033203125, "right": 500.0, "bottom": 240.91445922851562}], "time": 28.60093379020691}
