{"im": 4463, "res": [{"class": "pottedplant", "prob": 0.5712361931800842, "left": 109.40374755859375, "top": 90.77410888671875, "right": 389.8939514160156, "bottom": 307.6624450683594}], "time": 0.8176109790802002}
