{"im": 654, "res": [{"class": "chair", "prob": 0.9325945973396301, "left": 9.522903442382812, "top": 160.58340454101562, "right": 482.5078125, "bottom": 282.4754943847656}], "time": 21.817606925964355}
