{"im": 151, "res": [{"class": "aeroplane", "prob": 0.5291805267333984, "left": 339.281005859375, "top": 170.36312866210938, "right": 365.7625732421875, "bottom": 226.809814453125}], "time": 1.309601068496704}
