{"im": 2881, "res": [{"class": "boat", "prob": 0.7408775687217712, "left": 188.50680541992188, "top": 147.89239501953125, "right": 386.9548645019531, "bottom": 321.833984375}], "time": 0.8605680465698242}
