{"im": 4149, "res": [{"class": "pottedplant", "prob": 0.578679084777832, "left": 214.58392333984375, "top": 181.9503936767578, "right": 339.5509033203125, "bottom": 228.85511779785156}], "time": 21.629231929779053}
