{"im": 2199, "res": [{"class": "bus", "prob": 0.9940633177757263, "left": 108.96511840820312, "top": 117.60501098632812, "right": 241.17498779296875, "bottom": 317.0735778808594}, {"class": "bus", "prob": 0.9992668628692627, "left": 0.0, "top": 146.6708221435547, "right": 119.91761779785156, "bottom": 288.09661865234375}, {"class": "aeroplane", "prob": 0.9914231300354004, "left": 254.12539672851562, "top": 223.52523803710938, "right": 280.0912780761719, "bottom": 298.4819030761719}, {"class": "aeroplane", "prob": 0.8792077302932739, "left": 285.16558837890625, "top": 230.69223022460938, "right": 307.03143310546875, "bottom": 300.8808288574219}], "time": 21.45193600654602}
