{"im": 384, "res": [{"class": "aeroplane", "prob": 0.9602887034416199, "left": 367.24444580078125, "top": 7.440563201904297, "right": 497.45709228515625, "bottom": 113.24662780761719}, {"class": "pottedplant", "prob": 0.8573753237724304, "left": 100.567626953125, "top": 93.69612121582031, "right": 456.593017578125, "bottom": 292.18023681640625}], "time": 21.54159688949585}
