{"im": 921, "res": [{"class": "aeroplane", "prob": 0.9104017615318298, "left": 0.0, "top": 12.8902587890625, "right": 340.29852294921875, "bottom": 299.99810791015625}], "time": 21.110846996307373}
