{"im": 2130, "res": [{"class": "cat", "prob": 0.692980170249939, "left": 49.9383544921875, "top": 32.11407470703125, "right": 436.0, "bottom": 408.0470886230469}], "time": 21.673243045806885}
