{"im": 4150, "res": [{"class": "bird", "prob": 0.8881397843360901, "left": 8.011184692382812, "top": 0.0, "right": 445.885009765625, "bottom": 234.53512573242188}], "time": 21.625725984573364}
