{"im": 3212, "res": [{"class": "aeroplane", "prob": 0.9995357990264893, "left": 107.45794677734375, "top": 69.92141723632812, "right": 357.50897216796875, "bottom": 373.43292236328125}], "time": 21.82404136657715}
