{"im": 440, "res": [{"class": "aeroplane", "prob": 0.9759216904640198, "left": 196.91810607910156, "top": 228.95803833007812, "right": 219.3591766357422, "bottom": 283.9065856933594}, {"class": "aeroplane", "prob": 0.7527827620506287, "left": 262.0254211425781, "top": 229.55654907226562, "right": 282.4975280761719, "bottom": 277.62237548828125}, {"class": "aeroplane", "prob": 0.7194252014160156, "left": 294.6685485839844, "top": 223.05123901367188, "right": 315.3116149902344, "bottom": 270.5191650390625}], "time": 0.8368139266967773}
