{"im": 1682, "res": [{"class": "sheep", "prob": 0.9928040504455566, "left": 187.3819580078125, "top": 110.5102767944336, "right": 333.7216796875, "bottom": 340.50579833984375}], "time": 21.787251949310303}
