{"im": 1549, "res": [{"class": "car", "prob": 0.6566153168678284, "left": 92.76725769042969, "top": 230.86044311523438, "right": 179.0275421142578, "bottom": 352.1288757324219}], "time": 0.9913699626922607}
