{"im": 4832, "res": [{"class": "pottedplant", "prob": 0.5674574971199036, "left": 15.665313720703125, "top": 75.67839050292969, "right": 413.4974670410156, "bottom": 373.5264892578125}], "time": 0.9443891048431396}
