{"im": 3589, "res": [{"class": "bird", "prob": 0.9610418081283569, "left": 25.56890869140625, "top": 99.5148696899414, "right": 462.43255615234375, "bottom": 317.13702392578125}], "time": 21.600807905197144}
