{"im": 1790, "res": [{"class": "aeroplane", "prob": 0.9051697850227356, "left": 263.2278137207031, "top": 153.84437561035156, "right": 331.6706237792969, "bottom": 192.60462951660156}], "time": 21.61685872077942}
