{"im": 4059, "res": [{"class": "chair", "prob": 0.5136181116104126, "left": 155.01773071289062, "top": 101.22354888916016, "right": 248.12112426757812, "bottom": 162.63656616210938}], "time": 21.61638593673706}
