{"im": 3040, "res": [{"class": "sheep", "prob": 0.724602222442627, "left": 0.9679107666015625, "top": 6.441986083984375, "right": 482.70526123046875, "bottom": 333.0}], "time": 21.747155904769897}
