{"im": 521, "res": [{"class": "aeroplane", "prob": 0.7127869725227356, "left": 175.97767639160156, "top": 75.56427001953125, "right": 399.7799072265625, "bottom": 331.13787841796875}], "time": 0.8546059131622314}
