{"im": 1988, "res": [{"class": "bird", "prob": 0.7683655619621277, "left": 173.8851776123047, "top": 191.69850158691406, "right": 300.20074462890625, "bottom": 240.62266540527344}, {"class": "bird", "prob": 0.7742912769317627, "left": 207.7352752685547, "top": 202.45777893066406, "right": 265.9424743652344, "bottom": 231.6356658935547}, {"class": "bird", "prob": 0.7340923547744751, "left": 153.90301513671875, "top": 228.7278594970703, "right": 498.7213134765625, "bottom": 362.0}, {"class": "bird", "prob": 0.6304748058319092, "left": 97.70533752441406, "top": 195.94708251953125, "right": 118.07542419433594, "bottom": 209.36386108398438}], "time": 0.8667161464691162}
