{"im": 1040, "res": [{"class": "aeroplane", "prob": 0.9980969429016113, "left": 8.656509399414062, "top": 66.27644348144531, "right": 330.72882080078125, "bottom": 394.26763916015625}, {"class": "aeroplane", "prob": 0.9581419229507446, "left": 199.31619262695312, "top": 26.258926391601562, "right": 500.0, "bottom": 377.640625}], "time": 21.099066972732544}
