{"im": 1394, "res": [{"class": "sheep", "prob": 0.9226934313774109, "left": 122.82366943359375, "top": 20.414756774902344, "right": 366.08251953125, "bottom": 257.9103698730469}], "time": 0.8485071659088135}
