{"im": 4780, "res": [{"class": "pottedplant", "prob": 0.6808271408081055, "left": 194.33668518066406, "top": 144.86305236816406, "right": 320.9626770019531, "bottom": 234.26097106933594}], "time": 0.9079082012176514}
