{"im": 1795, "res": [{"class": "aeroplane", "prob": 0.8200417757034302, "left": 0.0, "top": 225.51075744628906, "right": 82.8117446899414, "bottom": 494.6231689453125}, {"class": "aeroplane", "prob": 0.7795959115028381, "left": 107.83609008789062, "top": 52.2344970703125, "right": 193.2601318359375, "bottom": 292.34326171875}, {"class": "aeroplane", "prob": 0.7402111291885376, "left": 127.65502166748047, "top": 219.66452026367188, "right": 330.1660461425781, "bottom": 489.1567687988281}], "time": 0.8925650119781494}
