{"im": 3613, "res": [{"class": "aeroplane", "prob": 0.9915174841880798, "left": 7.0958709716796875, "top": 75.57464599609375, "right": 382.4693603515625, "bottom": 363.5067138671875}, {"class": "aeroplane", "prob": 0.9383047223091125, "left": 268.8314514160156, "top": 46.78404235839844, "right": 495.1073303222656, "bottom": 375.0}], "time": 22.18662405014038}
