{"im": 469, "res": [{"class": "aeroplane", "prob": 0.9964805245399475, "left": 106.76693725585938, "top": 0.0, "right": 447.1962585449219, "bottom": 317.01397705078125}], "time": 21.497060775756836}
