{"im": 5426, "res": [{"class": "aeroplane", "prob": 0.845659077167511, "left": 19.327423095703125, "top": 109.05320739746094, "right": 195.10739135742188, "bottom": 354.9244384765625}, {"class": "aeroplane", "prob": 0.6859390139579773, "left": 228.88006591796875, "top": 144.09799194335938, "right": 425.21856689453125, "bottom": 375.0}, {"class": "aeroplane", "prob": 0.5852210521697998, "left": 313.7442321777344, "top": 91.60455322265625, "right": 495.1924133300781, "bottom": 362.96051025390625}], "time": 0.9593691825866699}
