{"im": 2236, "res": [{"class": "car", "prob": 0.9994953870773315, "left": 90.09564208984375, "top": 83.36150360107422, "right": 390.8255920410156, "bottom": 228.05392456054688}, {"class": "car", "prob": 0.9791370630264282, "left": 432.94390869140625, "top": 153.06602478027344, "right": 477.31903076171875, "bottom": 185.0133514404297}, {"class": "car", "prob": 0.8877324461936951, "left": 404.8369140625, "top": 154.4915313720703, "right": 432.632568359375, "bottom": 181.7611846923828}], "time": 21.427424907684326}
