{"im": 1568, "res": [{"class": "aeroplane", "prob": 0.999679446220398, "left": 220.94656372070312, "top": 151.8070526123047, "right": 333.0, "bottom": 485.6019287109375}, {"class": "train", "prob": 0.9786065816879272, "left": 114.4230728149414, "top": 182.11676025390625, "right": 213.61386108398438, "bottom": 420.13690185546875}, {"class": "aeroplane", "prob": 0.997289776802063, "left": 42.048831939697266, "top": 132.60079956054688, "right": 136.0028533935547, "bottom": 426.7591247558594}], "time": 21.756756067276}
