{"im": 4916, "res": [{"class": "aeroplane", "prob": 0.9997867941856384, "left": 130.4026336669922, "top": 8.36492919921875, "right": 272.730712890625, "bottom": 329.6184997558594}, {"class": "aeroplane", "prob": 0.99974125623703, "left": 436.3804016113281, "top": 49.1986083984375, "right": 499.5086975097656, "bottom": 173.14346313476562}, {"class": "boat", "prob": 0.9592592120170593, "left": 61.88114929199219, "top": 66.19392395019531, "right": 345.60748291015625, "bottom": 306.50445556640625}, {"class": "aeroplane", "prob": 0.7305233478546143, "left": 48.1826171875, "top": 97.84080505371094, "right": 102.53042602539062, "bottom": 165.37022399902344}], "time": 21.444026947021484}
