{"im": 1339, "res": [{"class": "motorbike", "prob": 0.8069496154785156, "left": 149.97047424316406, "top": 292.37884521484375, "right": 238.5193634033203, "bottom": 355.30340576171875}, {"class": "aeroplane", "prob": 0.7833986282348633, "left": 7.021686553955078, "top": 166.63958740234375, "right": 124.19833374023438, "bottom": 308.7452087402344}], "time": 21.65508198738098}
