{"im": 4835, "res": [{"class": "tvmonitor", "prob": 0.7417846322059631, "left": 222.64468383789062, "top": 190.36727905273438, "right": 418.2196350097656, "bottom": 463.0}], "time": 0.8697888851165771}
