{"im": 2185, "res": [{"class": "pottedplant", "prob": 0.753654420375824, "left": 259.1156311035156, "top": 66.29817962646484, "right": 387.9264831542969, "bottom": 133.2103271484375}], "time": 1.0749011039733887}
