{"im": 882, "res": [{"class": "person", "prob": 0.9994746446609497, "left": 142.89825439453125, "top": 25.683990478515625, "right": 268.5743408203125, "bottom": 369.0055236816406}], "time": 21.111101865768433}
