{"im": 3984, "res": [{"class": "sheep", "prob": 0.9730550646781921, "left": 24.82489013671875, "top": 0.988739013671875, "right": 465.5197448730469, "bottom": 375.0}], "time": 22.33713698387146}
