{"im": 4077, "res": [{"class": "person", "prob": 0.8985120058059692, "left": 184.09292602539062, "top": 157.68394470214844, "right": 317.0194091796875, "bottom": 278.63372802734375}], "time": 21.628896951675415}
