{"im": 1739, "res": [{"class": "aeroplane", "prob": 0.99759840965271, "left": 177.7328643798828, "top": 166.77813720703125, "right": 487.25653076171875, "bottom": 471.19964599609375}, {"class": "aeroplane", "prob": 0.9864701628684998, "left": 57.506256103515625, "top": 46.43438720703125, "right": 283.922119140625, "bottom": 478.0}, {"class": "aeroplane", "prob": 0.954542875289917, "left": 437.7742919921875, "top": 225.7984619140625, "right": 499.08441162109375, "bottom": 315.42578125}], "time": 21.935281991958618}
