{"im": 2468, "res": [{"class": "train", "prob": 0.9951309561729431, "left": 176.88539123535156, "top": 90.65657043457031, "right": 433.4320068359375, "bottom": 373.34393310546875}], "time": 21.445865869522095}
