{"im": 2815, "res": [{"class": "sheep", "prob": 0.9323610067367554, "left": 2.547760009765625, "top": 95.2097396850586, "right": 233.45069885253906, "bottom": 333.0}, {"class": "aeroplane", "prob": 0.604718804359436, "left": 79.32064819335938, "top": 5.13507080078125, "right": 369.17279052734375, "bottom": 322.04083251953125}], "time": 21.446076154708862}
