{"im": 252, "res": [{"class": "aeroplane", "prob": 0.9990848302841187, "left": 111.84547424316406, "top": 130.0573272705078, "right": 263.43914794921875, "bottom": 370.683349609375}, {"class": "bird", "prob": 0.9934701323509216, "left": 434.2976379394531, "top": 156.62106323242188, "right": 490.2262268066406, "bottom": 232.71139526367188}, {"class": "boat", "prob": 0.7236499190330505, "left": 118.59530639648438, "top": 226.4427490234375, "right": 320.0562744140625, "bottom": 369.572021484375}], "time": 21.722975969314575}
