{"im": 1721, "res": [{"class": "aeroplane", "prob": 0.9999605417251587, "left": 198.3519744873047, "top": 29.96440887451172, "right": 268.63934326171875, "bottom": 220.74273681640625}, {"class": "sofa", "prob": 0.9980697631835938, "left": 94.10195922851562, "top": 100.31253814697266, "right": 398.46209716796875, "bottom": 313.0081481933594}], "time": 21.636318922042847}
