{"im": 4358, "res": [{"class": "bird", "prob": 0.8475191593170166, "left": 290.6133728027344, "top": 0.6412773132324219, "right": 344.2023620605469, "bottom": 47.373939514160156}, {"class": "bird", "prob": 0.8269432187080383, "left": 210.88414001464844, "top": 4.602203369140625, "right": 274.21563720703125, "bottom": 54.52061462402344}], "time": 21.42757487297058}
