{"im": 2801, "res": [{"class": "bottle", "prob": 0.9960359334945679, "left": 41.19842529296875, "top": 83.15550231933594, "right": 457.9346008300781, "bottom": 235.97325134277344}], "time": 21.415724992752075}
