{"im": 5186, "res": [{"class": "boat", "prob": 0.6119194030761719, "left": 0.0, "top": 23.480438232421875, "right": 375.0, "bottom": 500.0}], "time": 21.4774489402771}
