{"im": 3731, "res": [{"class": "cat", "prob": 0.6329216361045837, "left": 73.26719665527344, "top": 106.17613983154297, "right": 230.02708435058594, "bottom": 290.1064147949219}, {"class": "bird", "prob": 0.6464570760726929, "left": 230.56178283691406, "top": 190.08969116210938, "right": 243.4606475830078, "bottom": 203.39501953125}, {"class": "bird", "prob": 0.500738263130188, "left": 55.71092224121094, "top": 193.71702575683594, "right": 68.4634780883789, "bottom": 208.74327087402344}], "time": 0.8562479019165039}
