{"im": 373, "res": [{"class": "aeroplane", "prob": 0.919620156288147, "left": 1.6960220336914062, "top": 77.0920181274414, "right": 162.26138305664062, "bottom": 307.272705078125}], "time": 0.8890118598937988}
