{"im": 2623, "res": [{"class": "pottedplant", "prob": 0.9930450320243835, "left": 75.65604400634766, "top": 52.39982604980469, "right": 322.2389831542969, "bottom": 322.39678955078125}, {"class": "aeroplane", "prob": 0.5324297547340393, "left": 227.50741577148438, "top": 0.0, "right": 494.8759460449219, "bottom": 183.63714599609375}], "time": 21.41857600212097}
