{"im": 1004, "res": [{"class": "aeroplane", "prob": 0.999127209186554, "left": 62.66300964355469, "top": 144.72210693359375, "right": 245.6543731689453, "bottom": 468.09356689453125}], "time": 21.0387442111969}
