{"im": 4329, "res": [{"class": "bird", "prob": 0.7536008954048157, "left": 264.51806640625, "top": 165.06588745117188, "right": 469.60089111328125, "bottom": 315.8000183105469}, {"class": "bird", "prob": 0.7037146091461182, "left": 147.94058227539062, "top": 184.23443603515625, "right": 281.07049560546875, "bottom": 268.857177734375}], "time": 0.8313949108123779}
