{"im": 3862, "res": [{"class": "car", "prob": 0.8853967189788818, "left": 0.0, "top": 226.1881103515625, "right": 233.44662475585938, "bottom": 337.58172607421875}], "time": 21.608422994613647}
