{"im": 3201, "res": [{"class": "bottle", "prob": 0.9771022200584412, "left": 72.98587036132812, "top": 73.21226501464844, "right": 479.5984191894531, "bottom": 212.8290252685547}], "time": 21.79354691505432}
