{"im": 4380, "res": [{"class": "sheep", "prob": 0.9992107152938843, "left": 197.9511260986328, "top": 59.61962127685547, "right": 322.7914123535156, "bottom": 256.1876220703125}], "time": 21.397514820098877}
