{"im": 894, "res": [{"class": "aeroplane", "prob": 0.9982379078865051, "left": 60.267295837402344, "top": 116.67990112304688, "right": 100.96186065673828, "bottom": 180.92300415039062}, {"class": "tvmonitor", "prob": 0.6108617186546326, "left": 290.045654296875, "top": 140.9756622314453, "right": 330.21856689453125, "bottom": 176.4358673095703}, {"class": "sofa", "prob": 0.5855616331100464, "left": 229.71267700195312, "top": 139.2327423095703, "right": 265.3184814453125, "bottom": 174.0946807861328}], "time": 21.129998922348022}
