{"im": 4239, "res": [{"class": "dog", "prob": 0.6217172741889954, "left": 317.6426696777344, "top": 143.50311279296875, "right": 361.1546325683594, "bottom": 172.30618286132812}], "time": 0.8283767700195312}
