{"im": 5540, "res": [{"class": "aeroplane", "prob": 0.9990975260734558, "left": 106.6383285522461, "top": 61.64610290527344, "right": 291.9877014160156, "bottom": 394.26177978515625}, {"class": "bicycle", "prob": 0.9947627782821655, "left": 103.8293228149414, "top": 194.2884979248047, "right": 306.0650634765625, "bottom": 457.03302001953125}], "time": 21.53262734413147}
