{"im": 3079, "res": [{"class": "bicycle", "prob": 0.8757335543632507, "left": 36.28211975097656, "top": 150.49734497070312, "right": 298.01226806640625, "bottom": 460.6497497558594}], "time": 21.686302185058594}
