{"im": 62, "res": [{"class": "cat", "prob": 0.8990036845207214, "left": 2.0972328186035156, "top": 240.95384216308594, "right": 94.24932861328125, "bottom": 311.648193359375}, {"class": "bottle", "prob": 0.9344578981399536, "left": 7.8834381103515625, "top": 52.535545349121094, "right": 497.2298583984375, "bottom": 285.5848388671875}, {"class": "bottle", "prob": 0.5381455421447754, "left": 61.212158203125, "top": 41.23176574707031, "right": 484.9559326171875, "bottom": 187.97698974609375}], "time": 21.67662811279297}
