{"im": 5743, "res": [{"class": "sheep", "prob": 0.9835435152053833, "left": 113.11254119873047, "top": 106.14279174804688, "right": 299.3163757324219, "bottom": 499.4160461425781}], "time": 21.07669687271118}
