{"im": 1939, "res": [{"class": "pottedplant", "prob": 0.9943836331367493, "left": 231.95635986328125, "top": 158.9633026123047, "right": 407.04571533203125, "bottom": 282.79248046875}, {"class": "pottedplant", "prob": 0.9624933004379272, "left": 76.71495819091797, "top": 47.3741455078125, "right": 261.19464111328125, "bottom": 338.0}], "time": 21.642280101776123}
