{"im": 73, "res": [{"class": "aeroplane", "prob": 0.9990916848182678, "left": 307.11614990234375, "top": 39.169525146484375, "right": 500.0, "bottom": 375.0}, {"class": "aeroplane", "prob": 0.9945505261421204, "left": 108.60612487792969, "top": 196.17901611328125, "right": 443.4404296875, "bottom": 371.27587890625}, {"class": "aeroplane", "prob": 0.9891071915626526, "left": 0.0, "top": 24.386764526367188, "right": 227.65740966796875, "bottom": 284.2906494140625}], "time": 21.342967987060547}
