{"im": 3582, "res": [{"class": "sheep", "prob": 0.9601638317108154, "left": 169.51742553710938, "top": 158.0124053955078, "right": 327.6684875488281, "bottom": 283.72869873046875}], "time": 21.53736400604248}
