{"im": 4515, "res": [{"class": "sheep", "prob": 0.9954158663749695, "left": 155.97964477539062, "top": 134.62930297851562, "right": 241.49066162109375, "bottom": 303.05645751953125}, {"class": "train", "prob": 0.9919933080673218, "left": 74.58538818359375, "top": 1.8418045043945312, "right": 436.7088623046875, "bottom": 226.35238647460938}], "time": 21.42721199989319}
