{"im": 791, "res": [{"class": "sofa", "prob": 0.730272650718689, "left": 69.8259506225586, "top": 78.50375366210938, "right": 279.03314208984375, "bottom": 367.43463134765625}, {"class": "sofa", "prob": 0.8414430618286133, "left": 284.0803527832031, "top": 79.17178344726562, "right": 391.6255187988281, "bottom": 289.4237060546875}], "time": 0.8456151485443115}
