{"im": 541, "res": [{"class": "aeroplane", "prob": 0.8555198311805725, "left": 67.51911926269531, "top": 143.25241088867188, "right": 289.0810546875, "bottom": 483.6201477050781}], "time": 0.8542847633361816}
