{"im": 1468, "res": [{"class": "bottle", "prob": 0.9994562268257141, "left": 0.0, "top": 23.032806396484375, "right": 411.248291015625, "bottom": 321.2310791015625}], "time": 21.675987005233765}
