{"im": 2227, "res": [{"class": "sofa", "prob": 0.9258618950843811, "left": 93.07254791259766, "top": 184.1590118408203, "right": 329.0325012207031, "bottom": 332.32464599609375}], "time": 0.8387980461120605}
