{"im": 5436, "res": [{"class": "car", "prob": 0.9993897080421448, "left": 24.22955322265625, "top": 91.72089385986328, "right": 433.1601257324219, "bottom": 215.51705932617188}], "time": 21.463310956954956}
