{"im": 572, "res": [{"class": "aeroplane", "prob": 0.9983150362968445, "left": 147.52932739257812, "top": 161.21701049804688, "right": 217.12710571289062, "bottom": 371.8677062988281}, {"class": "boat", "prob": 0.9847157597541809, "left": 222.07437133789062, "top": 233.31846618652344, "right": 261.9609680175781, "bottom": 299.1198425292969}, {"class": "boat", "prob": 0.9580403566360474, "left": 0.0, "top": 224.64891052246094, "right": 105.28280639648438, "bottom": 431.42889404296875}], "time": 21.616629123687744}
