{"im": 5132, "res": [{"class": "bus", "prob": 0.7704633474349976, "left": 4.483978271484375, "top": 110.70402526855469, "right": 500.0, "bottom": 293.5313720703125}], "time": 0.8774409294128418}
