{"im": 3737, "res": [{"class": "person", "prob": 0.9787022471427917, "left": 30.2093505859375, "top": 56.511199951171875, "right": 371.9201354980469, "bottom": 329.1087951660156}], "time": 21.512540102005005}
