{"im": 4086, "res": [{"class": "aeroplane", "prob": 0.989881694316864, "left": 219.26319885253906, "top": 42.615020751953125, "right": 498.0701904296875, "bottom": 332.0}, {"class": "sheep", "prob": 0.9658079147338867, "left": 104.67059326171875, "top": 34.57513427734375, "right": 333.7011413574219, "bottom": 303.6287536621094}], "time": 21.650798797607422}
