{"im": 1474, "res": [{"class": "aeroplane", "prob": 0.6139514446258545, "left": 160.85296630859375, "top": 39.3040771484375, "right": 362.63360595703125, "bottom": 473.1373291015625}], "time": 0.8483610153198242}
