{"im": 2483, "res": [{"class": "bicycle", "prob": 0.9996469020843506, "left": 32.00401306152344, "top": 19.58087158203125, "right": 462.718505859375, "bottom": 261.1398620605469}], "time": 21.41715097427368}
