{"im": 3779, "res": [{"class": "aeroplane", "prob": 0.998883843421936, "left": 317.7531433105469, "top": 257.486572265625, "right": 343.3172912597656, "bottom": 320.8768310546875}, {"class": "car", "prob": 0.9818941950798035, "left": 35.78147888183594, "top": 178.91387939453125, "right": 498.784423828125, "bottom": 292.00732421875}, {"class": "aeroplane", "prob": 0.9879611730575562, "left": 348.956298828125, "top": 257.8211669921875, "right": 374.6756591796875, "bottom": 321.9541015625}, {"class": "aeroplane", "prob": 0.7583336234092712, "left": 261.1412048339844, "top": 209.46420288085938, "right": 280.9199523925781, "bottom": 226.62774658203125}], "time": 22.015162229537964}
