{"im": 2647, "res": [{"class": "car", "prob": 0.9985436201095581, "left": 232.50311279296875, "top": 102.58538055419922, "right": 407.33026123046875, "bottom": 216.61337280273438}, {"class": "car", "prob": 0.9994021058082581, "left": 9.189140319824219, "top": 38.248748779296875, "right": 187.37808227539062, "bottom": 239.45306396484375}], "time": 21.42068886756897}
