{"im": 4239, "res": [{"class": "bottle", "prob": 0.9647012948989868, "left": 7.7571868896484375, "top": 63.773460388183594, "right": 490.91314697265625, "bottom": 255.03866577148438}], "time": 21.66364574432373}
