{"im": 2679, "res": [{"class": "aeroplane", "prob": 0.9995315074920654, "left": 351.0437316894531, "top": 0.0, "right": 424.4462585449219, "bottom": 187.0595703125}, {"class": "sheep", "prob": 0.9978134632110596, "left": 0.0047149658203125, "top": 145.4478302001953, "right": 297.423095703125, "bottom": 352.5557861328125}, {"class": "aeroplane", "prob": 0.9989848136901855, "left": 282.45635986328125, "top": 5.607902526855469, "right": 361.65850830078125, "bottom": 189.31753540039062}], "time": 21.492475986480713}
