{"im": 648, "res": [{"class": "aeroplane", "prob": 0.9322515726089478, "left": 69.54136657714844, "top": 0.0, "right": 224.5132293701172, "bottom": 375.0}, {"class": "aeroplane", "prob": 0.8441740274429321, "left": 116.02861022949219, "top": 152.2281494140625, "right": 366.9736328125, "bottom": 375.0}, {"class": "aeroplane", "prob": 0.5542798042297363, "left": 303.7894287109375, "top": 120.20628356933594, "right": 441.2703857421875, "bottom": 375.0}], "time": 0.8362851142883301}
