{"im": 3032, "res": [{"class": "bottle", "prob": 0.9992280602455139, "left": 3.9842071533203125, "top": 80.7585678100586, "right": 476.81158447265625, "bottom": 240.22824096679688}], "time": 21.68564796447754}
