{"im": 4355, "res": [{"class": "aeroplane", "prob": 0.8173529505729675, "left": 38.2850341796875, "top": 138.96029663085938, "right": 226.69512939453125, "bottom": 375.0}], "time": 0.858879804611206}
