{"im": 4728, "res": [{"class": "pottedplant", "prob": 0.9863974452018738, "left": 204.97216796875, "top": 85.50265502929688, "right": 370.982177734375, "bottom": 364.5810852050781}, {"class": "pottedplant", "prob": 0.9115402102470398, "left": 89.11772155761719, "top": 199.70387268066406, "right": 235.99375915527344, "bottom": 312.5064392089844}], "time": 21.62356472015381}
