{"im": 3108, "res": [{"class": "bottle", "prob": 0.9884322881698608, "left": 0.0, "top": 51.0989990234375, "right": 494.741455078125, "bottom": 251.78631591796875}], "time": 21.867467164993286}
