{"im": 4781, "res": [{"class": "sheep", "prob": 0.5034705996513367, "left": 147.334228515625, "top": 54.03033447265625, "right": 500.0, "bottom": 375.0}], "time": 21.396881818771362}
