{"im": 3243, "res": [{"class": "aeroplane", "prob": 0.9313012361526489, "left": 298.4546813964844, "top": 0.94757080078125, "right": 500.0, "bottom": 321.5089111328125}], "time": 0.8923168182373047}
