{"im": 3077, "res": [{"class": "aeroplane", "prob": 0.5223424434661865, "left": 118.57288360595703, "top": 164.31228637695312, "right": 242.31317138671875, "bottom": 407.7061462402344}], "time": 0.832772970199585}
