{"im": 2482, "res": [{"class": "tvmonitor", "prob": 0.969672679901123, "left": 16.114425659179688, "top": 171.58718872070312, "right": 228.27493286132812, "bottom": 243.82699584960938}], "time": 21.409578800201416}
