{"im": 4764, "res": [{"class": "bottle", "prob": 0.9985092878341675, "left": 160.64541625976562, "top": 57.18895721435547, "right": 340.5193176269531, "bottom": 258.8716735839844}], "time": 21.408092975616455}
