{"im": 5285, "res": [{"class": "pottedplant", "prob": 0.8373541235923767, "left": 6.6122283935546875, "top": 0.0, "right": 371.5406494140625, "bottom": 489.3955078125}], "time": 21.643507957458496}
