{"im": 3577, "res": [{"class": "bicycle", "prob": 0.9997249841690063, "left": 67.10932159423828, "top": 142.34910583496094, "right": 217.07080078125, "bottom": 254.9521026611328}, {"class": "aeroplane", "prob": 0.991327166557312, "left": 233.2458953857422, "top": 236.80828857421875, "right": 336.6678466796875, "bottom": 418.42572021484375}, {"class": "bicycle", "prob": 0.9995096921920776, "left": 255.1663818359375, "top": 145.64035034179688, "right": 375.0, "bottom": 252.77883911132812}], "time": 21.5658118724823}
