{"im": 3419, "res": [{"class": "car", "prob": 0.9994089007377625, "left": 23.201309204101562, "top": 78.72576141357422, "right": 472.79644775390625, "bottom": 309.4097595214844}, {"class": "aeroplane", "prob": 0.9523211121559143, "left": 471.6653137207031, "top": 159.95286560058594, "right": 489.8102111816406, "bottom": 205.2487335205078}, {"class": "aeroplane", "prob": 0.8729643821716309, "left": 490.339599609375, "top": 155.69558715820312, "right": 499.39019775390625, "bottom": 202.248046875}], "time": 21.480031967163086}
