{"im": 1024, "res": [{"class": "aeroplane", "prob": 0.9959766268730164, "left": 8.3577880859375, "top": 0.0, "right": 366.1815490722656, "bottom": 500.0}], "time": 21.132067918777466}
