{"im": 4408, "res": [{"class": "boat", "prob": 0.8509122133255005, "left": 108.20227813720703, "top": 228.236572265625, "right": 303.9080810546875, "bottom": 361.62359619140625}, {"class": "bicycle", "prob": 0.656001627445221, "left": 24.24669647216797, "top": 246.86514282226562, "right": 156.10214233398438, "bottom": 375.0}, {"class": "bicycle", "prob": 0.5783024430274963, "left": 60.851776123046875, "top": 267.19677734375, "right": 116.96049499511719, "bottom": 356.581298828125}], "time": 0.8462591171264648}
