{"im": 4576, "res": [{"class": "bird", "prob": 0.9211244583129883, "left": 1.5690231323242188, "top": 38.15613555908203, "right": 162.77349853515625, "bottom": 177.01065063476562}], "time": 21.396514177322388}
