{"im": 3345, "res": [{"class": "aeroplane", "prob": 0.9992269277572632, "left": 22.835479736328125, "top": 76.2529296875, "right": 312.9411315917969, "bottom": 362.3494567871094}], "time": 21.689039945602417}
