{"im": 672, "res": [{"class": "aeroplane", "prob": 0.9302365183830261, "left": 368.8284606933594, "top": 0.0, "right": 497.6147155761719, "bottom": 375.0}], "time": 21.77634310722351}
