{"im": 5563, "res": [{"class": "aeroplane", "prob": 0.7223005890846252, "left": 96.4076156616211, "top": 98.63914489746094, "right": 236.62289428710938, "bottom": 325.11724853515625}], "time": 0.8283777236938477}
