{"im": 2115, "res": [{"class": "train", "prob": 0.9941145181655884, "left": 269.7494812011719, "top": 150.0933837890625, "right": 305.1589660644531, "bottom": 184.86981201171875}, {"class": "train", "prob": 0.9943356513977051, "left": 237.19236755371094, "top": 135.86184692382812, "right": 275.7812194824219, "bottom": 180.76406860351562}, {"class": "train", "prob": 0.9885302782058716, "left": 191.42152404785156, "top": 144.7470703125, "right": 228.1642608642578, "bottom": 178.7452392578125}], "time": 21.68058681488037}
