{"im": 2062, "res": [{"class": "bus", "prob": 0.7314566373825073, "left": 121.91790771484375, "top": 83.84251403808594, "right": 474.0, "bottom": 276.14013671875}, {"class": "aeroplane", "prob": 0.6639167070388794, "left": 74.51850891113281, "top": 211.4384307861328, "right": 93.58460998535156, "bottom": 261.46429443359375}], "time": 0.833812952041626}
