{"im": 4324, "res": [{"class": "pottedplant", "prob": 0.9247170686721802, "left": 79.95355224609375, "top": 159.8659210205078, "right": 419.287109375, "bottom": 329.732421875}], "time": 21.52680492401123}
