{"im": 5260, "res": [{"class": "person", "prob": 0.7998434901237488, "left": 220.4793701171875, "top": 72.72429656982422, "right": 326.9862060546875, "bottom": 217.8389892578125}, {"class": "person", "prob": 0.6593533158302307, "left": 240.4156494140625, "top": 75.95904541015625, "right": 323.9014892578125, "bottom": 167.819091796875}, {"class": "person", "prob": 0.5947538018226624, "left": 186.3522491455078, "top": 94.17595672607422, "right": 261.65814208984375, "bottom": 223.277587890625}], "time": 21.458051681518555}
