{"im": 2045, "res": [{"class": "bottle", "prob": 0.9976332187652588, "left": 0.0, "top": 71.55253601074219, "right": 500.0, "bottom": 254.0371551513672}], "time": 21.663681745529175}
