{"im": 4507, "res": [{"class": "bottle", "prob": 0.9907098412513733, "left": 0.0, "top": 93.59119415283203, "right": 500.0, "bottom": 238.31204223632812}], "time": 22.63136601448059}
