{"im": 2206, "res": [{"class": "bicycle", "prob": 0.8020495772361755, "left": 0.0, "top": 25.04266357421875, "right": 467.897216796875, "bottom": 350.3995361328125}], "time": 0.8356211185455322}
