{"im": 5239, "res": [{"class": "tvmonitor", "prob": 0.7742986083030701, "left": 245.91864013671875, "top": 146.50796508789062, "right": 492.04620361328125, "bottom": 347.82977294921875}, {"class": "aeroplane", "prob": 0.6549827456474304, "left": 156.7056884765625, "top": 52.210601806640625, "right": 340.60980224609375, "bottom": 353.45147705078125}], "time": 1.0401227474212646}
