{"im": 3790, "res": [{"class": "pottedplant", "prob": 0.5050610303878784, "left": 189.2127685546875, "top": 106.89173126220703, "right": 310.1123352050781, "bottom": 359.2947998046875}], "time": 0.8299641609191895}
