{"im": 5390, "res": [{"class": "boat", "prob": 0.9296222925186157, "left": 70.68362426757812, "top": 60.29466247558594, "right": 350.797119140625, "bottom": 316.52508544921875}], "time": 0.9604573249816895}
