{"im": 3514, "res": [{"class": "sheep", "prob": 0.9909094572067261, "left": 126.23279571533203, "top": 141.23495483398438, "right": 251.26156616210938, "bottom": 223.09262084960938}, {"class": "sheep", "prob": 0.9857814908027649, "left": 231.38812255859375, "top": 148.26573181152344, "right": 364.0263671875, "bottom": 236.89610290527344}], "time": 21.479501724243164}
