{"im": 1519, "res": [{"class": "aeroplane", "prob": 0.870875895023346, "left": 246.3773193359375, "top": 68.10964965820312, "right": 482.8353271484375, "bottom": 375.0}, {"class": "aeroplane", "prob": 0.719922661781311, "left": 0.0, "top": 95.59794616699219, "right": 68.42088317871094, "bottom": 206.6030731201172}, {"class": "aeroplane", "prob": 0.6304368376731873, "left": 106.11357116699219, "top": 102.85301208496094, "right": 246.9376983642578, "bottom": 245.7602081298828}, {"class": "aeroplane", "prob": 0.5100968480110168, "left": 18.044254302978516, "top": 108.416748046875, "right": 46.36262893676758, "bottom": 182.99423217773438}], "time": 0.8615670204162598}
