{"im": 37, "res": [{"class": "aeroplane", "prob": 0.9985804557800293, "left": 98.50537109375, "top": 138.91624450683594, "right": 172.44723510742188, "bottom": 377.66864013671875}, {"class": "aeroplane", "prob": 0.9979003667831421, "left": 186.15269470214844, "top": 112.66461181640625, "right": 255.1436309814453, "bottom": 314.00244140625}, {"class": "sheep", "prob": 0.9920485615730286, "left": 190.7429656982422, "top": 342.9591979980469, "right": 294.15679931640625, "bottom": 399.6813659667969}, {"class": "aeroplane", "prob": 0.8095136880874634, "left": 269.38311767578125, "top": 133.78956604003906, "right": 348.36138916015625, "bottom": 377.39263916015625}], "time": 22.234877824783325}
