{"im": 3899, "res": [{"class": "train", "prob": 0.8985646963119507, "left": 108.07986450195312, "top": 312.8487548828125, "right": 150.44802856445312, "bottom": 363.0740966796875}, {"class": "train", "prob": 0.6583738327026367, "left": 78.450439453125, "top": 307.7093505859375, "right": 180.20986938476562, "bottom": 371.63616943359375}], "time": 0.8619740009307861}
