{"im": 2580, "res": [{"class": "bicycle", "prob": 0.9400609135627747, "left": 26.026580810546875, "top": 157.48483276367188, "right": 344.1341247558594, "bottom": 487.3439636230469}], "time": 21.43016004562378}
