{"im": 2297, "res": [{"class": "sofa", "prob": 0.6587046384811401, "left": 67.61384582519531, "top": 0.372039794921875, "right": 205.34327697753906, "bottom": 105.84733581542969}, {"class": "sofa", "prob": 0.5303285121917725, "left": 4.3733367919921875, "top": 28.648178100585938, "right": 416.40045166015625, "bottom": 318.38446044921875}, {"class": "sofa", "prob": 0.5007175207138062, "left": 115.35322570800781, "top": 16.52143096923828, "right": 166.9475555419922, "bottom": 93.84618377685547}], "time": 0.8319659233093262}
