{"im": 3776, "res": [{"class": "car", "prob": 0.9880161881446838, "left": 29.881790161132812, "top": 53.22819519042969, "right": 500.0, "bottom": 334.0}], "time": 22.385298013687134}
