{"im": 5652, "res": [{"class": "boat", "prob": 0.9958474040031433, "left": 0.0, "top": 38.26512145996094, "right": 472.61944580078125, "bottom": 328.65228271484375}, {"class": "aeroplane", "prob": 0.8521016836166382, "left": 0.0, "top": 8.940284729003906, "right": 81.39599609375, "bottom": 198.48468017578125}, {"class": "aeroplane", "prob": 0.9030030965805054, "left": 90.99324035644531, "top": 2.1982955932617188, "right": 192.8534698486328, "bottom": 76.63139343261719}, {"class": "boat", "prob": 0.5800626277923584, "left": 251.2174072265625, "top": 13.837638854980469, "right": 398.74365234375, "bottom": 133.57000732421875}], "time": 22.365737915039062}
