{"im": 2003, "res": [{"class": "person", "prob": 0.9990240931510925, "left": 230.97128295898438, "top": 151.1513214111328, "right": 474.4066467285156, "bottom": 436.585693359375}, {"class": "person", "prob": 0.9985783696174622, "left": 26.79216766357422, "top": 108.51912689208984, "right": 271.8901062011719, "bottom": 329.27459716796875}], "time": 21.7627170085907}
