{"im": 4592, "res": [{"class": "aeroplane", "prob": 0.8798234462738037, "left": 368.7825927734375, "top": 4.039543151855469, "right": 498.880126953125, "bottom": 157.99343872070312}, {"class": "aeroplane", "prob": 0.5492321252822876, "left": 0.0, "top": 5.4427032470703125, "right": 238.793212890625, "bottom": 150.0481414794922}], "time": 21.40753984451294}
