{"im": 2240, "res": [{"class": "tvmonitor", "prob": 0.9843040704727173, "left": 98.5086669921875, "top": 155.0916290283203, "right": 188.36264038085938, "bottom": 221.7697296142578}, {"class": "tvmonitor", "prob": 0.8857781887054443, "left": 0.0, "top": 149.5946044921875, "right": 84.44291687011719, "bottom": 264.2806701660156}], "time": 21.453773260116577}
