{"im": 4194, "res": [{"class": "sheep", "prob": 0.9582788348197937, "left": 0.0, "top": 18.953582763671875, "right": 214.64712524414062, "bottom": 376.6922912597656}, {"class": "aeroplane", "prob": 0.9544124007225037, "left": 203.9757080078125, "top": 0.0, "right": 372.7169189453125, "bottom": 410.291748046875}, {"class": "motorbike", "prob": 0.5891687273979187, "left": 6.0814971923828125, "top": 176.1143035888672, "right": 367.49676513671875, "bottom": 485.40277099609375}], "time": 21.61959409713745}
