{"im": 2512, "res": [{"class": "bottle", "prob": 0.9968693256378174, "left": 59.531768798828125, "top": 96.58389282226562, "right": 389.9095458984375, "bottom": 207.63546752929688}], "time": 21.44673991203308}
