{"im": 2669, "res": [{"class": "bus", "prob": 0.9946067929267883, "left": 81.13235473632812, "top": 68.71356964111328, "right": 379.9823913574219, "bottom": 219.41696166992188}], "time": 21.58592987060547}
