{"im": 5277, "res": [{"class": "bus", "prob": 0.9761559963226318, "left": 45.3587646484375, "top": 259.1186218261719, "right": 329.4746398925781, "bottom": 470.4073791503906}, {"class": "aeroplane", "prob": 0.9985045194625854, "left": 0.18976402282714844, "top": 368.9907531738281, "right": 34.27647399902344, "bottom": 481.3776550292969}, {"class": "aeroplane", "prob": 0.9942325353622437, "left": 49.168582916259766, "top": 364.34521484375, "right": 90.14964294433594, "bottom": 472.4405517578125}, {"class": "aeroplane", "prob": 0.9621933102607727, "left": 162.26564025878906, "top": 212.3638916015625, "right": 206.01329040527344, "bottom": 267.2454528808594}], "time": 21.47631287574768}
