{"im": 376, "res": [{"class": "aeroplane", "prob": 0.999924898147583, "left": 4.7594451904296875, "top": 127.10633850097656, "right": 373.0096435546875, "bottom": 495.22467041015625}, {"class": "aeroplane", "prob": 0.8878777623176575, "left": 0.0, "top": 161.6253662109375, "right": 53.90584182739258, "bottom": 353.716064453125}], "time": 23.408440113067627}
