{"im": 3600, "res": [{"class": "car", "prob": 0.9958503842353821, "left": 0.0, "top": 76.52754974365234, "right": 365.4759826660156, "bottom": 248.56265258789062}], "time": 21.509993076324463}
