{"im": 4758, "res": [{"class": "chair", "prob": 0.6460006237030029, "left": 213.54559326171875, "top": 189.11312866210938, "right": 446.95794677734375, "bottom": 239.26470947265625}, {"class": "chair", "prob": 0.6206743717193604, "left": 181.1134796142578, "top": 195.47518920898438, "right": 207.6842803955078, "bottom": 213.79171752929688}], "time": 21.399960041046143}
