{"im": 2362, "res": [{"class": "bird", "prob": 0.7203333377838135, "left": 62.23785400390625, "top": 216.72299194335938, "right": 413.9138488769531, "bottom": 359.7104187011719}], "time": 0.8359642028808594}
