{"im": 574, "res": [{"class": "chair", "prob": 0.5232933759689331, "left": 0.3126487731933594, "top": 52.32347869873047, "right": 62.199554443359375, "bottom": 208.21893310546875}, {"class": "chair", "prob": 0.506358802318573, "left": 12.242012023925781, "top": 79.66004943847656, "right": 45.14824676513672, "bottom": 192.7789764404297}], "time": 0.8779208660125732}
