{"im": 1249, "res": [{"class": "bicycle", "prob": 0.9982978701591492, "left": 176.6063995361328, "top": 142.9842529296875, "right": 247.3887481689453, "bottom": 297.4837951660156}, {"class": "aeroplane", "prob": 0.9936949014663696, "left": 160.7276611328125, "top": 64.34210205078125, "right": 253.322265625, "bottom": 218.470458984375}, {"class": "aeroplane", "prob": 0.9650948643684387, "left": 349.28656005859375, "top": 31.931964874267578, "right": 371.5869140625, "bottom": 79.77622985839844}, {"class": "aeroplane", "prob": 0.5241440534591675, "left": 309.52496337890625, "top": 49.06842041015625, "right": 317.716064453125, "bottom": 64.34935760498047}], "time": 21.204092264175415}
