{"im": 4527, "res": [{"class": "bus", "prob": 0.8826127052307129, "left": 45.4632568359375, "top": 141.37045288085938, "right": 319.1617736816406, "bottom": 275.9369812011719}], "time": 0.8690478801727295}
