{"im": 4315, "res": [{"class": "aeroplane", "prob": 0.9998431205749512, "left": 57.669517517089844, "top": 30.541854858398438, "right": 289.01373291015625, "bottom": 358.3787841796875}, {"class": "bicycle", "prob": 0.9988566637039185, "left": 5.9026336669921875, "top": 215.79263305664062, "right": 389.141357421875, "bottom": 371.5619201660156}], "time": 22.063154935836792}
