{"im": 1483, "res": [{"class": "pottedplant", "prob": 0.9734801054000854, "left": 23.38427734375, "top": 28.123138427734375, "right": 290.0, "bottom": 464.5141906738281}], "time": 24.375200271606445}
