{"im": 4537, "res": [{"class": "bicycle", "prob": 0.9988342523574829, "left": 51.45207214355469, "top": 38.564788818359375, "right": 442.18096923828125, "bottom": 270.231689453125}, {"class": "aeroplane", "prob": 0.9966895580291748, "left": 417.722900390625, "top": 48.047218322753906, "right": 447.03289794921875, "bottom": 139.22763061523438}, {"class": "aeroplane", "prob": 0.978649377822876, "left": 380.84698486328125, "top": 56.45326232910156, "right": 406.13134765625, "bottom": 88.399169921875}], "time": 23.172144889831543}
