{"im": 3346, "res": [{"class": "pottedplant", "prob": 0.9988890290260315, "left": 34.54168701171875, "top": 8.171722412109375, "right": 276.34429931640625, "bottom": 498.74945068359375}], "time": 21.654250860214233}
