{"im": 2873, "res": [{"class": "sheep", "prob": 0.9985318779945374, "left": 25.139495849609375, "top": 115.82662963867188, "right": 326.8130187988281, "bottom": 251.39251708984375}, {"class": "motorbike", "prob": 0.8893519043922424, "left": 383.9721984863281, "top": 111.8746566772461, "right": 452.7018737792969, "bottom": 134.50753784179688}], "time": 21.4497127532959}
