{"im": 1398, "res": [{"class": "bird", "prob": 0.5261106491088867, "left": 63.76237487792969, "top": 54.31346130371094, "right": 500.0, "bottom": 310.6865234375}], "time": 0.8856430053710938}
