{"im": 2265, "res": [{"class": "sofa", "prob": 0.8827946186065674, "left": 6.7133941650390625, "top": 43.914031982421875, "right": 476.74810791015625, "bottom": 310.2402038574219}], "time": 0.8430049419403076}
