{"im": 4990, "res": [{"class": "bus", "prob": 0.999025821685791, "left": 116.52439880371094, "top": 47.441009521484375, "right": 482.6859130859375, "bottom": 314.37359619140625}, {"class": "aeroplane", "prob": 0.9951282143592834, "left": 169.34092712402344, "top": 141.404541015625, "right": 213.3547821044922, "bottom": 186.40521240234375}], "time": 21.395700931549072}
