{"im": 605, "res": [{"class": "aeroplane", "prob": 0.6084296107292175, "left": 24.71587371826172, "top": 105.70733642578125, "right": 151.56161499023438, "bottom": 282.9358215332031}], "time": 0.8433825969696045}
