{"im": 762, "res": [{"class": "aeroplane", "prob": 0.9995604157447815, "left": 67.15155029296875, "top": 130.38037109375, "right": 212.78024291992188, "bottom": 348.8128662109375}, {"class": "aeroplane", "prob": 0.998258113861084, "left": 341.8212890625, "top": 78.09361267089844, "right": 480.86114501953125, "bottom": 299.357421875}, {"class": "aeroplane", "prob": 0.9993835687637329, "left": 172.3053741455078, "top": 78.21920776367188, "right": 329.3812255859375, "bottom": 190.83016967773438}, {"class": "sheep", "prob": 0.6377606391906738, "left": 328.9714050292969, "top": 86.9781265258789, "right": 360.3306579589844, "bottom": 126.6717758178711}], "time": 21.709885835647583}
