{"im": 2331, "res": [{"class": "bottle", "prob": 0.7928168177604675, "left": 28.081207275390625, "top": 28.84856414794922, "right": 473.11505126953125, "bottom": 181.1282958984375}], "time": 0.8790528774261475}
