{"im": 3051, "res": [{"class": "bird", "prob": 0.8524513840675354, "left": 292.88043212890625, "top": 94.14932250976562, "right": 495.61358642578125, "bottom": 251.19320678710938}, {"class": "boat", "prob": 0.7931913137435913, "left": 120.42326354980469, "top": 120.52438354492188, "right": 350.78326416015625, "bottom": 268.1673889160156}, {"class": "aeroplane", "prob": 0.743480384349823, "left": 182.43792724609375, "top": 88.36866760253906, "right": 288.14520263671875, "bottom": 268.150634765625}], "time": 0.8317289352416992}
