{"im": 4699, "res": [{"class": "aeroplane", "prob": 0.9994900226593018, "left": 0.0, "top": 210.93190002441406, "right": 162.8473358154297, "bottom": 333.0}, {"class": "aeroplane", "prob": 0.9038142561912537, "left": 180.83245849609375, "top": 45.362152099609375, "right": 250.89599609375, "bottom": 233.162841796875}, {"class": "car", "prob": 0.8914116621017456, "left": 33.78971862792969, "top": 6.000579833984375, "right": 463.2587890625, "bottom": 329.0692138671875}, {"class": "aeroplane", "prob": 0.56560879945755, "left": 359.1853942871094, "top": 75.31922149658203, "right": 383.3499450683594, "bottom": 142.374755859375}], "time": 21.40361499786377}
