{"im": 4522, "res": [{"class": "train", "prob": 0.9165107607841492, "left": 120.5098876953125, "top": 94.60346984863281, "right": 328.8609313964844, "bottom": 342.505615234375}, {"class": "train", "prob": 0.7549772262573242, "left": 427.6587219238281, "top": 61.930809020996094, "right": 477.1286315917969, "bottom": 178.29067993164062}, {"class": "train", "prob": 0.7319208383560181, "left": 406.0006103515625, "top": 35.56932830810547, "right": 498.08428955078125, "bottom": 194.9420166015625}, {"class": "train", "prob": 0.7324119210243225, "left": 131.93206787109375, "top": 23.654991149902344, "right": 343.81427001953125, "bottom": 194.59500122070312}], "time": 0.8333151340484619}
