{"im": 634, "res": [{"class": "aeroplane", "prob": 0.9412649869918823, "left": 58.983856201171875, "top": 153.57958984375, "right": 296.2505187988281, "bottom": 333.0}], "time": 0.8320498466491699}
