{"im": 2966, "res": [{"class": "boat", "prob": 0.9890128374099731, "left": 70.12129211425781, "top": 49.16911315917969, "right": 473.4337158203125, "bottom": 333.601806640625}], "time": 21.65490198135376}
