{"im": 4875, "res": [{"class": "sheep", "prob": 0.997027575969696, "left": 186.79672241210938, "top": 89.49832153320312, "right": 296.06634521484375, "bottom": 375.0}], "time": 21.455535888671875}
