{"im": 5334, "res": [{"class": "aeroplane", "prob": 0.9477348327636719, "left": 129.6444854736328, "top": 129.89450073242188, "right": 213.6668243408203, "bottom": 336.2157287597656}, {"class": "aeroplane", "prob": 0.586862325668335, "left": 302.2506103515625, "top": 128.957763671875, "right": 418.43206787109375, "bottom": 297.2528076171875}], "time": 0.9509961605072021}
