{"im": 1451, "res": [{"class": "train", "prob": 0.9796546101570129, "left": 120.91966247558594, "top": 77.51842498779297, "right": 488.85064697265625, "bottom": 305.0765380859375}], "time": 21.69299006462097}
