{"im": 3544, "res": [{"class": "bottle", "prob": 0.9876250624656677, "left": 0.0, "top": 83.47840881347656, "right": 500.0, "bottom": 209.29994201660156}], "time": 22.712092876434326}
