{"im": 4064, "res": [{"class": "tvmonitor", "prob": 0.9996832609176636, "left": 0.0, "top": 68.55581665039062, "right": 410.1502685546875, "bottom": 369.5194091796875}], "time": 22.784814834594727}
