{"im": 2312, "res": [{"class": "aeroplane", "prob": 0.9998868107795715, "left": 98.76101684570312, "top": 224.37484741210938, "right": 173.672119140625, "bottom": 333.6775817871094}, {"class": "aeroplane", "prob": 0.9934157133102417, "left": 290.18658447265625, "top": 50.470794677734375, "right": 469.86822509765625, "bottom": 320.17938232421875}], "time": 21.426526069641113}
