{"im": 3850, "res": [{"class": "car", "prob": 0.984345555305481, "left": 11.825408935546875, "top": 174.44981384277344, "right": 321.47357177734375, "bottom": 210.94749450683594}], "time": 21.548985958099365}
