{"im": 2692, "res": [{"class": "car", "prob": 0.9999282956123352, "left": 109.62791442871094, "top": 18.491943359375, "right": 375.11517333984375, "bottom": 310.2372131347656}], "time": 21.464399099349976}
