{"im": 5070, "res": [{"class": "sofa", "prob": 0.8247318863868713, "left": 225.54461669921875, "top": 226.65933227539062, "right": 259.6028137207031, "bottom": 251.83865356445312}, {"class": "sofa", "prob": 0.5725159645080566, "left": 236.19476318359375, "top": 227.876220703125, "right": 273.0307922363281, "bottom": 251.24282836914062}], "time": 0.974480152130127}
