{"im": 5764, "res": [{"class": "bicycle", "prob": 0.9951823949813843, "left": 91.73013305664062, "top": 90.89228820800781, "right": 418.87078857421875, "bottom": 351.96343994140625}], "time": 21.722954034805298}
