{"im": 5586, "res": [{"class": "sheep", "prob": 0.9797278642654419, "left": 159.47769165039062, "top": 105.07650756835938, "right": 499.4497985839844, "bottom": 375.0}], "time": 21.12383484840393}
