{"im": 5253, "res": [{"class": "aeroplane", "prob": 0.9998726844787598, "left": 134.27084350585938, "top": 80.4836196899414, "right": 223.26873779296875, "bottom": 221.64764404296875}, {"class": "aeroplane", "prob": 0.997482180595398, "left": 64.45055389404297, "top": 155.046875, "right": 219.77972412109375, "bottom": 280.6937255859375}, {"class": "aeroplane", "prob": 0.9088746309280396, "left": 207.8319854736328, "top": 220.18167114257812, "right": 496.4166259765625, "bottom": 373.2035827636719}, {"class": "aeroplane", "prob": 0.5959049463272095, "left": 338.24700927734375, "top": 218.3859405517578, "right": 424.51153564453125, "bottom": 274.909423828125}], "time": 21.577734231948853}
