{"im": 2763, "res": [{"class": "diningtable", "prob": 0.7461221814155579, "left": 178.0970916748047, "top": 162.77088928222656, "right": 242.68223571777344, "bottom": 288.2080078125}], "time": 0.877281904220581}
