{"im": 2626, "res": [{"class": "aeroplane", "prob": 0.6518818736076355, "left": 129.37367248535156, "top": 33.05343246459961, "right": 144.2090301513672, "bottom": 70.17352294921875}], "time": 0.8855268955230713}
