{"im": 4053, "res": [{"class": "bus", "prob": 0.9926996231079102, "left": 5.2779541015625, "top": 0.0, "right": 341.2518005371094, "bottom": 253.12503051757812}, {"class": "aeroplane", "prob": 0.9906853437423706, "left": 225.3667755126953, "top": 129.09146118164062, "right": 281.22998046875, "bottom": 260.6643371582031}, {"class": "bird", "prob": 0.577954113483429, "left": 476.7875671386719, "top": 108.5321044921875, "right": 500.0, "bottom": 151.69830322265625}], "time": 21.662036895751953}
