{"im": 1709, "res": [{"class": "bottle", "prob": 0.9985989928245544, "left": 65.52297973632812, "top": 129.82220458984375, "right": 331.5124816894531, "bottom": 220.84664916992188}], "time": 21.69596290588379}
