{"im": 2802, "res": [{"class": "tvmonitor", "prob": 0.7314247488975525, "left": 7.422454833984375, "top": 21.571426391601562, "right": 494.829345703125, "bottom": 324.82037353515625}], "time": 21.50940489768982}
