{"im": 2745, "res": [{"class": "pottedplant", "prob": 0.9749390482902527, "left": 39.12969970703125, "top": 2.7095794677734375, "right": 500.0, "bottom": 331.93060302734375}], "time": 21.45036482810974}
