{"im": 1543, "res": [{"class": "bus", "prob": 0.9982373118400574, "left": 10.686569213867188, "top": 34.19621276855469, "right": 498.13690185546875, "bottom": 326.7235107421875}], "time": 21.796283960342407}
