{"im": 4256, "res": [{"class": "tvmonitor", "prob": 0.5634114742279053, "left": 235.92832946777344, "top": 182.3175811767578, "right": 250.0860137939453, "bottom": 204.6358184814453}], "time": 0.8766369819641113}
