{"im": 3209, "res": [{"class": "bicycle", "prob": 0.8941765427589417, "left": 144.18923950195312, "top": 116.41259765625, "right": 275.6567687988281, "bottom": 438.03106689453125}], "time": 21.89859890937805}
