{"im": 2793, "res": [{"class": "bird", "prob": 0.9938526749610901, "left": 392.84161376953125, "top": 191.47833251953125, "right": 496.74017333984375, "bottom": 269.1673278808594}, {"class": "bus", "prob": 0.9022427797317505, "left": 6.6757049560546875, "top": 11.752548217773438, "right": 400.42431640625, "bottom": 396.0506591796875}, {"class": "aeroplane", "prob": 0.7837321162223816, "left": 440.1031799316406, "top": 185.699951171875, "right": 452.3301696777344, "bottom": 195.59500122070312}], "time": 21.58573889732361}
