{"im": 513, "res": [{"class": "person", "prob": 0.7114721536636353, "left": 86.06045532226562, "top": 171.96388244628906, "right": 222.44802856445312, "bottom": 317.04132080078125}], "time": 0.9906430244445801}
