{"im": 857, "res": [{"class": "sheep", "prob": 0.528584361076355, "left": 111.9947280883789, "top": 210.36585998535156, "right": 263.7349548339844, "bottom": 295.2644958496094}], "time": 23.209732055664062}
