{"im": 2501, "res": [{"class": "bus", "prob": 0.9997058510780334, "left": 72.51406860351562, "top": 97.09065246582031, "right": 469.8021545410156, "bottom": 295.27130126953125}], "time": 21.48661994934082}
