{"im": 1982, "res": [{"class": "aeroplane", "prob": 0.8712555766105652, "left": 164.88674926757812, "top": 77.65824890136719, "right": 263.6450500488281, "bottom": 331.0}], "time": 0.8880157470703125}
