{"im": 339, "res": [{"class": "aeroplane", "prob": 0.9860501289367676, "left": 182.11155700683594, "top": 82.45970153808594, "right": 287.2949523925781, "bottom": 333.0}, {"class": "aeroplane", "prob": 0.9504315853118896, "left": 265.32940673828125, "top": 78.81810760498047, "right": 367.47833251953125, "bottom": 330.54986572265625}], "time": 1.0063531398773193}
