{"im": 3559, "res": [{"class": "aeroplane", "prob": 0.923228919506073, "left": 273.5473327636719, "top": 44.332000732421875, "right": 452.4281311035156, "bottom": 333.0}], "time": 1.0970089435577393}
