{"im": 5024, "res": [{"class": "train", "prob": 0.8641104102134705, "left": 232.69615173339844, "top": 148.51934814453125, "right": 347.85321044921875, "bottom": 262.1590576171875}, {"class": "train", "prob": 0.8469997644424438, "left": 183.61695861816406, "top": 41.730194091796875, "right": 389.21759033203125, "bottom": 241.96487426757812}, {"class": "sheep", "prob": 0.5707520246505737, "left": 64.25699615478516, "top": 228.232666015625, "right": 152.31192016601562, "bottom": 288.40545654296875}], "time": 1.212218999862671}
