{"im": 3192, "res": [{"class": "tvmonitor", "prob": 0.9391559362411499, "left": 147.74867248535156, "top": 7.210784912109375, "right": 500.0, "bottom": 328.0830383300781}], "time": 21.731141090393066}
