{"im": 5212, "res": [{"class": "aeroplane", "prob": 0.642274022102356, "left": 189.944580078125, "top": 165.49868774414062, "right": 381.25982666015625, "bottom": 374.9991760253906}], "time": 0.8634600639343262}
