{"im": 4857, "res": [{"class": "sheep", "prob": 0.9021685719490051, "left": 19.984542846679688, "top": 93.37844848632812, "right": 478.22137451171875, "bottom": 290.9078369140625}], "time": 21.40447425842285}
