{"im": 1246, "res": [{"class": "bottle", "prob": 0.8155950307846069, "left": 2.3298797607421875, "top": 72.58269500732422, "right": 295.588623046875, "bottom": 161.9593505859375}, {"class": "bottle", "prob": 0.5596811175346375, "left": 86.65278625488281, "top": 97.66023254394531, "right": 207.41307067871094, "bottom": 145.8863525390625}], "time": 0.8490519523620605}
