{"im": 565, "res": [{"class": "bus", "prob": 0.6291592717170715, "left": 80.36935424804688, "top": 45.074920654296875, "right": 360.3226318359375, "bottom": 271.653564453125}, {"class": "car", "prob": 0.7716079354286194, "left": 80.36935424804688, "top": 45.074920654296875, "right": 360.3226318359375, "bottom": 271.653564453125}], "time": 0.8324179649353027}
