{"im": 1579, "res": [{"class": "aeroplane", "prob": 0.9997016787528992, "left": 32.74317169189453, "top": 82.84033203125, "right": 273.6366271972656, "bottom": 349.21038818359375}, {"class": "aeroplane", "prob": 0.9960625171661377, "left": 263.6018981933594, "top": 121.36935424804688, "right": 457.3993835449219, "bottom": 364.4174499511719}], "time": 21.62247085571289}
