{"im": 938, "res": [{"class": "aeroplane", "prob": 0.6749220490455627, "left": 114.80659484863281, "top": 405.669921875, "right": 137.4424591064453, "bottom": 443.88232421875}], "time": 0.8973009586334229}
