{"im": 12, "res": [{"class": "bird", "prob": 0.813689112663269, "left": 302.831298828125, "top": 205.1405487060547, "right": 317.2054443359375, "bottom": 220.61256408691406}], "time": 1.0581769943237305}
