{"im": 2714, "res": [{"class": "person", "prob": 0.8260515928268433, "left": 10.452972412109375, "top": 31.018508911132812, "right": 426.59747314453125, "bottom": 275.38507080078125}], "time": 21.41871190071106}
