{"im": 5134, "res": [{"class": "train", "prob": 0.9945881962776184, "left": 114.40597534179688, "top": 318.2134094238281, "right": 169.55026245117188, "bottom": 351.0655822753906}, {"class": "train", "prob": 0.9938614964485168, "left": 248.635498046875, "top": 318.3006286621094, "right": 304.2342529296875, "bottom": 351.7518005371094}, {"class": "train", "prob": 0.9643285870552063, "left": 49.2610969543457, "top": 321.2616882324219, "right": 96.37860107421875, "bottom": 356.8501281738281}, {"class": "train", "prob": 0.7790818810462952, "left": 290.1917419433594, "top": 315.5716552734375, "right": 317.2159729003906, "bottom": 347.08868408203125}], "time": 21.42671513557434}
