{"im": 5465, "res": [{"class": "aeroplane", "prob": 0.9990792870521545, "left": 97.7259292602539, "top": 74.26132202148438, "right": 269.4093933105469, "bottom": 495.4283752441406}], "time": 21.488911867141724}
