{"im": 5149, "res": [{"class": "pottedplant", "prob": 0.9943892359733582, "left": 294.24072265625, "top": 75.76396942138672, "right": 450.6663818359375, "bottom": 238.45877075195312}, {"class": "sheep", "prob": 0.9805259704589844, "left": 185.90939331054688, "top": 189.9596710205078, "right": 292.6678466796875, "bottom": 302.03375244140625}, {"class": "aeroplane", "prob": 0.9717076420783997, "left": 1.41375732421875, "top": 3.1649627685546875, "right": 201.15374755859375, "bottom": 372.8585205078125}], "time": 21.419116020202637}
