{"im": 3605, "res": [{"class": "aeroplane", "prob": 0.9271144270896912, "left": 372.80999755859375, "top": 92.9029312133789, "right": 492.0164794921875, "bottom": 343.1026611328125}, {"class": "aeroplane", "prob": 0.9973926544189453, "left": 218.1605224609375, "top": 25.7952880859375, "right": 371.82391357421875, "bottom": 362.09539794921875}, {"class": "aeroplane", "prob": 0.8952265381813049, "left": 56.35810089111328, "top": 59.27415466308594, "right": 248.36080932617188, "bottom": 335.68133544921875}], "time": 21.622026920318604}
