{"im": 4782, "res": [{"class": "aeroplane", "prob": 0.9997710585594177, "left": 255.4519500732422, "top": 174.32638549804688, "right": 314.3782043457031, "bottom": 276.0603942871094}, {"class": "bicycle", "prob": 0.9980126023292542, "left": 218.24771118164062, "top": 219.41845703125, "right": 344.5235900878906, "bottom": 278.0634765625}], "time": 21.355299949645996}
