{"im": 5359, "res": [{"class": "aeroplane", "prob": 0.9200409054756165, "left": 87.20509338378906, "top": 120.75736999511719, "right": 202.85899353027344, "bottom": 452.7373046875}, {"class": "aeroplane", "prob": 0.8437250852584839, "left": 175.72122192382812, "top": 155.9469757080078, "right": 272.60858154296875, "bottom": 437.09832763671875}], "time": 0.9595646858215332}
