{"im": 2084, "res": [{"class": "aeroplane", "prob": 0.9990220665931702, "left": 255.66445922851562, "top": 0.0, "right": 500.0, "bottom": 372.762939453125}], "time": 21.67827010154724}
