{"im": 1486, "res": [{"class": "bottle", "prob": 0.9172592163085938, "left": 0.0, "top": 370.86846923828125, "right": 330.244873046875, "bottom": 490.26983642578125}, {"class": "bottle", "prob": 0.6113021373748779, "left": 211.29759216308594, "top": 323.6833801269531, "right": 374.6014404296875, "bottom": 495.5978088378906}], "time": 21.73515295982361}
