{"im": 1347, "res": [{"class": "sofa", "prob": 0.544808030128479, "left": 3.330272674560547, "top": 161.25180053710938, "right": 107.27606201171875, "bottom": 303.4093017578125}, {"class": "aeroplane", "prob": 0.5871670842170715, "left": 199.20069885253906, "top": 144.68846130371094, "right": 208.58180236816406, "bottom": 168.24131774902344}, {"class": "aeroplane", "prob": 0.5785963535308838, "left": 418.52008056640625, "top": 84.6025619506836, "right": 488.2457275390625, "bottom": 224.0833740234375}], "time": 1.7764408588409424}
