{"im": 4850, "res": [{"class": "sheep", "prob": 0.7019442319869995, "left": 0.0, "top": 0.0, "right": 454.3314208984375, "bottom": 457.1270446777344}], "time": 21.466041088104248}
