{"im": 2356, "res": [{"class": "bottle", "prob": 0.9948582649230957, "left": 13.173065185546875, "top": 105.67881774902344, "right": 487.99249267578125, "bottom": 225.91896057128906}], "time": 21.414121866226196}
