{"im": 258, "res": [{"class": "aeroplane", "prob": 0.8683264851570129, "left": 106.13514709472656, "top": 113.68792724609375, "right": 222.9335174560547, "bottom": 324.242919921875}, {"class": "aeroplane", "prob": 0.7758402228355408, "left": 218.35458374023438, "top": 126.44233703613281, "right": 365.9906921386719, "bottom": 336.0}, {"class": "aeroplane", "prob": 0.6983205676078796, "left": 328.2619934082031, "top": 116.22926330566406, "right": 423.7738952636719, "bottom": 328.19342041015625}], "time": 0.9305970668792725}
