{"im": 245, "res": [{"class": "aeroplane", "prob": 0.6217858195304871, "left": 66.01805114746094, "top": 63.62239074707031, "right": 437.3795166015625, "bottom": 375.0}], "time": 1.3026840686798096}
