{"im": 1421, "res": [{"class": "aeroplane", "prob": 0.9979089498519897, "left": 231.18023681640625, "top": 22.67485809326172, "right": 362.4715576171875, "bottom": 206.92623901367188}, {"class": "sofa", "prob": 0.9007675647735596, "left": 109.41416931152344, "top": 72.39585876464844, "right": 444.91400146484375, "bottom": 349.85821533203125}, {"class": "aeroplane", "prob": 0.5596094727516174, "left": 101.25390625, "top": 90.78939056396484, "right": 140.23179626464844, "bottom": 238.76394653320312}], "time": 21.67621612548828}
