{"im": 951, "res": [{"class": "sheep", "prob": 0.983985960483551, "left": 146.7863311767578, "top": 4.1609649658203125, "right": 317.3726806640625, "bottom": 375.0}], "time": 21.126585960388184}
