{"im": 3824, "res": [{"class": "aeroplane", "prob": 0.5225074887275696, "left": 145.77447509765625, "top": 43.439422607421875, "right": 238.03921508789062, "bottom": 251.09356689453125}], "time": 0.8557391166687012}
