{"im": 573, "res": [{"class": "aeroplane", "prob": 0.8959799408912659, "left": 16.525178909301758, "top": 180.63905334472656, "right": 31.568571090698242, "bottom": 226.5723419189453}], "time": 0.8535919189453125}
