{"im": 2242, "res": [{"class": "sofa", "prob": 0.9841618537902832, "left": 27.637466430664062, "top": 40.936004638671875, "right": 354.54156494140625, "bottom": 419.2403869628906}], "time": 21.542969226837158}
