{"im": 2627, "res": [{"class": "aeroplane", "prob": 0.956960141658783, "left": 140.59207153320312, "top": 17.9693603515625, "right": 478.8122253417969, "bottom": 322.4424133300781}, {"class": "sheep", "prob": 0.9789884090423584, "left": 2.40545654296875, "top": 45.134765625, "right": 277.2221984863281, "bottom": 332.0}], "time": 21.51770281791687}
