{"im": 3392, "res": [{"class": "bus", "prob": 0.9994754195213318, "left": 94.27940368652344, "top": 128.2972869873047, "right": 418.1102294921875, "bottom": 263.0460205078125}, {"class": "bird", "prob": 0.8403987288475037, "left": 0.4433889389038086, "top": 181.66571044921875, "right": 29.094051361083984, "bottom": 214.4368896484375}, {"class": "bird", "prob": 0.9824894666671753, "left": 25.115772247314453, "top": 190.94129943847656, "right": 45.80070114135742, "bottom": 205.7947540283203}], "time": 21.4803569316864}
