{"im": 247, "res": [{"class": "bus", "prob": 0.9620204567909241, "left": 174.06356811523438, "top": 83.3418197631836, "right": 393.6866149902344, "bottom": 281.4228820800781}, {"class": "cat", "prob": 0.5920316576957703, "left": 413.08270263671875, "top": 168.05703735351562, "right": 493.563232421875, "bottom": 268.0724792480469}], "time": 1.3354339599609375}
