{"im": 302, "res": [{"class": "aeroplane", "prob": 0.9818711280822754, "left": 5.86334228515625, "top": 111.66896057128906, "right": 314.1562194824219, "bottom": 469.98394775390625}, {"class": "aeroplane", "prob": 0.7095844149589539, "left": 106.821044921875, "top": 212.12103271484375, "right": 302.47491455078125, "bottom": 477.84613037109375}], "time": 21.576889991760254}
