{"im": 2209, "res": [{"class": "bicycle", "prob": 0.9890876412391663, "left": 73.25709533691406, "top": 5.314239501953125, "right": 428.12103271484375, "bottom": 365.73809814453125}, {"class": "bicycle", "prob": 0.9642091393470764, "left": 272.8594970703125, "top": 2.5710220336914062, "right": 495.4488525390625, "bottom": 228.14166259765625}], "time": 21.507839918136597}
