{"im": 2778, "res": [{"class": "bottle", "prob": 0.9994614720344543, "left": 214.30838012695312, "top": 37.59970474243164, "right": 463.1153869628906, "bottom": 102.24165344238281}, {"class": "bottle", "prob": 0.9988386631011963, "left": 29.59571075439453, "top": 237.96044921875, "right": 263.9934997558594, "bottom": 305.246337890625}], "time": 21.44860816001892}
