{"im": 725, "res": [{"class": "aeroplane", "prob": 0.9994751214981079, "left": 128.845947265625, "top": 118.1407470703125, "right": 422.17510986328125, "bottom": 333.0}], "time": 21.63928985595703}
