{"im": 5425, "res": [{"class": "pottedplant", "prob": 0.9928309917449951, "left": 73.14051818847656, "top": 140.1318359375, "right": 232.1649627685547, "bottom": 252.5977783203125}, {"class": "bicycle", "prob": 0.8043743371963501, "left": 40.61994934082031, "top": 24.333633422851562, "right": 458.96087646484375, "bottom": 296.8883056640625}, {"class": "bicycle", "prob": 0.5444281101226807, "left": 5.94915771484375, "top": 46.89323425292969, "right": 187.81582641601562, "bottom": 218.3833465576172}], "time": 21.522058963775635}
