{"im": 3810, "res": [{"class": "aeroplane", "prob": 0.9777588248252869, "left": 24.058067321777344, "top": 219.80255126953125, "right": 136.53463745117188, "bottom": 436.4908447265625}], "time": 21.58865714073181}
