{"im": 196, "res": [{"class": "pottedplant", "prob": 0.7059969305992126, "left": 31.467636108398438, "top": 93.36962890625, "right": 215.6634521484375, "bottom": 331.0}, {"class": "person", "prob": 0.5444961786270142, "left": 190.01380920410156, "top": 26.839263916015625, "right": 465.5091552734375, "bottom": 316.3642578125}], "time": 21.469804763793945}
