{"im": 1734, "res": [{"class": "sheep", "prob": 0.9568629860877991, "left": 83.88153076171875, "top": 97.60491943359375, "right": 214.628173828125, "bottom": 265.01806640625}, {"class": "aeroplane", "prob": 0.7428194284439087, "left": 206.42230224609375, "top": 0.0, "right": 364.36163330078125, "bottom": 231.8789520263672}], "time": 0.8667526245117188}
