{"im": 1530, "res": [{"class": "aeroplane", "prob": 0.655782163143158, "left": 370.19696044921875, "top": 105.62556457519531, "right": 387.691162109375, "bottom": 153.63490295410156}], "time": 0.8822200298309326}
