{"im": 3750, "res": [{"class": "aeroplane", "prob": 0.8803979158401489, "left": 345.56121826171875, "top": 99.14873504638672, "right": 360.57318115234375, "bottom": 131.0047149658203}], "time": 0.8346028327941895}
