{"im": 739, "res": [{"class": "aeroplane", "prob": 0.7615950703620911, "left": 3.3161544799804688, "top": 216.392822265625, "right": 208.73641967773438, "bottom": 472.0}], "time": 0.8355381488800049}
