{"im": 4524, "res": [{"class": "pottedplant", "prob": 0.9957650303840637, "left": 161.1000518798828, "top": 27.11455535888672, "right": 499.26019287109375, "bottom": 261.98895263671875}], "time": 21.359514236450195}
