{"im": 4940, "res": [{"class": "sheep", "prob": 0.7176237106323242, "left": 227.8590545654297, "top": 144.69290161132812, "right": 343.302001953125, "bottom": 276.910888671875}], "time": 21.407280921936035}
