{"im": 2288, "res": [{"class": "aeroplane", "prob": 0.7049104571342468, "left": 8.740585327148438, "top": 60.871971130371094, "right": 166.42201232910156, "bottom": 192.55459594726562}], "time": 0.8514008522033691}
