{"im": 3646, "res": [{"class": "chair", "prob": 0.5809272527694702, "left": 121.5738525390625, "top": 50.51362609863281, "right": 450.24603271484375, "bottom": 153.9521484375}], "time": 1.0306050777435303}
