{"im": 715, "res": [{"class": "aeroplane", "prob": 0.6529029011726379, "left": 218.36544799804688, "top": 101.4330825805664, "right": 288.9569091796875, "bottom": 268.2184143066406}, {"class": "aeroplane", "prob": 0.663455605506897, "left": 246.36654663085938, "top": 126.81526184082031, "right": 280.3498229980469, "bottom": 237.38694763183594}, {"class": "aeroplane", "prob": 0.5558286309242249, "left": 242.02871704101562, "top": 99.9764404296875, "right": 317.5351257324219, "bottom": 273.94085693359375}], "time": 0.8476641178131104}
