{"im": 1733, "res": [{"class": "sofa", "prob": 0.9780508279800415, "left": 136.5924835205078, "top": 132.5675048828125, "right": 342.18743896484375, "bottom": 275.4866638183594}], "time": 0.8810539245605469}
