{"im": 5417, "res": [{"class": "tvmonitor", "prob": 0.7094032764434814, "left": 1.8928985595703125, "top": 0.0, "right": 375.0, "bottom": 500.0}], "time": 21.474241018295288}
