{"im": 4462, "res": [{"class": "sheep", "prob": 0.691501796245575, "left": 117.13125610351562, "top": 102.30105590820312, "right": 462.8861389160156, "bottom": 373.01397705078125}], "time": 0.8590736389160156}
