{"im": 4849, "res": [{"class": "aeroplane", "prob": 0.7059701681137085, "left": 186.98146057128906, "top": 102.7309341430664, "right": 384.1307373046875, "bottom": 356.684326171875}], "time": 0.9173567295074463}
