{"im": 4209, "res": [{"class": "aeroplane", "prob": 0.7177071571350098, "left": 228.0327606201172, "top": 92.6641616821289, "right": 321.368896484375, "bottom": 242.42251586914062}, {"class": "aeroplane", "prob": 0.5298970341682434, "left": 29.763763427734375, "top": 87.92103576660156, "right": 297.73931884765625, "bottom": 494.87445068359375}, {"class": "aeroplane", "prob": 0.5186914801597595, "left": 252.40748596191406, "top": 110.81681823730469, "right": 291.8500671386719, "bottom": 217.8264617919922}], "time": 0.8429210186004639}
