{"im": 4986, "res": [{"class": "sheep", "prob": 0.9988292455673218, "left": 29.48139190673828, "top": 54.781593322753906, "right": 145.62326049804688, "bottom": 270.0}], "time": 21.40378499031067}
