{"im": 835, "res": [{"class": "person", "prob": 0.9684627056121826, "left": 212.98126220703125, "top": 67.91035461425781, "right": 459.9517822265625, "bottom": 395.79681396484375}], "time": 21.889355182647705}
