{"im": 782, "res": [{"class": "aeroplane", "prob": 0.9997870326042175, "left": 34.82679748535156, "top": 36.558074951171875, "right": 234.4051971435547, "bottom": 372.9286804199219}, {"class": "aeroplane", "prob": 0.9797767400741577, "left": 291.6629638671875, "top": 78.29702758789062, "right": 440.379638671875, "bottom": 363.3370361328125}, {"class": "aeroplane", "prob": 0.9892890453338623, "left": 187.94027709960938, "top": 114.2401123046875, "right": 269.8347473144531, "bottom": 308.154296875}, {"class": "sofa", "prob": 0.9608438611030579, "left": 177.91799926757812, "top": 206.76220703125, "right": 320.86846923828125, "bottom": 375.0}], "time": 21.804167985916138}
