{"im": 3257, "res": [{"class": "person", "prob": 0.569888710975647, "left": 113.30268859863281, "top": 99.89859008789062, "right": 289.99969482421875, "bottom": 206.70028686523438}], "time": 0.8266348838806152}
