{"im": 5709, "res": [{"class": "bicycle", "prob": 0.6162399053573608, "left": 123.98426818847656, "top": 114.30056762695312, "right": 388.14874267578125, "bottom": 342.2646484375}], "time": 0.9390978813171387}
