{"im": 3024, "res": [{"class": "pottedplant", "prob": 0.8808208107948303, "left": 1.6673736572265625, "top": 22.709976196289062, "right": 500.0, "bottom": 343.38885498046875}], "time": 21.69552707672119}
