{"im": 3672, "res": [{"class": "aeroplane", "prob": 0.9995025992393494, "left": 155.82681274414062, "top": 115.99191284179688, "right": 329.1451110839844, "bottom": 375.0}, {"class": "aeroplane", "prob": 0.997620165348053, "left": 336.281494140625, "top": 140.7848358154297, "right": 497.78857421875, "bottom": 373.653564453125}, {"class": "aeroplane", "prob": 0.970313549041748, "left": 4.2718963623046875, "top": 100.40876770019531, "right": 176.0118408203125, "bottom": 375.0}, {"class": "aeroplane", "prob": 0.8981539011001587, "left": 288.1372985839844, "top": 157.48703002929688, "right": 381.9394226074219, "bottom": 375.0}], "time": 21.518224954605103}
