{"im": 1463, "res": [{"class": "chair", "prob": 0.5833962559700012, "left": 188.97499084472656, "top": 207.5678253173828, "right": 327.5804443359375, "bottom": 238.2911834716797}], "time": 0.8464548587799072}
