{"im": 518, "res": [{"class": "bottle", "prob": 0.7898602485656738, "left": 155.1408233642578, "top": 86.67523193359375, "right": 224.49656677246094, "bottom": 128.8434600830078}], "time": 21.551358222961426}
