{"im": 3952, "res": [{"class": "sheep", "prob": 0.5718047022819519, "left": 99.90721130371094, "top": 133.0329132080078, "right": 407.87799072265625, "bottom": 421.81463623046875}], "time": 0.8464038372039795}
