{"im": 774, "res": [{"class": "aeroplane", "prob": 0.6529399156570435, "left": 112.66217803955078, "top": 95.87223815917969, "right": 186.05990600585938, "bottom": 386.84906005859375}], "time": 0.8331198692321777}
