{"im": 566, "res": [{"class": "aeroplane", "prob": 0.9997952580451965, "left": 12.399276733398438, "top": 16.509475708007812, "right": 392.432861328125, "bottom": 330.3231201171875}], "time": 21.87255311012268}
