{"im": 2137, "res": [{"class": "person", "prob": 0.8345553874969482, "left": 186.21328735351562, "top": 108.23220825195312, "right": 326.7693786621094, "bottom": 236.62136840820312}], "time": 24.896583318710327}
