{"im": 1376, "res": [{"class": "bird", "prob": 0.9916321039199829, "left": 60.76008605957031, "top": 210.48623657226562, "right": 188.9454345703125, "bottom": 273.1300354003906}, {"class": "aeroplane", "prob": 0.9987836480140686, "left": 312.93548583984375, "top": 277.7504577636719, "right": 358.72467041015625, "bottom": 373.3771057128906}, {"class": "bird", "prob": 0.9950894713401794, "left": 242.79937744140625, "top": 231.31698608398438, "right": 313.40509033203125, "bottom": 278.6949157714844}, {"class": "aeroplane", "prob": 0.9215330481529236, "left": 204.13243103027344, "top": 224.9534149169922, "right": 228.5025177001953, "bottom": 272.705078125}], "time": 21.78819179534912}
