{"im": 4210, "res": [{"class": "pottedplant", "prob": 0.6996729969978333, "left": 102.81565856933594, "top": 48.21484375, "right": 409.13433837890625, "bottom": 232.11920166015625}], "time": 0.8245208263397217}
