{"im": 3943, "res": [{"class": "pottedplant", "prob": 0.526270866394043, "left": 183.96438598632812, "top": 56.07844543457031, "right": 472.6951599121094, "bottom": 337.91485595703125}], "time": 0.8424289226531982}
