{"im": 4818, "res": [{"class": "pottedplant", "prob": 0.9155818223953247, "left": 54.45372009277344, "top": 42.25189208984375, "right": 317.1795654296875, "bottom": 498.5823974609375}], "time": 21.498056888580322}
