{"im": 1838, "res": [{"class": "aeroplane", "prob": 0.9827386140823364, "left": 22.789085388183594, "top": 14.70819091796875, "right": 213.0733642578125, "bottom": 327.96221923828125}], "time": 21.681678771972656}
