{"im": 1441, "res": [{"class": "aeroplane", "prob": 0.9910956621170044, "left": 154.1990966796875, "top": 74.57859802246094, "right": 277.3126220703125, "bottom": 195.1505889892578}, {"class": "chair", "prob": 0.9793953895568848, "left": 179.5250701904297, "top": 90.61872863769531, "right": 419.18707275390625, "bottom": 205.3927764892578}], "time": 21.64276695251465}
