{"im": 5608, "res": [{"class": "aeroplane", "prob": 0.9691094756126404, "left": 184.4482421875, "top": 135.48397827148438, "right": 321.0208435058594, "bottom": 312.2884521484375}], "time": 21.085781812667847}
