{"im": 3076, "res": [{"class": "pottedplant", "prob": 0.9360014796257019, "left": 285.74884033203125, "top": 73.52322387695312, "right": 498.30853271484375, "bottom": 300.7704772949219}], "time": 0.8801431655883789}
