{"im": 4834, "res": [{"class": "aeroplane", "prob": 0.8492133617401123, "left": 390.7630310058594, "top": 0.0, "right": 466.1331481933594, "bottom": 41.25543212890625}, {"class": "aeroplane", "prob": 0.718009889125824, "left": 258.1581115722656, "top": 1.5617446899414062, "right": 300.7124938964844, "bottom": 44.618370056152344}], "time": 21.941942930221558}
