{"im": 4224, "res": [{"class": "cat", "prob": 0.8004621863365173, "left": 46.13950729370117, "top": 279.6173095703125, "right": 163.2749481201172, "bottom": 336.581787109375}, {"class": "cat", "prob": 0.7312774062156677, "left": 385.5479736328125, "top": 265.2024230957031, "right": 482.07275390625, "bottom": 321.0985412597656}, {"class": "cat", "prob": 0.7116121649742126, "left": 80.363037109375, "top": 288.44976806640625, "right": 136.1394500732422, "bottom": 326.87957763671875}, {"class": "cat", "prob": 0.6318343281745911, "left": 409.2400207519531, "top": 268.7867736816406, "right": 458.3617858886719, "bottom": 312.8879089355469}], "time": 0.8306341171264648}
