{"im": 4619, "res": [{"class": "sheep", "prob": 0.688492476940155, "left": 114.86548614501953, "top": 80.29139709472656, "right": 328.167236328125, "bottom": 333.0}], "time": 0.8592147827148438}
