{"im": 5326, "res": [{"class": "aeroplane", "prob": 0.640270471572876, "left": 190.89747619628906, "top": 348.7607727050781, "right": 199.6732940673828, "bottom": 370.3724060058594}, {"class": "aeroplane", "prob": 0.520099937915802, "left": 152.77037048339844, "top": 345.08038330078125, "right": 162.03321838378906, "bottom": 370.56378173828125}], "time": 0.9571778774261475}
