{"im": 805, "res": [{"class": "car", "prob": 0.9980390071868896, "left": 97.84815979003906, "top": 68.70610046386719, "right": 451.46307373046875, "bottom": 279.5968017578125}], "time": 21.86194896697998}
