{"im": 971, "res": [{"class": "bus", "prob": 0.8599637150764465, "left": 62.742584228515625, "top": 155.45840454101562, "right": 87.83599853515625, "bottom": 189.25137329101562}, {"class": "bus", "prob": 0.9499450325965881, "left": 102.04084777832031, "top": 1.522613525390625, "right": 425.57537841796875, "bottom": 288.0}, {"class": "bus", "prob": 0.6821880340576172, "left": 55.65629196166992, "top": 161.76084899902344, "right": 62.74545669555664, "bottom": 185.8391571044922}, {"class": "bus", "prob": 0.5922556519508362, "left": 49.87041091918945, "top": 163.2599334716797, "right": 58.080326080322266, "bottom": 183.79640197753906}], "time": 21.061887979507446}
