{"im": 3128, "res": [{"class": "tvmonitor", "prob": 0.9944188594818115, "left": 172.45970153808594, "top": 27.837753295898438, "right": 385.8577880859375, "bottom": 307.47869873046875}, {"class": "tvmonitor", "prob": 0.8457044959068298, "left": 132.5317840576172, "top": 105.30523681640625, "right": 192.26463317871094, "bottom": 196.07418823242188}], "time": 22.16420316696167}
