{"im": 1028, "res": [{"class": "aeroplane", "prob": 0.9696457982063293, "left": 157.92788696289062, "top": 53.03636169433594, "right": 329.31451416015625, "bottom": 330.51947021484375}, {"class": "aeroplane", "prob": 0.9643020629882812, "left": 392.1630554199219, "top": 97.6462173461914, "right": 500.0, "bottom": 328.4891052246094}], "time": 0.8935978412628174}
