{"im": 4596, "res": [{"class": "aeroplane", "prob": 0.9995757341384888, "left": 326.14361572265625, "top": 52.149200439453125, "right": 494.26324462890625, "bottom": 363.01226806640625}, {"class": "aeroplane", "prob": 0.9957777857780457, "left": 17.771804809570312, "top": 82.351806640625, "right": 221.5926971435547, "bottom": 352.76898193359375}], "time": 21.412635326385498}
