{"im": 436, "res": [{"class": "aeroplane", "prob": 0.8619582056999207, "left": 122.02823638916016, "top": 69.07423400878906, "right": 272.4673156738281, "bottom": 399.60369873046875}, {"class": "aeroplane", "prob": 0.7108400464057922, "left": 238.65121459960938, "top": 49.95057678222656, "right": 435.3154602050781, "bottom": 400.0}], "time": 0.8699991703033447}
