{"im": 2297, "res": [{"class": "sofa", "prob": 0.9997971057891846, "left": 4.2468414306640625, "top": 0.7594146728515625, "right": 404.0128173828125, "bottom": 334.0}], "time": 21.455658674240112}
