{"im": 4626, "res": [{"class": "train", "prob": 0.987744927406311, "left": 172.3685302734375, "top": 19.714401245117188, "right": 490.90350341796875, "bottom": 368.33349609375}, {"class": "train", "prob": 0.9164071679115295, "left": 11.86602783203125, "top": 29.288406372070312, "right": 235.01260375976562, "bottom": 373.0}], "time": 21.390372037887573}
