{"im": 4172, "res": [{"class": "cat", "prob": 0.8486031293869019, "left": 13.06011962890625, "top": 35.642059326171875, "right": 490.2388916015625, "bottom": 338.6942138671875}], "time": 21.624177932739258}
