{"im": 3677, "res": [{"class": "bus", "prob": 0.9992572665214539, "left": 39.39515686035156, "top": 101.1303939819336, "right": 395.89117431640625, "bottom": 282.6590576171875}, {"class": "aeroplane", "prob": 0.6528809666633606, "left": 265.3617858886719, "top": 152.034912109375, "right": 292.2174987792969, "bottom": 187.48529052734375}], "time": 21.5463809967041}
