{"im": 3657, "res": [{"class": "aeroplane", "prob": 0.9927726984024048, "left": 26.99427032470703, "top": 176.608154296875, "right": 121.93839263916016, "bottom": 368.54638671875}, {"class": "aeroplane", "prob": 0.9784453511238098, "left": 82.50971221923828, "top": 87.1381607055664, "right": 134.13748168945312, "bottom": 191.95294189453125}, {"class": "car", "prob": 0.8613811135292053, "left": 39.0145263671875, "top": 42.77250671386719, "right": 498.256591796875, "bottom": 374.53826904296875}, {"class": "aeroplane", "prob": 0.7656312584877014, "left": 477.3643798828125, "top": 308.2394104003906, "right": 500.0, "bottom": 373.2585144042969}], "time": 21.53826093673706}
