{"im": 2772, "res": [{"class": "sofa", "prob": 0.6894299983978271, "left": 121.80091857910156, "top": 128.1203155517578, "right": 231.99244689941406, "bottom": 315.5003662109375}, {"class": "tvmonitor", "prob": 0.6382514834403992, "left": 121.80091857910156, "top": 128.1203155517578, "right": 231.99244689941406, "bottom": 315.5003662109375}], "time": 0.8466660976409912}
