{"im": 305, "res": [{"class": "aeroplane", "prob": 0.6575288772583008, "left": 1.6358108520507812, "top": 171.27914428710938, "right": 202.542724609375, "bottom": 489.2835388183594}], "time": 0.8628029823303223}
