{"im": 2384, "res": [{"class": "bottle", "prob": 0.9967610836029053, "left": 281.9822692871094, "top": 159.4403076171875, "right": 301.6325378417969, "bottom": 181.04885864257812}], "time": 21.42011785507202}
