{"im": 1047, "res": [{"class": "aeroplane", "prob": 0.8925660848617554, "left": 338.7721252441406, "top": 263.9287414550781, "right": 362.4799499511719, "bottom": 352.0648498535156}, {"class": "aeroplane", "prob": 0.7124495506286621, "left": 323.57861328125, "top": 248.186767578125, "right": 379.32098388671875, "bottom": 370.7330322265625}], "time": 0.8333361148834229}
