{"im": 834, "res": [{"class": "aeroplane", "prob": 0.9619893431663513, "left": 270.31707763671875, "top": 84.77665710449219, "right": 437.9049072265625, "bottom": 375.0}], "time": 0.8755598068237305}
