{"im": 4278, "res": [{"class": "sheep", "prob": 0.8721017837524414, "left": 6.4120025634765625, "top": 88.83872985839844, "right": 279.98236083984375, "bottom": 375.0}], "time": 21.72364377975464}
