{"im": 913, "res": [{"class": "aeroplane", "prob": 0.9976451992988586, "left": 225.1435546875, "top": 132.78436279296875, "right": 288.1572265625, "bottom": 236.19216918945312}], "time": 21.077343940734863}
