{"im": 574, "res": [{"class": "chair", "prob": 0.9519984722137451, "left": 268.6108703613281, "top": 150.87413024902344, "right": 373.9302673339844, "bottom": 177.69285583496094}, {"class": "chair", "prob": 0.5770552754402161, "left": 0.0, "top": 49.25597381591797, "right": 60.89300537109375, "bottom": 191.54608154296875}], "time": 21.861727952957153}
