{"im": 422, "res": [{"class": "aeroplane", "prob": 0.6906092762947083, "left": 150.23333740234375, "top": 69.82734680175781, "right": 428.949951171875, "bottom": 374.86859130859375}], "time": 0.8360068798065186}
