{"im": 3772, "res": [{"class": "sofa", "prob": 0.9109511971473694, "left": 89.38917541503906, "top": 137.54336547851562, "right": 313.0714111328125, "bottom": 302.9708251953125}], "time": 0.8352487087249756}
