{"im": 3964, "res": [{"class": "bird", "prob": 0.8984788060188293, "left": 310.3579406738281, "top": 275.4944152832031, "right": 490.0238952636719, "bottom": 325.9134216308594}, {"class": "bird", "prob": 0.7424063086509705, "left": 357.9682922363281, "top": 276.24847412109375, "right": 437.1893615722656, "bottom": 315.78955078125}], "time": 0.8323140144348145}
