{"im": 4508, "res": [{"class": "bottle", "prob": 0.8451423645019531, "left": 33.92759704589844, "top": 38.8304443359375, "right": 477.225830078125, "bottom": 342.8437805175781}], "time": 21.400769233703613}
