{"im": 738, "res": [{"class": "sofa", "prob": 0.9740476608276367, "left": 139.91287231445312, "top": 80.16969299316406, "right": 357.87164306640625, "bottom": 347.10888671875}, {"class": "aeroplane", "prob": 0.9212168455123901, "left": 184.49139404296875, "top": 35.4364013671875, "right": 312.7472229003906, "bottom": 272.0041198730469}], "time": 21.586733102798462}
