{"im": 3347, "res": [{"class": "sheep", "prob": 0.8276468515396118, "left": 14.573593139648438, "top": 97.0208969116211, "right": 312.9810791015625, "bottom": 196.04754638671875}], "time": 0.8420779705047607}
