{"im": 708, "res": [{"class": "aeroplane", "prob": 0.7373888492584229, "left": 7.567050933837891, "top": 12.555309295654297, "right": 118.92547607421875, "bottom": 122.52415466308594}, {"class": "aeroplane", "prob": 0.5669036507606506, "left": 240.72654724121094, "top": 75.6160659790039, "right": 498.83856201171875, "bottom": 285.2373046875}], "time": 0.9454290866851807}
