{"im": 1766, "res": [{"class": "person", "prob": 0.9919357299804688, "left": 131.91546630859375, "top": 92.07475280761719, "right": 331.880859375, "bottom": 207.6881866455078}, {"class": "aeroplane", "prob": 0.9843507409095764, "left": 21.989120483398438, "top": 174.1248321533203, "right": 372.5828857421875, "bottom": 326.0985107421875}], "time": 21.635563135147095}
