{"im": 4137, "res": [{"class": "pottedplant", "prob": 0.7090875506401062, "left": 160.08621215820312, "top": 41.2890625, "right": 494.6270446777344, "bottom": 357.20660400390625}], "time": 0.8868851661682129}
