{"im": 2554, "res": [{"class": "sheep", "prob": 0.9858221411705017, "left": 109.48481750488281, "top": 29.56573486328125, "right": 445.93817138671875, "bottom": 341.0100402832031}], "time": 21.538527011871338}
