{"im": 99, "res": [{"class": "sofa", "prob": 0.7508254647254944, "left": 197.54966735839844, "top": 238.26693725585938, "right": 222.64869689941406, "bottom": 277.1689147949219}, {"class": "aeroplane", "prob": 0.7344798445701599, "left": 200.45037841796875, "top": 205.18296813964844, "right": 217.62118530273438, "bottom": 243.2454376220703}, {"class": "aeroplane", "prob": 0.709148108959198, "left": 192.6045684814453, "top": 203.34164428710938, "right": 212.17417907714844, "bottom": 238.2149658203125}], "time": 0.8978440761566162}
