{"im": 3797, "res": [{"class": "aeroplane", "prob": 0.9994919300079346, "left": 256.6089172363281, "top": 0.0, "right": 384.2463073730469, "bottom": 327.78369140625}, {"class": "train", "prob": 0.5306755304336548, "left": 83.05659484863281, "top": 123.37130737304688, "right": 349.30621337890625, "bottom": 350.6481018066406}], "time": 21.852180004119873}
