{"im": 2022, "res": [{"class": "bicycle", "prob": 0.8813449144363403, "left": 143.21170043945312, "top": 112.18143463134766, "right": 361.1518249511719, "bottom": 240.30484008789062}], "time": 0.827437162399292}
