{"im": 4881, "res": [{"class": "aeroplane", "prob": 0.9042166471481323, "left": 163.79470825195312, "top": 95.07341003417969, "right": 351.8464660644531, "bottom": 347.88775634765625}], "time": 0.8799712657928467}
