{"im": 3760, "res": [{"class": "pottedplant", "prob": 0.9677505493164062, "left": 109.220947265625, "top": 21.642807006835938, "right": 500.0, "bottom": 369.89959716796875}], "time": 21.555222034454346}
