{"im": 2499, "res": [{"class": "aeroplane", "prob": 0.9684585332870483, "left": 260.8544921875, "top": 99.28268432617188, "right": 368.33935546875, "bottom": 367.6131896972656}], "time": 0.8951029777526855}
