{"im": 4672, "res": [{"class": "sofa", "prob": 0.5750638842582703, "left": 53.502288818359375, "top": 74.48924255371094, "right": 334.28729248046875, "bottom": 473.0}], "time": 0.8277759552001953}
