{"im": 2973, "res": [{"class": "car", "prob": 0.9980083107948303, "left": 98.86276245117188, "top": 199.4387664794922, "right": 310.9582214355469, "bottom": 343.08465576171875}, {"class": "bird", "prob": 0.7152105569839478, "left": 495.0715026855469, "top": 258.5267333984375, "right": 500.0, "bottom": 265.47601318359375}], "time": 21.587527751922607}
