{"im": 524, "res": [{"class": "pottedplant", "prob": 0.8797752857208252, "left": 5.4434661865234375, "top": 12.571319580078125, "right": 362.68017578125, "bottom": 441.2037048339844}], "time": 21.569077968597412}
