{"im": 5046, "res": [{"class": "aeroplane", "prob": 0.5582616925239563, "left": 132.14292907714844, "top": 47.49613952636719, "right": 300.7830810546875, "bottom": 322.79266357421875}], "time": 0.8636231422424316}
