{"im": 1919, "res": [{"class": "bird", "prob": 0.8379057049751282, "left": 13.635444641113281, "top": 15.990638732910156, "right": 268.0862731933594, "bottom": 200.94564819335938}], "time": 21.616524934768677}
