{"im": 525, "res": [{"class": "aeroplane", "prob": 0.9998818635940552, "left": 130.69287109375, "top": 49.66541290283203, "right": 279.64202880859375, "bottom": 263.9855041503906}], "time": 21.764686107635498}
