{"im": 1092, "res": [{"class": "aeroplane", "prob": 0.9995129704475403, "left": 210.6103973388672, "top": 49.0712890625, "right": 399.1624755859375, "bottom": 329.7358093261719}], "time": 21.223897695541382}
