{"im": 5689, "res": [{"class": "bird", "prob": 0.5875809788703918, "left": 477.6640930175781, "top": 210.77243041992188, "right": 492.1098937988281, "bottom": 230.49203491210938}, {"class": "bus", "prob": 0.5337322950363159, "left": 74.08418273925781, "top": 41.74159240722656, "right": 493.2232666015625, "bottom": 318.6507568359375}], "time": 0.8776938915252686}
