{"im": 4396, "res": [{"class": "chair", "prob": 0.9995664954185486, "left": 116.28793334960938, "top": 310.0675048828125, "right": 314.82763671875, "bottom": 500.0}, {"class": "chair", "prob": 0.720392644405365, "left": 211.4852752685547, "top": 199.9463653564453, "right": 225.9208221435547, "bottom": 204.32188415527344}], "time": 22.434595108032227}
