{"im": 1359, "res": [{"class": "aeroplane", "prob": 0.8552795648574829, "left": 56.60270690917969, "top": 41.32673645019531, "right": 442.27581787109375, "bottom": 359.0863037109375}], "time": 0.8327009677886963}
