{"im": 4409, "res": [{"class": "boat", "prob": 0.531965970993042, "left": 0.0, "top": 0.0, "right": 500.0, "bottom": 333.0}], "time": 21.377810955047607}
