{"im": 1049, "res": [{"class": "aeroplane", "prob": 0.8913496136665344, "left": 278.4561462402344, "top": 22.3050537109375, "right": 358.6972961425781, "bottom": 248.15362548828125}, {"class": "aeroplane", "prob": 0.6085333824157715, "left": 194.56231689453125, "top": 242.48468017578125, "right": 370.426025390625, "bottom": 368.69903564453125}, {"class": "aeroplane", "prob": 0.625617504119873, "left": 269.5512390136719, "top": 260.9739990234375, "right": 318.7358093261719, "bottom": 359.49786376953125}, {"class": "aeroplane", "prob": 0.5066815614700317, "left": 126.41342163085938, "top": 162.97463989257812, "right": 242.796142578125, "bottom": 290.46319580078125}], "time": 0.8389198780059814}
