{"im": 138, "res": [{"class": "aeroplane", "prob": 0.9853973984718323, "left": 327.7656555175781, "top": 274.4811706542969, "right": 357.4512634277344, "bottom": 344.1272277832031}], "time": 0.9976940155029297}
