{"im": 2235, "res": [{"class": "aeroplane", "prob": 0.620434045791626, "left": 39.893096923828125, "top": 0.0, "right": 500.0, "bottom": 369.6160888671875}], "time": 21.44524073600769}
