{"im": 3330, "res": [{"class": "pottedplant", "prob": 0.7485297918319702, "left": 157.7045440673828, "top": 74.04492950439453, "right": 434.46673583984375, "bottom": 326.332275390625}], "time": 0.842667818069458}
