{"im": 3488, "res": [{"class": "person", "prob": 0.9752936959266663, "left": 0.0, "top": 111.47813415527344, "right": 231.2666473388672, "bottom": 496.2542724609375}], "time": 21.484454870224}
