{"im": 1745, "res": [{"class": "aeroplane", "prob": 0.9241609573364258, "left": 306.6593017578125, "top": 135.56979370117188, "right": 450.4893798828125, "bottom": 373.360595703125}], "time": 0.9700160026550293}
