{"im": 4346, "res": [{"class": "train", "prob": 0.9984071254730225, "left": 211.620849609375, "top": 158.50775146484375, "right": 456.59912109375, "bottom": 355.04547119140625}, {"class": "train", "prob": 0.9563313126564026, "left": 56.21812438964844, "top": 126.70574951171875, "right": 241.8590850830078, "bottom": 268.7832336425781}, {"class": "train", "prob": 0.7790132761001587, "left": 458.071044921875, "top": 170.40963745117188, "right": 499.47650146484375, "bottom": 348.1659851074219}], "time": 21.41524910926819}
