{"im": 1785, "res": [{"class": "sofa", "prob": 0.999021053314209, "left": 76.83146667480469, "top": 13.209442138671875, "right": 332.0, "bottom": 499.9483337402344}, {"class": "aeroplane", "prob": 0.9989399909973145, "left": 202.57948303222656, "top": 0.0, "right": 332.0, "bottom": 253.01165771484375}, {"class": "aeroplane", "prob": 0.555840253829956, "left": 282.307861328125, "top": 391.3918762207031, "right": 332.0, "bottom": 465.1971740722656}], "time": 21.651083946228027}
