{"im": 5477, "res": [{"class": "aeroplane", "prob": 0.755700409412384, "left": 8.180221557617188, "top": 0.0, "right": 340.12811279296875, "bottom": 334.0}], "time": 0.9423291683197021}
