{"im": 187, "res": [{"class": "aeroplane", "prob": 0.6814942955970764, "left": 79.55908966064453, "top": 0.0, "right": 286.5622863769531, "bottom": 423.74359130859375}], "time": 1.2506730556488037}
