{"im": 2713, "res": [{"class": "sheep", "prob": 0.9930920600891113, "left": 66.1695556640625, "top": 0.0, "right": 324.300537109375, "bottom": 494.7257385253906}], "time": 21.480609893798828}
