{"im": 4308, "res": [{"class": "sheep", "prob": 0.5084883570671082, "left": 84.18775939941406, "top": 10.342483520507812, "right": 421.774169921875, "bottom": 375.0}], "time": 0.8584260940551758}
