{"im": 1449, "res": [{"class": "chair", "prob": 0.5791164040565491, "left": 86.05265808105469, "top": 214.48040771484375, "right": 157.40695190429688, "bottom": 248.98574829101562}], "time": 0.8800387382507324}
