{"im": 4796, "res": [{"class": "pottedplant", "prob": 0.9573695063591003, "left": 157.1024169921875, "top": 0.0, "right": 441.83111572265625, "bottom": 333.0}], "time": 21.409679889678955}
