{"im": 4797, "res": [{"class": "bird", "prob": 0.5222526788711548, "left": 43.386688232421875, "top": 66.7718276977539, "right": 301.94635009765625, "bottom": 219.424560546875}], "time": 0.8764259815216064}
