{"im": 218, "res": [{"class": "sofa", "prob": 0.8684012293815613, "left": 0.0, "top": 13.1773681640625, "right": 408.7323913574219, "bottom": 374.4578552246094}], "time": 21.71621823310852}
