{"im": 3908, "res": [{"class": "sheep", "prob": 0.9357351064682007, "left": 161.04129028320312, "top": 98.0680923461914, "right": 500.0, "bottom": 238.8267822265625}], "time": 21.56260871887207}
