{"im": 1539, "res": [{"class": "aeroplane", "prob": 0.6120954155921936, "left": 214.17861938476562, "top": 87.13031005859375, "right": 295.62933349609375, "bottom": 200.3973388671875}], "time": 1.13621187210083}
