{"im": 3823, "res": [{"class": "car", "prob": 0.996306300163269, "left": 107.32292175292969, "top": 180.1436309814453, "right": 494.7088623046875, "bottom": 282.94354248046875}], "time": 21.610013961791992}
