{"im": 5564, "res": [{"class": "bird", "prob": 0.8628167510032654, "left": 362.2420959472656, "top": 65.94503784179688, "right": 500.0, "bottom": 144.33663940429688}, {"class": "bicycle", "prob": 0.9232164621353149, "left": 66.956298828125, "top": 93.27569580078125, "right": 334.9437255859375, "bottom": 332.3158264160156}, {"class": "bird", "prob": 0.8556976318359375, "left": 399.20806884765625, "top": 73.8651123046875, "right": 466.87725830078125, "bottom": 127.65733337402344}], "time": 0.8461670875549316}
