{"im": 4719, "res": [{"class": "sheep", "prob": 0.9550899267196655, "left": 0.0, "top": 58.37931823730469, "right": 391.4044494628906, "bottom": 488.56719970703125}], "time": 21.45107626914978}
