{"im": 1892, "res": [{"class": "sheep", "prob": 0.8905930519104004, "left": 98.89097595214844, "top": 128.92926025390625, "right": 147.63404846191406, "bottom": 210.668212890625}], "time": 21.67974090576172}
