{"im": 1517, "res": [{"class": "aeroplane", "prob": 0.9978010654449463, "left": 72.84933471679688, "top": 57.3037109375, "right": 362.3267822265625, "bottom": 479.7938232421875}, {"class": "aeroplane", "prob": 0.9365493059158325, "left": 1.9934234619140625, "top": 126.22332000732422, "right": 93.51638793945312, "bottom": 226.27157592773438}, {"class": "aeroplane", "prob": 0.7662519812583923, "left": 109.93000030517578, "top": 14.0333251953125, "right": 169.02061462402344, "bottom": 158.88973999023438}, {"class": "aeroplane", "prob": 0.6593669056892395, "left": 64.11212158203125, "top": 128.51345825195312, "right": 111.54762268066406, "bottom": 201.61956787109375}], "time": 21.90530824661255}
