{"im": 5069, "res": [{"class": "pottedplant", "prob": 0.9711228013038635, "left": 35.54154968261719, "top": 6.2790374755859375, "right": 500.0, "bottom": 327.57568359375}], "time": 21.421370267868042}
