{"im": 3260, "res": [{"class": "aeroplane", "prob": 0.9113947749137878, "left": 219.57763671875, "top": 93.22289276123047, "right": 340.27960205078125, "bottom": 230.76739501953125}, {"class": "aeroplane", "prob": 0.7712346911430359, "left": 377.5433349609375, "top": 63.6085205078125, "right": 500.0, "bottom": 324.4980163574219}, {"class": "aeroplane", "prob": 0.6925790309906006, "left": 6.852870941162109, "top": 90.77122497558594, "right": 122.73036193847656, "bottom": 360.41461181640625}], "time": 0.8792293071746826}
