{"im": 4306, "res": [{"class": "aeroplane", "prob": 0.9078930616378784, "left": 39.13914489746094, "top": 15.377288818359375, "right": 375.0, "bottom": 490.99407958984375}], "time": 21.716593980789185}
