{"im": 1585, "res": [{"class": "sheep", "prob": 0.6562540531158447, "left": 70.83450317382812, "top": 87.19470977783203, "right": 255.63552856445312, "bottom": 262.64691162109375}], "time": 0.8787970542907715}
