{"im": 3877, "res": [{"class": "sheep", "prob": 0.8962869048118591, "left": 124.42129516601562, "top": 6.3701629638671875, "right": 481.1449279785156, "bottom": 333.0}, {"class": "aeroplane", "prob": 0.9573745131492615, "left": 0.0, "top": 5.1024169921875, "right": 302.3763427734375, "bottom": 330.65386962890625}], "time": 21.56975221633911}
