{"im": 1294, "res": [{"class": "aeroplane", "prob": 0.9892671704292297, "left": 67.4991226196289, "top": 0.48284912109375, "right": 319.87353515625, "bottom": 259.201904296875}, {"class": "aeroplane", "prob": 0.922808051109314, "left": 0.0, "top": 174.96417236328125, "right": 101.39205932617188, "bottom": 265.0562744140625}], "time": 21.398958206176758}
