{"im": 3464, "res": [{"class": "aeroplane", "prob": 0.9996846318244934, "left": 107.76734161376953, "top": 12.58026123046875, "right": 247.96481323242188, "bottom": 359.73272705078125}], "time": 21.51982307434082}
