{"im": 1763, "res": [{"class": "tvmonitor", "prob": 0.9735685586929321, "left": 175.7390594482422, "top": 127.74443054199219, "right": 495.24993896484375, "bottom": 341.7998046875}, {"class": "tvmonitor", "prob": 0.9014309048652649, "left": 338.20367431640625, "top": 99.19307708740234, "right": 496.30194091796875, "bottom": 211.87429809570312}, {"class": "tvmonitor", "prob": 0.9140674471855164, "left": 46.80129623413086, "top": 156.38629150390625, "right": 139.5802459716797, "bottom": 228.14376831054688}, {"class": "tvmonitor", "prob": 0.519653856754303, "left": 134.80813598632812, "top": 92.26655578613281, "right": 240.10964965820312, "bottom": 171.80113220214844}], "time": 21.806764125823975}
