{"im": 1931, "res": [{"class": "aeroplane", "prob": 0.9997712969779968, "left": 56.175498962402344, "top": 77.67060852050781, "right": 274.32623291015625, "bottom": 342.198974609375}, {"class": "aeroplane", "prob": 0.9994156360626221, "left": 113.01768493652344, "top": 35.43098449707031, "right": 493.509765625, "bottom": 375.0}], "time": 21.68472194671631}
