{"im": 2922, "res": [{"class": "aeroplane", "prob": 0.8191046714782715, "left": 142.3492889404297, "top": 16.641098022460938, "right": 443.48663330078125, "bottom": 317.24493408203125}], "time": 0.8542370796203613}
