{"im": 2378, "res": [{"class": "chair", "prob": 0.7115357518196106, "left": 229.6373291015625, "top": 273.6321105957031, "right": 254.31112670898438, "bottom": 282.9928283691406}], "time": 0.8428740501403809}
