{"im": 51, "res": [{"class": "aeroplane", "prob": 0.7205033302307129, "left": 64.58695983886719, "top": 13.791549682617188, "right": 439.22198486328125, "bottom": 330.48236083984375}], "time": 0.8736350536346436}
