{"im": 2519, "res": [{"class": "aeroplane", "prob": 0.807563066482544, "left": 333.0773620605469, "top": 0.0, "right": 414.6530456542969, "bottom": 291.3033142089844}, {"class": "aeroplane", "prob": 0.7025428414344788, "left": 409.957275390625, "top": 0.0, "right": 496.07611083984375, "bottom": 310.771728515625}, {"class": "aeroplane", "prob": 0.6929108500480652, "left": 163.47750854492188, "top": 31.753036499023438, "right": 354.0481872558594, "bottom": 350.31689453125}], "time": 0.835582971572876}
