{"im": 4481, "res": [{"class": "aeroplane", "prob": 0.9989926218986511, "left": 293.27392578125, "top": 144.14776611328125, "right": 370.40771484375, "bottom": 330.2164001464844}, {"class": "aeroplane", "prob": 0.9967794418334961, "left": 121.8595199584961, "top": 135.1409149169922, "right": 200.75900268554688, "bottom": 230.84364318847656}, {"class": "aeroplane", "prob": 0.9933292865753174, "left": 248.62063598632812, "top": 120.91702270507812, "right": 317.5861511230469, "bottom": 248.35162353515625}, {"class": "aeroplane", "prob": 0.9923971891403198, "left": 197.463623046875, "top": 135.6124725341797, "right": 258.8660888671875, "bottom": 230.5475311279297}], "time": 22.7793710231781}
