{"im": 253, "res": [{"class": "aeroplane", "prob": 0.8357951641082764, "left": 53.08583068847656, "top": 158.81109619140625, "right": 314.33013916015625, "bottom": 475.63861083984375}], "time": 1.0716240406036377}
