{"im": 909, "res": [{"class": "aeroplane", "prob": 0.9994708299636841, "left": 32.36158752441406, "top": 93.42996215820312, "right": 302.57177734375, "bottom": 500.0}], "time": 21.129283666610718}
