{"im": 5062, "res": [{"class": "tvmonitor", "prob": 0.8448212146759033, "left": 366.6542053222656, "top": 285.0263366699219, "right": 395.7572326660156, "bottom": 311.5603942871094}], "time": 0.8370959758758545}
