{"im": 4290, "res": [{"class": "sheep", "prob": 0.6146922707557678, "left": 177.82315063476562, "top": 161.064697265625, "right": 413.3611145019531, "bottom": 294.238037109375}], "time": 0.8670389652252197}
