{"im": 4148, "res": [{"class": "boat", "prob": 0.9980284571647644, "left": 33.707977294921875, "top": 36.19828796386719, "right": 462.2941589355469, "bottom": 342.906494140625}], "time": 21.629218816757202}
