{"im": 752, "res": [{"class": "aeroplane", "prob": 0.9094302654266357, "left": 198.81455993652344, "top": 51.212799072265625, "right": 322.7168884277344, "bottom": 398.0}, {"class": "aeroplane", "prob": 0.874016284942627, "left": 307.84912109375, "top": 79.03904724121094, "right": 453.10980224609375, "bottom": 396.4219970703125}, {"class": "aeroplane", "prob": 0.8283534646034241, "left": 55.03118896484375, "top": 53.4210205078125, "right": 228.8653564453125, "bottom": 398.0}], "time": 0.8440959453582764}
