{"im": 4208, "res": [{"class": "train", "prob": 0.9825258255004883, "left": 125.81141662597656, "top": 56.50933837890625, "right": 411.38140869140625, "bottom": 316.1668395996094}], "time": 21.613319873809814}
