{"im": 853, "res": [{"class": "aeroplane", "prob": 0.6607744097709656, "left": 219.33599853515625, "top": 114.88426971435547, "right": 265.255615234375, "bottom": 200.8052978515625}, {"class": "sofa", "prob": 0.5921308398246765, "left": 55.66392517089844, "top": 163.0196533203125, "right": 330.68304443359375, "bottom": 488.7623291015625}, {"class": "aeroplane", "prob": 0.5889884233474731, "left": 196.9374237060547, "top": 92.704833984375, "right": 287.7991027832031, "bottom": 227.40484619140625}], "time": 0.8759369850158691}
