{"im": 65, "res": [{"class": "train", "prob": 0.5561474561691284, "left": 189.64634704589844, "top": 324.4171447753906, "right": 213.0009307861328, "bottom": 352.6450500488281}, {"class": "train", "prob": 0.7323319911956787, "left": 284.63507080078125, "top": 329.2992858886719, "right": 306.67144775390625, "bottom": 349.3689270019531}, {"class": "train", "prob": 0.7879317998886108, "left": 252.38629150390625, "top": 326.2777099609375, "right": 275.59368896484375, "bottom": 348.07769775390625}], "time": 23.125285863876343}
