{"im": 5365, "res": [{"class": "aeroplane", "prob": 0.7795045971870422, "left": 15.030410766601562, "top": 13.762100219726562, "right": 255.50181579589844, "bottom": 366.30633544921875}], "time": 0.8331656455993652}
