{"im": 315, "res": [{"class": "aeroplane", "prob": 0.9880589246749878, "left": 172.21389770507812, "top": 83.02375030517578, "right": 397.4057312011719, "bottom": 311.41046142578125}], "time": 21.837143659591675}
