{"im": 4144, "res": [{"class": "boat", "prob": 0.9992668628692627, "left": 0.0, "top": 145.2871856689453, "right": 366.9873046875, "bottom": 375.0}, {"class": "aeroplane", "prob": 0.9994465112686157, "left": 103.33207702636719, "top": 79.77659606933594, "right": 227.56044006347656, "bottom": 355.9346923828125}], "time": 21.706971883773804}
