{"im": 1438, "res": [{"class": "bottle", "prob": 0.9972428679466248, "left": 412.50128173828125, "top": 260.9110107421875, "right": 451.69390869140625, "bottom": 278.6600341796875}], "time": 21.64703941345215}
