{"im": 3491, "res": [{"class": "sheep", "prob": 0.9930245280265808, "left": 272.9098815917969, "top": 84.9510726928711, "right": 354.7483215332031, "bottom": 217.45846557617188}], "time": 21.484389781951904}
