{"im": 795, "res": [{"class": "aeroplane", "prob": 0.9141989350318909, "left": 175.4528045654297, "top": 211.04440307617188, "right": 196.4928741455078, "bottom": 250.79132080078125}, {"class": "aeroplane", "prob": 0.8999898433685303, "left": 195.0738067626953, "top": 175.73580932617188, "right": 203.6537322998047, "bottom": 199.517333984375}], "time": 21.798917055130005}
