{"im": 1156, "res": [{"class": "bird", "prob": 0.9019783735275269, "left": 343.79144287109375, "top": 118.5309066772461, "right": 371.852294921875, "bottom": 140.72036743164062}], "time": 0.8440520763397217}
