{"im": 331, "res": [{"class": "aeroplane", "prob": 0.9514374136924744, "left": 83.27445983886719, "top": 137.8521728515625, "right": 183.1497344970703, "bottom": 286.7452392578125}, {"class": "aeroplane", "prob": 0.711993396282196, "left": 112.16830444335938, "top": 154.03970336914062, "right": 156.72650146484375, "bottom": 264.85400390625}, {"class": "aeroplane", "prob": 0.5828442573547363, "left": 292.8586120605469, "top": 182.00384521484375, "right": 317.2868347167969, "bottom": 267.7728271484375}], "time": 0.8455398082733154}
