{"im": 2871, "res": [{"class": "bus", "prob": 0.9994695782661438, "left": 106.96354675292969, "top": 60.10539245605469, "right": 377.9459228515625, "bottom": 289.29248046875}], "time": 21.454630136489868}
