{"im": 1710, "res": [{"class": "boat", "prob": 0.9973266124725342, "left": 204.95050048828125, "top": 51.48423767089844, "right": 383.4014892578125, "bottom": 158.28982543945312}, {"class": "aeroplane", "prob": 0.9727349281311035, "left": 279.61279296875, "top": 13.990238189697266, "right": 341.0322265625, "bottom": 117.28811645507812}], "time": 21.653883934020996}
