{"im": 1725, "res": [{"class": "aeroplane", "prob": 0.9950278997421265, "left": 118.72505187988281, "top": 73.18578338623047, "right": 328.996337890625, "bottom": 327.3384094238281}, {"class": "boat", "prob": 0.7886835932731628, "left": 54.853485107421875, "top": 155.18844604492188, "right": 441.7387390136719, "bottom": 333.0}], "time": 21.707058906555176}
