{"im": 4473, "res": [{"class": "aeroplane", "prob": 0.9668827652931213, "left": 74.76300811767578, "top": 132.877685546875, "right": 307.6158752441406, "bottom": 472.40643310546875}, {"class": "aeroplane", "prob": 0.990001380443573, "left": 284.58575439453125, "top": 38.132293701171875, "right": 333.0, "bottom": 310.930419921875}], "time": 21.460254907608032}
