{"im": 5415, "res": [{"class": "tvmonitor", "prob": 0.5176380276679993, "left": 81.09312438964844, "top": 98.9748764038086, "right": 426.1397705078125, "bottom": 349.7572021484375}], "time": 1.5514559745788574}
