{"im": 5311, "res": [{"class": "bicycle", "prob": 0.9998992681503296, "left": 44.81182861328125, "top": 55.91656494140625, "right": 465.0519714355469, "bottom": 317.4355773925781}], "time": 21.471153259277344}
