{"im": 5044, "res": [{"class": "bird", "prob": 0.9474340081214905, "left": 56.57421875, "top": 69.37740325927734, "right": 432.9448547363281, "bottom": 299.69036865234375}, {"class": "bird", "prob": 0.5328772664070129, "left": 425.35162353515625, "top": 92.63624572753906, "right": 445.5166015625, "bottom": 99.64002990722656}], "time": 21.43675684928894}
