{"im": 1420, "res": [{"class": "sofa", "prob": 0.9554981589317322, "left": 83.2091064453125, "top": 119.308349609375, "right": 311.7897033691406, "bottom": 370.8505554199219}, {"class": "aeroplane", "prob": 0.968562126159668, "left": 141.30162048339844, "top": 62.4072265625, "right": 241.9217071533203, "bottom": 322.3290100097656}], "time": 21.630460262298584}
