{"im": 1320, "res": [{"class": "person", "prob": 0.8387636542320251, "left": 141.2008056640625, "top": 118.4410400390625, "right": 275.13726806640625, "bottom": 212.66796875}], "time": 0.837719202041626}
