{"im": 3189, "res": [{"class": "car", "prob": 0.9742435812950134, "left": 54.24993896484375, "top": 176.9332275390625, "right": 217.05966186523438, "bottom": 292.9923095703125}, {"class": "cow", "prob": 0.791574239730835, "left": 271.8263244628906, "top": 162.48538208007812, "right": 280.6278381347656, "bottom": 183.75836181640625}, {"class": "cow", "prob": 0.5206942558288574, "left": 371.638427734375, "top": 160.44000244140625, "right": 379.978759765625, "bottom": 182.6976318359375}], "time": 0.8695578575134277}
