{"im": 3701, "res": [{"class": "pottedplant", "prob": 0.9787198305130005, "left": 51.95135498046875, "top": 69.6051025390625, "right": 197.03207397460938, "bottom": 337.26080322265625}], "time": 21.53559184074402}
