{"im": 5519, "res": [{"class": "aeroplane", "prob": 0.540080726146698, "left": 185.50042724609375, "top": 226.9629364013672, "right": 278.1719970703125, "bottom": 273.6302795410156}], "time": 21.11412501335144}
