{"im": 542, "res": [{"class": "aeroplane", "prob": 0.6003852486610413, "left": 0.0, "top": 70.25250244140625, "right": 338.47186279296875, "bottom": 371.66802978515625}], "time": 0.8403797149658203}
