{"im": 398, "res": [{"class": "bottle", "prob": 0.98408442735672, "left": 59.20758056640625, "top": 32.55690002441406, "right": 473.36566162109375, "bottom": 218.6043243408203}], "time": 21.461611032485962}
