{"im": 5507, "res": [{"class": "cat", "prob": 0.9033358097076416, "left": 50.41059875488281, "top": 201.87014770507812, "right": 111.59657287597656, "bottom": 225.83016967773438}, {"class": "bottle", "prob": 0.9960841536521912, "left": 65.03387451171875, "top": 83.52050018310547, "right": 485.89984130859375, "bottom": 248.68701171875}], "time": 20.967427968978882}
