{"im": 1879, "res": [{"class": "bottle", "prob": 0.7673155069351196, "left": 2.1048736572265625, "top": 5.02044677734375, "right": 476.43206787109375, "bottom": 328.2372741699219}, {"class": "car", "prob": 0.7597178816795349, "left": 2.1048736572265625, "top": 5.02044677734375, "right": 476.43206787109375, "bottom": 328.2372741699219}], "time": 21.68212080001831}
