{"im": 4220, "res": [{"class": "sheep", "prob": 0.9586676955223083, "left": 1.832275390625, "top": 34.24479675292969, "right": 234.4170684814453, "bottom": 375.0}, {"class": "aeroplane", "prob": 0.6885071396827698, "left": 273.7545166015625, "top": 12.066299438476562, "right": 485.5521240234375, "bottom": 375.0}], "time": 21.650748014450073}
