{"im": 4468, "res": [{"class": "train", "prob": 0.9925304651260376, "left": 25.082168579101562, "top": 55.44268798828125, "right": 326.74945068359375, "bottom": 337.7813415527344}], "time": 21.36576008796692}
