{"im": 564, "res": [{"class": "aeroplane", "prob": 0.7052392363548279, "left": 334.295166015625, "top": 171.54791259765625, "right": 480.90435791015625, "bottom": 372.8802490234375}, {"class": "aeroplane", "prob": 0.7169087529182434, "left": 203.9716796875, "top": 170.66976928710938, "right": 246.30194091796875, "bottom": 274.9742431640625}, {"class": "aeroplane", "prob": 0.636565089225769, "left": 174.09671020507812, "top": 150.51730346679688, "right": 270.4335021972656, "bottom": 296.19866943359375}], "time": 0.8346889019012451}
