{"im": 4276, "res": [{"class": "pottedplant", "prob": 0.9967214465141296, "left": 296.9471740722656, "top": 37.68603515625, "right": 500.0, "bottom": 346.6226501464844}], "time": 21.69471526145935}
