{"im": 3402, "res": [{"class": "bottle", "prob": 0.8582755923271179, "left": 0.0, "top": 73.4061279296875, "right": 491.6453857421875, "bottom": 213.08792114257812}], "time": 21.465262174606323}
