{"im": 1145, "res": [{"class": "person", "prob": 0.9949008226394653, "left": 115.35391235351562, "top": 95.53628540039062, "right": 338.4471740722656, "bottom": 288.3126220703125}], "time": 21.093531847000122}
