{"im": 2842, "res": [{"class": "car", "prob": 0.9598767757415771, "left": 100.43751525878906, "top": 119.0782470703125, "right": 406.71771240234375, "bottom": 273.6261291503906}], "time": 0.8616070747375488}
