{"im": 5739, "res": [{"class": "tvmonitor", "prob": 0.9759123921394348, "left": 84.79789733886719, "top": 99.70050048828125, "right": 412.3255615234375, "bottom": 266.6907043457031}, {"class": "tvmonitor", "prob": 0.8713855743408203, "left": 1.6515655517578125, "top": 110.65962219238281, "right": 102.63470458984375, "bottom": 261.015625}, {"class": "tvmonitor", "prob": 0.8467407822608948, "left": 25.86391258239746, "top": 125.83790588378906, "right": 73.84385681152344, "bottom": 235.3323211669922}], "time": 0.8552680015563965}
