{"im": 562, "res": [{"class": "pottedplant", "prob": 0.6914540529251099, "left": 97.10913848876953, "top": 92.92495727539062, "right": 317.5381774902344, "bottom": 272.3388977050781}], "time": 0.8837718963623047}
