{"im": 1209, "res": [{"class": "aeroplane", "prob": 0.9998504519462585, "left": 176.84542846679688, "top": 43.27386474609375, "right": 337.8801574707031, "bottom": 492.65301513671875}, {"class": "sheep", "prob": 0.9886341094970703, "left": 0.0, "top": 219.85897827148438, "right": 199.71697998046875, "bottom": 486.2940368652344}], "time": 21.112778902053833}
