{"im": 2354, "res": [{"class": "sheep", "prob": 0.9298282861709595, "left": 111.81214904785156, "top": 95.72789001464844, "right": 497.343994140625, "bottom": 375.0}], "time": 21.42107391357422}
