{"im": 5662, "res": [{"class": "cat", "prob": 0.9505539536476135, "left": 49.22954177856445, "top": 163.4161834716797, "right": 124.60624694824219, "bottom": 224.0181427001953}, {"class": "cat", "prob": 0.9169984459877014, "left": 1.0193939208984375, "top": 153.150390625, "right": 168.8640594482422, "bottom": 231.85845947265625}], "time": 0.835054874420166}
