{"im": 2415, "res": [{"class": "boat", "prob": 0.7976513504981995, "left": 55.24827575683594, "top": 84.15342712402344, "right": 381.6072998046875, "bottom": 231.58372497558594}], "time": 0.8296909332275391}
