{"im": 5589, "res": [{"class": "aeroplane", "prob": 0.7879513502120972, "left": 31.755172729492188, "top": 0.0, "right": 463.494873046875, "bottom": 380.0}], "time": 21.159021854400635}
