{"im": 4338, "res": [{"class": "aeroplane", "prob": 0.9988142848014832, "left": 39.3571891784668, "top": 124.19471740722656, "right": 88.01908874511719, "bottom": 243.90040588378906}, {"class": "bus", "prob": 0.9880295395851135, "left": 65.37091064453125, "top": 15.401657104492188, "right": 440.4273681640625, "bottom": 281.49493408203125}, {"class": "aeroplane", "prob": 0.9702352285385132, "left": 287.45526123046875, "top": 59.02096939086914, "right": 356.048095703125, "bottom": 132.0108642578125}, {"class": "aeroplane", "prob": 0.6694437265396118, "left": 229.23568725585938, "top": 93.44624328613281, "right": 262.6189880371094, "bottom": 227.28709411621094}], "time": 21.390711069107056}
