{"im": 2484, "res": [{"class": "sheep", "prob": 0.862519383430481, "left": 269.7364196777344, "top": 139.57687377929688, "right": 300.3413391113281, "bottom": 170.87942504882812}], "time": 0.8501739501953125}
