{"im": 278, "res": [{"class": "aeroplane", "prob": 0.9965683221817017, "left": 13.933975219726562, "top": 0.0, "right": 262.23388671875, "bottom": 500.0}], "time": 21.561667919158936}
