{"im": 1806, "res": [{"class": "aeroplane", "prob": 0.7574384808540344, "left": 219.81997680664062, "top": 173.385009765625, "right": 255.29379272460938, "bottom": 203.25851440429688}], "time": 0.8535630702972412}
