{"im": 1394, "res": [{"class": "sheep", "prob": 0.9985992908477783, "left": 87.40713500976562, "top": 39.00679016113281, "right": 363.0840148925781, "bottom": 248.7064971923828}], "time": 21.96516990661621}
