{"im": 2233, "res": [{"class": "train", "prob": 0.9518919587135315, "left": 199.62396240234375, "top": 126.47003173828125, "right": 321.791015625, "bottom": 289.936279296875}], "time": 0.8234772682189941}
