{"im": 3561, "res": [{"class": "aeroplane", "prob": 0.9848194718360901, "left": 286.0314025878906, "top": 30.511581420898438, "right": 473.2300720214844, "bottom": 307.50048828125}, {"class": "sofa", "prob": 0.5384078025817871, "left": 199.623779296875, "top": 0.0, "right": 500.0, "bottom": 239.75546264648438}], "time": 21.516207933425903}
