{"im": 5499, "res": [{"class": "bottle", "prob": 0.9917277693748474, "left": 80.818115234375, "top": 100.70591735839844, "right": 236.97784423828125, "bottom": 155.57774353027344}, {"class": "aeroplane", "prob": 0.9869852066040039, "left": 135.7493896484375, "top": 241.71517944335938, "right": 286.9304504394531, "bottom": 500.0}], "time": 21.213354110717773}
