{"im": 1689, "res": [{"class": "aeroplane", "prob": 0.9978621006011963, "left": 8.506195068359375, "top": 97.56489562988281, "right": 213.37405395507812, "bottom": 343.0}, {"class": "aeroplane", "prob": 0.9932142496109009, "left": 327.9709167480469, "top": 90.17250061035156, "right": 500.0, "bottom": 343.0}], "time": 23.65340304374695}
