{"im": 2091, "res": [{"class": "chair", "prob": 0.8488304018974304, "left": 158.31173706054688, "top": 112.45460510253906, "right": 385.3683776855469, "bottom": 158.3050994873047}], "time": 21.653446197509766}
