{"im": 1678, "res": [{"class": "car", "prob": 0.9999662637710571, "left": 86.38046264648438, "top": 21.542587280273438, "right": 347.8651428222656, "bottom": 317.55322265625}], "time": 21.992276191711426}
