{"im": 2845, "res": [{"class": "aeroplane", "prob": 0.8213638663291931, "left": 239.00624084472656, "top": 159.15335083007812, "right": 265.5556640625, "bottom": 204.92611694335938}, {"class": "aeroplane", "prob": 0.686418354511261, "left": 97.31068420410156, "top": 113.07977294921875, "right": 107.40113830566406, "bottom": 148.04293823242188}], "time": 21.493713855743408}
