{"im": 283, "res": [{"class": "person", "prob": 0.9147515892982483, "left": 233.0098114013672, "top": 155.5137176513672, "right": 323.6905517578125, "bottom": 221.49024963378906}], "time": 21.484781980514526}
