{"im": 1084, "res": [{"class": "aeroplane", "prob": 0.9974395036697388, "left": 231.19729614257812, "top": 130.42852783203125, "right": 320.8121032714844, "bottom": 278.68939208984375}], "time": 21.13837504386902}
