{"im": 3466, "res": [{"class": "bus", "prob": 0.9997232556343079, "left": 47.443115234375, "top": 66.72199249267578, "right": 458.04437255859375, "bottom": 318.6824951171875}], "time": 21.475920915603638}
