{"im": 1780, "res": [{"class": "bottle", "prob": 0.7632437348365784, "left": 320.37615966796875, "top": 187.87376403808594, "right": 494.2275390625, "bottom": 301.9265441894531}], "time": 21.603167057037354}
