{"im": 4087, "res": [{"class": "pottedplant", "prob": 0.6558858752250671, "left": 18.886337280273438, "top": 65.26536560058594, "right": 409.4954833984375, "bottom": 375.0}], "time": 0.8312687873840332}
