{"im": 733, "res": [{"class": "aeroplane", "prob": 0.9987571835517883, "left": 6.34393310546875, "top": 32.830535888671875, "right": 367.06597900390625, "bottom": 500.0}], "time": 21.646131992340088}
