{"im": 5357, "res": [{"class": "aeroplane", "prob": 0.5417924523353577, "left": 196.76646423339844, "top": 10.98272705078125, "right": 456.3277587890625, "bottom": 363.6495666503906}], "time": 0.8920600414276123}
