{"im": 4591, "res": [{"class": "aeroplane", "prob": 0.9968312382698059, "left": 129.44512939453125, "top": 135.4881591796875, "right": 249.130615234375, "bottom": 270.3575439453125}, {"class": "aeroplane", "prob": 0.875652551651001, "left": 23.5074462890625, "top": 225.2106475830078, "right": 306.9491882324219, "bottom": 484.06494140625}, {"class": "aeroplane", "prob": 0.7888031601905823, "left": 140.65457153320312, "top": 230.17391967773438, "right": 237.8101806640625, "bottom": 389.2884216308594}], "time": 21.4090838432312}
