{"im": 5130, "res": [{"class": "bird", "prob": 0.7344120144844055, "left": 107.3553466796875, "top": 126.004638671875, "right": 453.984619140625, "bottom": 295.534912109375}], "time": 0.8372809886932373}
