{"im": 3404, "res": [{"class": "sofa", "prob": 0.5172396898269653, "left": 3.2030029296875, "top": 9.0306396484375, "right": 444.594482421875, "bottom": 317.8290100097656}], "time": 21.499184131622314}
