{"im": 3706, "res": [{"class": "aeroplane", "prob": 0.6174384355545044, "left": 159.6234130859375, "top": 150.38336181640625, "right": 258.9039611816406, "bottom": 261.3020324707031}], "time": 0.8754711151123047}
