{"im": 3888, "res": [{"class": "sheep", "prob": 0.5711962580680847, "left": 162.95877075195312, "top": 102.62462615966797, "right": 401.5218200683594, "bottom": 290.6097412109375}], "time": 0.8489880561828613}
