{"im": 942, "res": [{"class": "aeroplane", "prob": 0.9836661219596863, "left": 238.10919189453125, "top": 139.29971313476562, "right": 345.6954345703125, "bottom": 375.0}, {"class": "aeroplane", "prob": 0.9020355939865112, "left": 169.3328399658203, "top": 114.19718933105469, "right": 254.1574249267578, "bottom": 375.0}], "time": 0.8416948318481445}
