{"im": 4619, "res": [{"class": "sheep", "prob": 0.9903642535209656, "left": 166.16635131835938, "top": 130.57415771484375, "right": 267.21075439453125, "bottom": 207.53326416015625}, {"class": "aeroplane", "prob": 0.9950218796730042, "left": 137.5272216796875, "top": 73.41029357910156, "right": 349.993408203125, "bottom": 332.5592041015625}], "time": 21.438826084136963}
