{"im": 1224, "res": [{"class": "sheep", "prob": 0.6149880886077881, "left": 201.23941040039062, "top": 169.47171020507812, "right": 370.1011047363281, "bottom": 322.7496643066406}], "time": 0.8395190238952637}
