{"im": 1225, "res": [{"class": "bottle", "prob": 0.9985107183456421, "left": 0.0, "top": 18.514495849609375, "right": 500.0, "bottom": 297.2752990722656}], "time": 21.091014862060547}
