{"im": 920, "res": [{"class": "aeroplane", "prob": 0.781409502029419, "left": 0.0, "top": 0.0, "right": 94.82852172851562, "bottom": 216.33636474609375}], "time": 21.07753825187683}
