{"im": 182, "res": [{"class": "aeroplane", "prob": 0.7741256952285767, "left": 276.101318359375, "top": 146.97802734375, "right": 299.8917236328125, "bottom": 199.22308349609375}, {"class": "aeroplane", "prob": 0.5170328617095947, "left": 28.058151245117188, "top": 68.06744384765625, "right": 290.3778076171875, "bottom": 423.6680603027344}, {"class": "aeroplane", "prob": 0.5122928619384766, "left": 261.2965393066406, "top": 131.32598876953125, "right": 317.9145202636719, "bottom": 215.00860595703125}], "time": 0.9533240795135498}
