{"im": 5199, "res": [{"class": "aeroplane", "prob": 0.9208876490592957, "left": 0.10292816162109375, "top": 108.92750549316406, "right": 216.44332885742188, "bottom": 365.5906982421875}, {"class": "aeroplane", "prob": 0.7491509914398193, "left": 177.07247924804688, "top": 92.474853515625, "right": 237.36334228515625, "bottom": 265.75738525390625}, {"class": "aeroplane", "prob": 0.7171800136566162, "left": 191.50396728515625, "top": 116.75494384765625, "right": 219.65567016601562, "bottom": 239.85723876953125}, {"class": "aeroplane", "prob": 0.6299682259559631, "left": 181.40316772460938, "top": 52.26348876953125, "right": 480.3846130371094, "bottom": 375.0}], "time": 0.8278141021728516}
