{"im": 4520, "res": [{"class": "aeroplane", "prob": 0.7584742903709412, "left": 164.88308715820312, "top": 46.64533615112305, "right": 173.57046508789062, "bottom": 64.29444122314453}, {"class": "aeroplane", "prob": 0.6567243337631226, "left": 181.73231506347656, "top": 20.41388511657715, "right": 189.0151824951172, "bottom": 34.38301086425781}], "time": 21.403238773345947}
