{"im": 803, "res": [{"class": "aeroplane", "prob": 0.9999058246612549, "left": 200.25146484375, "top": 38.554840087890625, "right": 350.2423095703125, "bottom": 299.59716796875}], "time": 21.99016499519348}
