{"im": 1295, "res": [{"class": "aeroplane", "prob": 0.947234034538269, "left": 0.0, "top": 0.0, "right": 396.0637512207031, "bottom": 326.8163146972656}], "time": 21.31722903251648}
