{"im": 2475, "res": [{"class": "bird", "prob": 0.8012266159057617, "left": 148.6773223876953, "top": 124.58181762695312, "right": 432.41546630859375, "bottom": 233.8570556640625}], "time": 0.8931083679199219}
