{"im": 2102, "res": [{"class": "aeroplane", "prob": 0.9915502071380615, "left": 410.33587646484375, "top": 86.8935317993164, "right": 446.054931640625, "bottom": 189.99468994140625}], "time": 21.66214680671692}
