{"im": 2115, "res": [{"class": "train", "prob": 0.8163368701934814, "left": 246.56520080566406, "top": 149.3446502685547, "right": 261.17352294921875, "bottom": 169.8693084716797}, {"class": "train", "prob": 0.8153886198997498, "left": 201.58311462402344, "top": 154.40171813964844, "right": 215.24977111816406, "bottom": 170.90687561035156}], "time": 0.8313710689544678}
