{"im": 3614, "res": [{"class": "chair", "prob": 0.9901708960533142, "left": 9.323089599609375, "top": 196.03477478027344, "right": 367.3118896484375, "bottom": 285.09466552734375}], "time": 22.124772787094116}
