{"im": 2615, "res": [{"class": "pottedplant", "prob": 0.6792771220207214, "left": 90.68785095214844, "top": 13.762771606445312, "right": 492.2652587890625, "bottom": 309.71026611328125}], "time": 0.8910090923309326}
