{"im": 1596, "res": [{"class": "pottedplant", "prob": 0.9661825895309448, "left": 12.388656616210938, "top": 14.78826904296875, "right": 381.34429931640625, "bottom": 294.66888427734375}], "time": 21.806813955307007}
