{"im": 2943, "res": [{"class": "aeroplane", "prob": 0.993758499622345, "left": 12.880020141601562, "top": 27.998748779296875, "right": 326.77899169921875, "bottom": 500.0}, {"class": "aeroplane", "prob": 0.9656960964202881, "left": 39.860435485839844, "top": 0.0, "right": 292.54052734375, "bottom": 295.041015625}], "time": 21.55828094482422}
