{"im": 2880, "res": [{"class": "car", "prob": 0.6364321112632751, "left": 60.27806091308594, "top": 86.59209442138672, "right": 500.0, "bottom": 301.12554931640625}], "time": 0.8742260932922363}
