{"im": 2428, "res": [{"class": "sheep", "prob": 0.63144850730896, "left": 18.973480224609375, "top": 9.433975219726562, "right": 500.0, "bottom": 375.0}], "time": 22.003319025039673}
