{"im": 1853, "res": [{"class": "pottedplant", "prob": 0.9922387599945068, "left": 272.0715637207031, "top": 58.18292236328125, "right": 477.0550231933594, "bottom": 259.57958984375}], "time": 21.648267030715942}
