{"im": 5076, "res": [{"class": "aeroplane", "prob": 0.997413158416748, "left": 124.21485137939453, "top": 118.60858917236328, "right": 171.04669189453125, "bottom": 232.36767578125}, {"class": "boat", "prob": 0.9911653995513916, "left": 195.9432373046875, "top": 113.77982330322266, "right": 286.4482727050781, "bottom": 256.9963684082031}, {"class": "boat", "prob": 0.8301368355751038, "left": 293.8104248046875, "top": 133.99917602539062, "right": 330.18707275390625, "bottom": 165.47720336914062}, {"class": "bird", "prob": 0.7196904420852661, "left": 270.3747253417969, "top": 116.18388366699219, "right": 327.2158508300781, "bottom": 145.9907684326172}], "time": 21.451755046844482}
