{"im": 4256, "res": [{"class": "tvmonitor", "prob": 0.7253853678703308, "left": 227.94049072265625, "top": 167.16522216796875, "right": 261.4051513671875, "bottom": 216.00643920898438}], "time": 21.680476903915405}
