{"im": 2896, "res": [{"class": "bird", "prob": 0.9314396977424622, "left": 123.87484741210938, "top": 51.95635223388672, "right": 436.1587219238281, "bottom": 255.697509765625}], "time": 0.8291630744934082}
