{"im": 495, "res": [{"class": "aeroplane", "prob": 0.9988585710525513, "left": 160.421630859375, "top": 178.70079040527344, "right": 221.63995361328125, "bottom": 434.8033447265625}, {"class": "aeroplane", "prob": 0.997397780418396, "left": 214.84268188476562, "top": 177.36947631835938, "right": 367.3696594238281, "bottom": 494.6969909667969}, {"class": "car", "prob": 0.9826080203056335, "left": 6.29901123046875, "top": 94.75494384765625, "right": 258.47015380859375, "bottom": 403.9739074707031}], "time": 21.71165418624878}
