{"im": 5386, "res": [{"class": "aeroplane", "prob": 0.7609082460403442, "left": 194.17169189453125, "top": 156.55551147460938, "right": 390.82635498046875, "bottom": 373.6958923339844}], "time": 0.8531363010406494}
