{"im": 4994, "res": [{"class": "person", "prob": 0.9908294677734375, "left": 156.24810791015625, "top": 96.1948471069336, "right": 335.4739074707031, "bottom": 306.0122375488281}], "time": 21.400341987609863}
