{"im": 5044, "res": [{"class": "bird", "prob": 0.5275885462760925, "left": 61.44120788574219, "top": 66.49365997314453, "right": 426.60821533203125, "bottom": 300.1019287109375}], "time": 0.8291630744934082}
