{"im": 3213, "res": [{"class": "sofa", "prob": 0.9991998672485352, "left": 0.20177459716796875, "top": 20.917800903320312, "right": 194.29678344726562, "bottom": 316.26690673828125}, {"class": "aeroplane", "prob": 0.9988305568695068, "left": 200.5099639892578, "top": 125.64295196533203, "right": 288.64569091796875, "bottom": 333.0}, {"class": "sofa", "prob": 0.9926024675369263, "left": 321.8196716308594, "top": 42.104156494140625, "right": 496.3851623535156, "bottom": 333.0}], "time": 21.82962989807129}
