{"im": 1449, "res": [{"class": "chair", "prob": 0.7582616806030273, "left": 35.00541687011719, "top": 195.2310028076172, "right": 193.57354736328125, "bottom": 250.4231719970703}], "time": 21.630571126937866}
