{"im": 4861, "res": [{"class": "bus", "prob": 0.9949166178703308, "left": 120.42219543457031, "top": 194.42454528808594, "right": 216.42503356933594, "bottom": 243.5919952392578}, {"class": "bird", "prob": 0.987751841545105, "left": 69.13311767578125, "top": 216.76559448242188, "right": 93.27975463867188, "bottom": 232.7823486328125}, {"class": "bird", "prob": 0.8549469113349915, "left": 90.48356628417969, "top": 211.7558135986328, "right": 116.24954223632812, "bottom": 235.0349884033203}, {"class": "cow", "prob": 0.6885536909103394, "left": 27.531198501586914, "top": 194.78350830078125, "right": 34.36373519897461, "bottom": 205.27261352539062}], "time": 21.473310947418213}
