{"im": 979, "res": [{"class": "aeroplane", "prob": 0.9911649227142334, "left": 0.0, "top": 0.0, "right": 281.68109130859375, "bottom": 375.0}, {"class": "sheep", "prob": 0.8306050896644592, "left": 167.34201049804688, "top": 5.2295684814453125, "right": 494.3999328613281, "bottom": 364.900146484375}], "time": 21.04894995689392}
