{"im": 140, "res": [{"class": "aeroplane", "prob": 0.9970276355743408, "left": 385.497314453125, "top": 173.8911590576172, "right": 421.617431640625, "bottom": 258.3983154296875}], "time": 21.712924003601074}
