{"im": 1554, "res": [{"class": "sofa", "prob": 0.6509620547294617, "left": 142.49310302734375, "top": 42.72102355957031, "right": 352.8985595703125, "bottom": 337.8597412109375}], "time": 1.3065669536590576}
