{"im": 477, "res": [{"class": "aeroplane", "prob": 0.9977148175239563, "left": 34.141845703125, "top": 76.93450927734375, "right": 360.59808349609375, "bottom": 362.6235656738281}], "time": 21.69482707977295}
