{"im": 5587, "res": [{"class": "aeroplane", "prob": 0.9992913007736206, "left": 177.5027313232422, "top": 30.584030151367188, "right": 491.0771484375, "bottom": 374.6422119140625}], "time": 21.07449221611023}
