{"im": 501, "res": [{"class": "aeroplane", "prob": 0.7935258746147156, "left": 65.27670288085938, "top": 82.27900695800781, "right": 278.3160400390625, "bottom": 323.9876708984375}, {"class": "aeroplane", "prob": 0.7011218667030334, "left": 243.85394287109375, "top": 106.1694107055664, "right": 395.4459228515625, "bottom": 252.86587524414062}, {"class": "aeroplane", "prob": 0.7192251682281494, "left": 148.52432250976562, "top": 0.0, "right": 330.6759338378906, "bottom": 180.84600830078125}], "time": 0.8280823230743408}
