{"im": 2187, "res": [{"class": "cat", "prob": 0.7791058421134949, "left": 375.53387451171875, "top": 176.37510681152344, "right": 495.35662841796875, "bottom": 233.6444549560547}], "time": 21.47619104385376}
