{"im": 2136, "res": [{"class": "aeroplane", "prob": 0.6953650712966919, "left": 250.6436309814453, "top": 106.41141510009766, "right": 280.9682922363281, "bottom": 240.76763916015625}, {"class": "aeroplane", "prob": 0.5516422390937805, "left": 231.6267547607422, "top": 80.2791748046875, "right": 299.8580017089844, "bottom": 271.9173278808594}, {"class": "sofa", "prob": 0.5487076044082642, "left": 70.40760803222656, "top": 146.04623413085938, "right": 488.49969482421875, "bottom": 353.2888488769531}], "time": 1.1879701614379883}
