{"im": 5822, "res": [{"class": "bottle", "prob": 0.9951792359352112, "left": 39.49449157714844, "top": 67.14525604248047, "right": 460.19439697265625, "bottom": 282.0216369628906}], "time": 22.156436920166016}
