{"im": 3979, "res": [{"class": "pottedplant", "prob": 0.9654305577278137, "left": 144.04794311523438, "top": 3.603118896484375, "right": 405.5406799316406, "bottom": 334.0}], "time": 21.6057550907135}
