{"im": 2043, "res": [{"class": "aeroplane", "prob": 0.777858316898346, "left": 51.437583923339844, "top": 40.36451721191406, "right": 282.1214599609375, "bottom": 373.0518798828125}], "time": 21.66339087486267}
