{"im": 1228, "res": [{"class": "aeroplane", "prob": 0.8273618221282959, "left": 233.19313049316406, "top": 65.1173095703125, "right": 407.39080810546875, "bottom": 335.45928955078125}, {"class": "bird", "prob": 0.7318530082702637, "left": 0.0, "top": 0.0, "right": 271.06939697265625, "bottom": 243.57846069335938}], "time": 0.8439850807189941}
