{"im": 4605, "res": [{"class": "sofa", "prob": 0.5189307332038879, "left": 17.153244018554688, "top": 100.4784927368164, "right": 165.20037841796875, "bottom": 333.0}], "time": 0.8759040832519531}
