{"im": 3057, "res": [{"class": "person", "prob": 0.9127910733222961, "left": 213.80471801757812, "top": 131.8520050048828, "right": 293.3895568847656, "bottom": 334.19403076171875}], "time": 0.8547801971435547}
