{"im": 2363, "res": [{"class": "bottle", "prob": 0.765055239200592, "left": 156.92083740234375, "top": 162.54461669921875, "right": 342.2520751953125, "bottom": 230.45184326171875}], "time": 0.8290660381317139}
