{"im": 685, "res": [{"class": "aeroplane", "prob": 0.9996326565742493, "left": 75.25019836425781, "top": 179.66778564453125, "right": 189.7891387939453, "bottom": 429.833251953125}], "time": 21.758388996124268}
