{"im": 1844, "res": [{"class": "boat", "prob": 0.5072512030601501, "left": 202.72134399414062, "top": 210.77366638183594, "right": 259.7447204589844, "bottom": 248.6150665283203}], "time": 21.710066080093384}
