{"im": 4741, "res": [{"class": "tvmonitor", "prob": 0.9839577674865723, "left": 137.3192901611328, "top": 113.00775146484375, "right": 363.670166015625, "bottom": 323.4239196777344}], "time": 0.8541219234466553}
