{"im": 532, "res": [{"class": "aeroplane", "prob": 0.9993358850479126, "left": 42.95679473876953, "top": 51.52247619628906, "right": 251.10418701171875, "bottom": 324.89544677734375}], "time": 21.569288969039917}
