{"im": 534, "res": [{"class": "aeroplane", "prob": 0.814487636089325, "left": 132.73265075683594, "top": 38.638427734375, "right": 293.47955322265625, "bottom": 233.88409423828125}], "time": 0.8843739032745361}
