{"im": 2505, "res": [{"class": "boat", "prob": 0.8449364304542542, "left": 0.0, "top": 0.0, "right": 450.838623046875, "bottom": 371.4541931152344}], "time": 21.450231075286865}
