{"im": 1706, "res": [{"class": "bird", "prob": 0.5262332558631897, "left": 0.0, "top": 49.94987487792969, "right": 500.0, "bottom": 387.99163818359375}, {"class": "cat", "prob": 0.66958087682724, "left": 0.0, "top": 49.94987487792969, "right": 500.0, "bottom": 387.99163818359375}], "time": 22.659462690353394}
