{"im": 3731, "res": [{"class": "cat", "prob": 0.9656202793121338, "left": 61.11328887939453, "top": 97.92060852050781, "right": 241.0604248046875, "bottom": 298.3743896484375}, {"class": "bird", "prob": 0.9815877676010132, "left": 245.92466735839844, "top": 181.29989624023438, "right": 293.47821044921875, "bottom": 206.72238159179688}, {"class": "bird", "prob": 0.9279118776321411, "left": 224.20606994628906, "top": 176.0649871826172, "right": 254.5961151123047, "bottom": 214.8592987060547}, {"class": "bicycle", "prob": 0.7853294014930725, "left": 0.0, "top": 198.73098754882812, "right": 28.344097137451172, "bottom": 261.15899658203125}], "time": 21.573840141296387}
