{"im": 2790, "res": [{"class": "sofa", "prob": 0.9962940216064453, "left": 160.03933715820312, "top": 85.70767974853516, "right": 297.3146667480469, "bottom": 318.7041320800781}, {"class": "aeroplane", "prob": 0.995655357837677, "left": 191.39108276367188, "top": 24.172836303710938, "right": 261.4942321777344, "bottom": 212.23240661621094}], "time": 21.48157501220703}
