{"im": 5561, "res": [{"class": "sheep", "prob": 0.5438033938407898, "left": 6.19415283203125, "top": 0.0, "right": 438.84765625, "bottom": 374.19830322265625}], "time": 21.05516004562378}
