{"im": 3780, "res": [{"class": "sheep", "prob": 0.9827063083648682, "left": 36.90946960449219, "top": 70.05694580078125, "right": 420.296875, "bottom": 258.34130859375}], "time": 21.70336103439331}
