{"im": 3221, "res": [{"class": "aeroplane", "prob": 0.9975705146789551, "left": 75.9454574584961, "top": 101.48342895507812, "right": 262.06195068359375, "bottom": 487.6492004394531}, {"class": "aeroplane", "prob": 0.9926550984382629, "left": 0.0, "top": 81.36512756347656, "right": 161.54771423339844, "bottom": 500.0}, {"class": "aeroplane", "prob": 0.9812861680984497, "left": 219.96188354492188, "top": 43.690155029296875, "right": 369.9780578613281, "bottom": 492.8141174316406}], "time": 21.893630981445312}
