{"im": 3621, "res": [{"class": "pottedplant", "prob": 0.655646800994873, "left": 335.4104919433594, "top": 100.66737365722656, "right": 421.3948669433594, "bottom": 264.4090576171875}, {"class": "sheep", "prob": 0.6665027141571045, "left": 144.48309326171875, "top": 107.8011474609375, "right": 340.7977294921875, "bottom": 254.8878173828125}, {"class": "pottedplant", "prob": 0.6029587388038635, "left": 356.8113708496094, "top": 113.70437622070312, "right": 396.7786560058594, "bottom": 252.61651611328125}], "time": 0.8803532123565674}
