{"im": 5647, "res": [{"class": "sheep", "prob": 0.8921326398849487, "left": 0.0, "top": 137.48532104492188, "right": 255.58123779296875, "bottom": 348.1860656738281}], "time": 23.205517053604126}
