{"im": 1514, "res": [{"class": "aeroplane", "prob": 0.7637762427330017, "left": 112.57464599609375, "top": 88.70291137695312, "right": 468.681396484375, "bottom": 368.011962890625}], "time": 0.8510410785675049}
