{"im": 3531, "res": [{"class": "car", "prob": 0.9981422424316406, "left": 0.0, "top": 0.0, "right": 320.0, "bottom": 215.93722534179688}], "time": 21.57109498977661}
