{"im": 4538, "res": [{"class": "bird", "prob": 0.9972975254058838, "left": 48.04014587402344, "top": 131.03073120117188, "right": 493.2401123046875, "bottom": 340.02667236328125}], "time": 23.02463984489441}
