{"im": 4810, "res": [{"class": "sheep", "prob": 0.9987320899963379, "left": 168.49465942382812, "top": 55.83735656738281, "right": 330.14996337890625, "bottom": 314.45849609375}], "time": 21.45599102973938}
