{"im": 4050, "res": [{"class": "sheep", "prob": 0.6046690344810486, "left": 165.2285919189453, "top": 67.29133605957031, "right": 412.01934814453125, "bottom": 260.0321044921875}], "time": 0.9947509765625}
