{"im": 1269, "res": [{"class": "bottle", "prob": 0.9886337518692017, "left": 18.0213623046875, "top": 96.7803726196289, "right": 385.4847106933594, "bottom": 198.28009033203125}, {"class": "chair", "prob": 0.5415660738945007, "left": 402.96478271484375, "top": 171.20712280273438, "right": 432.56536865234375, "bottom": 178.91448974609375}], "time": 21.306607961654663}
