{"im": 251, "res": [{"class": "pottedplant", "prob": 0.6882859468460083, "left": 35.82630920410156, "top": 97.80783081054688, "right": 386.5318603515625, "bottom": 338.185546875}], "time": 1.1176748275756836}
