{"im": 1023, "res": [{"class": "aeroplane", "prob": 0.8149934411048889, "left": 108.11600494384766, "top": 238.01658630371094, "right": 138.79745483398438, "bottom": 295.09228515625}, {"class": "aeroplane", "prob": 0.6385432481765747, "left": 155.8845977783203, "top": 244.11544799804688, "right": 186.41700744628906, "bottom": 298.7663879394531}], "time": 0.9905030727386475}
