{"im": 2649, "res": [{"class": "bicycle", "prob": 0.8255228400230408, "left": 102.67359924316406, "top": 231.3214569091797, "right": 219.5992889404297, "bottom": 330.29345703125}, {"class": "bicycle", "prob": 0.725585401058197, "left": 136.23268127441406, "top": 244.86192321777344, "right": 184.4784698486328, "bottom": 307.2544250488281}, {"class": "aeroplane", "prob": 0.6147002577781677, "left": 124.0732192993164, "top": 107.60549926757812, "right": 225.92581176757812, "bottom": 311.7865905761719}], "time": 0.8823869228363037}
