{"im": 2105, "res": [{"class": "sofa", "prob": 0.5484282970428467, "left": 244.9552459716797, "top": 219.0294647216797, "right": 277.2481994628906, "bottom": 248.16575622558594}], "time": 0.8339190483093262}
