{"im": 1734, "res": [{"class": "aeroplane", "prob": 0.9996786713600159, "left": 182.32492065429688, "top": 6.899238586425781, "right": 378.1384582519531, "bottom": 241.40863037109375}, {"class": "sheep", "prob": 0.9988352060317993, "left": 82.3821792602539, "top": 91.74384307861328, "right": 216.0556640625, "bottom": 257.80218505859375}], "time": 21.793294191360474}
