{"im": 2033, "res": [{"class": "bird", "prob": 0.9984198212623596, "left": 3.744140625, "top": 45.5804443359375, "right": 500.0, "bottom": 323.117431640625}], "time": 21.6572322845459}
