{"im": 5281, "res": [{"class": "tvmonitor", "prob": 0.9714601635932922, "left": 183.773193359375, "top": 200.5203094482422, "right": 264.6474304199219, "bottom": 277.57916259765625}, {"class": "train", "prob": 0.654960036277771, "left": 2.1620254516601562, "top": 212.00306701660156, "right": 160.990966796875, "bottom": 351.57464599609375}, {"class": "tvmonitor", "prob": 0.5848331451416016, "left": 273.9967041015625, "top": 207.44480895996094, "right": 373.6002197265625, "bottom": 266.4692077636719}], "time": 21.493674993515015}
