{"im": 4628, "res": [{"class": "person", "prob": 0.5205920338630676, "left": 180.67462158203125, "top": 214.67213439941406, "right": 312.3203430175781, "bottom": 286.00274658203125}], "time": 1.0144548416137695}
