{"im": 4761, "res": [{"class": "bus", "prob": 0.9792527556419373, "left": 5.315826416015625, "top": 16.738861083984375, "right": 410.0, "bottom": 483.4754638671875}], "time": 21.478468894958496}
