{"im": 270, "res": [{"class": "aeroplane", "prob": 0.9996320009231567, "left": 0.0, "top": 40.301605224609375, "right": 375.0, "bottom": 492.5365295410156}], "time": 21.44911479949951}
