{"im": 46, "res": [{"class": "aeroplane", "prob": 0.5962790846824646, "left": 5.565118789672852, "top": 153.26971435546875, "right": 16.366863250732422, "bottom": 175.65130615234375}, {"class": "aeroplane", "prob": 0.5234807729721069, "left": 27.550344467163086, "top": 153.9623260498047, "right": 35.33436584472656, "bottom": 164.98155212402344}], "time": 21.581515789031982}
