{"im": 1507, "res": [{"class": "aeroplane", "prob": 0.8628746271133423, "left": 176.45677185058594, "top": 60.09014892578125, "right": 427.57208251953125, "bottom": 375.0}], "time": 21.634977102279663}
