{"im": 3763, "res": [{"class": "bus", "prob": 0.9988899827003479, "left": 36.64683532714844, "top": 50.93492126464844, "right": 381.56781005859375, "bottom": 439.875}, {"class": "bus", "prob": 0.884772539138794, "left": 383.22662353515625, "top": 37.96630859375, "right": 450.85760498046875, "bottom": 450.4143981933594}], "time": 21.59682607650757}
