{"im": 3366, "res": [{"class": "sheep", "prob": 0.9760375618934631, "left": 0.0, "top": 8.756454467773438, "right": 500.0, "bottom": 370.89697265625}], "time": 21.57425808906555}
