{"im": 2092, "res": [{"class": "tvmonitor", "prob": 0.747499406337738, "left": 44.6268310546875, "top": 27.906936645507812, "right": 458.82952880859375, "bottom": 274.9117431640625}], "time": 0.825596809387207}
