{"im": 3980, "res": [{"class": "sheep", "prob": 0.7598577737808228, "left": 194.55880737304688, "top": 87.06871032714844, "right": 364.4822082519531, "bottom": 355.166259765625}], "time": 0.9387719631195068}
