{"im": 923, "res": [{"class": "aeroplane", "prob": 0.6651595830917358, "left": 0.0, "top": 38.644432067871094, "right": 288.0, "bottom": 185.816162109375}], "time": 21.14884305000305}
