{"im": 4463, "res": [{"class": "pottedplant", "prob": 0.9231951832771301, "left": 87.01510620117188, "top": 21.00787353515625, "right": 406.0293884277344, "bottom": 306.50799560546875}], "time": 21.409536838531494}
