{"im": 2812, "res": [{"class": "bottle", "prob": 0.7925325036048889, "left": 188.84378051757812, "top": 73.3987045288086, "right": 355.8973083496094, "bottom": 199.52670288085938}], "time": 0.8724870681762695}
