{"im": 4948, "res": [{"class": "aeroplane", "prob": 0.9928632974624634, "left": 55.38487243652344, "top": 29.007240295410156, "right": 400.60809326171875, "bottom": 230.1025390625}, {"class": "aeroplane", "prob": 0.613359808921814, "left": 382.12371826171875, "top": 0.0, "right": 497.8270263671875, "bottom": 223.6459503173828}], "time": 21.401942014694214}
