{"im": 3210, "res": [{"class": "aeroplane", "prob": 0.9997490644454956, "left": 167.50489807128906, "top": 184.6854705810547, "right": 261.9794921875, "bottom": 350.6356201171875}, {"class": "aeroplane", "prob": 0.9993553161621094, "left": 0.836578369140625, "top": 184.63702392578125, "right": 201.4890899658203, "bottom": 368.10919189453125}], "time": 22.450435876846313}
