{"im": 5583, "res": [{"class": "sheep", "prob": 0.6091153621673584, "left": 27.736679077148438, "top": 63.376251220703125, "right": 400.5654296875, "bottom": 370.0197448730469}], "time": 0.8779587745666504}
