{"im": 3305, "res": [{"class": "sheep", "prob": 0.9731320142745972, "left": 8.57696533203125, "top": 18.7550048828125, "right": 382.7508239746094, "bottom": 319.0231628417969}], "time": 21.800511121749878}
