{"im": 829, "res": [{"class": "aeroplane", "prob": 0.9990488290786743, "left": 9.82501220703125, "top": 0.0, "right": 355.9802551269531, "bottom": 500.0}], "time": 22.000667095184326}
