{"im": 5163, "res": [{"class": "boat", "prob": 0.5145987868309021, "left": 189.2216339111328, "top": 185.72987365722656, "right": 214.9613800048828, "bottom": 209.9745330810547}, {"class": "boat", "prob": 0.6533142924308777, "left": 233.783203125, "top": 186.28350830078125, "right": 332.84320068359375, "bottom": 292.6000671386719}], "time": 0.967421293258667}
