{"im": 3094, "res": [{"class": "chair", "prob": 0.8210841417312622, "left": 246.28250122070312, "top": 71.86289978027344, "right": 364.5389709472656, "bottom": 215.15171813964844}], "time": 21.922150135040283}
