{"im": 721, "res": [{"class": "aeroplane", "prob": 0.9806914925575256, "left": 105.23309326171875, "top": 7.163154602050781, "right": 240.71670532226562, "bottom": 243.93954467773438}], "time": 0.8441789150238037}
