{"im": 4443, "res": [{"class": "aeroplane", "prob": 0.977261483669281, "left": 23.680526733398438, "top": 29.661849975585938, "right": 429.68353271484375, "bottom": 357.159912109375}], "time": 21.398699045181274}
