{"im": 2333, "res": [{"class": "aeroplane", "prob": 0.8316932320594788, "left": 121.6104965209961, "top": 129.89956665039062, "right": 149.71023559570312, "bottom": 160.22076416015625}, {"class": "aeroplane", "prob": 0.6713381409645081, "left": 276.3296813964844, "top": 93.23577880859375, "right": 373.9680480957031, "bottom": 189.68936157226562}, {"class": "aeroplane", "prob": 0.6463173627853394, "left": 181.14105224609375, "top": 105.86856079101562, "right": 261.3978271484375, "bottom": 190.05438232421875}, {"class": "aeroplane", "prob": 0.5391868948936462, "left": 206.22201538085938, "top": 117.69880676269531, "right": 239.04705810546875, "bottom": 173.6109161376953}], "time": 0.8521242141723633}
