{"im": 932, "res": [{"class": "pottedplant", "prob": 0.9640616774559021, "left": 26.470596313476562, "top": 84.49693298339844, "right": 475.13189697265625, "bottom": 351.916015625}], "time": 21.145545959472656}
