{"im": 3447, "res": [{"class": "cat", "prob": 0.9960571527481079, "left": 52.923095703125, "top": 57.26969909667969, "right": 500.0, "bottom": 335.18701171875}, {"class": "bus", "prob": 0.9834533333778381, "left": 2.3481521606445312, "top": 61.53849792480469, "right": 73.18438720703125, "bottom": 322.36834716796875}, {"class": "bus", "prob": 0.8903605937957764, "left": 10.039909362792969, "top": 74.4993896484375, "right": 236.54168701171875, "bottom": 312.14764404296875}], "time": 21.476140022277832}
