{"im": 2576, "res": [{"class": "bus", "prob": 0.7865090370178223, "left": 0.0, "top": 51.53013610839844, "right": 491.1490783691406, "bottom": 335.12542724609375}], "time": 0.8402681350708008}
