{"im": 2026, "res": [{"class": "person", "prob": 0.9760724902153015, "left": 64.40093994140625, "top": 79.54730224609375, "right": 332.62255859375, "bottom": 310.8439025878906}], "time": 21.668657779693604}
