{"im": 3243, "res": [{"class": "aeroplane", "prob": 0.9965385794639587, "left": 299.2210388183594, "top": 1.6981201171875, "right": 499.8930969238281, "bottom": 323.0}, {"class": "aeroplane", "prob": 0.9894459247589111, "left": 3.2099838256835938, "top": 12.5843505859375, "right": 219.9910888671875, "bottom": 323.0}, {"class": "aeroplane", "prob": 0.9373576045036316, "left": 156.18231201171875, "top": 0.0, "right": 345.7877502441406, "bottom": 323.0}], "time": 21.849278211593628}
