{"im": 2559, "res": [{"class": "aeroplane", "prob": 0.9997510313987732, "left": 179.0187530517578, "top": 133.37918090820312, "right": 230.56825256347656, "bottom": 252.78094482421875}], "time": 21.415367126464844}
