{"im": 1519, "res": [{"class": "aeroplane", "prob": 0.9997343420982361, "left": 135.2964324951172, "top": 74.65269470214844, "right": 473.348876953125, "bottom": 368.60382080078125}, {"class": "aeroplane", "prob": 0.9887686967849731, "left": 2.226238250732422, "top": 92.29595947265625, "right": 57.473812103271484, "bottom": 215.68563842773438}, {"class": "aeroplane", "prob": 0.975479781627655, "left": 97.45603942871094, "top": 96.8873291015625, "right": 237.3900909423828, "bottom": 228.42123413085938}], "time": 21.79569697380066}
