{"im": 887, "res": [{"class": "aeroplane", "prob": 0.9984694123268127, "left": 0.0, "top": 21.239349365234375, "right": 459.57244873046875, "bottom": 355.4876403808594}], "time": 21.13824987411499}
