{"im": 1127, "res": [{"class": "aeroplane", "prob": 0.9992334842681885, "left": 229.286865234375, "top": 67.74818420410156, "right": 488.1676025390625, "bottom": 333.0}, {"class": "aeroplane", "prob": 0.9971892833709717, "left": 24.252029418945312, "top": 35.0611572265625, "right": 309.8997802734375, "bottom": 311.9188232421875}, {"class": "aeroplane", "prob": 0.9964042901992798, "left": 222.35595703125, "top": 120.30921173095703, "right": 291.6488037109375, "bottom": 178.44554138183594}, {"class": "aeroplane", "prob": 0.5953711271286011, "left": 0.3447151184082031, "top": 152.4942626953125, "right": 21.3297061920166, "bottom": 325.3703918457031}], "time": 21.08289098739624}
