{"im": 1713, "res": [{"class": "aeroplane", "prob": 0.5523729920387268, "left": 165.065673828125, "top": 23.135971069335938, "right": 405.4293212890625, "bottom": 297.621337890625}], "time": 0.8375568389892578}
