{"im": 3168, "res": [{"class": "train", "prob": 0.9792299270629883, "left": 430.6746520996094, "top": 167.32293701171875, "right": 477.1154479980469, "bottom": 264.8349304199219}, {"class": "train", "prob": 0.9817265272140503, "left": 408.69183349609375, "top": 129.83230590820312, "right": 490.76763916015625, "bottom": 302.377197265625}, {"class": "train", "prob": 0.9509090781211853, "left": 241.6306610107422, "top": 114.06092834472656, "right": 332.2149658203125, "bottom": 317.59857177734375}], "time": 0.9306938648223877}
