{"im": 1598, "res": [{"class": "person", "prob": 0.6969184875488281, "left": 157.16043090820312, "top": 103.81888580322266, "right": 266.17041015625, "bottom": 338.9864196777344}], "time": 1.7392258644104004}
