{"im": 5385, "res": [{"class": "tvmonitor", "prob": 0.9957178235054016, "left": 114.8026123046875, "top": 72.06076049804688, "right": 426.4874267578125, "bottom": 314.0203552246094}], "time": 23.13295006752014}
