{"im": 373, "res": [{"class": "aeroplane", "prob": 0.9987888336181641, "left": 0.0, "top": 82.30892181396484, "right": 166.8896484375, "bottom": 299.9737548828125}, {"class": "aeroplane", "prob": 0.9976671934127808, "left": 238.19691467285156, "top": 85.3069076538086, "right": 334.260986328125, "bottom": 219.70416259765625}], "time": 21.569463968276978}
