{"im": 446, "res": [{"class": "aeroplane", "prob": 0.9289259314537048, "left": 267.10650634765625, "top": 135.623291015625, "right": 323.28350830078125, "bottom": 177.36227416992188}, {"class": "boat", "prob": 0.8663701415061951, "left": 213.94216918945312, "top": 165.83277893066406, "right": 350.0851135253906, "bottom": 204.48789978027344}], "time": 21.610995054244995}
