{"im": 4684, "res": [{"class": "person", "prob": 0.9973953366279602, "left": 192.75967407226562, "top": 163.63613891601562, "right": 323.9412536621094, "bottom": 230.27737426757812}], "time": 21.403477907180786}
