{"im": 5674, "res": [{"class": "aeroplane", "prob": 0.9936536550521851, "left": 27.219497680664062, "top": 59.5069580078125, "right": 358.23626708984375, "bottom": 330.48089599609375}], "time": 21.203482151031494}
