{"im": 4675, "res": [{"class": "aeroplane", "prob": 0.9974315166473389, "left": 0.6217193603515625, "top": 27.0130615234375, "right": 257.7393798828125, "bottom": 400.0}], "time": 21.427326202392578}
