{"im": 4282, "res": [{"class": "bird", "prob": 0.7415199279785156, "left": 14.17449951171875, "top": 75.22048950195312, "right": 416.3517150878906, "bottom": 375.0}, {"class": "bird", "prob": 0.6034263372421265, "left": 251.05081176757812, "top": 93.90218353271484, "right": 493.6506652832031, "bottom": 268.7385559082031}, {"class": "bird", "prob": 0.5235670804977417, "left": 367.03314208984375, "top": 112.09351348876953, "right": 499.25775146484375, "bottom": 271.61334228515625}], "time": 0.8287959098815918}
