{"im": 4569, "res": [{"class": "car", "prob": 0.9983580112457275, "left": 227.9278106689453, "top": 120.70699310302734, "right": 392.03985595703125, "bottom": 285.2855224609375}], "time": 21.368174076080322}
