{"im": 338, "res": [{"class": "bird", "prob": 0.97953861951828, "left": 218.48995971679688, "top": 310.59918212890625, "right": 321.6044006347656, "bottom": 343.61785888671875}, {"class": "cow", "prob": 0.5212720036506653, "left": 10.222230911254883, "top": 220.2611541748047, "right": 17.395301818847656, "bottom": 236.13685607910156}], "time": 21.82262396812439}
