{"im": 2104, "res": [{"class": "person", "prob": 0.9885917901992798, "left": 78.76439666748047, "top": 43.968780517578125, "right": 251.33804321289062, "bottom": 500.0}], "time": 21.645949125289917}
