{"im": 567, "res": [{"class": "aeroplane", "prob": 0.6945168972015381, "left": 219.057373046875, "top": 117.05646514892578, "right": 357.56842041015625, "bottom": 347.3966064453125}], "time": 0.8436238765716553}
