{"im": 3615, "res": [{"class": "person", "prob": 0.8857118487358093, "left": 107.4572982788086, "top": 243.9728546142578, "right": 226.7535400390625, "bottom": 337.6068115234375}], "time": 0.8786160945892334}
