{"im": 3391, "res": [{"class": "car", "prob": 0.993175208568573, "left": 172.43862915039062, "top": 85.59354400634766, "right": 483.8038635253906, "bottom": 299.3359680175781}, {"class": "aeroplane", "prob": 0.6751680970191956, "left": 280.0753173828125, "top": 141.6217803955078, "right": 302.14544677734375, "bottom": 158.25523376464844}], "time": 21.53502607345581}
