{"im": 794, "res": [{"class": "bus", "prob": 0.9908872842788696, "left": 110.97178649902344, "top": 201.6868438720703, "right": 299.430908203125, "bottom": 471.4853515625}], "time": 0.8886761665344238}
