{"im": 2688, "res": [{"class": "bus", "prob": 0.8301388025283813, "left": 0.0, "top": 71.34712219238281, "right": 442.9477233886719, "bottom": 281.0784912109375}], "time": 0.8773040771484375}
