{"im": 1107, "res": [{"class": "pottedplant", "prob": 0.7134584784507751, "left": 114.80236053466797, "top": 69.18717956542969, "right": 336.27313232421875, "bottom": 415.15765380859375}], "time": 0.8518109321594238}
