{"im": 4136, "res": [{"class": "aeroplane", "prob": 0.9959174990653992, "left": 286.59722900390625, "top": 205.24737548828125, "right": 308.62213134765625, "bottom": 298.77294921875}, {"class": "car", "prob": 0.9749652743339539, "left": 18.520797729492188, "top": 88.60466003417969, "right": 288.85687255859375, "bottom": 414.1844482421875}], "time": 21.680373907089233}
