{"im": 628, "res": [{"class": "aeroplane", "prob": 0.990360677242279, "left": 0.0, "top": 11.486923217773438, "right": 495.3213806152344, "bottom": 371.2288818359375}], "time": 21.74031901359558}
