{"im": 455, "res": [{"class": "aeroplane", "prob": 0.875204861164093, "left": 71.94612884521484, "top": 100.71870422363281, "right": 268.71087646484375, "bottom": 375.0}], "time": 0.8400740623474121}
