{"im": 1622, "res": [{"class": "tvmonitor", "prob": 0.9920570254325867, "left": 258.948486328125, "top": 170.0438995361328, "right": 325.92742919921875, "bottom": 267.2782287597656}, {"class": "tvmonitor", "prob": 0.8895791172981262, "left": 200.77734375, "top": 171.810302734375, "right": 251.70523071289062, "bottom": 263.22052001953125}], "time": 21.740039825439453}
