{"im": 5264, "res": [{"class": "car", "prob": 0.9990747570991516, "left": 0.0, "top": 50.76512145996094, "right": 500.0, "bottom": 375.0}, {"class": "aeroplane", "prob": 0.9924131631851196, "left": 0.0, "top": 197.10569763183594, "right": 29.571136474609375, "bottom": 297.8548278808594}, {"class": "aeroplane", "prob": 0.6203954219818115, "left": 185.62124633789062, "top": 185.38247680664062, "right": 203.399658203125, "bottom": 230.8885498046875}, {"class": "aeroplane", "prob": 0.5344648957252502, "left": 121.83687591552734, "top": 207.7779998779297, "right": 129.86148071289062, "bottom": 221.9013214111328}], "time": 21.518426179885864}
