{"im": 3289, "res": [{"class": "aeroplane", "prob": 0.7524041533470154, "left": 57.76435852050781, "top": 49.05632019042969, "right": 220.78880310058594, "bottom": 338.0565185546875}, {"class": "aeroplane", "prob": 0.5664731860160828, "left": 249.12301635742188, "top": 108.79491424560547, "right": 389.5927429199219, "bottom": 334.6780700683594}], "time": 0.8415360450744629}
