{"im": 1417, "res": [{"class": "sheep", "prob": 0.6687537431716919, "left": 53.12407684326172, "top": 4.806892395019531, "right": 183.95596313476562, "bottom": 170.52642822265625}], "time": 21.674195289611816}
