{"im": 3930, "res": [{"class": "car", "prob": 0.8190931081771851, "left": 211.64608764648438, "top": 96.25468444824219, "right": 500.0, "bottom": 353.329833984375}], "time": 0.849700927734375}
