{"im": 2327, "res": [{"class": "sheep", "prob": 0.9930973649024963, "left": 0.0, "top": 69.352783203125, "right": 230.59136962890625, "bottom": 400.0}], "time": 21.440885066986084}
