{"im": 834, "res": [{"class": "aeroplane", "prob": 0.9987993240356445, "left": 104.57984161376953, "top": 21.736953735351562, "right": 302.41717529296875, "bottom": 368.5321044921875}, {"class": "aeroplane", "prob": 0.9904779195785522, "left": 270.9140625, "top": 78.30029296875, "right": 446.31597900390625, "bottom": 375.0}, {"class": "aeroplane", "prob": 0.9828231930732727, "left": 103.75985717773438, "top": 110.88636779785156, "right": 148.46908569335938, "bottom": 223.1935272216797}, {"class": "pottedplant", "prob": 0.8879193663597107, "left": 1.7642364501953125, "top": 179.59814453125, "right": 38.57378387451172, "bottom": 316.8327941894531}], "time": 21.88544225692749}
