{"im": 5329, "res": [{"class": "aeroplane", "prob": 0.9988899827003479, "left": 88.00370788574219, "top": 86.44052124023438, "right": 369.527587890625, "bottom": 359.6219787597656}, {"class": "aeroplane", "prob": 0.50664222240448, "left": 429.12628173828125, "top": 91.890869140625, "right": 500.0, "bottom": 375.0}], "time": 21.49287486076355}
