{"im": 5755, "res": [{"class": "chair", "prob": 0.7484300136566162, "left": 27.588180541992188, "top": 118.02484130859375, "right": 357.777587890625, "bottom": 260.38043212890625}, {"class": "chair", "prob": 0.7290403842926025, "left": 0.3880271911621094, "top": 207.28648376464844, "right": 45.33405685424805, "bottom": 316.9180603027344}, {"class": "chair", "prob": 0.5801476836204529, "left": 275.1170349121094, "top": 288.59619140625, "right": 322.3460998535156, "bottom": 306.63262939453125}], "time": 22.528006076812744}
