{"im": 2760, "res": [{"class": "aeroplane", "prob": 0.7785565853118896, "left": 109.9959716796875, "top": 211.94151306152344, "right": 131.78201293945312, "bottom": 258.05120849609375}, {"class": "bird", "prob": 0.6647229790687561, "left": 79.9009017944336, "top": 206.46875, "right": 92.20574188232422, "bottom": 229.63351440429688}, {"class": "bird", "prob": 0.6149379014968872, "left": 73.29908752441406, "top": 201.0746612548828, "right": 100.90370178222656, "bottom": 223.0791473388672}, {"class": "bus", "prob": 0.5870822668075562, "left": 158.77552795410156, "top": 66.11941528320312, "right": 430.23699951171875, "bottom": 291.40277099609375}], "time": 0.9134490489959717}
