{"im": 5641, "res": [{"class": "aeroplane", "prob": 0.967720091342926, "left": 307.6333312988281, "top": 95.41156005859375, "right": 500.0, "bottom": 375.0}], "time": 21.13775897026062}
