{"im": 385, "res": [{"class": "person", "prob": 0.995524525642395, "left": 116.63766479492188, "top": 74.22464752197266, "right": 388.5675354003906, "bottom": 263.3298645019531}], "time": 21.604650020599365}
