{"im": 4666, "res": [{"class": "car", "prob": 0.9970174431800842, "left": 159.49278259277344, "top": 168.46810913085938, "right": 428.86041259765625, "bottom": 351.2556457519531}, {"class": "aeroplane", "prob": 0.5249031782150269, "left": 346.1175842285156, "top": 26.65286636352539, "right": 355.8526916503906, "bottom": 56.3856086730957}], "time": 21.359145164489746}
