{"im": 5665, "res": [{"class": "sofa", "prob": 0.8050255179405212, "left": 344.16949462890625, "top": 26.530616760253906, "right": 462.18267822265625, "bottom": 246.6226806640625}, {"class": "sofa", "prob": 0.7481591701507568, "left": 20.35047149658203, "top": 40.9715576171875, "right": 165.1439208984375, "bottom": 273.267333984375}], "time": 0.8735671043395996}
