{"im": 1029, "res": [{"class": "bottle", "prob": 0.9943221211433411, "left": 19.364456176757812, "top": 89.41899108886719, "right": 486.7296142578125, "bottom": 214.8495635986328}], "time": 21.05746102333069}
