{"im": 1947, "res": [{"class": "sheep", "prob": 0.5453866124153137, "left": 10.37506103515625, "top": 35.30718994140625, "right": 481.63372802734375, "bottom": 336.4167785644531}], "time": 21.723347902297974}
