{"im": 284, "res": [{"class": "aeroplane", "prob": 0.9995143413543701, "left": 12.881149291992188, "top": 8.156936645507812, "right": 324.47021484375, "bottom": 500.0}], "time": 21.779302835464478}
