{"im": 659, "res": [{"class": "bird", "prob": 0.6221403479576111, "left": 40.402381896972656, "top": 163.53697204589844, "right": 62.912864685058594, "bottom": 179.2880401611328}], "time": 24.757966995239258}
