{"im": 3180, "res": [{"class": "person", "prob": 0.9965789318084717, "left": 182.86383056640625, "top": 106.95883178710938, "right": 319.872802734375, "bottom": 248.34588623046875}], "time": 21.917278289794922}
