{"im": 387, "res": [{"class": "aeroplane", "prob": 0.9960745573043823, "left": 0.0, "top": 0.0, "right": 381.0, "bottom": 500.0}, {"class": "aeroplane", "prob": 0.9983365535736084, "left": 76.74296569824219, "top": 211.10801696777344, "right": 365.25311279296875, "bottom": 500.0}], "time": 21.339141845703125}
