{"im": 3468, "res": [{"class": "aeroplane", "prob": 0.7641804814338684, "left": 44.161346435546875, "top": 58.28241729736328, "right": 100.78971862792969, "bottom": 129.86126708984375}], "time": 21.472506999969482}
