{"im": 745, "res": [{"class": "sofa", "prob": 0.9940987229347229, "left": 210.75970458984375, "top": 115.44564819335938, "right": 308.9088134765625, "bottom": 210.4039306640625}, {"class": "sofa", "prob": 0.9896999597549438, "left": 30.8839111328125, "top": 128.75125122070312, "right": 173.6770477294922, "bottom": 316.27947998046875}, {"class": "sofa", "prob": 0.6518941521644592, "left": 370.125732421875, "top": 115.18400573730469, "right": 414.83404541015625, "bottom": 297.4564208984375}], "time": 21.553709030151367}
