{"im": 3283, "res": [{"class": "aeroplane", "prob": 0.9999537467956543, "left": 128.855224609375, "top": 208.45448303222656, "right": 262.19818115234375, "bottom": 500.0}], "time": 21.79192090034485}
