{"im": 2392, "res": [{"class": "car", "prob": 0.9995298981666565, "left": 22.09967041015625, "top": 79.08281707763672, "right": 436.0054931640625, "bottom": 301.6647644042969}], "time": 21.46655797958374}
