{"im": 4817, "res": [{"class": "aeroplane", "prob": 0.9939403533935547, "left": 276.9539489746094, "top": 27.131088256835938, "right": 475.7018737792969, "bottom": 313.4774169921875}, {"class": "aeroplane", "prob": 0.9066106677055359, "left": 0.0, "top": 79.21161651611328, "right": 195.90673828125, "bottom": 325.0}], "time": 1.0043370723724365}
