{"im": 5638, "res": [{"class": "bird", "prob": 0.9947071671485901, "left": 297.02459716796875, "top": 220.29837036132812, "right": 488.733642578125, "bottom": 316.3824768066406}, {"class": "bus", "prob": 0.9794545769691467, "left": 18.907867431640625, "top": 148.19583129882812, "right": 430.646728515625, "bottom": 240.12933349609375}, {"class": "bird", "prob": 0.9454681873321533, "left": 433.8355712890625, "top": 207.03004455566406, "right": 500.0, "bottom": 253.31410217285156}, {"class": "bus", "prob": 0.6338070034980774, "left": 386.98382568359375, "top": 167.41610717773438, "right": 433.72210693359375, "bottom": 217.57382202148438}], "time": 21.154452323913574}
