{"im": 3715, "res": [{"class": "bird", "prob": 0.9993009567260742, "left": 158.48939514160156, "top": 246.01455688476562, "right": 372.02838134765625, "bottom": 340.5460510253906}, {"class": "aeroplane", "prob": 0.9817482829093933, "left": 0.0, "top": 183.40438842773438, "right": 129.25772094726562, "bottom": 370.2966003417969}, {"class": "bird", "prob": 0.5556862354278564, "left": 169.61891174316406, "top": 202.57826232910156, "right": 234.20835876464844, "bottom": 228.1408233642578}, {"class": "cat", "prob": 0.5824684500694275, "left": 169.61891174316406, "top": 202.57826232910156, "right": 234.20835876464844, "bottom": 228.1408233642578}], "time": 21.5560302734375}
