{"im": 68, "res": [{"class": "aeroplane", "prob": 0.8487334251403809, "left": 148.10020446777344, "top": 19.261550903320312, "right": 464.01409912109375, "bottom": 319.70648193359375}, {"class": "aeroplane", "prob": 0.9177318215370178, "left": 0.9188156127929688, "top": 0.0, "right": 228.79193115234375, "bottom": 334.0}, {"class": "sheep", "prob": 0.6752806901931763, "left": 321.6170959472656, "top": 143.25082397460938, "right": 492.2646789550781, "bottom": 331.43023681640625}], "time": 21.429123878479004}
