{"im": 841, "res": [{"class": "tvmonitor", "prob": 0.9287910461425781, "left": 99.19390869140625, "top": 66.44570922851562, "right": 306.35772705078125, "bottom": 360.4024658203125}, {"class": "tvmonitor", "prob": 0.8602100014686584, "left": 301.1478271484375, "top": 107.2109375, "right": 496.37713623046875, "bottom": 371.6446838378906}], "time": 22.086046934127808}
