{"im": 2971, "res": [{"class": "bicycle", "prob": 0.9981023073196411, "left": 35.17332458496094, "top": 80.38987731933594, "right": 470.60394287109375, "bottom": 334.8294677734375}], "time": 21.603636026382446}
