{"im": 3373, "res": [{"class": "sheep", "prob": 0.9975654482841492, "left": 88.37321472167969, "top": 21.215896606445312, "right": 404.19061279296875, "bottom": 319.306884765625}, {"class": "aeroplane", "prob": 0.9889393448829651, "left": 354.44036865234375, "top": 8.27337646484375, "right": 467.2777099609375, "bottom": 258.9752197265625}], "time": 21.477325916290283}
