{"im": 1178, "res": [{"class": "aeroplane", "prob": 0.9982860684394836, "left": 184.0160369873047, "top": 132.38143920898438, "right": 314.80401611328125, "bottom": 500.0}, {"class": "aeroplane", "prob": 0.9924426674842834, "left": 65.14388275146484, "top": 25.095550537109375, "right": 189.427734375, "bottom": 500.0}], "time": 21.38506507873535}
