{"im": 2450, "res": [{"class": "sofa", "prob": 0.9949398636817932, "left": 162.67599487304688, "top": 91.20463562011719, "right": 447.6687927246094, "bottom": 283.77569580078125}, {"class": "sofa", "prob": 0.9861157536506653, "left": 2.402313232421875, "top": 154.0233612060547, "right": 96.94491577148438, "bottom": 213.15562438964844}, {"class": "sofa", "prob": 0.9160078167915344, "left": 215.82974243164062, "top": 160.8598175048828, "right": 380.6994323730469, "bottom": 283.46319580078125}], "time": 21.451147079467773}
