{"im": 3841, "res": [{"class": "bottle", "prob": 0.993763267993927, "left": 101.65591430664062, "top": 122.76704406738281, "right": 328.210205078125, "bottom": 306.07928466796875}], "time": 21.62520670890808}
