{"im": 5607, "res": [{"class": "car", "prob": 0.9988353848457336, "left": 43.492584228515625, "top": 0.0, "right": 488.2057189941406, "bottom": 296.01031494140625}, {"class": "aeroplane", "prob": 0.9996417164802551, "left": 139.46176147460938, "top": 150.17330932617188, "right": 237.23129272460938, "bottom": 274.370849609375}, {"class": "aeroplane", "prob": 0.9890280961990356, "left": 2.132007598876953, "top": 166.08114624023438, "right": 81.99337768554688, "bottom": 256.475341796875}, {"class": "aeroplane", "prob": 0.964564859867096, "left": 68.19732666015625, "top": 142.29844665527344, "right": 147.15513610839844, "bottom": 235.9423065185547}], "time": 21.06449007987976}
