{"im": 5525, "res": [{"class": "sofa", "prob": 0.6230846643447876, "left": 110.71299743652344, "top": 141.8092041015625, "right": 180.2214813232422, "bottom": 296.848388671875}, {"class": "tvmonitor", "prob": 0.5789170265197754, "left": 195.5551300048828, "top": 192.58248901367188, "right": 251.0366973876953, "bottom": 275.00091552734375}, {"class": "sofa", "prob": 0.561435341835022, "left": 127.25643920898438, "top": 160.53172302246094, "right": 160.23269653320312, "bottom": 277.1055908203125}], "time": 1.8554940223693848}
