{"im": 4545, "res": [{"class": "sheep", "prob": 0.8439602255821228, "left": 69.62201690673828, "top": 82.4996337890625, "right": 213.57012939453125, "bottom": 347.5321350097656}, {"class": "sheep", "prob": 0.7456819415092468, "left": 260.48919677734375, "top": 65.80904388427734, "right": 403.75048828125, "bottom": 300.80841064453125}], "time": 0.9586009979248047}
