{"im": 2945, "res": [{"class": "aeroplane", "prob": 0.8404366970062256, "left": 331.06610107421875, "top": 92.9083251953125, "right": 469.5811767578125, "bottom": 336.1539611816406}], "time": 0.8895020484924316}
