{"im": 3224, "res": [{"class": "tvmonitor", "prob": 0.9110820889472961, "left": 13.560089111328125, "top": 26.4783935546875, "right": 314.4765625, "bottom": 311.17803955078125}], "time": 21.900893926620483}
