{"im": 3230, "res": [{"class": "person", "prob": 0.9962315559387207, "left": 121.73226928710938, "top": 169.0116424560547, "right": 181.37161254882812, "bottom": 258.5546569824219}], "time": 23.23089575767517}
