{"im": 4807, "res": [{"class": "sheep", "prob": 0.7517311573028564, "left": 157.3660888671875, "top": 160.29672241210938, "right": 343.16351318359375, "bottom": 371.2430114746094}], "time": 0.8611860275268555}
