{"im": 67, "res": [{"class": "aeroplane", "prob": 0.997327983379364, "left": 23.420028686523438, "top": 19.9183349609375, "right": 318.67041015625, "bottom": 500.0}], "time": 22.01226806640625}
