{"im": 3128, "res": [{"class": "tvmonitor", "prob": 0.9384150505065918, "left": 174.12730407714844, "top": 28.1915283203125, "right": 387.0909423828125, "bottom": 322.222900390625}], "time": 1.1370151042938232}
