{"im": 4739, "res": [{"class": "chair", "prob": 0.6962417364120483, "left": 304.028076171875, "top": 88.8203353881836, "right": 330.02685546875, "bottom": 96.86869049072266}, {"class": "chair", "prob": 0.5010843276977539, "left": 210.49490356445312, "top": 94.81011199951172, "right": 228.81793212890625, "bottom": 97.94271087646484}], "time": 21.338876962661743}
