{"im": 564, "res": [{"class": "aeroplane", "prob": 0.903339684009552, "left": 326.55596923828125, "top": 174.79681396484375, "right": 497.11431884765625, "bottom": 368.38201904296875}, {"class": "aeroplane", "prob": 0.9761548042297363, "left": 186.63058471679688, "top": 153.46551513671875, "right": 269.422119140625, "bottom": 280.1954650878906}, {"class": "aeroplane", "prob": 0.7826278805732727, "left": 293.1827392578125, "top": 147.8588409423828, "right": 308.24359130859375, "bottom": 169.5277862548828}], "time": 22.678273916244507}
