{"im": 3041, "res": [{"class": "boat", "prob": 0.9989689588546753, "left": 187.26113891601562, "top": 191.34933471679688, "right": 423.8352966308594, "bottom": 336.7986145019531}], "time": 21.754777908325195}
