{"im": 1610, "res": [{"class": "chair", "prob": 0.7420260906219482, "left": 200.1816864013672, "top": 15.653900146484375, "right": 366.38690185546875, "bottom": 317.1885986328125}], "time": 1.1540119647979736}
