{"im": 3988, "res": [{"class": "bus", "prob": 0.9994921684265137, "left": 0.52490234375, "top": 54.64850616455078, "right": 205.39036560058594, "bottom": 256.3965759277344}, {"class": "bus", "prob": 0.9994010925292969, "left": 200.44866943359375, "top": 81.49734497070312, "right": 368.076171875, "bottom": 234.93972778320312}, {"class": "bus", "prob": 0.998386800289154, "left": 359.9438781738281, "top": 97.10218811035156, "right": 469.3960876464844, "bottom": 228.02345275878906}, {"class": "bus", "prob": 0.9860811233520508, "left": 467.4164123535156, "top": 115.57017517089844, "right": 498.8476257324219, "bottom": 223.5210418701172}], "time": 22.100741147994995}
