{"im": 2076, "res": [{"class": "bottle", "prob": 0.7107930779457092, "left": 311.41448974609375, "top": 133.38491821289062, "right": 419.034912109375, "bottom": 164.462158203125}, {"class": "bottle", "prob": 0.6004636883735657, "left": 128.42364501953125, "top": 126.663330078125, "right": 390.1229248046875, "bottom": 174.69189453125}], "time": 21.654619216918945}
