{"im": 25, "res": [{"class": "sheep", "prob": 0.7302259802818298, "left": 192.35931396484375, "top": 71.22529602050781, "right": 392.7801513671875, "bottom": 296.37030029296875}], "time": 0.9250607490539551}
