{"im": 3441, "res": [{"class": "train", "prob": 0.5798870325088501, "left": 172.05079650878906, "top": 83.98507690429688, "right": 483.20440673828125, "bottom": 412.66485595703125}], "time": 1.1636629104614258}
