{"im": 402, "res": [{"class": "aeroplane", "prob": 0.530942976474762, "left": 244.1866912841797, "top": 106.31745910644531, "right": 325.9219055175781, "bottom": 319.92315673828125}], "time": 0.8425469398498535}
