{"im": 1100, "res": [{"class": "aeroplane", "prob": 0.9987771511077881, "left": 316.02777099609375, "top": 122.26667785644531, "right": 407.66363525390625, "bottom": 420.4471435546875}, {"class": "aeroplane", "prob": 0.9978839755058289, "left": 142.77297973632812, "top": 183.16732788085938, "right": 309.2195739746094, "bottom": 437.0}, {"class": "aeroplane", "prob": 0.9841648936271667, "left": 1.75360107421875, "top": 70.87564086914062, "right": 156.11988830566406, "bottom": 408.51727294921875}, {"class": "aeroplane", "prob": 0.8429785966873169, "left": 141.2241973876953, "top": 39.01995849609375, "right": 289.54437255859375, "bottom": 354.711181640625}], "time": 21.06511688232422}
