{"im": 3080, "res": [{"class": "boat", "prob": 0.7151902318000793, "left": 6.926673889160156, "top": 205.3537139892578, "right": 171.22479248046875, "bottom": 459.9056396484375}, {"class": "boat", "prob": 0.5271111130714417, "left": 180.9866943359375, "top": 197.69866943359375, "right": 319.0361328125, "bottom": 460.6605224609375}], "time": 0.8592698574066162}
