{"im": 4547, "res": [{"class": "aeroplane", "prob": 0.7890039682388306, "left": 237.52420043945312, "top": 285.7878112792969, "right": 270.3706970214844, "bottom": 308.7208557128906}], "time": 0.9925298690795898}
