{"im": 5181, "res": [{"class": "pottedplant", "prob": 0.7307253479957581, "left": 267.6186828613281, "top": 163.256591796875, "right": 500.0, "bottom": 309.82000732421875}], "time": 21.474363088607788}
