{"im": 607, "res": [{"class": "aeroplane", "prob": 0.8560832142829895, "left": 0.0, "top": 50.717742919921875, "right": 190.0487060546875, "bottom": 451.5128479003906}], "time": 0.8482909202575684}
