{"im": 4098, "res": [{"class": "car", "prob": 0.998245358467102, "left": 0.0, "top": 0.0, "right": 500.0, "bottom": 337.9147033691406}], "time": 21.622463941574097}
