{"im": 485, "res": [{"class": "chair", "prob": 0.9921305179595947, "left": 212.5789794921875, "top": 156.85350036621094, "right": 287.7458801269531, "bottom": 223.3616485595703}, {"class": "aeroplane", "prob": 0.9085807800292969, "left": 221.14418029785156, "top": 158.84388732910156, "right": 231.27064514160156, "bottom": 172.56446838378906}, {"class": "aeroplane", "prob": 0.8513420224189758, "left": 233.517822265625, "top": 155.973876953125, "right": 246.20263671875, "bottom": 174.00933837890625}], "time": 21.510581970214844}
