{"im": 5763, "res": [{"class": "aeroplane", "prob": 0.956490159034729, "left": 234.90097045898438, "top": 179.7764434814453, "right": 253.27896118164062, "bottom": 220.4955596923828}, {"class": "aeroplane", "prob": 0.8943725824356079, "left": 195.91680908203125, "top": 175.56617736816406, "right": 215.4371337890625, "bottom": 220.0269317626953}, {"class": "aeroplane", "prob": 0.8016570210456848, "left": 109.92577362060547, "top": 159.3838653564453, "right": 187.81195068359375, "bottom": 467.9815673828125}, {"class": "aeroplane", "prob": 0.6163967847824097, "left": 209.37863159179688, "top": 146.17994689941406, "right": 321.9082336425781, "bottom": 458.3394775390625}], "time": 0.9562528133392334}
