{"im": 1271, "res": [{"class": "aeroplane", "prob": 0.9989018440246582, "left": 186.03616333007812, "top": 136.46768188476562, "right": 312.4938659667969, "bottom": 283.13482666015625}], "time": 21.492360830307007}
