{"im": 5256, "res": [{"class": "bottle", "prob": 0.9987547993659973, "left": 10.370452880859375, "top": 43.341285705566406, "right": 485.84844970703125, "bottom": 235.12823486328125}], "time": 23.185651063919067}
