{"im": 2052, "res": [{"class": "aeroplane", "prob": 0.998813271522522, "left": 51.23114013671875, "top": 58.83052062988281, "right": 297.8741760253906, "bottom": 500.0}], "time": 21.67843794822693}
