{"im": 3469, "res": [{"class": "bird", "prob": 0.9843636751174927, "left": 177.02609252929688, "top": 164.80148315429688, "right": 253.42007446289062, "bottom": 197.5386962890625}], "time": 21.468306064605713}
