{"im": 2342, "res": [{"class": "aeroplane", "prob": 0.5161606073379517, "left": 44.92292785644531, "top": 25.878036499023438, "right": 465.03582763671875, "bottom": 332.591064453125}], "time": 0.9072508811950684}
