{"im": 1379, "res": [{"class": "sofa", "prob": 0.5762469172477722, "left": 0.0, "top": 76.18305969238281, "right": 432.7266845703125, "bottom": 373.61297607421875}], "time": 0.8419859409332275}
