{"im": 3301, "res": [{"class": "aeroplane", "prob": 0.7982839345932007, "left": 273.4169006347656, "top": 165.98013305664062, "right": 312.3692932128906, "bottom": 202.22265625}, {"class": "chair", "prob": 0.6327308416366577, "left": 11.65386962890625, "top": 151.6427764892578, "right": 47.171199798583984, "bottom": 160.40977478027344}], "time": 22.03207015991211}
