{"im": 2546, "res": [{"class": "person", "prob": 0.747796356678009, "left": 65.67469024658203, "top": 236.8390655517578, "right": 77.34070587158203, "bottom": 253.21812438964844}], "time": 0.8737950325012207}
