{"im": 2534, "res": [{"class": "sofa", "prob": 0.8426544666290283, "left": 106.21731567382812, "top": 81.02237701416016, "right": 338.9327392578125, "bottom": 276.99798583984375}], "time": 0.891075849533081}
