{"im": 741, "res": [{"class": "pottedplant", "prob": 0.982409656047821, "left": 15.043045043945312, "top": 104.10218048095703, "right": 370.083984375, "bottom": 340.21490478515625}], "time": 21.75785803794861}
