{"im": 157, "res": [{"class": "aeroplane", "prob": 0.9901986718177795, "left": 91.48316955566406, "top": 151.0529327392578, "right": 180.02464294433594, "bottom": 403.30743408203125}], "time": 1.0013270378112793}
