{"im": 3300, "res": [{"class": "train", "prob": 0.8134578466415405, "left": 110.47523498535156, "top": 178.31423950195312, "right": 220.0606231689453, "bottom": 345.1630554199219}, {"class": "train", "prob": 0.5063571929931641, "left": 295.63897705078125, "top": 2.4072952270507812, "right": 400.273193359375, "bottom": 96.21038818359375}, {"class": "train", "prob": 0.5614413619041443, "left": 10.444934844970703, "top": 187.23098754882812, "right": 136.6082305908203, "bottom": 314.4379577636719}], "time": 22.587846279144287}
