{"im": 5473, "res": [{"class": "aeroplane", "prob": 0.9939067363739014, "left": 29.901268005371094, "top": 183.61053466796875, "right": 188.76913452148438, "bottom": 423.57843017578125}, {"class": "aeroplane", "prob": 0.9805684089660645, "left": 280.9794921875, "top": 238.9471435546875, "right": 336.61993408203125, "bottom": 329.397216796875}], "time": 21.470080137252808}
