{"im": 1261, "res": [{"class": "aeroplane", "prob": 0.9990512728691101, "left": 0.0, "top": 63.26155090332031, "right": 163.8323974609375, "bottom": 299.96270751953125}, {"class": "aeroplane", "prob": 0.9991751909255981, "left": 190.06390380859375, "top": 30.49237823486328, "right": 369.0909423828125, "bottom": 246.56478881835938}, {"class": "aeroplane", "prob": 0.894993782043457, "left": 412.64349365234375, "top": 8.451873779296875, "right": 500.0, "bottom": 313.8569641113281}], "time": 21.523197889328003}
