{"im": 1794, "res": [{"class": "tvmonitor", "prob": 0.992634117603302, "left": 102.27694702148438, "top": 129.9859161376953, "right": 383.97027587890625, "bottom": 277.552978515625}], "time": 21.617295026779175}
