{"im": 5374, "res": [{"class": "sofa", "prob": 0.9533275365829468, "left": 190.32321166992188, "top": 161.67465209960938, "right": 224.43606567382812, "bottom": 192.667724609375}], "time": 0.8655979633331299}
