{"im": 3120, "res": [{"class": "person", "prob": 0.9988135099411011, "left": 114.91594696044922, "top": 63.73072052001953, "right": 336.42437744140625, "bottom": 308.0096740722656}], "time": 23.39455795288086}
