{"im": 2511, "res": [{"class": "aeroplane", "prob": 0.7304898500442505, "left": 70.10746002197266, "top": 119.2713623046875, "right": 247.4234619140625, "bottom": 436.63812255859375}], "time": 0.857248067855835}
