{"im": 55, "res": [{"class": "aeroplane", "prob": 0.9959781765937805, "left": 234.0105743408203, "top": 101.15991973876953, "right": 311.6084899902344, "bottom": 310.763671875}], "time": 21.442909002304077}
