{"im": 1576, "res": [{"class": "chair", "prob": 0.9658474326133728, "left": 4.0851898193359375, "top": 69.51892852783203, "right": 433.766845703125, "bottom": 319.8717041015625}, {"class": "chair", "prob": 0.7446417212486267, "left": 325.3115539550781, "top": 19.56658363342285, "right": 390.2725524902344, "bottom": 32.08347702026367}], "time": 21.7150719165802}
