{"im": 1688, "res": [{"class": "pottedplant", "prob": 0.5560759902000427, "left": 28.156753540039062, "top": 72.94245910644531, "right": 232.63941955566406, "bottom": 358.7532958984375}], "time": 0.8875918388366699}
