{"im": 4732, "res": [{"class": "aeroplane", "prob": 0.9306229948997498, "left": 391.58050537109375, "top": 71.36068725585938, "right": 494.77838134765625, "bottom": 333.0}, {"class": "aeroplane", "prob": 0.6102521419525146, "left": 231.2816162109375, "top": 61.04862976074219, "right": 419.4398193359375, "bottom": 329.79669189453125}, {"class": "aeroplane", "prob": 0.6083676815032959, "left": 113.82347106933594, "top": 57.52557373046875, "right": 218.9026641845703, "bottom": 300.3837585449219}], "time": 0.8732538223266602}
