{"im": 2387, "res": [{"class": "bicycle", "prob": 0.9948575496673584, "left": 39.691741943359375, "top": 82.1961669921875, "right": 473.2647399902344, "bottom": 297.316162109375}], "time": 21.479297876358032}
