{"im": 504, "res": [{"class": "aeroplane", "prob": 0.9909927248954773, "left": 0.0, "top": 74.88499450683594, "right": 187.66470336914062, "bottom": 368.7288818359375}, {"class": "aeroplane", "prob": 0.9900450110435486, "left": 167.20932006835938, "top": 119.16181182861328, "right": 388.0898132324219, "bottom": 370.24224853515625}, {"class": "aeroplane", "prob": 0.9575403928756714, "left": 329.6412353515625, "top": 96.81219482421875, "right": 497.66815185546875, "bottom": 296.3981628417969}, {"class": "aeroplane", "prob": 0.6101475358009338, "left": 129.10870361328125, "top": 92.24921417236328, "right": 274.78271484375, "bottom": 274.5375061035156}], "time": 21.628942012786865}
