{"im": 5738, "res": [{"class": "pottedplant", "prob": 0.7665612101554871, "left": 149.841064453125, "top": 0.0, "right": 358.447021484375, "bottom": 290.58758544921875}], "time": 0.8223998546600342}
