{"im": 429, "res": [{"class": "aeroplane", "prob": 0.7362169623374939, "left": 227.94967651367188, "top": 43.82904052734375, "right": 493.7250671386719, "bottom": 375.0}, {"class": "aeroplane", "prob": 0.7331811785697937, "left": 0.0, "top": 74.96710205078125, "right": 300.87646484375, "bottom": 362.44183349609375}], "time": 0.8685610294342041}
