{"im": 4314, "res": [{"class": "sheep", "prob": 0.5103986263275146, "left": 27.335479736328125, "top": 14.71014404296875, "right": 419.8846435546875, "bottom": 340.563232421875}, {"class": "sheep", "prob": 0.5882948040962219, "left": 217.24237060546875, "top": 10.0408935546875, "right": 448.677978515625, "bottom": 336.3340759277344}], "time": 21.541574001312256}
