{"im": 997, "res": [{"class": "chair", "prob": 0.8575828075408936, "left": 62.31767272949219, "top": 66.19759368896484, "right": 497.58441162109375, "bottom": 263.1014709472656}, {"class": "chair", "prob": 0.5095487236976624, "left": 0.0, "top": 142.30331420898438, "right": 500.0, "bottom": 283.1088562011719}], "time": 21.07244086265564}
