{"im": 1434, "res": [{"class": "aeroplane", "prob": 0.6872393488883972, "left": 9.579544067382812, "top": 0.0, "right": 87.3635482788086, "bottom": 205.91650390625}], "time": 0.8411870002746582}
