{"im": 2157, "res": [{"class": "aeroplane", "prob": 0.9067584276199341, "left": 142.06326293945312, "top": 3.7982864379882812, "right": 226.06051635742188, "bottom": 245.9996337890625}], "time": 0.8829638957977295}
