{"im": 2395, "res": [{"class": "train", "prob": 0.6649887561798096, "left": 82.738525390625, "top": 282.17498779296875, "right": 172.11398315429688, "bottom": 433.03363037109375}, {"class": "train", "prob": 0.6079152822494507, "left": 107.18645477294922, "top": 309.5604248046875, "right": 154.23095703125, "bottom": 403.80560302734375}], "time": 0.8918747901916504}
