{"im": 123, "res": [{"class": "aeroplane", "prob": 0.9628639817237854, "left": 22.0771484375, "top": 40.258697509765625, "right": 354.3592529296875, "bottom": 496.3544006347656}], "time": 21.639057874679565}
