{"im": 925, "res": [{"class": "sheep", "prob": 0.9980008602142334, "left": 54.9307861328125, "top": 233.62191772460938, "right": 189.5967254638672, "bottom": 310.7554626464844}, {"class": "sheep", "prob": 0.9813870787620544, "left": 296.9769592285156, "top": 243.76986694335938, "right": 467.1506652832031, "bottom": 355.9960021972656}], "time": 21.179999113082886}
