{"im": 263, "res": [{"class": "aeroplane", "prob": 0.9711316823959351, "left": 217.56430053710938, "top": 24.884735107421875, "right": 494.7295837402344, "bottom": 318.3097229003906}, {"class": "aeroplane", "prob": 0.8395012021064758, "left": 194.498291015625, "top": 78.03515625, "right": 289.9988708496094, "bottom": 217.19137573242188}], "time": 22.81289792060852}
