{"im": 3306, "res": [{"class": "bus", "prob": 0.9990642070770264, "left": 331.77789306640625, "top": 208.55958557128906, "right": 445.9681396484375, "bottom": 261.4007568359375}, {"class": "bus", "prob": 0.9963093400001526, "left": 84.16370391845703, "top": 187.98855590820312, "right": 322.0368347167969, "bottom": 284.5798034667969}, {"class": "bird", "prob": 0.8506249785423279, "left": 478.35150146484375, "top": 226.11024475097656, "right": 499.3846435546875, "bottom": 246.92054748535156}], "time": 21.811707973480225}
