{"im": 4311, "res": [{"class": "tvmonitor", "prob": 0.9617130756378174, "left": 49.14616394042969, "top": 48.29119873046875, "right": 366.71246337890625, "bottom": 454.4122314453125}], "time": 21.462700128555298}
