{"im": 3106, "res": [{"class": "person", "prob": 0.9997382164001465, "left": 58.554718017578125, "top": 261.77618408203125, "right": 355.7256774902344, "bottom": 430.21051025390625}], "time": 21.82338809967041}
