{"im": 3062, "res": [{"class": "person", "prob": 0.992552638053894, "left": 41.35160827636719, "top": 45.424041748046875, "right": 388.49688720703125, "bottom": 373.0584411621094}], "time": 21.717525959014893}
