{"im": 842, "res": [{"class": "aeroplane", "prob": 0.7854645848274231, "left": 375.1464538574219, "top": 345.9718017578125, "right": 383.9567565917969, "bottom": 367.525146484375}], "time": 0.8566689491271973}
