{"im": 2567, "res": [{"class": "car", "prob": 0.9958398342132568, "left": 27.03466796875, "top": 93.10570526123047, "right": 463.9633483886719, "bottom": 306.04632568359375}], "time": 21.4799907207489}
