{"im": 438, "res": [{"class": "sofa", "prob": 0.9954779148101807, "left": 150.44140625, "top": 134.25445556640625, "right": 321.6500244140625, "bottom": 292.9482727050781}], "time": 0.8316009044647217}
