{"im": 581, "res": [{"class": "aeroplane", "prob": 0.7098930478096008, "left": 144.98947143554688, "top": 85.10810089111328, "right": 224.67333984375, "bottom": 206.45758056640625}, {"class": "aeroplane", "prob": 0.624932587146759, "left": 172.95082092285156, "top": 103.21627807617188, "right": 203.83982849121094, "bottom": 182.06777954101562}], "time": 0.8569691181182861}
