{"im": 3425, "res": [{"class": "person", "prob": 0.8719342947006226, "left": 213.55564880371094, "top": 110.1820068359375, "right": 374.1527099609375, "bottom": 272.6799621582031}, {"class": "person", "prob": 0.719143271446228, "left": 109.26004028320312, "top": 119.7718276977539, "right": 245.12115478515625, "bottom": 270.9326477050781}], "time": 0.9620881080627441}
