{"im": 5102, "res": [{"class": "bottle", "prob": 0.9948351979255676, "left": 141.67152404785156, "top": 114.20738983154297, "right": 472.6741943359375, "bottom": 256.4245300292969}], "time": 21.369834899902344}
