{"im": 5445, "res": [{"class": "sheep", "prob": 0.6051880717277527, "left": 174.57748413085938, "top": 116.96788787841797, "right": 375.8584899902344, "bottom": 297.9013671875}, {"class": "aeroplane", "prob": 0.8838237524032593, "left": 300.9721374511719, "top": 0.0, "right": 416.0563659667969, "bottom": 220.2021484375}], "time": 21.474799871444702}
