{"im": 2181, "res": [{"class": "car", "prob": 0.9974027872085571, "left": 0.0, "top": 0.0, "right": 485.4771728515625, "bottom": 381.02587890625}], "time": 21.53835105895996}
