{"im": 2484, "res": [{"class": "sheep", "prob": 0.9977927207946777, "left": 258.5654296875, "top": 118.52987670898438, "right": 312.47186279296875, "bottom": 185.91433715820312}], "time": 21.434410095214844}
