{"im": 1256, "res": [{"class": "aeroplane", "prob": 0.5686198472976685, "left": 257.8521423339844, "top": 249.5860137939453, "right": 330.0626525878906, "bottom": 359.0633544921875}, {"class": "aeroplane", "prob": 0.5379741191864014, "left": 179.7105255126953, "top": 247.293701171875, "right": 250.7406463623047, "bottom": 361.95599365234375}], "time": 0.8828489780426025}
