{"im": 3335, "res": [{"class": "aeroplane", "prob": 0.9985884428024292, "left": 0.090576171875, "top": 23.376220703125, "right": 289.82989501953125, "bottom": 354.8663330078125}, {"class": "aeroplane", "prob": 0.9947836995124817, "left": 270.006103515625, "top": 55.764076232910156, "right": 376.85760498046875, "bottom": 224.29556274414062}, {"class": "aeroplane", "prob": 0.9884058237075806, "left": 112.3984375, "top": 63.56311798095703, "right": 321.9505310058594, "bottom": 312.9771423339844}, {"class": "aeroplane", "prob": 0.9239163994789124, "left": 438.7236022949219, "top": 67.51374816894531, "right": 498.9518737792969, "bottom": 164.85305786132812}], "time": 21.521295070648193}
