{"im": 4628, "res": [{"class": "person", "prob": 0.9499169588088989, "left": 237.54017639160156, "top": 239.99716186523438, "right": 321.1785888671875, "bottom": 280.7565002441406}, {"class": "person", "prob": 0.9319111704826355, "left": 175.47940063476562, "top": 224.98910522460938, "right": 265.4774169921875, "bottom": 255.04696655273438}], "time": 21.366185903549194}
