{"im": 2675, "res": [{"class": "aeroplane", "prob": 0.9395102858543396, "left": 358.4430847167969, "top": 120.44837188720703, "right": 390.8838195800781, "bottom": 269.0399475097656}, {"class": "aeroplane", "prob": 0.9051198959350586, "left": 336.5977783203125, "top": 101.56893920898438, "right": 411.5697021484375, "bottom": 287.07623291015625}, {"class": "bird", "prob": 0.6088900566101074, "left": 184.624267578125, "top": 125.34214782714844, "right": 265.8123474121094, "bottom": 202.9409637451172}, {"class": "bird", "prob": 0.5462017059326172, "left": 141.1708984375, "top": 116.9361801147461, "right": 314.37286376953125, "bottom": 212.3765869140625}], "time": 0.8320717811584473}
