{"im": 2040, "res": [{"class": "person", "prob": 0.9995599389076233, "left": 172.34246826171875, "top": 63.674224853515625, "right": 443.90802001953125, "bottom": 337.6231689453125}], "time": 21.651227235794067}
