{"im": 1764, "res": [{"class": "bird", "prob": 0.9910551905632019, "left": 121.03005981445312, "top": 208.77493286132812, "right": 218.22967529296875, "bottom": 252.40447998046875}, {"class": "cat", "prob": 0.9637681841850281, "left": 0.442413330078125, "top": 179.7378387451172, "right": 89.45945739746094, "bottom": 256.63348388671875}, {"class": "bird", "prob": 0.6948374509811401, "left": 458.04730224609375, "top": 237.23809814453125, "right": 500.0, "bottom": 311.5806884765625}], "time": 21.64393973350525}
