{"im": 3150, "res": [{"class": "bird", "prob": 0.7698186635971069, "left": 479.8772888183594, "top": 211.83746337890625, "right": 490.5105285644531, "bottom": 229.0452880859375}], "time": 1.2458570003509521}
