{"im": 5427, "res": [{"class": "aeroplane", "prob": 0.5821786522865295, "left": 29.193710327148438, "top": 77.50786590576172, "right": 233.42005920410156, "bottom": 328.6766052246094}], "time": 0.9635038375854492}
