{"im": 1855, "res": [{"class": "sofa", "prob": 0.9993353486061096, "left": 126.57817840576172, "top": 126.53020477294922, "right": 284.4268493652344, "bottom": 224.71304321289062}, {"class": "aeroplane", "prob": 0.9899007081985474, "left": 191.54891967773438, "top": 104.26849365234375, "right": 219.7923583984375, "bottom": 182.29461669921875}], "time": 21.665754079818726}
