{"im": 1318, "res": [{"class": "aeroplane", "prob": 0.5079240798950195, "left": 330.7830810546875, "top": 154.20948791503906, "right": 424.8240966796875, "bottom": 278.93438720703125}], "time": 0.8327369689941406}
