{"im": 3807, "res": [{"class": "sheep", "prob": 0.942114531993866, "left": 0.0, "top": 0.0, "right": 500.0, "bottom": 400.0}], "time": 21.544402837753296}
