{"im": 4397, "res": [{"class": "sofa", "prob": 0.9729529023170471, "left": 241.74951171875, "top": 72.98814392089844, "right": 345.624755859375, "bottom": 214.5238494873047}, {"class": "sheep", "prob": 0.6005550026893616, "left": 182.84329223632812, "top": 96.27484130859375, "right": 330.4121398925781, "bottom": 281.7840576171875}, {"class": "sofa", "prob": 0.9035401940345764, "left": 182.84329223632812, "top": 96.27484130859375, "right": 330.4121398925781, "bottom": 281.7840576171875}], "time": 22.30914807319641}
