{"im": 1479, "res": [{"class": "aeroplane", "prob": 0.7015947103500366, "left": 178.92901611328125, "top": 34.366981506347656, "right": 302.6930236816406, "bottom": 215.3170166015625}], "time": 0.9555656909942627}
