{"im": 3876, "res": [{"class": "chair", "prob": 0.512999415397644, "left": 437.2677307128906, "top": 181.94212341308594, "right": 489.5204162597656, "bottom": 200.1780242919922}], "time": 0.8785338401794434}
