{"im": 4123, "res": [{"class": "bird", "prob": 0.9716125726699829, "left": 83.63436126708984, "top": 295.1126708984375, "right": 331.9188537597656, "bottom": 459.9044189453125}], "time": 21.677809238433838}
