{"im": 4613, "res": [{"class": "sheep", "prob": 0.6414285898208618, "left": 113.66751098632812, "top": 75.63192749023438, "right": 233.952392578125, "bottom": 155.0631561279297}], "time": 0.8189308643341064}
