{"im": 5775, "res": [{"class": "tvmonitor", "prob": 0.9761738181114197, "left": 20.146530151367188, "top": 55.028594970703125, "right": 258.88458251953125, "bottom": 351.0}, {"class": "tvmonitor", "prob": 0.9539284706115723, "left": 362.8821105957031, "top": 40.39787292480469, "right": 500.0, "bottom": 313.0999755859375}, {"class": "tvmonitor", "prob": 0.8803346157073975, "left": 191.86721801757812, "top": 33.7066650390625, "right": 407.6633605957031, "bottom": 350.2580261230469}, {"class": "tvmonitor", "prob": 0.5223801732063293, "left": 0.12042236328125, "top": 58.91102600097656, "right": 20.64334487915039, "bottom": 129.0121612548828}], "time": 21.46678400039673}
