{"im": 2622, "res": [{"class": "person", "prob": 0.9932543635368347, "left": 215.42181396484375, "top": 131.94483947753906, "right": 348.5164794921875, "bottom": 223.8657989501953}], "time": 21.3778178691864}
