{"im": 3005, "res": [{"class": "pottedplant", "prob": 0.968504786491394, "left": 51.27174377441406, "top": 3.736175537109375, "right": 490.2457275390625, "bottom": 335.3228759765625}], "time": 23.80152678489685}
