{"im": 5154, "res": [{"class": "bus", "prob": 0.9987057447433472, "left": 1.8148956298828125, "top": 49.789398193359375, "right": 458.35546875, "bottom": 336.7334289550781}, {"class": "aeroplane", "prob": 0.9991006255149841, "left": 254.03187561035156, "top": 162.4900360107422, "right": 333.99468994140625, "bottom": 347.1015625}, {"class": "aeroplane", "prob": 0.9976083636283875, "left": 379.5364074707031, "top": 174.89590454101562, "right": 441.4141540527344, "bottom": 318.98956298828125}, {"class": "aeroplane", "prob": 0.588466465473175, "left": 469.24365234375, "top": 196.8948211669922, "right": 494.42779541015625, "bottom": 265.5455627441406}], "time": 21.41049599647522}
