{"im": 1044, "res": [{"class": "person", "prob": 0.6527031064033508, "left": 203.94671630859375, "top": 193.4896240234375, "right": 252.068115234375, "bottom": 215.74078369140625}, {"class": "bottle", "prob": 0.5723941922187805, "left": 180.67965698242188, "top": 174.3191375732422, "right": 271.0509033203125, "bottom": 232.8571319580078}, {"class": "person", "prob": 0.568638801574707, "left": 150.42918395996094, "top": 110.12284851074219, "right": 204.69374084472656, "bottom": 128.76048278808594}, {"class": "bottle", "prob": 0.5840011239051819, "left": 310.6602783203125, "top": 212.50286865234375, "right": 359.9560546875, "bottom": 233.5325927734375}], "time": 0.8404979705810547}
