{"im": 3206, "res": [{"class": "bird", "prob": 0.6811473965644836, "left": 473.1881103515625, "top": 105.80471801757812, "right": 492.42547607421875, "bottom": 132.05038452148438}, {"class": "sofa", "prob": 0.5308739542961121, "left": 13.740158081054688, "top": 22.013198852539062, "right": 491.155029296875, "bottom": 388.78643798828125}], "time": 0.8622689247131348}
