{"im": 3158, "res": [{"class": "aeroplane", "prob": 0.8893707990646362, "left": 305.50201416015625, "top": 57.24467468261719, "right": 427.507080078125, "bottom": 375.0}, {"class": "aeroplane", "prob": 0.7733437418937683, "left": 89.24246215820312, "top": 82.99105834960938, "right": 244.06634521484375, "bottom": 272.4260559082031}], "time": 0.9130711555480957}
