{"im": 1030, "res": [{"class": "aeroplane", "prob": 0.9997274875640869, "left": 151.52035522460938, "top": 205.84124755859375, "right": 336.1473388671875, "bottom": 373.33831787109375}, {"class": "aeroplane", "prob": 0.9983161091804504, "left": 214.80606079101562, "top": 101.62947082519531, "right": 497.1838684082031, "bottom": 372.84906005859375}, {"class": "aeroplane", "prob": 0.9111021757125854, "left": 5.399566650390625, "top": 46.27552795410156, "right": 276.6443176269531, "bottom": 375.0}], "time": 21.119261026382446}
