{"im": 1973, "res": [{"class": "boat", "prob": 0.904344916343689, "left": 101.19309997558594, "top": 28.519515991210938, "right": 448.7490234375, "bottom": 352.63323974609375}, {"class": "bird", "prob": 0.9638778567314148, "left": 264.463134765625, "top": 8.343376159667969, "right": 500.0, "bottom": 257.4323425292969}, {"class": "bird", "prob": 0.9279255867004395, "left": 0.0, "top": 116.24415588378906, "right": 83.60910034179688, "bottom": 374.67718505859375}], "time": 21.694499015808105}
