{"im": 1531, "res": [{"class": "sofa", "prob": 0.6135602593421936, "left": 232.03004455566406, "top": 6.225830078125, "right": 500.0, "bottom": 362.7600402832031}, {"class": "aeroplane", "prob": 0.5463513731956482, "left": 317.821044921875, "top": 0.0, "right": 400.5953369140625, "bottom": 133.26708984375}], "time": 0.8460958003997803}
