{"im": 4882, "res": [{"class": "chair", "prob": 0.9939828515052795, "left": 18.324172973632812, "top": 134.17059326171875, "right": 490.1396484375, "bottom": 294.2318420410156}], "time": 23.15144920349121}
