{"im": 2316, "res": [{"class": "train", "prob": 0.975832462310791, "left": 7.9152374267578125, "top": 54.3607177734375, "right": 268.40704345703125, "bottom": 333.3792724609375}, {"class": "train", "prob": 0.9254547357559204, "left": 259.1988220214844, "top": 41.47869873046875, "right": 467.2532653808594, "bottom": 370.3074035644531}], "time": 21.46827507019043}
