{"im": 4616, "res": [{"class": "car", "prob": 0.9706540107727051, "left": 310.54779052734375, "top": 10.334228515625, "right": 500.0, "bottom": 324.3243408203125}], "time": 21.547318935394287}
