{"im": 575, "res": [{"class": "cat", "prob": 0.9897070527076721, "left": 24.629745483398438, "top": 132.7332763671875, "right": 500.0, "bottom": 342.91192626953125}], "time": 21.612826824188232}
