{"im": 1150, "res": [{"class": "aeroplane", "prob": 0.9983149766921997, "left": 0.5957183837890625, "top": 63.426544189453125, "right": 229.95013427734375, "bottom": 375.0}, {"class": "aeroplane", "prob": 0.995812714099884, "left": 173.67039489746094, "top": 37.245094299316406, "right": 267.0843505859375, "bottom": 144.59030151367188}, {"class": "aeroplane", "prob": 0.9820805191993713, "left": 128.0379180908203, "top": 127.86894226074219, "right": 422.18212890625, "bottom": 371.86395263671875}, {"class": "aeroplane", "prob": 0.5105058550834656, "left": 254.79624938964844, "top": 72.87461853027344, "right": 500.0, "bottom": 373.60052490234375}], "time": 21.10141396522522}
