{"im": 551, "res": [{"class": "aeroplane", "prob": 0.9995043873786926, "left": 263.5448303222656, "top": 4.6339874267578125, "right": 458.5572204589844, "bottom": 295.0}], "time": 21.64481496810913}
