{"im": 5560, "res": [{"class": "tvmonitor", "prob": 0.55991131067276, "left": 155.96363830566406, "top": 70.48492431640625, "right": 169.56089782714844, "bottom": 84.92781066894531}], "time": 0.8613660335540771}
