{"im": 2880, "res": [{"class": "car", "prob": 0.9990280270576477, "left": 39.00244140625, "top": 25.404861450195312, "right": 474.0023193359375, "bottom": 308.6043701171875}], "time": 21.468167066574097}
