{"im": 928, "res": [{"class": "aeroplane", "prob": 0.9813441038131714, "left": 64.45236206054688, "top": 165.82302856445312, "right": 222.4901123046875, "bottom": 389.2064514160156}], "time": 21.082714796066284}
