{"im": 3873, "res": [{"class": "aeroplane", "prob": 0.5491482615470886, "left": 106.91679382324219, "top": 197.65545654296875, "right": 114.69754028320312, "bottom": 226.4307861328125}], "time": 0.8360950946807861}
