{"im": 1361, "res": [{"class": "aeroplane", "prob": 0.9786746501922607, "left": 187.441162109375, "top": 112.86639404296875, "right": 252.8365478515625, "bottom": 292.3017883300781}, {"class": "aeroplane", "prob": 0.9751102924346924, "left": 202.76919555664062, "top": 145.88162231445312, "right": 234.7225341796875, "bottom": 258.78778076171875}], "time": 0.8910341262817383}
