{"im": 2841, "res": [{"class": "bus", "prob": 0.999405026435852, "left": 35.98121643066406, "top": 19.865554809570312, "right": 447.148193359375, "bottom": 304.38055419921875}, {"class": "bird", "prob": 0.8777814507484436, "left": 474.4991149902344, "top": 190.18043518066406, "right": 494.7373962402344, "bottom": 209.70899963378906}, {"class": "bird", "prob": 0.7622344493865967, "left": 442.3743591308594, "top": 191.44789123535156, "right": 459.4228210449219, "bottom": 207.74339294433594}], "time": 21.435565948486328}
