{"im": 4347, "res": [{"class": "person", "prob": 0.8696587085723877, "left": 192.98329162597656, "top": 136.34693908691406, "right": 388.0030517578125, "bottom": 291.86090087890625}], "time": 0.8308460712432861}
