{"im": 145, "res": [{"class": "aeroplane", "prob": 0.9926754236221313, "left": 48.252532958984375, "top": 60.950958251953125, "right": 447.83123779296875, "bottom": 326.0}, {"class": "aeroplane", "prob": 0.5717701315879822, "left": 9.611015319824219, "top": 17.389541625976562, "right": 240.39382934570312, "bottom": 326.0}], "time": 21.567785263061523}
