{"im": 3089, "res": [{"class": "aeroplane", "prob": 0.9145336151123047, "left": 337.5310974121094, "top": 157.04052734375, "right": 358.7591247558594, "bottom": 196.67633056640625}, {"class": "aeroplane", "prob": 0.9087965488433838, "left": 467.8291015625, "top": 173.25613403320312, "right": 483.44915771484375, "bottom": 202.67904663085938}, {"class": "aeroplane", "prob": 0.8957114219665527, "left": 178.35955810546875, "top": 99.90250396728516, "right": 240.99749755859375, "bottom": 241.74383544921875}, {"class": "aeroplane", "prob": 0.6164416670799255, "left": 110.60400390625, "top": 153.54092407226562, "right": 123.81190490722656, "bottom": 198.77999877929688}], "time": 0.8329579830169678}
