{"im": 5478, "res": [{"class": "tvmonitor", "prob": 0.9145678281784058, "left": 85.10256958007812, "top": 176.5480194091797, "right": 248.90542602539062, "bottom": 413.3582763671875}], "time": 21.487621068954468}
