{"im": 2258, "res": [{"class": "sheep", "prob": 0.5992797017097473, "left": 11.797561645507812, "top": 163.38742065429688, "right": 270.85455322265625, "bottom": 352.8678283691406}], "time": 0.8364179134368896}
