{"im": 1392, "res": [{"class": "aeroplane", "prob": 0.8817974925041199, "left": 185.86282348632812, "top": 34.66926574707031, "right": 310.6713562011719, "bottom": 377.78607177734375}], "time": 0.8938069343566895}
