{"im": 3732, "res": [{"class": "pottedplant", "prob": 0.9904283881187439, "left": 285.5307922363281, "top": 187.6653594970703, "right": 312.3442687988281, "bottom": 223.03953552246094}], "time": 21.532816171646118}
