{"im": 2730, "res": [{"class": "train", "prob": 0.5431807637214661, "left": 66.68435668945312, "top": 28.249526977539062, "right": 438.9718933105469, "bottom": 500.0}], "time": 21.478849172592163}
