{"im": 3986, "res": [{"class": "aeroplane", "prob": 0.9675987362861633, "left": 0.0, "top": 88.30329895019531, "right": 199.17483520507812, "bottom": 375.0}, {"class": "aeroplane", "prob": 0.9811726212501526, "left": 168.97964477539062, "top": 65.68577575683594, "right": 489.3255920410156, "bottom": 370.6756591796875}], "time": 22.04555106163025}
