{"im": 4433, "res": [{"class": "sheep", "prob": 0.557415246963501, "left": 87.39627075195312, "top": 85.22859191894531, "right": 278.2080993652344, "bottom": 319.40203857421875}], "time": 0.8289361000061035}
