{"im": 2389, "res": [{"class": "tvmonitor", "prob": 0.72476726770401, "left": 23.502960205078125, "top": 108.9072036743164, "right": 333.1087951660156, "bottom": 261.5237121582031}], "time": 21.479543924331665}
