{"im": 290, "res": [{"class": "bird", "prob": 0.8411965370178223, "left": 9.519954681396484, "top": 256.4440612792969, "right": 112.09330749511719, "bottom": 315.8559875488281}, {"class": "bird", "prob": 0.9628704190254211, "left": 198.93130493164062, "top": 263.2735290527344, "right": 221.00613403320312, "bottom": 276.8032531738281}, {"class": "aeroplane", "prob": 0.9166392087936401, "left": 434.62615966796875, "top": 253.28208923339844, "right": 454.91424560546875, "bottom": 292.0556640625}], "time": 21.671877145767212}
