{"im": 3396, "res": [{"class": "sheep", "prob": 0.9921639561653137, "left": 114.9207534790039, "top": 134.55157470703125, "right": 349.5189514160156, "bottom": 222.37591552734375}], "time": 23.796165943145752}
