{"im": 542, "res": [{"class": "aeroplane", "prob": 0.9997600317001343, "left": 0.0, "top": 70.94815063476562, "right": 301.71014404296875, "bottom": 375.0}, {"class": "aeroplane", "prob": 0.9981001019477844, "left": 179.6712188720703, "top": 79.26292419433594, "right": 484.840087890625, "bottom": 375.0}], "time": 21.773414134979248}
