{"im": 4864, "res": [{"class": "sheep", "prob": 0.8927129507064819, "left": 315.8415222167969, "top": 172.70567321777344, "right": 406.9822082519531, "bottom": 322.5650634765625}, {"class": "sheep", "prob": 0.6986945271492004, "left": 338.60418701171875, "top": 203.05722045898438, "right": 385.7467041015625, "bottom": 297.4490051269531}], "time": 0.8699078559875488}
