{"im": 2024, "res": [{"class": "aeroplane", "prob": 0.8043286204338074, "left": 316.0589599609375, "top": 77.03611755371094, "right": 400.5089111328125, "bottom": 185.59339904785156}, {"class": "boat", "prob": 0.769414484500885, "left": 340.16497802734375, "top": 124.95404052734375, "right": 376.61846923828125, "bottom": 224.2330322265625}, {"class": "aeroplane", "prob": 0.6655287742614746, "left": 340.38641357421875, "top": 88.23104858398438, "right": 374.826904296875, "bottom": 188.214599609375}, {"class": "boat", "prob": 0.6392297148704529, "left": 324.44915771484375, "top": 113.63841247558594, "right": 392.80755615234375, "bottom": 268.14630126953125}], "time": 0.8882911205291748}
