{"im": 5703, "res": [{"class": "bicycle", "prob": 0.6616377234458923, "left": 31.118270874023438, "top": 96.04212188720703, "right": 473.46539306640625, "bottom": 343.7564697265625}], "time": 1.0419871807098389}
