{"im": 3740, "res": [{"class": "bird", "prob": 0.9477574825286865, "left": 194.52842712402344, "top": 224.03607177734375, "right": 261.5830993652344, "bottom": 277.3023681640625}, {"class": "bird", "prob": 0.9442179203033447, "left": 147.4374237060547, "top": 215.2445831298828, "right": 305.45257568359375, "bottom": 289.6838073730469}], "time": 0.8553459644317627}
