{"im": 5665, "res": [{"class": "sofa", "prob": 0.9989794492721558, "left": 145.397216796875, "top": 21.543777465820312, "right": 257.0961608886719, "bottom": 223.78286743164062}, {"class": "sofa", "prob": 0.9991874694824219, "left": 21.34613037109375, "top": 29.15618133544922, "right": 149.17288208007812, "bottom": 260.6570129394531}, {"class": "sofa", "prob": 0.9980356693267822, "left": 246.05348205566406, "top": 19.456565856933594, "right": 351.50091552734375, "bottom": 239.20913696289062}, {"class": "sofa", "prob": 0.9984439015388489, "left": 342.03399658203125, "top": 30.126548767089844, "right": 468.17608642578125, "bottom": 248.53143310546875}], "time": 22.90484595298767}
