{"im": 1227, "res": [{"class": "aeroplane", "prob": 0.9978550672531128, "left": 4.55572509765625, "top": 47.23139953613281, "right": 232.4826202392578, "bottom": 328.7633056640625}, {"class": "aeroplane", "prob": 0.9977826476097107, "left": 217.5940399169922, "top": 51.356597900390625, "right": 396.366943359375, "bottom": 330.78302001953125}], "time": 21.09094786643982}
