{"im": 4479, "res": [{"class": "sheep", "prob": 0.9345884919166565, "left": 117.85626220703125, "top": 40.59162902832031, "right": 316.7425231933594, "bottom": 184.869140625}], "time": 0.8652689456939697}
