{"im": 3957, "res": [{"class": "train", "prob": 0.5796990394592285, "left": 255.62391662597656, "top": 171.04185485839844, "right": 268.52166748046875, "bottom": 188.5562286376953}], "time": 0.9052469730377197}
