{"im": 5296, "res": [{"class": "bottle", "prob": 0.997901976108551, "left": 0.0, "top": 65.6519775390625, "right": 500.0, "bottom": 201.296875}, {"class": "aeroplane", "prob": 0.8733764290809631, "left": 456.1383361816406, "top": 169.7962188720703, "right": 466.6590270996094, "bottom": 197.16770935058594}], "time": 21.470478057861328}
