{"im": 1752, "res": [{"class": "aeroplane", "prob": 0.9905190467834473, "left": 225.70599365234375, "top": 339.936767578125, "right": 357.70452880859375, "bottom": 479.99957275390625}, {"class": "aeroplane", "prob": 0.9718597531318665, "left": 125.79401397705078, "top": 186.08880615234375, "right": 138.22108459472656, "bottom": 214.9478759765625}, {"class": "aeroplane", "prob": 0.968750536441803, "left": 155.96322631835938, "top": 177.47940063476562, "right": 171.11544799804688, "bottom": 211.88143920898438}, {"class": "aeroplane", "prob": 0.9410945177078247, "left": 211.8301239013672, "top": 330.6416015625, "right": 306.1765441894531, "bottom": 432.65740966796875}], "time": 21.706878900527954}
