{"im": 3464, "res": [{"class": "aeroplane", "prob": 0.7396237254142761, "left": 103.53499603271484, "top": 15.822311401367188, "right": 249.924072265625, "bottom": 356.3768310546875}], "time": 1.067253828048706}
