{"im": 5654, "res": [{"class": "aeroplane", "prob": 0.9994342923164368, "left": 85.1768798828125, "top": 93.32136535644531, "right": 317.6064147949219, "bottom": 375.0}, {"class": "chair", "prob": 0.7549210786819458, "left": 377.39422607421875, "top": 182.94317626953125, "right": 389.48699951171875, "bottom": 189.3302001953125}], "time": 21.238766193389893}
