{"im": 110, "res": [{"class": "aeroplane", "prob": 0.9995307326316833, "left": 196.85418701171875, "top": 97.69635009765625, "right": 310.2727966308594, "bottom": 375.0}, {"class": "aeroplane", "prob": 0.9994335770606995, "left": 33.003028869628906, "top": 104.51475524902344, "right": 133.29605102539062, "bottom": 375.0}, {"class": "aeroplane", "prob": 0.9992757439613342, "left": 282.3243103027344, "top": 120.82389831542969, "right": 345.1163024902344, "bottom": 350.130126953125}, {"class": "aeroplane", "prob": 0.9968171715736389, "left": 359.1670837402344, "top": 124.54191589355469, "right": 454.0079040527344, "bottom": 369.15045166015625}], "time": 21.72116994857788}
