{"im": 451, "res": [{"class": "aeroplane", "prob": 0.999779462814331, "left": 27.3094482421875, "top": 16.467880249023438, "right": 318.03387451171875, "bottom": 500.0}], "time": 22.393472909927368}
