{"im": 164, "res": [{"class": "bird", "prob": 0.9318222999572754, "left": 284.8522033691406, "top": 258.72491455078125, "right": 303.2321472167969, "bottom": 276.04296875}, {"class": "bird", "prob": 0.9382496476173401, "left": 244.38409423828125, "top": 264.07342529296875, "right": 267.5393371582031, "bottom": 280.9605712890625}], "time": 21.642826080322266}
