{"im": 266, "res": [{"class": "aeroplane", "prob": 0.9613941311836243, "left": 204.0910186767578, "top": 106.73753356933594, "right": 273.7769775390625, "bottom": 355.1917724609375}, {"class": "aeroplane", "prob": 0.8988102674484253, "left": 93.31160736083984, "top": 220.2692108154297, "right": 122.82910919189453, "bottom": 278.6027526855469}, {"class": "aeroplane", "prob": 0.768504798412323, "left": 6.0734148025512695, "top": 226.9590606689453, "right": 19.921783447265625, "bottom": 273.2160949707031}, {"class": "aeroplane", "prob": 0.6247636079788208, "left": 63.52047348022461, "top": 226.761962890625, "right": 82.10292053222656, "bottom": 274.8189392089844}], "time": 1.0160369873046875}
