{"im": 3229, "res": [{"class": "aeroplane", "prob": 0.6951603889465332, "left": 330.3736267089844, "top": 5.631744384765625, "right": 489.3869934082031, "bottom": 223.07911682128906}], "time": 1.5916111469268799}
