{"im": 2032, "res": [{"class": "aeroplane", "prob": 0.917283296585083, "left": 302.06573486328125, "top": 157.7361297607422, "right": 376.128173828125, "bottom": 341.1632080078125}, {"class": "aeroplane", "prob": 0.8441712260246277, "left": 321.67071533203125, "top": 182.8865966796875, "right": 356.24755859375, "bottom": 318.4045104980469}], "time": 0.8342018127441406}
