{"im": 3691, "res": [{"class": "aeroplane", "prob": 0.9990875720977783, "left": 134.97598266601562, "top": 27.531661987304688, "right": 278.5148010253906, "bottom": 485.10845947265625}], "time": 21.53540873527527}
