{"im": 5639, "res": [{"class": "aeroplane", "prob": 0.7261430621147156, "left": 218.9339599609375, "top": 43.96803283691406, "right": 449.1119384765625, "bottom": 375.0}], "time": 21.119053840637207}
