{"im": 5191, "res": [{"class": "aeroplane", "prob": 0.9454696774482727, "left": 312.4989013671875, "top": 41.801334381103516, "right": 457.6298828125, "bottom": 169.26829528808594}, {"class": "aeroplane", "prob": 0.9804650545120239, "left": 143.46420288085938, "top": 10.574104309082031, "right": 315.31768798828125, "bottom": 155.10037231445312}, {"class": "cat", "prob": 0.8826563358306885, "left": 25.45960235595703, "top": 14.057376861572266, "right": 214.63369750976562, "bottom": 137.63938903808594}, {"class": "boat", "prob": 0.8648068904876709, "left": 378.8863525390625, "top": 127.12799835205078, "right": 479.1502685546875, "bottom": 256.4739074707031}], "time": 21.46852684020996}
