{"im": 4360, "res": [{"class": "bird", "prob": 0.9330810904502869, "left": 176.08682250976562, "top": 241.85739135742188, "right": 500.0, "bottom": 375.0}, {"class": "bus", "prob": 0.7351912260055542, "left": 48.953773498535156, "top": 188.0987091064453, "right": 211.11483764648438, "bottom": 248.85401916503906}, {"class": "bird", "prob": 0.607101321220398, "left": 32.42292022705078, "top": 241.3524627685547, "right": 211.567138671875, "bottom": 339.41973876953125}], "time": 0.8229949474334717}
