{"im": 5313, "res": [{"class": "aeroplane", "prob": 0.7913161516189575, "left": 6.300289154052734, "top": 108.13357543945312, "right": 131.5301513671875, "bottom": 358.5838317871094}, {"class": "aeroplane", "prob": 0.6266058683395386, "left": 185.7366943359375, "top": 103.28483581542969, "right": 295.3608093261719, "bottom": 282.1439208984375}, {"class": "aeroplane", "prob": 0.5716080665588379, "left": 272.3377990722656, "top": 125.40460968017578, "right": 377.3607482910156, "bottom": 251.17160034179688}, {"class": "aeroplane", "prob": 0.5212851166725159, "left": 293.1751708984375, "top": 159.25015258789062, "right": 340.006103515625, "bottom": 236.41500854492188}], "time": 1.0911891460418701}
