{"im": 222, "res": [{"class": "aeroplane", "prob": 0.8647424578666687, "left": 291.7486572265625, "top": 125.8081283569336, "right": 344.2633056640625, "bottom": 210.29718017578125}, {"class": "aeroplane", "prob": 0.8605301976203918, "left": 266.54693603515625, "top": 107.30780792236328, "right": 374.1241455078125, "bottom": 229.26019287109375}, {"class": "aeroplane", "prob": 0.7598963379859924, "left": 43.638160705566406, "top": 75.06480407714844, "right": 151.6063232421875, "bottom": 241.8184051513672}, {"class": "aeroplane", "prob": 0.7320167422294617, "left": 326.18841552734375, "top": 85.84945678710938, "right": 495.3388671875, "bottom": 326.0}], "time": 0.998384952545166}
