{"im": 1075, "res": [{"class": "pottedplant", "prob": 0.8362501859664917, "left": 10.189651489257812, "top": 20.40251922607422, "right": 491.99432373046875, "bottom": 169.61648559570312}], "time": 21.057166814804077}
