{"im": 2931, "res": [{"class": "person", "prob": 0.9989935159683228, "left": 202.2067413330078, "top": 88.7689208984375, "right": 345.73138427734375, "bottom": 311.8482666015625}], "time": 21.524780988693237}
