{"im": 4357, "res": [{"class": "aeroplane", "prob": 0.8147158622741699, "left": 103.984619140625, "top": 70.43862915039062, "right": 469.690185546875, "bottom": 330.38421630859375}, {"class": "aeroplane", "prob": 0.5364523530006409, "left": 44.67644119262695, "top": 70.78823852539062, "right": 157.30628967285156, "bottom": 212.88946533203125}], "time": 0.8511738777160645}
