{"im": 2761, "res": [{"class": "boat", "prob": 0.9973737001419067, "left": 164.57928466796875, "top": 115.27925872802734, "right": 457.28875732421875, "bottom": 280.4739074707031}, {"class": "aeroplane", "prob": 0.9959729313850403, "left": 237.1001739501953, "top": 68.02824401855469, "right": 380.373291015625, "bottom": 194.0676727294922}], "time": 21.44982409477234}
