{"im": 1889, "res": [{"class": "pottedplant", "prob": 0.9044216871261597, "left": 37.21834945678711, "top": 140.02212524414062, "right": 158.96629333496094, "bottom": 289.1309814453125}, {"class": "pottedplant", "prob": 0.6511303782463074, "left": 164.17828369140625, "top": 67.77496337890625, "right": 369.92803955078125, "bottom": 277.25341796875}], "time": 21.622421979904175}
