{"im": 5013, "res": [{"class": "boat", "prob": 0.7352198958396912, "left": 0.0, "top": 26.134017944335938, "right": 500.0, "bottom": 311.83978271484375}], "time": 1.0150809288024902}
