{"im": 5019, "res": [{"class": "bus", "prob": 0.8916250467300415, "left": 49.630096435546875, "top": 61.349884033203125, "right": 459.0012512207031, "bottom": 238.3536376953125}], "time": 0.8707811832427979}
