{"im": 5383, "res": [{"class": "aeroplane", "prob": 0.9909589886665344, "left": 47.43731689453125, "top": 30.53564453125, "right": 290.7162170410156, "bottom": 468.0748596191406}, {"class": "aeroplane", "prob": 0.9807759523391724, "left": 0.0, "top": 19.231224060058594, "right": 56.074180603027344, "bottom": 131.71636962890625}, {"class": "sheep", "prob": 0.6686432361602783, "left": 95.6124267578125, "top": 209.49209594726562, "right": 196.38031005859375, "bottom": 280.2447204589844}], "time": 21.505992889404297}
