{"im": 5434, "res": [{"class": "aeroplane", "prob": 0.9955633878707886, "left": 2.7700042724609375, "top": 0.0, "right": 322.70074462890625, "bottom": 500.0}], "time": 21.47772526741028}
