{"im": 3841, "res": [{"class": "bottle", "prob": 0.8670201301574707, "left": 115.80813598632812, "top": 135.8134307861328, "right": 314.1717224121094, "bottom": 314.09912109375}], "time": 0.8679759502410889}
