{"im": 2811, "res": [{"class": "person", "prob": 0.9905637502670288, "left": 15.5589599609375, "top": 56.950714111328125, "right": 391.54345703125, "bottom": 500.0}], "time": 21.462590217590332}
