{"im": 508, "res": [{"class": "aeroplane", "prob": 0.9999677538871765, "left": 107.24398803710938, "top": 0.0, "right": 500.0, "bottom": 375.0}], "time": 21.686439990997314}
