{"im": 1668, "res": [{"class": "aeroplane", "prob": 0.9982308745384216, "left": 239.22743225097656, "top": 134.2679901123047, "right": 307.1502380371094, "bottom": 302.8983154296875}, {"class": "bicycle", "prob": 0.994125247001648, "left": 224.43524169921875, "top": 212.44927978515625, "right": 349.68756103515625, "bottom": 299.69287109375}], "time": 21.632192850112915}
