{"im": 3347, "res": [{"class": "sheep", "prob": 0.9982309341430664, "left": 26.9149169921875, "top": 89.78938293457031, "right": 308.92059326171875, "bottom": 191.1326141357422}, {"class": "sheep", "prob": 0.9477493762969971, "left": 197.29046630859375, "top": 135.3264923095703, "right": 462.76446533203125, "bottom": 233.1394805908203}], "time": 21.71768283843994}
