{"im": 1163, "res": [{"class": "aeroplane", "prob": 0.6863325238227844, "left": 227.33265686035156, "top": 45.65727996826172, "right": 500.0, "bottom": 219.0}], "time": 0.8312921524047852}
