{"im": 4641, "res": [{"class": "bottle", "prob": 0.5344629287719727, "left": 40.71598815917969, "top": 76.7015380859375, "right": 465.85205078125, "bottom": 183.36480712890625}], "time": 0.8165152072906494}
