{"im": 2890, "res": [{"class": "person", "prob": 0.681945264339447, "left": 205.14529418945312, "top": 193.65597534179688, "right": 246.50711059570312, "bottom": 265.13031005859375}, {"class": "person", "prob": 0.6686654090881348, "left": 176.5495147705078, "top": 185.1208038330078, "right": 273.95953369140625, "bottom": 275.2444763183594}], "time": 0.8308620452880859}
