{"im": 4365, "res": [{"class": "sheep", "prob": 0.8237051963806152, "left": 134.61587524414062, "top": 113.25959014892578, "right": 265.4742431640625, "bottom": 256.78662109375}], "time": 23.542104959487915}
