{"im": 3276, "res": [{"class": "aeroplane", "prob": 0.9987122416496277, "left": 12.487701416015625, "top": 54.55076599121094, "right": 282.96832275390625, "bottom": 490.2781982421875}], "time": 22.155319213867188}
