{"im": 4339, "res": [{"class": "sheep", "prob": 0.717341959476471, "left": 6.812767028808594, "top": 60.16328430175781, "right": 213.15921020507812, "bottom": 333.0}], "time": 0.8547682762145996}
