{"im": 845, "res": [{"class": "aeroplane", "prob": 0.7114726901054382, "left": 265.01641845703125, "top": 62.0260009765625, "right": 389.79498291015625, "bottom": 375.0}, {"class": "aeroplane", "prob": 0.5851196646690369, "left": 27.798629760742188, "top": 6.4149169921875, "right": 311.3411865234375, "bottom": 375.0}], "time": 0.8617961406707764}
