{"im": 1230, "res": [{"class": "aeroplane", "prob": 0.6266909837722778, "left": 227.07122802734375, "top": 46.38056945800781, "right": 257.98883056640625, "bottom": 76.228271484375}], "time": 21.11143398284912}
