{"im": 523, "res": [{"class": "aeroplane", "prob": 0.9815883636474609, "left": 0.0, "top": 6.9306640625, "right": 237.84555053710938, "bottom": 364.3265686035156}, {"class": "sheep", "prob": 0.9792829751968384, "left": 171.61634826660156, "top": 66.1692886352539, "right": 284.0472717285156, "bottom": 218.25286865234375}], "time": 21.520047903060913}
