{"im": 4381, "res": [{"class": "aeroplane", "prob": 0.5804041624069214, "left": 212.263916015625, "top": 54.13133239746094, "right": 317.824951171875, "bottom": 366.339111328125}], "time": 0.8367841243743896}
