{"im": 5414, "res": [{"class": "aeroplane", "prob": 0.9645513892173767, "left": 274.23358154296875, "top": 70.22685241699219, "right": 458.64373779296875, "bottom": 375.0}], "time": 1.1596078872680664}
