{"im": 4935, "res": [{"class": "pottedplant", "prob": 0.7812175750732422, "left": 0.0, "top": 0.866119384765625, "right": 455.01483154296875, "bottom": 374.1578063964844}], "time": 24.722916841506958}
