{"im": 5624, "res": [{"class": "aeroplane", "prob": 0.998728334903717, "left": 252.59603881835938, "top": 30.441253662109375, "right": 390.0852355957031, "bottom": 346.92816162109375}, {"class": "bird", "prob": 0.9674550294876099, "left": 1.874176025390625, "top": 5.0759429931640625, "right": 341.7462158203125, "bottom": 125.44297790527344}, {"class": "aeroplane", "prob": 0.9942574501037598, "left": 358.7515563964844, "top": 2.00384521484375, "right": 444.3832702636719, "bottom": 258.5132751464844}, {"class": "boat", "prob": 0.962001383304596, "left": 207.23641967773438, "top": 134.8592071533203, "right": 344.3039855957031, "bottom": 359.441162109375}], "time": 23.92147994041443}
