{"im": 5524, "res": [{"class": "boat", "prob": 0.7090886235237122, "left": 177.81553649902344, "top": 107.0123062133789, "right": 476.29364013671875, "bottom": 333.0}], "time": 21.038585901260376}
