{"im": 2662, "res": [{"class": "aeroplane", "prob": 0.999342143535614, "left": 45.177146911621094, "top": 130.99343872070312, "right": 288.240234375, "bottom": 500.0}, {"class": "bicycle", "prob": 0.997652530670166, "left": 87.48182678222656, "top": 315.4550476074219, "right": 239.64659118652344, "bottom": 500.0}], "time": 21.481494903564453}
