{"im": 285, "res": [{"class": "aeroplane", "prob": 0.9996170401573181, "left": 156.9016571044922, "top": 39.79978942871094, "right": 322.0706787109375, "bottom": 500.0}, {"class": "aeroplane", "prob": 0.998755693435669, "left": 2.8392562866210938, "top": 1.5417938232421875, "right": 163.19241333007812, "bottom": 500.0}, {"class": "aeroplane", "prob": 0.9163023233413696, "left": 0.0, "top": 0.0, "right": 121.92828369140625, "bottom": 200.76016235351562}], "time": 21.571147680282593}
