{"im": 1389, "res": [{"class": "sheep", "prob": 0.9780749082565308, "left": 131.32473754882812, "top": 101.31095123291016, "right": 306.1072082519531, "bottom": 269.7420959472656}], "time": 21.687108993530273}
