{"im": 395, "res": [{"class": "sofa", "prob": 0.6167003512382507, "left": 50.043914794921875, "top": 46.675048828125, "right": 494.1896057128906, "bottom": 338.005126953125}], "time": 21.599411964416504}
