{"im": 4297, "res": [{"class": "person", "prob": 0.8063796758651733, "left": 67.9180908203125, "top": 255.72491455078125, "right": 178.95269775390625, "bottom": 367.52984619140625}, {"class": "person", "prob": 0.7884224653244019, "left": 99.93647003173828, "top": 275.4393615722656, "right": 143.7740478515625, "bottom": 349.9516296386719}, {"class": "person", "prob": 0.6347407698631287, "left": 316.2231750488281, "top": 106.6587905883789, "right": 365.3932800292969, "bottom": 125.8373031616211}], "time": 0.9041910171508789}
