{"im": 905, "res": [{"class": "pottedplant", "prob": 0.9825043678283691, "left": 160.56295776367188, "top": 44.3160400390625, "right": 356.9670715332031, "bottom": 310.873046875}], "time": 0.8344571590423584}
