{"im": 2540, "res": [{"class": "pottedplant", "prob": 0.9010686874389648, "left": 299.7300720214844, "top": 6.566497802734375, "right": 500.0, "bottom": 333.0}, {"class": "pottedplant", "prob": 0.5754005312919617, "left": 0.0, "top": 145.24136352539062, "right": 348.31097412109375, "bottom": 333.0}], "time": 21.47486424446106}
