{"im": 3564, "res": [{"class": "aeroplane", "prob": 0.9524482488632202, "left": 413.06988525390625, "top": 245.00906372070312, "right": 438.43701171875, "bottom": 263.3664245605469}, {"class": "chair", "prob": 0.9327036738395691, "left": 353.13140869140625, "top": 250.65524291992188, "right": 456.29229736328125, "bottom": 275.5089416503906}, {"class": "aeroplane", "prob": 0.6836656332015991, "left": 89.32292175292969, "top": 236.1582489013672, "right": 115.15171813964844, "bottom": 262.4972839355469}, {"class": "aeroplane", "prob": 0.5508043766021729, "left": 131.00416564941406, "top": 227.7901611328125, "right": 152.5252227783203, "bottom": 250.23025512695312}], "time": 22.84425401687622}
