{"im": 3033, "res": [{"class": "aeroplane", "prob": 0.7323105931282043, "left": 1.6066665649414062, "top": 93.41763305664062, "right": 131.91091918945312, "bottom": 359.8985290527344}, {"class": "aeroplane", "prob": 0.5961521863937378, "left": 335.0706787109375, "top": 112.57620239257812, "right": 480.141357421875, "bottom": 356.312744140625}, {"class": "aeroplane", "prob": 0.5287229418754578, "left": 79.71574401855469, "top": 84.08869171142578, "right": 193.89491271972656, "bottom": 272.8542175292969}], "time": 0.9402439594268799}
