{"im": 1415, "res": [{"class": "pottedplant", "prob": 0.9572394490242004, "left": 0.2877197265625, "top": 24.188232421875, "right": 365.5368957519531, "bottom": 500.0}], "time": 21.635569095611572}
