{"im": 3871, "res": [{"class": "pottedplant", "prob": 0.7979302406311035, "left": 4.6931610107421875, "top": 89.81570434570312, "right": 500.0, "bottom": 288.2724609375}, {"class": "pottedplant", "prob": 0.762822687625885, "left": 14.199432373046875, "top": 133.87098693847656, "right": 343.4302673339844, "bottom": 276.31658935546875}], "time": 21.583096027374268}
