{"im": 5800, "res": [{"class": "pottedplant", "prob": 0.8919445872306824, "left": 282.6313781738281, "top": 118.94646453857422, "right": 433.6811218261719, "bottom": 255.34344482421875}], "time": 1.0553569793701172}
