{"im": 5593, "res": [{"class": "bird", "prob": 0.7297213673591614, "left": 236.00405883789062, "top": 307.5445556640625, "right": 346.3691101074219, "bottom": 369.4993896484375}, {"class": "bird", "prob": 0.6331462860107422, "left": 269.0093994140625, "top": 316.12225341796875, "right": 322.27337646484375, "bottom": 356.0452880859375}, {"class": "bird", "prob": 0.5706380009651184, "left": 338.5185546875, "top": 325.3577575683594, "right": 376.7679443359375, "bottom": 349.1124572753906}, {"class": "bird", "prob": 0.549839198589325, "left": 383.332275390625, "top": 322.10430908203125, "right": 401.42669677734375, "bottom": 336.604248046875}], "time": 0.8503251075744629}
