{"im": 202, "res": [{"class": "aeroplane", "prob": 0.9867738485336304, "left": 266.8827209472656, "top": 67.21217346191406, "right": 436.8583679199219, "bottom": 357.7841796875}], "time": 21.683435678482056}
