{"im": 3915, "res": [{"class": "aeroplane", "prob": 0.9997538328170776, "left": 213.7518310546875, "top": 15.301963806152344, "right": 293.76873779296875, "bottom": 212.77462768554688}, {"class": "sofa", "prob": 0.9955856204032898, "left": 165.68348693847656, "top": 108.9341049194336, "right": 368.6890869140625, "bottom": 315.7139587402344}], "time": 21.58060312271118}
