{"im": 650, "res": [{"class": "aeroplane", "prob": 0.6213679313659668, "left": 70.18379974365234, "top": 136.64956665039062, "right": 274.6146240234375, "bottom": 324.5101013183594}], "time": 0.8768582344055176}
