{"im": 2638, "res": [{"class": "pottedplant", "prob": 0.9983227849006653, "left": 310.34698486328125, "top": 119.60969543457031, "right": 408.58685302734375, "bottom": 266.79840087890625}], "time": 21.454926013946533}
