{"im": 2341, "res": [{"class": "bus", "prob": 0.986192524433136, "left": 206.69529724121094, "top": 129.0462646484375, "right": 347.7178955078125, "bottom": 278.8819274902344}], "time": 0.8705086708068848}
