{"im": 3601, "res": [{"class": "boat", "prob": 0.9974026083946228, "left": 4.1127777099609375, "top": 36.73661804199219, "right": 476.62908935546875, "bottom": 342.89520263671875}, {"class": "aeroplane", "prob": 0.9171620607376099, "left": 267.1153564453125, "top": 70.714599609375, "right": 355.2562255859375, "bottom": 138.76759338378906}, {"class": "aeroplane", "prob": 0.8544333577156067, "left": 465.15496826171875, "top": 88.70658874511719, "right": 499.40380859375, "bottom": 170.85755920410156}, {"class": "aeroplane", "prob": 0.6415005326271057, "left": 437.2878723144531, "top": 67.62034606933594, "right": 500.0, "bottom": 363.92047119140625}], "time": 21.550360918045044}
