{"im": 743, "res": [{"class": "aeroplane", "prob": 0.9983014464378357, "left": 206.64364624023438, "top": 176.4823455810547, "right": 362.9767150878906, "bottom": 485.94805908203125}, {"class": "aeroplane", "prob": 0.9967533349990845, "left": 52.02881622314453, "top": 148.37408447265625, "right": 166.38845825195312, "bottom": 494.95355224609375}, {"class": "aeroplane", "prob": 0.9748902916908264, "left": 138.45413208007812, "top": 124.0872802734375, "right": 239.11431884765625, "bottom": 494.7137451171875}, {"class": "aeroplane", "prob": 0.6385844349861145, "left": 329.37359619140625, "top": 175.75418090820312, "right": 374.24755859375, "bottom": 281.6368103027344}], "time": 21.689584255218506}
