{"im": 5458, "res": [{"class": "aeroplane", "prob": 0.963287353515625, "left": 65.74607849121094, "top": 160.78952026367188, "right": 183.32855224609375, "bottom": 369.7185363769531}, {"class": "aeroplane", "prob": 0.6016330718994141, "left": 356.9847717285156, "top": 5.0875091552734375, "right": 425.8163757324219, "bottom": 305.8321533203125}], "time": 0.840644121170044}
