{"im": 2063, "res": [{"class": "tvmonitor", "prob": 0.9916204214096069, "left": 170.20449829101562, "top": 99.46690368652344, "right": 368.2322692871094, "bottom": 333.0}, {"class": "tvmonitor", "prob": 0.6247628331184387, "left": 258.28021240234375, "top": 25.563507080078125, "right": 487.7132568359375, "bottom": 315.3750305175781}, {"class": "tvmonitor", "prob": 0.9628008008003235, "left": 124.92947387695312, "top": 125.79850769042969, "right": 168.7098388671875, "bottom": 174.52024841308594}, {"class": "tvmonitor", "prob": 0.8039559125900269, "left": 6.785942077636719, "top": 86.75557708740234, "right": 178.92462158203125, "bottom": 293.75048828125}], "time": 21.65945863723755}
