{"im": 3039, "res": [{"class": "bicycle", "prob": 0.9985600113868713, "left": 63.29063415527344, "top": 62.19072723388672, "right": 445.47784423828125, "bottom": 296.9668884277344}], "time": 21.686697959899902}
