{"im": 3761, "res": [{"class": "aeroplane", "prob": 0.5764178037643433, "left": 205.1874237060547, "top": 18.63693618774414, "right": 310.9052734375, "bottom": 142.74288940429688}], "time": 0.8349850177764893}
