{"im": 2270, "res": [{"class": "boat", "prob": 0.5274088382720947, "left": 0.0, "top": 33.15203857421875, "right": 500.0, "bottom": 343.05230712890625}], "time": 0.843358039855957}
