{"im": 1810, "res": [{"class": "aeroplane", "prob": 0.9952948093414307, "left": 285.6360168457031, "top": 163.95289611816406, "right": 352.1357727050781, "bottom": 284.5892028808594}, {"class": "bicycle", "prob": 0.990452229976654, "left": 250.65780639648438, "top": 220.7580108642578, "right": 404.6908874511719, "bottom": 297.36419677734375}], "time": 21.658689975738525}
