{"im": 3312, "res": [{"class": "aeroplane", "prob": 0.8258347511291504, "left": 203.99684143066406, "top": 56.56230163574219, "right": 348.8148193359375, "bottom": 500.0}], "time": 0.8572120666503906}
