{"im": 1188, "res": [{"class": "aeroplane", "prob": 0.9837556481361389, "left": 16.803970336914062, "top": 85.83149719238281, "right": 219.60838317871094, "bottom": 333.0}], "time": 21.15290403366089}
