{"im": 3804, "res": [{"class": "bicycle", "prob": 0.890636682510376, "left": 95.25997924804688, "top": 22.00957489013672, "right": 353.2407531738281, "bottom": 252.3013916015625}], "time": 22.146066904067993}
