{"im": 867, "res": [{"class": "aeroplane", "prob": 0.9614688158035278, "left": 276.4138488769531, "top": 70.40065002441406, "right": 476.2667541503906, "bottom": 371.623291015625}, {"class": "aeroplane", "prob": 0.5763165950775146, "left": 99.58355712890625, "top": 103.86155700683594, "right": 227.820556640625, "bottom": 369.51800537109375}], "time": 0.8378942012786865}
