{"im": 2684, "res": [{"class": "bus", "prob": 0.711565375328064, "left": 54.759124755859375, "top": 115.26902770996094, "right": 454.7439880371094, "bottom": 295.11468505859375}], "time": 0.9007022380828857}
