{"im": 375, "res": [{"class": "aeroplane", "prob": 0.7805989384651184, "left": 91.8456802368164, "top": 166.884033203125, "right": 144.75961303710938, "bottom": 355.4918212890625}, {"class": "aeroplane", "prob": 0.5318310260772705, "left": 53.72698211669922, "top": 166.5023651123047, "right": 106.8282241821289, "bottom": 354.23590087890625}], "time": 0.8361837863922119}
