{"im": 3095, "res": [{"class": "bird", "prob": 0.8967463970184326, "left": 15.769821166992188, "top": 92.00743865966797, "right": 431.07763671875, "bottom": 254.88668823242188}], "time": 22.41946005821228}
