{"im": 1245, "res": [{"class": "sheep", "prob": 0.9642016887664795, "left": 0.0, "top": 24.527969360351562, "right": 391.8212585449219, "bottom": 350.36895751953125}], "time": 21.377843856811523}
