{"im": 1353, "res": [{"class": "person", "prob": 0.9885631203651428, "left": 52.7315673828125, "top": 58.50968933105469, "right": 447.4755554199219, "bottom": 310.22247314453125}], "time": 21.68673801422119}
