{"im": 1185, "res": [{"class": "bird", "prob": 0.9904422163963318, "left": 0.0, "top": 1.5453338623046875, "right": 375.0, "bottom": 151.1664276123047}], "time": 21.128334999084473}
