{"im": 1653, "res": [{"class": "sofa", "prob": 0.704950749874115, "left": 176.77786254882812, "top": 31.622085571289062, "right": 394.3873596191406, "bottom": 335.911865234375}], "time": 0.9534509181976318}
