{"im": 3126, "res": [{"class": "train", "prob": 0.946427583694458, "left": 272.484130859375, "top": 178.48519897460938, "right": 308.73333740234375, "bottom": 207.00701904296875}], "time": 21.94339895248413}
