{"im": 1478, "res": [{"class": "bird", "prob": 0.9883719682693481, "left": 0.5660152435302734, "top": 209.77230834960938, "right": 39.340118408203125, "bottom": 225.3323974609375}, {"class": "bird", "prob": 0.9136220812797546, "left": 434.9423522949219, "top": 216.2894287109375, "right": 456.1012268066406, "bottom": 232.48287963867188}, {"class": "bird", "prob": 0.8452057242393494, "left": 46.04093551635742, "top": 208.11561584472656, "right": 94.55874633789062, "bottom": 224.36170959472656}], "time": 21.677077054977417}
