{"im": 4442, "res": [{"class": "bottle", "prob": 0.9997450709342957, "left": 58.8734130859375, "top": 42.958953857421875, "right": 492.22027587890625, "bottom": 369.487548828125}], "time": 21.35285997390747}
