{"im": 4434, "res": [{"class": "person", "prob": 0.9945799708366394, "left": 162.783447265625, "top": 29.654212951660156, "right": 321.7454528808594, "bottom": 257.5914306640625}], "time": 21.382755041122437}
