{"im": 4558, "res": [{"class": "train", "prob": 0.5515978336334229, "left": 155.61668395996094, "top": 186.8551788330078, "right": 284.4736328125, "bottom": 257.70611572265625}], "time": 1.027012825012207}
