{"im": 4723, "res": [{"class": "person", "prob": 0.5422396063804626, "left": 294.12823486328125, "top": 86.00407409667969, "right": 445.73590087890625, "bottom": 201.75318908691406}], "time": 0.8219931125640869}
