{"im": 1882, "res": [{"class": "bird", "prob": 0.6266943216323853, "left": 104.6820068359375, "top": 129.2171630859375, "right": 400.3552551269531, "bottom": 234.4095458984375}], "time": 0.8512849807739258}
