{"im": 5339, "res": [{"class": "aeroplane", "prob": 0.7709168195724487, "left": 15.822151184082031, "top": 43.31103515625, "right": 196.82809448242188, "bottom": 292.6700134277344}], "time": 21.493566751480103}
