{"im": 5332, "res": [{"class": "tvmonitor", "prob": 0.8108143210411072, "left": 206.64419555664062, "top": 117.0208969116211, "right": 410.0791320800781, "bottom": 277.0011901855469}], "time": 21.491498947143555}
