{"im": 1568, "res": [{"class": "aeroplane", "prob": 0.8324014544487, "left": 37.89963150024414, "top": 126.30767822265625, "right": 145.89991760253906, "bottom": 451.77435302734375}, {"class": "aeroplane", "prob": 0.5419672131538391, "left": 226.99163818359375, "top": 158.0369873046875, "right": 332.6884765625, "bottom": 481.87371826171875}], "time": 0.8478872776031494}
