{"im": 1294, "res": [{"class": "aeroplane", "prob": 0.7521579265594482, "left": 51.67382049560547, "top": 10.537567138671875, "right": 233.55166625976562, "bottom": 260.120849609375}], "time": 0.8687639236450195}
