{"im": 2002, "res": [{"class": "aeroplane", "prob": 0.996623694896698, "left": 211.3083953857422, "top": 16.24590301513672, "right": 500.0, "bottom": 262.5828552246094}, {"class": "aeroplane", "prob": 0.9916952252388, "left": 116.97347259521484, "top": 102.82545471191406, "right": 240.3746337890625, "bottom": 228.3855743408203}], "time": 21.68100094795227}
