{"im": 4538, "res": [{"class": "bird", "prob": 0.7863416075706482, "left": 21.4317626953125, "top": 129.50308227539062, "right": 483.056640625, "bottom": 337.49298095703125}], "time": 0.8318781852722168}
