{"im": 74, "res": [{"class": "aeroplane", "prob": 0.8461775183677673, "left": 108.49480438232422, "top": 133.58984375, "right": 245.6282958984375, "bottom": 374.31402587890625}, {"class": "aeroplane", "prob": 0.7477033734321594, "left": 198.00054931640625, "top": 131.43948364257812, "right": 388.27630615234375, "bottom": 373.5325012207031}], "time": 0.892430305480957}
