{"im": 4676, "res": [{"class": "bird", "prob": 0.816636860370636, "left": 11.126861572265625, "top": 104.56639862060547, "right": 419.9815979003906, "bottom": 330.91827392578125}], "time": 0.9079089164733887}
