{"im": 4736, "res": [{"class": "boat", "prob": 0.8922802805900574, "left": 0.0, "top": 106.61878204345703, "right": 64.76271057128906, "bottom": 272.6085510253906}], "time": 21.441198110580444}
