{"im": 5622, "res": [{"class": "aeroplane", "prob": 0.7887420654296875, "left": 116.8039779663086, "top": 63.72431945800781, "right": 316.36029052734375, "bottom": 332.42486572265625}], "time": 0.8515820503234863}
