{"im": 3846, "res": [{"class": "chair", "prob": 0.7146037817001343, "left": 166.43380737304688, "top": 175.58505249023438, "right": 336.45648193359375, "bottom": 273.2437744140625}], "time": 0.9288880825042725}
