{"im": 3556, "res": [{"class": "pottedplant", "prob": 0.8010870814323425, "left": 82.29011535644531, "top": 26.796859741210938, "right": 364.08209228515625, "bottom": 292.5701904296875}], "time": 21.523571014404297}
