{"im": 3696, "res": [{"class": "aeroplane", "prob": 0.955942690372467, "left": 70.4312515258789, "top": 129.35589599609375, "right": 202.36770629882812, "bottom": 331.720458984375}, {"class": "aeroplane", "prob": 0.8656889200210571, "left": 308.2152404785156, "top": 0.0, "right": 496.9450988769531, "bottom": 333.0}, {"class": "sofa", "prob": 0.6614136099815369, "left": 7.0789794921875, "top": 177.79563903808594, "right": 86.49915313720703, "bottom": 324.16925048828125}], "time": 0.8749351501464844}
