{"im": 3059, "res": [{"class": "aeroplane", "prob": 0.9750211238861084, "left": 296.2663879394531, "top": 24.060516357421875, "right": 488.8791198730469, "bottom": 332.0}, {"class": "aeroplane", "prob": 0.9204813838005066, "left": 174.3352508544922, "top": 38.25254821777344, "right": 313.9505615234375, "bottom": 332.0}, {"class": "aeroplane", "prob": 0.8361660838127136, "left": 27.855186462402344, "top": 55.51078796386719, "right": 187.92044067382812, "bottom": 331.70733642578125}], "time": 0.8709201812744141}
