{"im": 999, "res": [{"class": "bird", "prob": 0.9936470985412598, "left": 298.8436279296875, "top": 138.20230102539062, "right": 500.0, "bottom": 292.26043701171875}, {"class": "aeroplane", "prob": 0.9941333532333374, "left": 133.76841735839844, "top": 112.64463806152344, "right": 308.31463623046875, "bottom": 320.06719970703125}, {"class": "bird", "prob": 0.969216525554657, "left": 133.31434631347656, "top": 130.2337646484375, "right": 410.8428955078125, "bottom": 241.09536743164062}], "time": 21.12553334236145}
