{"im": 4034, "res": [{"class": "bird", "prob": 0.8737496137619019, "left": 287.08563232421875, "top": 281.32537841796875, "right": 443.2457275390625, "bottom": 370.40667724609375}, {"class": "bird", "prob": 0.7145670652389526, "left": 336.4096984863281, "top": 286.0831298828125, "right": 403.0749206542969, "bottom": 354.638427734375}, {"class": "bird", "prob": 0.5742098093032837, "left": 487.487060546875, "top": 321.173828125, "right": 495.49853515625, "bottom": 348.34234619140625}], "time": 0.8327178955078125}
