{"im": 1326, "res": [{"class": "cat", "prob": 0.5375773310661316, "left": 200.25038146972656, "top": 147.47012329101562, "right": 397.532470703125, "bottom": 285.5903625488281}], "time": 0.8363699913024902}
