{"im": 2503, "res": [{"class": "sofa", "prob": 0.9757057428359985, "left": 195.42160034179688, "top": 94.87236785888672, "right": 478.9592590332031, "bottom": 316.8336486816406}], "time": 21.42595601081848}
