{"im": 4449, "res": [{"class": "sheep", "prob": 0.9869347810745239, "left": 0.0, "top": 0.0, "right": 231.97561645507812, "bottom": 500.0}, {"class": "sheep", "prob": 0.9157063364982605, "left": 194.96005249023438, "top": 216.80967712402344, "right": 336.7091979980469, "bottom": 493.66229248046875}], "time": 22.858070611953735}
