{"im": 1851, "res": [{"class": "boat", "prob": 0.8906862735748291, "left": 43.588104248046875, "top": 32.92362976074219, "right": 455.5577697753906, "bottom": 341.40081787109375}], "time": 21.661402940750122}
