{"im": 4707, "res": [{"class": "aeroplane", "prob": 0.9876614809036255, "left": 0.0, "top": 61.55558776855469, "right": 491.09417724609375, "bottom": 375.0}], "time": 21.419833183288574}
