{"im": 2034, "res": [{"class": "aeroplane", "prob": 0.9206252098083496, "left": 4.474822998046875, "top": 92.42289733886719, "right": 278.9530029296875, "bottom": 350.6988525390625}], "time": 0.8227858543395996}
