{"im": 4585, "res": [{"class": "bird", "prob": 0.7997794151306152, "left": 208.76425170898438, "top": 256.5838317871094, "right": 311.4443054199219, "bottom": 344.0774230957031}, {"class": "bird", "prob": 0.8213427662849426, "left": 232.95709228515625, "top": 266.24444580078125, "right": 285.79144287109375, "bottom": 329.19866943359375}], "time": 0.8262190818786621}
