{"im": 5538, "res": [{"class": "car", "prob": 0.5843190550804138, "left": 98.63241577148438, "top": 0.906158447265625, "right": 398.69970703125, "bottom": 358.2966003417969}], "time": 24.380264282226562}
