{"im": 619, "res": [{"class": "pottedplant", "prob": 0.5883427262306213, "left": 192.42356872558594, "top": 152.64675903320312, "right": 303.6123046875, "bottom": 213.7352294921875}, {"class": "pottedplant", "prob": 0.633263349533081, "left": 220.9738311767578, "top": 163.67015075683594, "right": 268.15057373046875, "bottom": 203.47068786621094}], "time": 0.8345682621002197}
