{"im": 450, "res": [{"class": "aeroplane", "prob": 0.9998356103897095, "left": 246.15335083007812, "top": 20.207717895507812, "right": 361.1054992675781, "bottom": 375.0}, {"class": "aeroplane", "prob": 0.9302407503128052, "left": 251.7660369873047, "top": 164.51406860351562, "right": 350.05157470703125, "bottom": 367.3592224121094}], "time": 22.522406101226807}
