{"im": 1676, "res": [{"class": "tvmonitor", "prob": 0.7953605055809021, "left": 322.7955627441406, "top": 183.22438049316406, "right": 355.2078552246094, "bottom": 216.0667266845703}, {"class": "tvmonitor", "prob": 0.9051848649978638, "left": 78.99488830566406, "top": 176.55702209472656, "right": 124.66632080078125, "bottom": 209.75025939941406}, {"class": "tvmonitor", "prob": 0.9313748478889465, "left": 144.806884765625, "top": 213.00845336914062, "right": 286.9892578125, "bottom": 323.7571105957031}], "time": 21.879633903503418}
