{"im": 1375, "res": [{"class": "sofa", "prob": 0.9989631772041321, "left": 61.12751770019531, "top": 17.639022827148438, "right": 198.81971740722656, "bottom": 124.55363464355469}, {"class": "sofa", "prob": 0.9958781003952026, "left": 315.7406311035156, "top": 26.018524169921875, "right": 488.8711242675781, "bottom": 167.10589599609375}], "time": 21.719409942626953}
