{"im": 3751, "res": [{"class": "bus", "prob": 0.996185839176178, "left": 104.0463638305664, "top": 24.04259490966797, "right": 337.05352783203125, "bottom": 206.26467895507812}, {"class": "bird", "prob": 0.5005109310150146, "left": 62.74687957763672, "top": 123.17123413085938, "right": 75.23395538330078, "bottom": 134.5853271484375}], "time": 0.8420150279998779}
