{"im": 2114, "res": [{"class": "bicycle", "prob": 0.9942918419837952, "left": 0.0, "top": 202.49526977539062, "right": 281.01116943359375, "bottom": 375.0}, {"class": "aeroplane", "prob": 0.9999278783798218, "left": 139.92611694335938, "top": 38.340301513671875, "right": 288.32501220703125, "bottom": 321.9478759765625}, {"class": "bicycle", "prob": 0.9969889521598816, "left": 256.7080993652344, "top": 134.21966552734375, "right": 468.4393615722656, "bottom": 345.8919372558594}], "time": 21.66551923751831}
