{"im": 5582, "res": [{"class": "bottle", "prob": 0.8925583958625793, "left": 148.56686401367188, "top": 103.13249206542969, "right": 338.9407653808594, "bottom": 240.1936492919922}], "time": 0.8655579090118408}
