{"im": 4890, "res": [{"class": "pottedplant", "prob": 0.9994180202484131, "left": 212.081787109375, "top": 117.5804443359375, "right": 313.38043212890625, "bottom": 219.36767578125}], "time": 21.442654132843018}
