{"im": 568, "res": [{"class": "aeroplane", "prob": 0.9955334663391113, "left": 96.42576599121094, "top": 33.30957794189453, "right": 200.0823211669922, "bottom": 225.06253051757812}, {"class": "sofa", "prob": 0.9761704206466675, "left": 76.04265594482422, "top": 104.93067169189453, "right": 262.56072998046875, "bottom": 290.10101318359375}, {"class": "aeroplane", "prob": 0.7920524477958679, "left": 190.0303497314453, "top": 69.91568756103516, "right": 237.0081024169922, "bottom": 158.55813598632812}], "time": 22.366921186447144}
