{"im": 3351, "res": [{"class": "aeroplane", "prob": 0.9973815679550171, "left": 167.89212036132812, "top": 0.0, "right": 500.0, "bottom": 375.0}, {"class": "aeroplane", "prob": 0.9937453866004944, "left": 5.839561462402344, "top": 76.50352478027344, "right": 229.43313598632812, "bottom": 370.423828125}, {"class": "aeroplane", "prob": 0.7239815592765808, "left": 2.1844406127929688, "top": 44.693336486816406, "right": 81.93343353271484, "bottom": 228.94638061523438}], "time": 21.767970085144043}
