{"im": 3916, "res": [{"class": "aeroplane", "prob": 0.5687784552574158, "left": 177.1453094482422, "top": 15.342193603515625, "right": 475.14794921875, "bottom": 360.0000915527344}, {"class": "sheep", "prob": 0.9367532134056091, "left": 177.1453094482422, "top": 15.342193603515625, "right": 475.14794921875, "bottom": 360.0000915527344}], "time": 21.607199907302856}
