{"im": 4232, "res": [{"class": "aeroplane", "prob": 0.9977422952651978, "left": 102.2599868774414, "top": 42.613372802734375, "right": 260.4767150878906, "bottom": 500.0}, {"class": "aeroplane", "prob": 0.9922780990600586, "left": 257.7717590332031, "top": 134.76925659179688, "right": 305.8821105957031, "bottom": 185.375244140625}], "time": 21.648279905319214}
