{"im": 4152, "res": [{"class": "sheep", "prob": 0.9673715233802795, "left": 166.18853759765625, "top": 79.02412414550781, "right": 492.806396484375, "bottom": 341.75531005859375}], "time": 21.813558101654053}
