{"im": 3033, "res": [{"class": "aeroplane", "prob": 0.9992809891700745, "left": 0.44850921630859375, "top": 99.64495849609375, "right": 132.41329956054688, "bottom": 372.37005615234375}, {"class": "aeroplane", "prob": 0.9972804188728333, "left": 81.17070007324219, "top": 89.26792907714844, "right": 196.3781280517578, "bottom": 275.9761962890625}, {"class": "aeroplane", "prob": 0.9813798069953918, "left": 364.3182373046875, "top": 106.91455078125, "right": 491.41644287109375, "bottom": 375.0}, {"class": "aeroplane", "prob": 0.9257453083992004, "left": 306.5807800292969, "top": 130.86033630371094, "right": 413.0453186035156, "bottom": 356.9044189453125}], "time": 21.679544925689697}
