{"im": 3367, "res": [{"class": "bird", "prob": 0.8498777747154236, "left": 415.68365478515625, "top": 13.871376037597656, "right": 450.98089599609375, "bottom": 30.55261993408203}], "time": 0.9400801658630371}
