{"im": 656, "res": [{"class": "sofa", "prob": 0.978141188621521, "left": 144.27487182617188, "top": 73.96521759033203, "right": 324.20721435546875, "bottom": 299.5257568359375}], "time": 21.671398878097534}
