{"im": 4106, "res": [{"class": "bus", "prob": 0.9956274032592773, "left": 91.16744995117188, "top": 39.43596649169922, "right": 403.59832763671875, "bottom": 278.4797058105469}], "time": 0.8344831466674805}
