{"im": 661, "res": [{"class": "aeroplane", "prob": 0.9768989086151123, "left": 242.01022338867188, "top": 9.520729064941406, "right": 362.9466857910156, "bottom": 176.74465942382812}], "time": 22.780386924743652}
