{"im": 2768, "res": [{"class": "sheep", "prob": 0.9316064119338989, "left": 27.199432373046875, "top": 37.35224914550781, "right": 362.4652404785156, "bottom": 349.78570556640625}], "time": 21.525760889053345}
