{"im": 294, "res": [{"class": "chair", "prob": 0.917209267616272, "left": 54.08253479003906, "top": 85.43194580078125, "right": 493.52166748046875, "bottom": 176.32012939453125}, {"class": "chair", "prob": 0.5854353308677673, "left": 226.29708862304688, "top": 173.93148803710938, "right": 245.6483154296875, "bottom": 179.89129638671875}], "time": 21.509280920028687}
