{"im": 201, "res": [{"class": "bottle", "prob": 0.9448251724243164, "left": 51.91322326660156, "top": 16.666412353515625, "right": 484.1373291015625, "bottom": 308.43780517578125}], "time": 21.476480960845947}
