{"im": 181, "res": [{"class": "bicycle", "prob": 0.9939622282981873, "left": 108.34584045410156, "top": 85.40615844726562, "right": 195.06993103027344, "bottom": 234.39453125}, {"class": "motorbike", "prob": 0.9927895069122314, "left": 0.0, "top": 127.77436828613281, "right": 137.14404296875, "bottom": 239.92759704589844}, {"class": "aeroplane", "prob": 0.7703643441200256, "left": 10.940269470214844, "top": 77.7602767944336, "right": 113.66267395019531, "bottom": 222.28228759765625}], "time": 21.471155881881714}
