{"im": 5679, "res": [{"class": "sheep", "prob": 0.5628323554992676, "left": 114.5330581665039, "top": 104.00167846679688, "right": 333.25164794921875, "bottom": 325.0098571777344}], "time": 0.8511102199554443}
