{"im": 4229, "res": [{"class": "bird", "prob": 0.5553132891654968, "left": 0.0, "top": 0.0, "right": 441.3907775878906, "bottom": 299.16900634765625}, {"class": "cat", "prob": 0.7271789908409119, "left": 0.0, "top": 0.0, "right": 441.3907775878906, "bottom": 299.16900634765625}], "time": 21.603534698486328}
