{"im": 4474, "res": [{"class": "sheep", "prob": 0.5587380528450012, "left": 16.29638671875, "top": 174.12564086914062, "right": 407.0001525878906, "bottom": 468.7098693847656}], "time": 0.8375930786132812}
