{"im": 4745, "res": [{"class": "train", "prob": 0.9873787760734558, "left": 187.25881958007812, "top": 166.4325408935547, "right": 228.53164672851562, "bottom": 227.59669494628906}, {"class": "train", "prob": 0.9788365960121155, "left": 247.75848388671875, "top": 155.62124633789062, "right": 289.453857421875, "bottom": 206.6778564453125}, {"class": "train", "prob": 0.8700768351554871, "left": 125.86636352539062, "top": 147.9552001953125, "right": 145.64437866210938, "bottom": 168.00201416015625}], "time": 21.37708592414856}
