{"im": 4288, "res": [{"class": "sheep", "prob": 0.923997700214386, "left": 12.285934448242188, "top": 2.2572784423828125, "right": 436.51153564453125, "bottom": 331.6331787109375}], "time": 45.74351167678833}
