{"im": 5080, "res": [{"class": "aeroplane", "prob": 0.9996933341026306, "left": 212.09228515625, "top": 148.3168182373047, "right": 269.31207275390625, "bottom": 272.5997619628906}], "time": 21.463919162750244}
