{"im": 3791, "res": [{"class": "bicycle", "prob": 0.6545692086219788, "left": 83.9158935546875, "top": 39.837982177734375, "right": 500.0, "bottom": 349.1338806152344}], "time": 0.8308217525482178}
