{"im": 2070, "res": [{"class": "aeroplane", "prob": 0.7721939086914062, "left": 446.09375, "top": 185.94837951660156, "right": 459.01129150390625, "bottom": 206.0866241455078}, {"class": "bird", "prob": 0.6364214420318604, "left": 115.77537536621094, "top": 163.25074768066406, "right": 159.5959014892578, "bottom": 179.07740783691406}, {"class": "bird", "prob": 0.6031866073608398, "left": 129.15505981445312, "top": 166.9938201904297, "right": 155.546142578125, "bottom": 183.67222595214844}], "time": 0.8512320518493652}
