{"im": 2785, "res": [{"class": "car", "prob": 0.5499826669692993, "left": 292.6629943847656, "top": 109.95213317871094, "right": 497.0062561035156, "bottom": 297.29656982421875}], "time": 1.0032479763031006}
