{"im": 2462, "res": [{"class": "person", "prob": 0.760369598865509, "left": 149.94102478027344, "top": 247.02191162109375, "right": 275.1571044921875, "bottom": 368.9228515625}], "time": 23.03596019744873}
