{"im": 275, "res": [{"class": "aeroplane", "prob": 0.6884590983390808, "left": 3.1756744384765625, "top": 13.797576904296875, "right": 418.0196533203125, "bottom": 333.0}], "time": 0.9887921810150146}
