{"im": 1897, "res": [{"class": "chair", "prob": 0.9790882468223572, "left": 22.544769287109375, "top": 91.16921997070312, "right": 472.48291015625, "bottom": 247.19125366210938}], "time": 21.634796857833862}
