{"im": 1244, "res": [{"class": "bottle", "prob": 0.884811520576477, "left": 284.5606994628906, "top": 314.8446044921875, "right": 315.7311096191406, "bottom": 353.67266845703125}], "time": 21.36986517906189}
