{"im": 5805, "res": [{"class": "sheep", "prob": 0.981604278087616, "left": 0.0, "top": 25.021881103515625, "right": 292.61676025390625, "bottom": 312.2221984863281}, {"class": "aeroplane", "prob": 0.9017741680145264, "left": 408.105224609375, "top": 0.0, "right": 497.56036376953125, "bottom": 143.6651611328125}, {"class": "sheep", "prob": 0.8803203105926514, "left": 122.14286804199219, "top": 128.5755615234375, "right": 480.14459228515625, "bottom": 325.8333740234375}], "time": 21.78940486907959}
