{"im": 1744, "res": [{"class": "chair", "prob": 0.9585161805152893, "left": 177.4925079345703, "top": 17.17139434814453, "right": 487.71099853515625, "bottom": 259.50738525390625}], "time": 21.69084882736206}
