{"im": 5601, "res": [{"class": "person", "prob": 0.8309828639030457, "left": 148.07797241210938, "top": 7.653083801269531, "right": 302.4359436035156, "bottom": 252.00146484375}], "time": 21.11798882484436}
