{"im": 3484, "res": [{"class": "bird", "prob": 0.9390095472335815, "left": 283.74072265625, "top": 33.28049087524414, "right": 396.8001708984375, "bottom": 118.70954895019531}, {"class": "bird", "prob": 0.8911809921264648, "left": 314.17950439453125, "top": 42.22443389892578, "right": 366.8812255859375, "bottom": 109.63629913330078}, {"class": "aeroplane", "prob": 0.8304900527000427, "left": 154.3159942626953, "top": 35.803077697753906, "right": 291.806884765625, "bottom": 231.58078002929688}], "time": 0.8305120468139648}
