{"im": 2266, "res": [{"class": "aeroplane", "prob": 0.9988325238227844, "left": 29.168899536132812, "top": 153.72201538085938, "right": 302.13433837890625, "bottom": 492.1011047363281}], "time": 21.486084938049316}
