{"im": 4542, "res": [{"class": "bicycle", "prob": 0.9704151153564453, "left": 42.25038146972656, "top": 149.64532470703125, "right": 358.3826904296875, "bottom": 333.0}], "time": 1.068359136581421}
