{"im": 2020, "res": [{"class": "sheep", "prob": 0.5579518675804138, "left": 57.350006103515625, "top": 75.70999145507812, "right": 496.4545593261719, "bottom": 326.8511962890625}, {"class": "tvmonitor", "prob": 0.6434708833694458, "left": 57.350006103515625, "top": 75.70999145507812, "right": 496.4545593261719, "bottom": 326.8511962890625}], "time": 21.662015914916992}
