{"im": 1412, "res": [{"class": "bottle", "prob": 0.9730595350265503, "left": 23.430633544921875, "top": 76.84280395507812, "right": 470.7958679199219, "bottom": 210.80401611328125}], "time": 21.627897024154663}
