{"im": 838, "res": [{"class": "aeroplane", "prob": 0.992582380771637, "left": 183.31642150878906, "top": 13.904861450195312, "right": 414.4322509765625, "bottom": 365.1527099609375}, {"class": "aeroplane", "prob": 0.9791812300682068, "left": 409.35198974609375, "top": 6.096199035644531, "right": 499.8375244140625, "bottom": 140.6024169921875}, {"class": "aeroplane", "prob": 0.8868199586868286, "left": 23.034820556640625, "top": 164.98190307617188, "right": 321.3829650878906, "bottom": 371.6551208496094}, {"class": "aeroplane", "prob": 0.5138166546821594, "left": 369.7904968261719, "top": 0.0, "right": 460.6222229003906, "bottom": 50.994956970214844}], "time": 22.05051589012146}
