{"im": 2854, "res": [{"class": "sheep", "prob": 0.9974335432052612, "left": 75.47006225585938, "top": 47.27098846435547, "right": 198.95806884765625, "bottom": 272.6319274902344}], "time": 21.451531887054443}
