{"im": 5330, "res": [{"class": "boat", "prob": 0.9957745671272278, "left": 43.42498779296875, "top": 13.520706176757812, "right": 488.626708984375, "bottom": 325.615234375}], "time": 21.475498914718628}
