{"im": 1018, "res": [{"class": "bird", "prob": 0.8681390881538391, "left": 22.152137756347656, "top": 335.9949951171875, "right": 36.22049331665039, "bottom": 347.14886474609375}], "time": 0.9172196388244629}
