{"im": 5241, "res": [{"class": "aeroplane", "prob": 0.9915876984596252, "left": 0.0, "top": 0.0, "right": 301.82342529296875, "bottom": 375.0}], "time": 21.497310876846313}
