{"im": 3819, "res": [{"class": "aeroplane", "prob": 0.9998634457588196, "left": 109.87016296386719, "top": 73.95478820800781, "right": 385.3887939453125, "bottom": 373.95245361328125}], "time": 21.64828395843506}
