{"im": 2907, "res": [{"class": "aeroplane", "prob": 0.8519652485847473, "left": 449.33074951171875, "top": 131.37408447265625, "right": 459.49249267578125, "bottom": 153.24996948242188}, {"class": "aeroplane", "prob": 0.841218113899231, "left": 95.49898529052734, "top": 143.13153076171875, "right": 111.47769927978516, "bottom": 175.404052734375}, {"class": "aeroplane", "prob": 0.5971571803092957, "left": 130.60400390625, "top": 95.03350067138672, "right": 278.10247802734375, "bottom": 281.3381652832031}], "time": 0.8353631496429443}
