{"im": 1039, "res": [{"class": "sheep", "prob": 0.9733068346977234, "left": 6.144195556640625, "top": 45.16191101074219, "right": 392.6080017089844, "bottom": 425.9034423828125}], "time": 21.12815499305725}
