{"im": 4754, "res": [{"class": "bird", "prob": 0.8381320238113403, "left": 289.1966552734375, "top": 351.3674011230469, "right": 353.51483154296875, "bottom": 479.1989440917969}, {"class": "aeroplane", "prob": 0.928348183631897, "left": 199.78457641601562, "top": 266.0686340332031, "right": 252.00228881835938, "bottom": 434.7513122558594}], "time": 21.41694712638855}
