{"im": 5498, "res": [{"class": "aeroplane", "prob": 0.9998379349708557, "left": 98.7532958984375, "top": 81.0775146484375, "right": 201.01760864257812, "bottom": 368.19720458984375}], "time": 23.143376350402832}
