{"im": 1515, "res": [{"class": "bird", "prob": 0.6036967635154724, "left": 68.32231140136719, "top": 64.40586853027344, "right": 431.78973388671875, "bottom": 288.0189208984375}], "time": 21.664936304092407}
