{"im": 427, "res": [{"class": "aeroplane", "prob": 0.8685902953147888, "left": 134.49855041503906, "top": 224.75509643554688, "right": 183.7832794189453, "bottom": 294.6830749511719}, {"class": "aeroplane", "prob": 0.7950284481048584, "left": 179.04400634765625, "top": 222.06788635253906, "right": 219.46908569335938, "bottom": 311.7942199707031}, {"class": "aeroplane", "prob": 0.7388201355934143, "left": 198.28250122070312, "top": 220.09864807128906, "right": 223.74392700195312, "bottom": 272.2148132324219}], "time": 22.182172775268555}
