{"im": 5031, "res": [{"class": "pottedplant", "prob": 0.9934970140457153, "left": 5.805938720703125, "top": 90.80233764648438, "right": 285.7036437988281, "bottom": 500.0}], "time": 21.427199125289917}
