{"im": 1316, "res": [{"class": "pottedplant", "prob": 0.7751116752624512, "left": 0.0, "top": 176.37200927734375, "right": 285.96783447265625, "bottom": 382.35723876953125}], "time": 0.889167308807373}
