{"im": 4255, "res": [{"class": "bottle", "prob": 0.998397946357727, "left": 0.0, "top": 63.06550598144531, "right": 500.0, "bottom": 307.1923828125}], "time": 21.64439296722412}
