{"im": 4265, "res": [{"class": "aeroplane", "prob": 0.7523752450942993, "left": 32.742698669433594, "top": 95.48273468017578, "right": 262.60772705078125, "bottom": 333.19476318359375}, {"class": "aeroplane", "prob": 0.549649715423584, "left": 236.11849975585938, "top": 33.03558349609375, "right": 497.6657409667969, "bottom": 375.0}], "time": 0.8245558738708496}
