{"im": 2550, "res": [{"class": "aeroplane", "prob": 0.9996832013130188, "left": 184.62307739257812, "top": 115.23675537109375, "right": 315.9786376953125, "bottom": 322.7253112792969}], "time": 21.421261072158813}
