{"im": 2007, "res": [{"class": "sheep", "prob": 0.9988497495651245, "left": 185.49853515625, "top": 45.962493896484375, "right": 301.33990478515625, "bottom": 323.9363098144531}], "time": 21.680173873901367}
