{"im": 4155, "res": [{"class": "sheep", "prob": 0.8837172985076904, "left": 32.504302978515625, "top": 37.49943542480469, "right": 342.0, "bottom": 500.0}], "time": 21.653048753738403}
