{"im": 1676, "res": [{"class": "tvmonitor", "prob": 0.9861295223236084, "left": 145.61026000976562, "top": 216.25048828125, "right": 284.1600341796875, "bottom": 322.81439208984375}, {"class": "tvmonitor", "prob": 0.8657040596008301, "left": 181.89462280273438, "top": 229.05764770507812, "right": 247.6146240234375, "bottom": 308.5700378417969}, {"class": "tvmonitor", "prob": 0.637019693851471, "left": 329.11370849609375, "top": 189.9151153564453, "right": 342.4388427734375, "bottom": 206.32850646972656}], "time": 0.9396059513092041}
