{"im": 1909, "res": [{"class": "pottedplant", "prob": 0.994645357131958, "left": 327.5599365234375, "top": 189.00184631347656, "right": 500.0, "bottom": 489.0}], "time": 21.649776697158813}
