{"im": 4931, "res": [{"class": "bird", "prob": 0.6477268934249878, "left": 53.91680908203125, "top": 50.613548278808594, "right": 448.5079650878906, "bottom": 293.5065002441406}, {"class": "boat", "prob": 0.7712640762329102, "left": 53.91680908203125, "top": 50.613548278808594, "right": 448.5079650878906, "bottom": 293.5065002441406}], "time": 21.456557035446167}
