{"im": 3315, "res": [{"class": "tvmonitor", "prob": 0.9887382984161377, "left": 152.39187622070312, "top": 47.448394775390625, "right": 315.9327087402344, "bottom": 344.49945068359375}], "time": 21.98335313796997}
