{"im": 4043, "res": [{"class": "sheep", "prob": 0.5836772322654724, "left": 193.28140258789062, "top": 119.45907592773438, "right": 327.8668518066406, "bottom": 313.08453369140625}, {"class": "sheep", "prob": 0.9378132820129395, "left": 46.76823425292969, "top": 148.98573303222656, "right": 194.42433166503906, "bottom": 274.16021728515625}], "time": 23.09055995941162}
