{"im": 3044, "res": [{"class": "pottedplant", "prob": 0.9927666187286377, "left": 44.109771728515625, "top": 37.16673278808594, "right": 330.31378173828125, "bottom": 422.63824462890625}], "time": 21.940117597579956}
