{"im": 4330, "res": [{"class": "boat", "prob": 0.849556565284729, "left": 202.87847900390625, "top": 312.4201354980469, "right": 401.21533203125, "bottom": 489.1776428222656}], "time": 0.8189191818237305}
