{"im": 405, "res": [{"class": "chair", "prob": 0.627296507358551, "left": 165.3457794189453, "top": 220.36131286621094, "right": 182.72816467285156, "bottom": 226.52149963378906}], "time": 21.418606281280518}
