{"im": 1753, "res": [{"class": "aeroplane", "prob": 0.9998477101325989, "left": 206.71902465820312, "top": 5.3806610107421875, "right": 493.7841491699219, "bottom": 368.27978515625}, {"class": "pottedplant", "prob": 0.8210936784744263, "left": 181.38662719726562, "top": 132.75851440429688, "right": 281.56304931640625, "bottom": 283.2404479980469}], "time": 21.6323299407959}
