{"im": 5420, "res": [{"class": "bottle", "prob": 0.9989315867424011, "left": 12.207382202148438, "top": 66.9079360961914, "right": 477.7034912109375, "bottom": 224.27731323242188}], "time": 21.445535898208618}
