{"im": 5495, "res": [{"class": "tvmonitor", "prob": 0.7393001914024353, "left": 322.80010986328125, "top": 266.897216796875, "right": 377.0672607421875, "bottom": 331.27178955078125}, {"class": "tvmonitor", "prob": 0.5190386176109314, "left": 287.0334167480469, "top": 255.76126098632812, "right": 416.9637145996094, "bottom": 345.5138854980469}], "time": 0.8730161190032959}
