{"im": 2830, "res": [{"class": "bottle", "prob": 0.9972183704376221, "left": 221.0140380859375, "top": 90.9385986328125, "right": 340.06866455078125, "bottom": 130.28237915039062}, {"class": "person", "prob": 0.8267734050750732, "left": 300.2325744628906, "top": 3.9927306175231934, "right": 329.4503479003906, "bottom": 13.154888153076172}], "time": 21.458763122558594}
