{"im": 2698, "res": [{"class": "bottle", "prob": 0.5502360463142395, "left": 67.54925537109375, "top": 64.4859390258789, "right": 441.6759338378906, "bottom": 170.62261962890625}], "time": 0.8408970832824707}
