{"im": 1351, "res": [{"class": "aeroplane", "prob": 0.9244316816329956, "left": 260.7566223144531, "top": 85.86998748779297, "right": 366.0125427246094, "bottom": 328.87982177734375}, {"class": "aeroplane", "prob": 0.8849458694458008, "left": 370.01239013671875, "top": 66.8298110961914, "right": 486.4058837890625, "bottom": 316.03277587890625}, {"class": "sofa", "prob": 0.7185153365135193, "left": 27.25506591796875, "top": 32.81770324707031, "right": 312.0966491699219, "bottom": 350.44482421875}], "time": 0.9049420356750488}
