{"im": 776, "res": [{"class": "aeroplane", "prob": 0.8005536794662476, "left": 144.54571533203125, "top": 102.29849243164062, "right": 254.73187255859375, "bottom": 473.0207214355469}], "time": 0.8811948299407959}
