{"im": 3961, "res": [{"class": "aeroplane", "prob": 0.9437453150749207, "left": 117.1436767578125, "top": 73.23304748535156, "right": 323.4252014160156, "bottom": 375.0}], "time": 0.8723182678222656}
