{"im": 3748, "res": [{"class": "aeroplane", "prob": 0.6180363297462463, "left": 195.15345764160156, "top": 31.825103759765625, "right": 280.22271728515625, "bottom": 199.46238708496094}], "time": 0.8725848197937012}
