{"im": 978, "res": [{"class": "aeroplane", "prob": 0.5395975112915039, "left": 152.01988220214844, "top": 77.04777526855469, "right": 500.0, "bottom": 375.0}], "time": 0.8410501480102539}
