{"im": 3467, "res": [{"class": "aeroplane", "prob": 0.9066821336746216, "left": 105.03756713867188, "top": 14.988021850585938, "right": 244.031982421875, "bottom": 215.11134338378906}, {"class": "boat", "prob": 0.8836488127708435, "left": 86.7797622680664, "top": 81.22299194335938, "right": 248.4866943359375, "bottom": 301.6856384277344}, {"class": "aeroplane", "prob": 0.7275213599205017, "left": 399.5487365722656, "top": 213.21109008789062, "right": 489.7939758300781, "bottom": 332.3818664550781}, {"class": "aeroplane", "prob": 0.6511631608009338, "left": 433.4599609375, "top": 229.5124053955078, "right": 469.4222412109375, "bottom": 312.90478515625}], "time": 1.139380931854248}
