{"im": 1152, "res": [{"class": "train", "prob": 0.5120877027511597, "left": 75.31294250488281, "top": 77.82609558105469, "right": 217.64796447753906, "bottom": 354.17877197265625}], "time": 0.8386569023132324}
