{"im": 1042, "res": [{"class": "bird", "prob": 0.896367609500885, "left": 23.486114501953125, "top": 1.08477783203125, "right": 500.0, "bottom": 335.4284362792969}, {"class": "aeroplane", "prob": 0.9725229740142822, "left": 461.9040832519531, "top": 6.084529876708984, "right": 500.0, "bottom": 97.5406494140625}, {"class": "aeroplane", "prob": 0.9701480865478516, "left": 389.4093322753906, "top": 0.7526054382324219, "right": 419.5416564941406, "bottom": 76.02595520019531}], "time": 21.082267999649048}
