{"im": 888, "res": [{"class": "aeroplane", "prob": 0.9359762668609619, "left": 328.66668701171875, "top": 67.73538208007812, "right": 386.2830810546875, "bottom": 242.97738647460938}, {"class": "aeroplane", "prob": 0.7538626790046692, "left": 130.42092895507812, "top": 62.354652404785156, "right": 207.17718505859375, "bottom": 301.4737854003906}, {"class": "aeroplane", "prob": 0.6099690198898315, "left": 344.0441589355469, "top": 103.44676208496094, "right": 369.6452941894531, "bottom": 210.28721618652344}, {"class": "sofa", "prob": 0.5972223877906799, "left": 326.7825927734375, "top": 107.64344787597656, "right": 442.8570556640625, "bottom": 311.50518798828125}], "time": 0.8797130584716797}
