{"im": 4510, "res": [{"class": "aeroplane", "prob": 0.9347770810127258, "left": 42.65101623535156, "top": 145.05221557617188, "right": 73.28858184814453, "bottom": 234.9158935546875}], "time": 21.44184184074402}
