{"im": 2591, "res": [{"class": "aeroplane", "prob": 0.9991785883903503, "left": 211.06509399414062, "top": 7.434356689453125, "right": 387.8236389160156, "bottom": 157.44998168945312}], "time": 21.416133880615234}
