{"im": 3905, "res": [{"class": "aeroplane", "prob": 0.978954017162323, "left": 57.84214782714844, "top": 28.63232421875, "right": 243.06504821777344, "bottom": 318.4530029296875}, {"class": "aeroplane", "prob": 0.9996266961097717, "left": 277.6363830566406, "top": 11.332099914550781, "right": 429.6637878417969, "bottom": 214.40802001953125}], "time": 21.54501509666443}
