{"im": 1784, "res": [{"class": "bird", "prob": 0.9986556172370911, "left": 79.28226470947266, "top": 115.07173156738281, "right": 179.79376220703125, "bottom": 151.6016387939453}, {"class": "aeroplane", "prob": 0.997471809387207, "left": 289.9397277832031, "top": 118.96992492675781, "right": 373.6011657714844, "bottom": 243.52330017089844}, {"class": "boat", "prob": 0.9852140545845032, "left": 256.57012939453125, "top": 167.791748046875, "right": 403.2696533203125, "bottom": 257.3493347167969}, {"class": "bird", "prob": 0.8950996994972229, "left": 294.0340270996094, "top": 113.5326156616211, "right": 345.9393615722656, "bottom": 143.51593017578125}], "time": 21.63970923423767}
