{"im": 5156, "res": [{"class": "person", "prob": 0.8834404945373535, "left": 47.79087829589844, "top": 23.282943725585938, "right": 449.73748779296875, "bottom": 353.3287353515625}], "time": 22.27703881263733}
