{"im": 1076, "res": [{"class": "sofa", "prob": 0.788020670413971, "left": 66.63548278808594, "top": 49.22593688964844, "right": 344.01251220703125, "bottom": 228.66004943847656}], "time": 1.199662208557129}
