{"im": 3834, "res": [{"class": "tvmonitor", "prob": 0.999083399772644, "left": 36.01698303222656, "top": 29.87469482421875, "right": 500.0, "bottom": 319.8751525878906}], "time": 21.87543487548828}
