{"im": 445, "res": [{"class": "cat", "prob": 0.5791808366775513, "left": 141.00904846191406, "top": 267.59320068359375, "right": 179.8700408935547, "bottom": 312.72064208984375}], "time": 0.8316760063171387}
