{"im": 1445, "res": [{"class": "bottle", "prob": 0.8795232176780701, "left": 207.57186889648438, "top": 83.78916931152344, "right": 466.0623474121094, "bottom": 373.91717529296875}], "time": 0.840886116027832}
