{"im": 2350, "res": [{"class": "sheep", "prob": 0.7926979064941406, "left": 230.87542724609375, "top": 157.178466796875, "right": 285.2847900390625, "bottom": 223.97271728515625}], "time": 21.462529182434082}
