{"im": 1691, "res": [{"class": "aeroplane", "prob": 0.9449571371078491, "left": 115.89291381835938, "top": 21.392120361328125, "right": 483.5488586425781, "bottom": 423.6433410644531}], "time": 21.65451717376709}
