{"im": 2951, "res": [{"class": "bicycle", "prob": 0.7349933385848999, "left": 0.0, "top": 31.30902099609375, "right": 428.77874755859375, "bottom": 312.17626953125}], "time": 0.8764557838439941}
