{"im": 5525, "res": [{"class": "sheep", "prob": 0.9974496364593506, "left": 175.2696990966797, "top": 173.71530151367188, "right": 290.7843017578125, "bottom": 291.1928405761719}, {"class": "sheep", "prob": 0.9911465048789978, "left": 106.43412780761719, "top": 101.86693572998047, "right": 174.57981872558594, "bottom": 310.33856201171875}], "time": 21.128262996673584}
