{"im": 3513, "res": [{"class": "tvmonitor", "prob": 0.6572451591491699, "left": 88.4180908203125, "top": 129.13267517089844, "right": 400.2925109863281, "bottom": 271.69769287109375}], "time": 0.9884011745452881}
