{"im": 2030, "res": [{"class": "pottedplant", "prob": 0.9851007461547852, "left": 95.81494140625, "top": 104.97296142578125, "right": 404.5756530761719, "bottom": 366.7768249511719}], "time": 21.644126415252686}
