{"im": 3515, "res": [{"class": "boat", "prob": 0.9995549917221069, "left": 122.02180480957031, "top": 130.73812866210938, "right": 380.619873046875, "bottom": 260.0533752441406}, {"class": "aeroplane", "prob": 0.9274212718009949, "left": 178.26312255859375, "top": 105.63047790527344, "right": 321.7615051269531, "bottom": 212.47984313964844}], "time": 21.488603115081787}
