{"im": 4129, "res": [{"class": "cat", "prob": 0.50501549243927, "left": 115.09027862548828, "top": 179.56126403808594, "right": 215.41470336914062, "bottom": 243.66700744628906}, {"class": "cat", "prob": 0.5062903761863708, "left": 39.40220642089844, "top": 164.07647705078125, "right": 303.32891845703125, "bottom": 255.91128540039062}], "time": 0.8356044292449951}
