{"im": 5565, "res": [{"class": "aeroplane", "prob": 0.7922897934913635, "left": 7.9505767822265625, "top": 95.68791961669922, "right": 119.14991760253906, "bottom": 272.01519775390625}, {"class": "aeroplane", "prob": 0.7441418170928955, "left": 305.54290771484375, "top": 85.48094177246094, "right": 496.42938232421875, "bottom": 366.8841552734375}, {"class": "aeroplane", "prob": 0.6389773488044739, "left": 123.68936157226562, "top": 98.8913345336914, "right": 211.543212890625, "bottom": 225.46487426757812}, {"class": "aeroplane", "prob": 0.5784352421760559, "left": 173.81600952148438, "top": 106.45174407958984, "right": 245.01596069335938, "bottom": 207.40371704101562}], "time": 0.8594710826873779}
