{"im": 4038, "res": [{"class": "sofa", "prob": 0.9865756034851074, "left": 161.38409423828125, "top": 37.40473937988281, "right": 457.56268310546875, "bottom": 333.0}, {"class": "sofa", "prob": 0.964383065700531, "left": 2.4023284912109375, "top": 41.35955810546875, "right": 202.0667724609375, "bottom": 333.0}], "time": 23.05839991569519}
