{"im": 4262, "res": [{"class": "tvmonitor", "prob": 0.9695499539375305, "left": 41.79238510131836, "top": 164.88035583496094, "right": 119.61143493652344, "bottom": 234.54747009277344}, {"class": "tvmonitor", "prob": 0.8631219267845154, "left": 0.0, "top": 147.39500427246094, "right": 168.8446044921875, "bottom": 252.59812927246094}], "time": 0.8642010688781738}
