{"im": 4923, "res": [{"class": "aeroplane", "prob": 0.9943124055862427, "left": 112.4386978149414, "top": 45.44422912597656, "right": 253.77777099609375, "bottom": 450.1978759765625}], "time": 21.42733383178711}
