{"im": 2842, "res": [{"class": "car", "prob": 0.9993029832839966, "left": 120.30905151367188, "top": 100.46186065673828, "right": 392.7208557128906, "bottom": 292.2518615722656}, {"class": "aeroplane", "prob": 0.7752755284309387, "left": 407.3661804199219, "top": 175.91574096679688, "right": 417.8406677246094, "bottom": 197.2960205078125}, {"class": "aeroplane", "prob": 0.7047889828681946, "left": 412.05413818359375, "top": 175.33201599121094, "right": 423.20562744140625, "bottom": 197.43263244628906}], "time": 21.446197986602783}
