{"im": 1682, "res": [{"class": "sheep", "prob": 0.8084594011306763, "left": 187.8872833251953, "top": 130.14564514160156, "right": 341.74920654296875, "bottom": 337.453125}], "time": 1.0128600597381592}
