{"im": 2835, "res": [{"class": "aeroplane", "prob": 0.7052297592163086, "left": 138.25900268554688, "top": 39.786407470703125, "right": 269.2505798339844, "bottom": 333.0}, {"class": "aeroplane", "prob": 0.6088284254074097, "left": 239.3308563232422, "top": 80.32743835449219, "right": 409.0806884765625, "bottom": 323.02783203125}], "time": 0.8913447856903076}
