{"im": 5180, "res": [{"class": "aeroplane", "prob": 0.9856509566307068, "left": 232.11965942382812, "top": 90.95677185058594, "right": 485.8240661621094, "bottom": 375.0}, {"class": "aeroplane", "prob": 0.9957256317138672, "left": 24.55908966064453, "top": 86.56291198730469, "right": 191.20846557617188, "bottom": 375.0}], "time": 21.526582956314087}
