{"im": 2117, "res": [{"class": "aeroplane", "prob": 0.9977432489395142, "left": 20.606094360351562, "top": 49.57215881347656, "right": 367.41265869140625, "bottom": 490.75830078125}], "time": 21.711262941360474}
