{"im": 5036, "res": [{"class": "pottedplant", "prob": 0.7629929184913635, "left": 23.75902557373047, "top": 91.71112060546875, "right": 269.0295715332031, "bottom": 395.6394348144531}], "time": 0.8672590255737305}
