{"im": 1950, "res": [{"class": "pottedplant", "prob": 0.9969211220741272, "left": 188.55645751953125, "top": 94.22960662841797, "right": 330.966552734375, "bottom": 293.8050537109375}], "time": 21.64686918258667}
