{"im": 1711, "res": [{"class": "aeroplane", "prob": 0.9988672137260437, "left": 288.23443603515625, "top": 107.11863708496094, "right": 481.09326171875, "bottom": 372.97369384765625}, {"class": "aeroplane", "prob": 0.996730625629425, "left": 78.84375, "top": 163.95509338378906, "right": 173.08132934570312, "bottom": 277.49267578125}, {"class": "aeroplane", "prob": 0.5926362872123718, "left": 107.6826171875, "top": 140.4853515625, "right": 163.80166625976562, "bottom": 202.24496459960938}], "time": 21.71123695373535}
