{"im": 3256, "res": [{"class": "car", "prob": 0.9975770711898804, "left": 32.30108642578125, "top": 118.78170013427734, "right": 459.809814453125, "bottom": 269.3238830566406}], "time": 22.084304809570312}
