{"im": 828, "res": [{"class": "bird", "prob": 0.9666452407836914, "left": 139.67581176757812, "top": 59.32210922241211, "right": 155.65792846679688, "bottom": 72.74795532226562}, {"class": "aeroplane", "prob": 0.9057329893112183, "left": 206.34840393066406, "top": 28.36004638671875, "right": 317.30877685546875, "bottom": 334.9189758300781}, {"class": "bicycle", "prob": 0.5985836386680603, "left": 109.8714599609375, "top": 154.94935607910156, "right": 222.67926025390625, "bottom": 276.600341796875}], "time": 0.863037109375}
