{"im": 4308, "res": [{"class": "sheep", "prob": 0.9260404706001282, "left": 91.21533203125, "top": 1.9886016845703125, "right": 454.26605224609375, "bottom": 372.59112548828125}, {"class": "aeroplane", "prob": 0.891858696937561, "left": 0.0, "top": 0.0, "right": 309.4356384277344, "bottom": 375.0}], "time": 21.493908882141113}
