{"im": 3012, "res": [{"class": "train", "prob": 0.7045240998268127, "left": 40.49403381347656, "top": 47.444427490234375, "right": 465.44793701171875, "bottom": 308.68511962890625}], "time": 0.8410348892211914}
