{"im": 2848, "res": [{"class": "sheep", "prob": 0.9734911918640137, "left": 180.31068420410156, "top": 47.58001708984375, "right": 474.19329833984375, "bottom": 328.9940490722656}], "time": 21.502775192260742}
