{"im": 2718, "res": [{"class": "bird", "prob": 0.9048280119895935, "left": 67.16273498535156, "top": 139.48211669921875, "right": 141.7375946044922, "bottom": 179.30865478515625}, {"class": "bird", "prob": 0.6003656983375549, "left": 11.408920288085938, "top": 152.89540100097656, "right": 330.36834716796875, "bottom": 500.0}], "time": 21.432796001434326}
