{"im": 5792, "res": [{"class": "car", "prob": 0.9992221593856812, "left": 65.34478759765625, "top": 96.52289581298828, "right": 440.8065185546875, "bottom": 248.56356811523438}], "time": 21.341706037521362}
