{"im": 4226, "res": [{"class": "sheep", "prob": 0.614008367061615, "left": 260.5467529296875, "top": 167.55471801757812, "right": 448.708251953125, "bottom": 300.22967529296875}], "time": 0.8865771293640137}
