{"im": 5098, "res": [{"class": "aeroplane", "prob": 0.5128927230834961, "left": 274.9300537109375, "top": 340.53875732421875, "right": 375.0, "bottom": 484.042236328125}], "time": 0.871272087097168}
