{"im": 4602, "res": [{"class": "aeroplane", "prob": 0.8751735687255859, "left": 163.00665283203125, "top": 150.07293701171875, "right": 353.7630615234375, "bottom": 404.0}], "time": 0.8177869319915771}
