{"im": 1564, "res": [{"class": "pottedplant", "prob": 0.573707103729248, "left": 39.624298095703125, "top": 54.50511932373047, "right": 378.7719421386719, "bottom": 226.0262451171875}], "time": 0.8287379741668701}
