{"im": 5043, "res": [{"class": "bird", "prob": 0.7331942915916443, "left": 115.94581604003906, "top": 111.83626556396484, "right": 476.890869140625, "bottom": 269.7210388183594}], "time": 0.8282361030578613}
