{"im": 36, "res": [{"class": "bottle", "prob": 0.9199751615524292, "left": 96.82701110839844, "top": 332.2894592285156, "right": 146.70980834960938, "bottom": 380.4128112792969}, {"class": "person", "prob": 0.9167943596839905, "left": 165.55747985839844, "top": 93.72599792480469, "right": 234.38111877441406, "bottom": 144.55581665039062}, {"class": "bottle", "prob": 0.8218722343444824, "left": 69.77774810791016, "top": 326.9404602050781, "right": 178.27685546875, "bottom": 390.6562194824219}, {"class": "person", "prob": 0.6803001761436462, "left": 135.0798797607422, "top": 80.6529312133789, "right": 264.14947509765625, "bottom": 158.56607055664062}], "time": 0.8663680553436279}
