{"im": 3020, "res": [{"class": "aeroplane", "prob": 0.9972720146179199, "left": 192.85484313964844, "top": 0.0, "right": 475.4134521484375, "bottom": 333.0}, {"class": "aeroplane", "prob": 0.9967186450958252, "left": 22.151275634765625, "top": 8.127639770507812, "right": 260.6258239746094, "bottom": 333.0}, {"class": "aeroplane", "prob": 0.8368600606918335, "left": 115.66143798828125, "top": 9.973770141601562, "right": 233.81097412109375, "bottom": 323.4656982421875}], "time": 21.6747887134552}
