{"im": 1494, "res": [{"class": "aeroplane", "prob": 0.9971687197685242, "left": 132.05972290039062, "top": 105.72294616699219, "right": 254.22933959960938, "bottom": 236.17796325683594}, {"class": "boat", "prob": 0.8254485130310059, "left": 130.47633361816406, "top": 146.59071350097656, "right": 220.3987579345703, "bottom": 244.98924255371094}], "time": 21.677930116653442}
