{"im": 3415, "res": [{"class": "pottedplant", "prob": 0.7698078155517578, "left": 0.0, "top": 0.0, "right": 500.0, "bottom": 375.0}], "time": 21.561443090438843}
