{"im": 2780, "res": [{"class": "person", "prob": 0.9483911991119385, "left": 203.9091796875, "top": 84.70539855957031, "right": 297.51776123046875, "bottom": 157.06321716308594}, {"class": "person", "prob": 0.7938292622566223, "left": 232.9710235595703, "top": 96.86761474609375, "right": 274.0037841796875, "bottom": 146.8190155029297}], "time": 0.8687489032745361}
