{"im": 2938, "res": [{"class": "aeroplane", "prob": 0.9761616587638855, "left": 85.72969818115234, "top": 156.26988220214844, "right": 113.5813980102539, "bottom": 320.93817138671875}, {"class": "aeroplane", "prob": 0.9320325255393982, "left": 73.96830749511719, "top": 129.96878051757812, "right": 129.12010192871094, "bottom": 350.7024230957031}, {"class": "bicycle", "prob": 0.5697869658470154, "left": 161.15936279296875, "top": 229.1749725341797, "right": 421.147216796875, "bottom": 373.99603271484375}, {"class": "aeroplane", "prob": 0.5012674331665039, "left": 210.0518798828125, "top": 170.14755249023438, "right": 235.16888427734375, "bottom": 226.52285766601562}], "time": 0.8691282272338867}
