{"im": 5358, "res": [{"class": "aeroplane", "prob": 0.7914456129074097, "left": 214.73806762695312, "top": 170.98190307617188, "right": 238.67120361328125, "bottom": 234.119140625}], "time": 1.0914041996002197}
