{"im": 232, "res": [{"class": "aeroplane", "prob": 0.6686577200889587, "left": 107.50651550292969, "top": 95.79296875, "right": 311.4967041015625, "bottom": 290.99163818359375}], "time": 1.0043179988861084}
