{"im": 5116, "res": [{"class": "aeroplane", "prob": 0.9791553020477295, "left": 5.991191864013672, "top": 82.42262268066406, "right": 125.64126586914062, "bottom": 375.0}, {"class": "aeroplane", "prob": 0.9668274521827698, "left": 229.50140380859375, "top": 158.15774536132812, "right": 347.06292724609375, "bottom": 360.2672424316406}, {"class": "aeroplane", "prob": 0.8129058480262756, "left": 333.11767578125, "top": 91.16439819335938, "right": 499.14276123046875, "bottom": 362.15032958984375}], "time": 0.8725743293762207}
