{"im": 4597, "res": [{"class": "aeroplane", "prob": 0.996518611907959, "left": 32.25947570800781, "top": 10.657012939453125, "right": 372.49200439453125, "bottom": 322.96795654296875}], "time": 21.360973834991455}
