{"im": 4609, "res": [{"class": "sheep", "prob": 0.9362303018569946, "left": 125.05827331542969, "top": 58.05342102050781, "right": 482.07281494140625, "bottom": 375.0}], "time": 21.366807222366333}
