{"im": 3474, "res": [{"class": "sheep", "prob": 0.9955256581306458, "left": 6.9323577880859375, "top": 53.14875793457031, "right": 353.90374755859375, "bottom": 329.61761474609375}], "time": 21.44321894645691}
