{"im": 5207, "res": [{"class": "aeroplane", "prob": 0.9711658358573914, "left": 117.64281463623047, "top": 57.18699645996094, "right": 305.0498962402344, "bottom": 261.42742919921875}, {"class": "aeroplane", "prob": 0.8434818387031555, "left": 304.6844482421875, "top": 34.34907531738281, "right": 498.61114501953125, "bottom": 342.35101318359375}, {"class": "aeroplane", "prob": 0.795470654964447, "left": 59.54387283325195, "top": 97.42399597167969, "right": 150.68789672851562, "bottom": 225.96778869628906}, {"class": "aeroplane", "prob": 0.6538100242614746, "left": 85.44279479980469, "top": 115.70760345458984, "right": 132.80545043945312, "bottom": 201.37774658203125}], "time": 0.86409592628479}
