{"im": 5307, "res": [{"class": "boat", "prob": 0.9931695461273193, "left": 27.266510009765625, "top": 125.93324279785156, "right": 257.0921936035156, "bottom": 252.9070281982422}, {"class": "aeroplane", "prob": 0.5280138850212097, "left": 68.01608276367188, "top": 118.2983627319336, "right": 132.79591369628906, "bottom": 255.22503662109375}], "time": 21.456259965896606}
