{"im": 412, "res": [{"class": "aeroplane", "prob": 0.9018089771270752, "left": 42.79936218261719, "top": 16.958938598632812, "right": 302.54071044921875, "bottom": 348.173828125}, {"class": "aeroplane", "prob": 0.7525584697723389, "left": 347.7632141113281, "top": 0.1277008056640625, "right": 465.5679016113281, "bottom": 300.83160400390625}], "time": 0.8926558494567871}
