{"im": 1386, "res": [{"class": "bicycle", "prob": 0.9900959134101868, "left": 59.06275939941406, "top": 19.784820556640625, "right": 397.86798095703125, "bottom": 356.1569519042969}, {"class": "bicycle", "prob": 0.8726823329925537, "left": 202.4201202392578, "top": 31.230499267578125, "right": 455.3675537109375, "bottom": 351.7492370605469}], "time": 21.66085982322693}
