{"im": 1226, "res": [{"class": "sofa", "prob": 0.8582422733306885, "left": 9.857070922851562, "top": 113.07818603515625, "right": 323.113525390625, "bottom": 479.40380859375}], "time": 21.110826015472412}
