{"im": 1715, "res": [{"class": "aeroplane", "prob": 0.9257228374481201, "left": 44.37223815917969, "top": 46.371429443359375, "right": 324.7725830078125, "bottom": 486.9885559082031}], "time": 21.71164584159851}
