{"im": 3843, "res": [{"class": "aeroplane", "prob": 0.5071072578430176, "left": 212.28164672851562, "top": 15.813480377197266, "right": 270.66766357421875, "bottom": 142.6184844970703}, {"class": "aeroplane", "prob": 0.5092828869819641, "left": 76.64217376708984, "top": 44.41086959838867, "right": 142.236572265625, "bottom": 163.52903747558594}], "time": 0.8581256866455078}
