{"im": 5055, "res": [{"class": "person", "prob": 0.9763310551643372, "left": 211.78028869628906, "top": 56.53241729736328, "right": 352.21484375, "bottom": 212.58706665039062}, {"class": "aeroplane", "prob": 0.7530067563056946, "left": 3.998504638671875, "top": 10.700027465820312, "right": 387.6044921875, "bottom": 368.81488037109375}], "time": 21.423134088516235}
