{"im": 5676, "res": [{"class": "aeroplane", "prob": 0.9995959401130676, "left": 20.562469482421875, "top": 0.0, "right": 372.6783752441406, "bottom": 374.23211669921875}, {"class": "person", "prob": 0.8319854140281677, "left": 412.94854736328125, "top": 249.69775390625, "right": 489.3592529296875, "bottom": 303.2574462890625}, {"class": "aeroplane", "prob": 0.6468018889427185, "left": 96.48541259765625, "top": 88.97280883789062, "right": 452.11212158203125, "bottom": 375.0}], "time": 21.177288055419922}
