{"im": 3329, "res": [{"class": "tvmonitor", "prob": 0.7583596110343933, "left": 230.86776733398438, "top": 152.96343994140625, "right": 418.1501770019531, "bottom": 253.04937744140625}, {"class": "tvmonitor", "prob": 0.9197065234184265, "left": 39.71821594238281, "top": 156.5233612060547, "right": 187.3452606201172, "bottom": 236.5474395751953}, {"class": "tvmonitor", "prob": 0.722082257270813, "left": 155.7007293701172, "top": 167.65318298339844, "right": 240.39149475097656, "bottom": 246.0043182373047}], "time": 22.379931926727295}
