{"im": 1861, "res": [{"class": "sheep", "prob": 0.9953352808952332, "left": 213.93392944335938, "top": 164.02536010742188, "right": 254.60128784179688, "bottom": 250.27337646484375}, {"class": "bird", "prob": 0.9475180506706238, "left": 46.87832260131836, "top": 192.1866455078125, "right": 140.20272827148438, "bottom": 255.64505004882812}], "time": 21.701128005981445}
