{"im": 5103, "res": [{"class": "person", "prob": 0.9991708397865295, "left": 21.360122680664062, "top": 27.180908203125, "right": 421.99969482421875, "bottom": 356.2965393066406}], "time": 21.4293270111084}
