{"im": 1754, "res": [{"class": "sheep", "prob": 0.9734799861907959, "left": 197.2825927734375, "top": 167.94302368164062, "right": 411.24462890625, "bottom": 360.9906921386719}, {"class": "aeroplane", "prob": 0.9992120265960693, "left": 134.56910705566406, "top": 4.392982482910156, "right": 258.9722900390625, "bottom": 200.1082763671875}], "time": 21.77332901954651}
