{"im": 5234, "res": [{"class": "bus", "prob": 0.9045110940933228, "left": 394.60284423828125, "top": 56.22743225097656, "right": 499.16845703125, "bottom": 292.7540283203125}, {"class": "bus", "prob": 0.8725739121437073, "left": 90.676025390625, "top": 76.23622131347656, "right": 407.5933532714844, "bottom": 270.622802734375}], "time": 0.8800849914550781}
