{"im": 482, "res": [{"class": "aeroplane", "prob": 0.7520557641983032, "left": 38.37089538574219, "top": 3.239410400390625, "right": 371.04974365234375, "bottom": 354.3948974609375}], "time": 0.9017069339752197}
