{"im": 5237, "res": [{"class": "aeroplane", "prob": 0.9990147352218628, "left": 332.34344482421875, "top": 0.0, "right": 383.2769775390625, "bottom": 120.6635971069336}, {"class": "aeroplane", "prob": 0.9962230324745178, "left": 376.12860107421875, "top": 0.0, "right": 428.5799560546875, "bottom": 123.6408462524414}, {"class": "aeroplane", "prob": 0.9681654572486877, "left": 1.0352706909179688, "top": 12.084976196289062, "right": 130.43145751953125, "bottom": 260.6417236328125}], "time": 21.512201070785522}
