{"im": 836, "res": [{"class": "sheep", "prob": 0.9898831844329834, "left": 61.4080810546875, "top": 84.57722473144531, "right": 373.7496337890625, "bottom": 469.95263671875}, {"class": "aeroplane", "prob": 0.7424108982086182, "left": 1.6174392700195312, "top": 165.97084045410156, "right": 161.8115234375, "bottom": 499.281005859375}], "time": 22.555815935134888}
