{"im": 2693, "res": [{"class": "bicycle", "prob": 0.9387833476066589, "left": 240.96588134765625, "top": 121.08549499511719, "right": 359.0042724609375, "bottom": 384.3062744140625}, {"class": "bicycle", "prob": 0.5940523743629456, "left": 199.43499755859375, "top": 157.53952026367188, "right": 241.29400634765625, "bottom": 301.74029541015625}], "time": 21.45721125602722}
