{"im": 5166, "res": [{"class": "person", "prob": 0.9584112763404846, "left": 217.746826171875, "top": 172.537109375, "right": 295.83428955078125, "bottom": 240.2275390625}], "time": 21.444730758666992}
