{"im": 3658, "res": [{"class": "pottedplant", "prob": 0.9953795671463013, "left": 131.930908203125, "top": 80.5001449584961, "right": 433.888916015625, "bottom": 280.7261962890625}], "time": 21.52006506919861}
