{"im": 851, "res": [{"class": "aeroplane", "prob": 0.5641753077507019, "left": 241.90261840820312, "top": 119.06576538085938, "right": 350.5334167480469, "bottom": 207.564453125}], "time": 0.9054038524627686}
