{"im": 5658, "res": [{"class": "aeroplane", "prob": 0.9958617091178894, "left": 0.0, "top": 42.530487060546875, "right": 332.3645324707031, "bottom": 499.7804260253906}], "time": 22.25937795639038}
