{"im": 296, "res": [{"class": "aeroplane", "prob": 0.9612776637077332, "left": 399.08056640625, "top": 79.76887512207031, "right": 481.21533203125, "bottom": 303.36578369140625}], "time": 0.9871680736541748}
