{"im": 3642, "res": [{"class": "bottle", "prob": 0.9983701705932617, "left": 37.00550842285156, "top": 43.444580078125, "right": 500.0, "bottom": 327.8052673339844}, {"class": "aeroplane", "prob": 0.5588979125022888, "left": 476.5919189453125, "top": 261.10577392578125, "right": 494.27801513671875, "bottom": 289.72406005859375}], "time": 21.54373002052307}
