{"im": 2852, "res": [{"class": "aeroplane", "prob": 0.9992548823356628, "left": 218.63592529296875, "top": 63.34913635253906, "right": 491.0455322265625, "bottom": 356.58380126953125}, {"class": "aeroplane", "prob": 0.9983013272285461, "left": 3.8282012939453125, "top": 8.400985717773438, "right": 268.011962890625, "bottom": 358.0}], "time": 21.43869638442993}
