{"im": 3703, "res": [{"class": "aeroplane", "prob": 0.9990984201431274, "left": 10.944068908691406, "top": 81.56387329101562, "right": 226.44314575195312, "bottom": 323.8804626464844}, {"class": "aeroplane", "prob": 0.9575448632240295, "left": 258.204345703125, "top": 59.095611572265625, "right": 463.7650146484375, "bottom": 328.7043762207031}], "time": 21.517745971679688}
