{"im": 163, "res": [{"class": "car", "prob": 0.9992530941963196, "left": 86.99708557128906, "top": 99.4367446899414, "right": 350.89373779296875, "bottom": 338.30133056640625}], "time": 21.44254994392395}
