{"im": 4662, "res": [{"class": "sheep", "prob": 0.9786219596862793, "left": 20.276275634765625, "top": 80.75018310546875, "right": 325.68280029296875, "bottom": 183.05596923828125}], "time": 21.36895227432251}
