{"im": 3003, "res": [{"class": "sheep", "prob": 0.8801867365837097, "left": 16.154434204101562, "top": 136.6043701171875, "right": 221.61859130859375, "bottom": 270.0115966796875}], "time": 0.8896722793579102}
