{"im": 4928, "res": [{"class": "aeroplane", "prob": 0.9993882179260254, "left": 7.7615814208984375, "top": 80.74935913085938, "right": 272.2364501953125, "bottom": 367.0951843261719}, {"class": "aeroplane", "prob": 0.9973099827766418, "left": 237.67691040039062, "top": 55.51130676269531, "right": 482.7082824707031, "bottom": 370.35675048828125}], "time": 21.39826488494873}
