{"im": 428, "res": [{"class": "aeroplane", "prob": 0.9983493089675903, "left": 152.65899658203125, "top": 54.1859130859375, "right": 352.8919982910156, "bottom": 371.90447998046875}], "time": 22.928744316101074}
