{"im": 36, "res": [{"class": "person", "prob": 0.9860566258430481, "left": 139.13800048828125, "top": 80.85399627685547, "right": 269.7232666015625, "bottom": 155.22021484375}, {"class": "bottle", "prob": 0.961298942565918, "left": 70.74923706054688, "top": 322.59002685546875, "right": 176.7915496826172, "bottom": 387.31329345703125}], "time": 21.396644115447998}
