{"im": 2379, "res": [{"class": "boat", "prob": 0.9921106696128845, "left": 11.450119018554688, "top": 7.883331298828125, "right": 487.64703369140625, "bottom": 366.12762451171875}], "time": 21.46330189704895}
