{"im": 3672, "res": [{"class": "aeroplane", "prob": 0.9583774209022522, "left": 318.74786376953125, "top": 140.6396484375, "right": 493.823974609375, "bottom": 375.0}, {"class": "aeroplane", "prob": 0.9158385396003723, "left": 6.735649108886719, "top": 104.0435791015625, "right": 202.48809814453125, "bottom": 364.2699279785156}, {"class": "aeroplane", "prob": 0.6550218462944031, "left": 165.80691528320312, "top": 112.95745086669922, "right": 323.1545715332031, "bottom": 366.9418029785156}], "time": 0.888178825378418}
