{"im": 3685, "res": [{"class": "car", "prob": 0.9986023306846619, "left": 0.0, "top": 115.6130599975586, "right": 450.51690673828125, "bottom": 317.1643371582031}], "time": 21.520375967025757}
