{"im": 3080, "res": [{"class": "boat", "prob": 0.9635321497917175, "left": 5.395668029785156, "top": 191.0567169189453, "right": 164.03475952148438, "bottom": 465.4547119140625}, {"class": "boat", "prob": 0.6076046824455261, "left": 170.84405517578125, "top": 192.6525421142578, "right": 334.0, "bottom": 462.700927734375}], "time": 21.685926914215088}
