{"im": 782, "res": [{"class": "aeroplane", "prob": 0.9557615518569946, "left": 32.747894287109375, "top": 37.94120788574219, "right": 213.72195434570312, "bottom": 363.15386962890625}, {"class": "sofa", "prob": 0.9221621155738831, "left": 194.3619842529297, "top": 210.33909606933594, "right": 317.93115234375, "bottom": 369.0498046875}, {"class": "aeroplane", "prob": 0.8229396939277649, "left": 308.7566833496094, "top": 70.17152404785156, "right": 433.5415344238281, "bottom": 361.54827880859375}, {"class": "aeroplane", "prob": 0.5133612155914307, "left": 175.11032104492188, "top": 111.59574890136719, "right": 269.1167297363281, "bottom": 338.2432861328125}], "time": 0.8828563690185547}
