{"im": 5820, "res": [{"class": "bird", "prob": 0.9974491000175476, "left": 18.2425537109375, "top": 347.1609802246094, "right": 308.6860656738281, "bottom": 456.8130187988281}], "time": 21.48356819152832}
