{"im": 2799, "res": [{"class": "bird", "prob": 0.6635235548019409, "left": 0.0, "top": 0.1406402587890625, "right": 434.23321533203125, "bottom": 182.3907928466797}], "time": 1.007357120513916}
