{"im": 3842, "res": [{"class": "pottedplant", "prob": 0.9745769500732422, "left": 3.5372314453125, "top": 0.0, "right": 488.6553039550781, "bottom": 338.4283447265625}], "time": 21.75210213661194}
