{"im": 2087, "res": [{"class": "aeroplane", "prob": 0.9131549596786499, "left": 381.2875671386719, "top": 186.31243896484375, "right": 408.7862243652344, "bottom": 275.64642333984375}], "time": 0.8274707794189453}
