{"im": 2346, "res": [{"class": "chair", "prob": 0.6948930621147156, "left": 56.50877380371094, "top": 23.073272705078125, "right": 342.9178466796875, "bottom": 268.9677734375}, {"class": "chair", "prob": 0.6921036243438721, "left": 0.0, "top": 185.59677124023438, "right": 93.9913101196289, "bottom": 266.5926208496094}, {"class": "chair", "prob": 0.5669148564338684, "left": 54.659698486328125, "top": 159.03872680664062, "right": 357.6767272949219, "bottom": 290.0676574707031}], "time": 21.409614086151123}
