{"im": 4120, "res": [{"class": "tvmonitor", "prob": 0.6836435794830322, "left": 8.7012939453125, "top": 81.41929626464844, "right": 245.04339599609375, "bottom": 370.43560791015625}, {"class": "aeroplane", "prob": 0.5462936162948608, "left": 261.5787048339844, "top": 100.88606262207031, "right": 469.4372863769531, "bottom": 362.50811767578125}], "time": 0.9028019905090332}
