{"im": 2774, "res": [{"class": "sheep", "prob": 0.9881379008293152, "left": 335.09991455078125, "top": 96.37771606445312, "right": 500.0, "bottom": 272.29638671875}, {"class": "sheep", "prob": 0.973082959651947, "left": 172.83819580078125, "top": 128.21461486816406, "right": 309.7931213378906, "bottom": 222.8773956298828}, {"class": "aeroplane", "prob": 0.9668614864349365, "left": 0.0, "top": 9.93768310546875, "right": 150.76812744140625, "bottom": 228.2737579345703}, {"class": "aeroplane", "prob": 0.9557769298553467, "left": 149.59609985351562, "top": 9.888397216796875, "right": 291.3714599609375, "bottom": 219.84774780273438}], "time": 21.47431993484497}
