{"im": 4658, "res": [{"class": "pottedplant", "prob": 0.9277359247207642, "left": 113.21177673339844, "top": 18.416885375976562, "right": 395.54974365234375, "bottom": 317.87127685546875}], "time": 21.436633825302124}
