{"im": 3518, "res": [{"class": "aeroplane", "prob": 0.9966484308242798, "left": 0.029296875, "top": 16.449722290039062, "right": 224.7198944091797, "bottom": 362.93426513671875}, {"class": "aeroplane", "prob": 0.9960545301437378, "left": 238.02218627929688, "top": 35.98088073730469, "right": 487.8274841308594, "bottom": 373.85479736328125}, {"class": "aeroplane", "prob": 0.653992235660553, "left": 432.9183044433594, "top": 251.4701385498047, "right": 498.9228820800781, "bottom": 373.2049255371094}, {"class": "bicycle", "prob": 0.5959843993186951, "left": 4.9284210205078125, "top": 275.9347229003906, "right": 232.06634521484375, "bottom": 369.9339904785156}], "time": 21.451133966445923}
