{"im": 3121, "res": [{"class": "sheep", "prob": 0.996226966381073, "left": 226.24473571777344, "top": 202.80294799804688, "right": 433.84771728515625, "bottom": 327.6168518066406}, {"class": "aeroplane", "prob": 0.9878101944923401, "left": 131.72052001953125, "top": 44.3648681640625, "right": 205.72735595703125, "bottom": 322.1711120605469}], "time": 21.95151400566101}
