{"im": 2783, "res": [{"class": "bird", "prob": 0.5909639000892639, "left": 132.3950653076172, "top": 66.75870513916016, "right": 151.3668975830078, "bottom": 81.9098129272461}], "time": 0.884253978729248}
