{"im": 255, "res": [{"class": "aeroplane", "prob": 0.9986312389373779, "left": 174.16851806640625, "top": 173.3681640625, "right": 259.3670654296875, "bottom": 289.60980224609375}, {"class": "aeroplane", "prob": 0.9781147837638855, "left": 0.0, "top": 177.721435546875, "right": 15.324440002441406, "bottom": 307.6506042480469}], "time": 21.56549620628357}
