{"im": 4018, "res": [{"class": "aeroplane", "prob": 0.9986886382102966, "left": 40.219390869140625, "top": 64.93797302246094, "right": 238.0582275390625, "bottom": 367.007080078125}, {"class": "aeroplane", "prob": 0.9054827690124512, "left": 4.997779846191406, "top": 113.84935760498047, "right": 78.0806884765625, "bottom": 355.7030029296875}], "time": 23.169903993606567}
