{"im": 426, "res": [{"class": "aeroplane", "prob": 0.9961913824081421, "left": 37.277862548828125, "top": 28.466751098632812, "right": 299.67718505859375, "bottom": 483.614501953125}, {"class": "aeroplane", "prob": 0.7604431509971619, "left": 0.0, "top": 444.08868408203125, "right": 87.89877319335938, "bottom": 496.845947265625}], "time": 21.689527988433838}
