{"im": 854, "res": [{"class": "aeroplane", "prob": 0.7999307513237, "left": 189.12152099609375, "top": 74.03693389892578, "right": 301.8264465332031, "bottom": 295.89447021484375}], "time": 0.8459179401397705}
