{"im": 4304, "res": [{"class": "pottedplant", "prob": 0.7308533191680908, "left": 29.32452392578125, "top": 20.62451171875, "right": 463.380615234375, "bottom": 356.3227844238281}], "time": 21.495082139968872}
