{"im": 4488, "res": [{"class": "aeroplane", "prob": 0.77588951587677, "left": 239.56324768066406, "top": 107.45753479003906, "right": 322.7998352050781, "bottom": 363.35406494140625}, {"class": "aeroplane", "prob": 0.6502467393875122, "left": 169.34286499023438, "top": 146.82550048828125, "right": 262.8786926269531, "bottom": 366.4981689453125}], "time": 0.8117752075195312}
