{"im": 2652, "res": [{"class": "bus", "prob": 0.9922165870666504, "left": 64.50608825683594, "top": 20.980575561523438, "right": 472.0670166015625, "bottom": 364.8101806640625}, {"class": "bird", "prob": 0.9591543674468994, "left": 0.0, "top": 158.13015747070312, "right": 78.19715881347656, "bottom": 332.93218994140625}], "time": 21.474937200546265}
