{"im": 3769, "res": [{"class": "aeroplane", "prob": 0.7562813758850098, "left": 96.09310913085938, "top": 81.08988952636719, "right": 416.9556579589844, "bottom": 366.4122314453125}], "time": 0.8677911758422852}
