{"im": 2666, "res": [{"class": "sofa", "prob": 0.8475083708763123, "left": 141.3549346923828, "top": 8.674459457397461, "right": 195.27317810058594, "bottom": 26.68492317199707}, {"class": "train", "prob": 0.6986973285675049, "left": 95.59501647949219, "top": 20.507659912109375, "right": 413.87158203125, "bottom": 286.6932678222656}], "time": 0.8391430377960205}
