{"im": 4722, "res": [{"class": "aeroplane", "prob": 0.916598916053772, "left": 443.57049560546875, "top": 167.48312377929688, "right": 496.772216796875, "bottom": 364.8955383300781}, {"class": "aeroplane", "prob": 0.8603028655052185, "left": 458.7123107910156, "top": 190.81723022460938, "right": 481.8382263183594, "bottom": 331.2488098144531}, {"class": "bus", "prob": 0.639830470085144, "left": 37.06913757324219, "top": 41.51007080078125, "right": 473.58172607421875, "bottom": 340.5438232421875}], "time": 0.8260858058929443}
