{"im": 2175, "res": [{"class": "aeroplane", "prob": 0.9983404874801636, "left": 273.0390319824219, "top": 0.272979736328125, "right": 500.0, "bottom": 375.0}, {"class": "aeroplane", "prob": 0.9894787669181824, "left": 29.893173217773438, "top": 83.65800476074219, "right": 306.72259521484375, "bottom": 362.13262939453125}], "time": 21.429099082946777}
