{"im": 1478, "res": [{"class": "bird", "prob": 0.5694304704666138, "left": 65.83937072753906, "top": 211.0706329345703, "right": 84.83529663085938, "bottom": 221.3910369873047}, {"class": "bird", "prob": 0.5684155821800232, "left": 11.953169822692871, "top": 213.27952575683594, "right": 30.374649047851562, "bottom": 220.98365783691406}], "time": 0.8955719470977783}
