{"im": 1228, "res": [{"class": "bird", "prob": 0.6984236240386963, "left": 0.0, "top": 3.2740020751953125, "right": 272.6581115722656, "bottom": 231.7126922607422}, {"class": "cat", "prob": 0.5176650881767273, "left": 0.0, "top": 3.2740020751953125, "right": 272.6581115722656, "bottom": 231.7126922607422}, {"class": "aeroplane", "prob": 0.9977145791053772, "left": 232.87460327148438, "top": 70.42593383789062, "right": 408.2582092285156, "bottom": 339.69683837890625}], "time": 21.092236042022705}
