{"im": 1232, "res": [{"class": "sheep", "prob": 0.921854555606842, "left": 0.0, "top": 0.0, "right": 500.0, "bottom": 337.16485595703125}], "time": 21.127233028411865}
