{"im": 3892, "res": [{"class": "sheep", "prob": 0.6701531410217285, "left": 176.44094848632812, "top": 168.2874298095703, "right": 305.10357666015625, "bottom": 365.13751220703125}], "time": 0.868502140045166}
