{"im": 4062, "res": [{"class": "person", "prob": 0.9990803003311157, "left": 111.96035766601562, "top": 15.701446533203125, "right": 445.7091979980469, "bottom": 348.7870788574219}], "time": 21.657225847244263}
