{"im": 4648, "res": [{"class": "aeroplane", "prob": 0.9965869784355164, "left": 69.90476989746094, "top": 89.67814636230469, "right": 237.1557159423828, "bottom": 368.14703369140625}, {"class": "aeroplane", "prob": 0.9898974895477295, "left": 244.86215209960938, "top": 113.79328155517578, "right": 468.3298034667969, "bottom": 366.006103515625}, {"class": "aeroplane", "prob": 0.9709579348564148, "left": 426.4408264160156, "top": 129.06558227539062, "right": 500.0, "bottom": 365.6473083496094}], "time": 21.385359048843384}
