{"im": 4345, "res": [{"class": "aeroplane", "prob": 0.9775276184082031, "left": 191.829345703125, "top": 162.81436157226562, "right": 227.77264404296875, "bottom": 195.24322509765625}], "time": 21.48775815963745}
