{"im": 32, "res": [{"class": "sofa", "prob": 0.9835747480392456, "left": 17.529075622558594, "top": 0.0, "right": 257.9801025390625, "bottom": 499.0}], "time": 21.59202814102173}
