{"im": 4760, "res": [{"class": "sheep", "prob": 0.9927374720573425, "left": 163.945556640625, "top": 61.44032287597656, "right": 375.0, "bottom": 430.60943603515625}], "time": 21.40643811225891}
