{"im": 1436, "res": [{"class": "sheep", "prob": 0.9986938834190369, "left": 281.85113525390625, "top": 40.46592712402344, "right": 380.46307373046875, "bottom": 225.3500518798828}, {"class": "sheep", "prob": 0.9985557794570923, "left": 70.34925079345703, "top": 118.12006378173828, "right": 226.05343627929688, "bottom": 300.8744201660156}], "time": 21.649587154388428}
