{"im": 1057, "res": [{"class": "aeroplane", "prob": 0.9649805426597595, "left": 104.90066528320312, "top": 0.0, "right": 450.9445495605469, "bottom": 375.0}], "time": 21.121594190597534}
