{"im": 966, "res": [{"class": "aeroplane", "prob": 0.996708869934082, "left": 24.031532287597656, "top": 129.96978759765625, "right": 230.41925048828125, "bottom": 485.3883056640625}], "time": 21.086622953414917}
