{"im": 2042, "res": [{"class": "bottle", "prob": 0.9893006086349487, "left": 27.1917724609375, "top": 55.6199836730957, "right": 302.26055908203125, "bottom": 147.86322021484375}, {"class": "bottle", "prob": 0.7992746233940125, "left": 307.197265625, "top": 112.88638305664062, "right": 448.50640869140625, "bottom": 163.26651000976562}], "time": 21.72969388961792}
