{"im": 619, "res": [{"class": "sheep", "prob": 0.9951198697090149, "left": 194.7635498046875, "top": 155.1222381591797, "right": 311.7266845703125, "bottom": 220.9331512451172}], "time": 21.697139024734497}
