{"im": 4701, "res": [{"class": "person", "prob": 0.9976100325584412, "left": 112.089599609375, "top": 34.28202819824219, "right": 456.89825439453125, "bottom": 296.64990234375}], "time": 21.434198141098022}
