{"im": 389, "res": [{"class": "aeroplane", "prob": 0.9924003481864929, "left": 235.4954376220703, "top": 119.2289047241211, "right": 413.861328125, "bottom": 317.4973449707031}, {"class": "aeroplane", "prob": 0.635169267654419, "left": 24.44683837890625, "top": 54.33879089355469, "right": 423.41717529296875, "bottom": 375.0}, {"class": "aeroplane", "prob": 0.8121260404586792, "left": 90.11412811279297, "top": 114.92707824707031, "right": 246.51849365234375, "bottom": 311.368408203125}], "time": 21.36720108985901}
