{"im": 1764, "res": [{"class": "bird", "prob": 0.969886064529419, "left": 120.1384048461914, "top": 217.796875, "right": 217.40133666992188, "bottom": 254.37252807617188}, {"class": "bird", "prob": 0.9276025295257568, "left": 152.6645050048828, "top": 220.53036499023438, "right": 189.1616973876953, "bottom": 245.51431274414062}, {"class": "cat", "prob": 0.8022579550743103, "left": 0.0, "top": 187.75863647460938, "right": 81.56546020507812, "bottom": 255.1517333984375}, {"class": "cat", "prob": 0.7457985877990723, "left": 21.90665054321289, "top": 195.58547973632812, "right": 62.83589553833008, "bottom": 246.1976318359375}], "time": 0.8416802883148193}
