{"im": 3459, "res": [{"class": "aeroplane", "prob": 0.9995829463005066, "left": 185.06198120117188, "top": 28.326217651367188, "right": 322.2898864746094, "bottom": 293.990966796875}, {"class": "bicycle", "prob": 0.9979498982429504, "left": 164.28640747070312, "top": 167.1398162841797, "right": 339.2852783203125, "bottom": 374.844482421875}], "time": 21.475449800491333}
