{"im": 4063, "res": [{"class": "sheep", "prob": 0.8269928693771362, "left": 67.17582702636719, "top": 21.634872436523438, "right": 488.5135498046875, "bottom": 369.185302734375}], "time": 21.729098081588745}
