{"im": 4726, "res": [{"class": "aeroplane", "prob": 0.9995909333229065, "left": 126.84780883789062, "top": 184.0288848876953, "right": 210.41116333007812, "bottom": 276.0896301269531}, {"class": "aeroplane", "prob": 0.9990126490592957, "left": 299.5877685546875, "top": 190.3300018310547, "right": 374.26519775390625, "bottom": 258.0163269042969}, {"class": "chair", "prob": 0.9698024988174438, "left": 29.255462646484375, "top": 250.71580505371094, "right": 454.031982421875, "bottom": 313.49737548828125}], "time": 21.479395151138306}
