{"im": 5028, "res": [{"class": "sofa", "prob": 0.795221209526062, "left": 10.65692138671875, "top": 45.85682678222656, "right": 269.6964111328125, "bottom": 245.3586883544922}, {"class": "aeroplane", "prob": 0.7656745910644531, "left": 231.77163696289062, "top": 48.394012451171875, "right": 246.91513061523438, "bottom": 81.6671142578125}], "time": 21.451430082321167}
