{"im": 175, "res": [{"class": "person", "prob": 0.7193611264228821, "left": 362.15509033203125, "top": 141.91079711914062, "right": 420.2525634765625, "bottom": 193.16873168945312}], "time": 21.655585765838623}
