{"im": 3584, "res": [{"class": "aeroplane", "prob": 0.9937127828598022, "left": 145.96316528320312, "top": 257.63104248046875, "right": 333.0, "bottom": 500.0}, {"class": "aeroplane", "prob": 0.9369198679924011, "left": 35.50416564941406, "top": 0.0, "right": 333.0, "bottom": 294.5951843261719}, {"class": "aeroplane", "prob": 0.9055236577987671, "left": 0.0, "top": 0.0, "right": 239.92648315429688, "bottom": 500.0}], "time": 21.530603170394897}
