{"im": 5580, "res": [{"class": "aeroplane", "prob": 0.9986846446990967, "left": 336.0256042480469, "top": 115.84436798095703, "right": 406.8488464355469, "bottom": 297.5477600097656}], "time": 21.294737100601196}
