{"im": 3286, "res": [{"class": "aeroplane", "prob": 0.9283150434494019, "left": 103.34596252441406, "top": 1.613189697265625, "right": 388.99029541015625, "bottom": 375.0}], "time": 21.913774251937866}
