{"im": 4706, "res": [{"class": "aeroplane", "prob": 0.5743046998977661, "left": 0.0, "top": 0.0, "right": 162.6038360595703, "bottom": 500.0}], "time": 21.432085037231445}
