{"im": 4241, "res": [{"class": "pottedplant", "prob": 0.985954761505127, "left": 0.2326812744140625, "top": 4.7051849365234375, "right": 319.63916015625, "bottom": 496.55084228515625}], "time": 21.647318840026855}
