{"im": 3830, "res": [{"class": "bottle", "prob": 0.9972195625305176, "left": 68.40243530273438, "top": 119.24452209472656, "right": 481.2226257324219, "bottom": 236.3908233642578}, {"class": "cat", "prob": 0.7240890860557556, "left": 60.219261169433594, "top": 224.95408630371094, "right": 130.37631225585938, "bottom": 243.8697967529297}], "time": 21.623313903808594}
