{"im": 2369, "res": [{"class": "aeroplane", "prob": 0.8883035182952881, "left": 333.3424072265625, "top": 29.265838623046875, "right": 463.55059814453125, "bottom": 347.2379455566406}], "time": 0.8472428321838379}
