{"im": 5501, "res": [{"class": "bicycle", "prob": 0.8884702920913696, "left": 60.142051696777344, "top": 366.4109191894531, "right": 246.48532104492188, "bottom": 493.7441101074219}], "time": 0.873234748840332}
