{"im": 3084, "res": [{"class": "bottle", "prob": 0.9990990161895752, "left": 0.0, "top": 39.21514892578125, "right": 500.0, "bottom": 233.59860229492188}], "time": 21.853973865509033}
