{"im": 519, "res": [{"class": "chair", "prob": 0.9191674590110779, "left": 105.39543914794922, "top": 209.79173278808594, "right": 195.46063232421875, "bottom": 251.34413146972656}], "time": 21.56193494796753}
