{"im": 5423, "res": [{"class": "bottle", "prob": 0.9938896894454956, "left": 0.0, "top": 30.9696044921875, "right": 459.073974609375, "bottom": 313.5188293457031}], "time": 21.446659088134766}
