{"im": 487, "res": [{"class": "aeroplane", "prob": 0.9916126132011414, "left": 0.0, "top": 61.09410095214844, "right": 234.94137573242188, "bottom": 374.239990234375}, {"class": "aeroplane", "prob": 0.8067151308059692, "left": 263.7161560058594, "top": 141.01412963867188, "right": 459.1694641113281, "bottom": 305.14251708984375}], "time": 21.591198921203613}
