{"im": 3219, "res": [{"class": "sheep", "prob": 0.9144520163536072, "left": 167.37684631347656, "top": 95.38455200195312, "right": 467.49688720703125, "bottom": 333.0}, {"class": "bird", "prob": 0.5851259827613831, "left": 3.1695709228515625, "top": 0.0, "right": 131.46084594726562, "bottom": 59.81235122680664}, {"class": "bird", "prob": 0.5407235622406006, "left": 35.593807220458984, "top": 8.564014434814453, "right": 101.52157592773438, "bottom": 49.926055908203125}], "time": 0.8674380779266357}
