{"im": 2385, "res": [{"class": "car", "prob": 0.9955769777297974, "left": 89.66069030761719, "top": 136.3140106201172, "right": 416.4022216796875, "bottom": 325.70672607421875}], "time": 21.458811044692993}
