{"im": 1266, "res": [{"class": "pottedplant", "prob": 0.8582533597946167, "left": 77.76712799072266, "top": 0.9847259521484375, "right": 325.4806213378906, "bottom": 326.97003173828125}, {"class": "pottedplant", "prob": 0.6984654664993286, "left": 111.19264221191406, "top": 4.8592376708984375, "right": 486.80108642578125, "bottom": 365.26495361328125}], "time": 21.398542881011963}
