{"im": 148, "res": [{"class": "aeroplane", "prob": 0.9666787981987, "left": 284.2385559082031, "top": 146.91342163085938, "right": 445.5793151855469, "bottom": 325.7250671386719}, {"class": "bird", "prob": 0.5085936188697815, "left": 48.25551223754883, "top": 67.99272155761719, "right": 148.23321533203125, "bottom": 117.65382385253906}], "time": 1.2870349884033203}
