{"im": 2646, "res": [{"class": "aeroplane", "prob": 0.8756504058837891, "left": 317.1827392578125, "top": 2.5030517578125, "right": 396.44122314453125, "bottom": 118.5912857055664}, {"class": "aeroplane", "prob": 0.8082090020179749, "left": 336.79931640625, "top": 24.625137329101562, "right": 369.45458984375, "bottom": 103.86761474609375}], "time": 0.8355588912963867}
