{"im": 4883, "res": [{"class": "sheep", "prob": 0.5882887840270996, "left": 66.44406127929688, "top": 82.605224609375, "right": 431.14739990234375, "bottom": 373.3658447265625}], "time": 1.2353787422180176}
