{"im": 3713, "res": [{"class": "bus", "prob": 0.9998553991317749, "left": 61.550048828125, "top": 73.21257019042969, "right": 398.0074768066406, "bottom": 290.1343994140625}, {"class": "bird", "prob": 0.9672099351882935, "left": 0.0, "top": 182.15408325195312, "right": 50.101951599121094, "bottom": 226.02703857421875}, {"class": "bird", "prob": 0.5884796977043152, "left": 464.00579833984375, "top": 161.5806884765625, "right": 499.98699951171875, "bottom": 182.28988647460938}, {"class": "aeroplane", "prob": 0.7842835783958435, "left": 323.5334777832031, "top": 137.52810668945312, "right": 367.4865417480469, "bottom": 174.22891235351562}], "time": 21.533331871032715}
