{"im": 2630, "res": [{"class": "bird", "prob": 0.9982850551605225, "left": 17.17181396484375, "top": 279.84381103515625, "right": 326.5097961425781, "bottom": 448.362548828125}, {"class": "boat", "prob": 0.5344562530517578, "left": 65.61943054199219, "top": 291.0758972167969, "right": 102.37486267089844, "bottom": 327.5475769042969}], "time": 21.451467990875244}
