{"im": 4271, "res": [{"class": "train", "prob": 0.7666568756103516, "left": 215.56024169921875, "top": 343.09521484375, "right": 241.21978759765625, "bottom": 365.4990234375}, {"class": "train", "prob": 0.6784300208091736, "left": 215.19332885742188, "top": 327.3583068847656, "right": 230.17196655273438, "bottom": 341.6997375488281}], "time": 0.8362922668457031}
