{"im": 2336, "res": [{"class": "sheep", "prob": 0.7735693454742432, "left": 258.1865539550781, "top": 192.0583953857422, "right": 302.0569152832031, "bottom": 291.702880859375}, {"class": "aeroplane", "prob": 0.9973796606063843, "left": 126.83033752441406, "top": 2.4794692993164062, "right": 231.21055603027344, "bottom": 181.68319702148438}, {"class": "bicycle", "prob": 0.9786807298660278, "left": 207.25762939453125, "top": 34.258262634277344, "right": 295.2498779296875, "bottom": 227.27685546875}], "time": 21.44444513320923}
