{"im": 4212, "res": [{"class": "sheep", "prob": 0.872791051864624, "left": 47.990692138671875, "top": 85.45744323730469, "right": 497.3000183105469, "bottom": 344.67388916015625}], "time": 21.63458776473999}
