{"im": 3996, "res": [{"class": "tvmonitor", "prob": 0.8286712169647217, "left": 144.38958740234375, "top": 117.22276306152344, "right": 354.0483093261719, "bottom": 316.9810791015625}], "time": 0.9024848937988281}
