{"im": 109, "res": [{"class": "aeroplane", "prob": 0.5130435824394226, "left": 44.47798156738281, "top": 160.58236694335938, "right": 212.66871643066406, "bottom": 428.2990417480469}], "time": 1.7096760272979736}
