{"im": 4744, "res": [{"class": "bird", "prob": 0.5027815699577332, "left": 14.729782104492188, "top": 122.72303009033203, "right": 489.48907470703125, "bottom": 264.9038391113281}], "time": 0.876136064529419}
