{"im": 2499, "res": [{"class": "aeroplane", "prob": 0.9997205138206482, "left": 255.26828002929688, "top": 108.95211791992188, "right": 366.5661926269531, "bottom": 365.9107666015625}], "time": 21.40814208984375}
