{"im": 3963, "res": [{"class": "aeroplane", "prob": 0.9977486729621887, "left": 5.4185791015625, "top": 0.7870635986328125, "right": 389.0264587402344, "bottom": 322.91705322265625}, {"class": "chair", "prob": 0.5969974398612976, "left": 37.28083038330078, "top": 123.6530990600586, "right": 64.05210876464844, "bottom": 139.1190948486328}], "time": 21.55431079864502}
