{"im": 3147, "res": [{"class": "aeroplane", "prob": 0.9998533725738525, "left": 102.41521453857422, "top": 132.1982421875, "right": 277.72650146484375, "bottom": 482.73846435546875}], "time": 22.09158205986023}
