{"im": 1677, "res": [{"class": "bottle", "prob": 0.9986832737922668, "left": 21.101181030273438, "top": 120.24391174316406, "right": 378.326171875, "bottom": 224.0238800048828}, {"class": "aeroplane", "prob": 0.939003050327301, "left": 267.1040954589844, "top": 158.62217712402344, "right": 277.2090759277344, "bottom": 173.4464569091797}, {"class": "aeroplane", "prob": 0.5227837562561035, "left": 278.8272399902344, "top": 159.94473266601562, "right": 289.7106628417969, "bottom": 172.67416381835938}], "time": 22.142226219177246}
