{"im": 3625, "res": [{"class": "person", "prob": 0.9983477592468262, "left": 123.44576263427734, "top": 68.13594818115234, "right": 279.8187561035156, "bottom": 313.56024169921875}], "time": 21.544990301132202}
