{"im": 861, "res": [{"class": "pottedplant", "prob": 0.870130717754364, "left": 36.977935791015625, "top": 5.0988006591796875, "right": 466.2903747558594, "bottom": 328.6446533203125}], "time": 20.969966888427734}
