{"im": 479, "res": [{"class": "aeroplane", "prob": 0.5404119491577148, "left": 288.2294921875, "top": 101.84187316894531, "right": 311.68475341796875, "bottom": 146.17514038085938}, {"class": "aeroplane", "prob": 0.5238127112388611, "left": 196.45718383789062, "top": 104.01345825195312, "right": 217.36917114257812, "bottom": 145.96583557128906}, {"class": "aeroplane", "prob": 0.5120572447776794, "left": 134.59169006347656, "top": 144.2322998046875, "right": 162.17713928222656, "bottom": 177.21865844726562}], "time": 0.8330450057983398}
