{"im": 2323, "res": [{"class": "aeroplane", "prob": 0.9106777310371399, "left": 76.42868041992188, "top": 223.9266357421875, "right": 92.10472106933594, "bottom": 258.4389343261719}, {"class": "bird", "prob": 0.5845030546188354, "left": 198.12025451660156, "top": 201.45880126953125, "right": 448.71563720703125, "bottom": 289.0478210449219}, {"class": "aeroplane", "prob": 0.7685175538063049, "left": 306.6231689453125, "top": 236.39918518066406, "right": 330.4898681640625, "bottom": 276.73583984375}, {"class": "aeroplane", "prob": 0.6115312576293945, "left": 57.915348052978516, "top": 226.70443725585938, "right": 73.39730834960938, "bottom": 256.5064697265625}], "time": 0.853020191192627}
