{"im": 3218, "res": [{"class": "aeroplane", "prob": 0.9664474129676819, "left": 0.0, "top": 4.5439910888671875, "right": 350.5254821777344, "bottom": 497.72467041015625}], "time": 21.854515075683594}
