{"im": 5325, "res": [{"class": "sheep", "prob": 0.5740330815315247, "left": 287.0763244628906, "top": 213.47842407226562, "right": 340.3544006347656, "bottom": 244.32083129882812}, {"class": "train", "prob": 0.8621737957000732, "left": 287.0763244628906, "top": 213.47842407226562, "right": 340.3544006347656, "bottom": 244.32083129882812}, {"class": "train", "prob": 0.5680295825004578, "left": 484.1761474609375, "top": 45.80180740356445, "right": 500.0, "bottom": 64.44561004638672}], "time": 22.6602041721344}
