{"im": 2926, "res": [{"class": "aeroplane", "prob": 0.8625116944313049, "left": 85.20018005371094, "top": 167.66587829589844, "right": 269.337646484375, "bottom": 372.8028564453125}], "time": 0.8668971061706543}
