{"im": 1487, "res": [{"class": "car", "prob": 0.9996106624603271, "left": 37.35581970214844, "top": 79.16796112060547, "right": 397.83746337890625, "bottom": 239.49490356445312}], "time": 21.618442058563232}
