{"im": 1078, "res": [{"class": "sofa", "prob": 0.9643638730049133, "left": 125.402099609375, "top": 33.40374755859375, "right": 278.5382080078125, "bottom": 108.45692443847656}, {"class": "sofa", "prob": 0.8880560994148254, "left": 164.08163452148438, "top": 42.82807159423828, "right": 241.20001220703125, "bottom": 94.5426254272461}], "time": 1.0507373809814453}
