{"im": 4444, "res": [{"class": "sheep", "prob": 0.8184030652046204, "left": 161.33628845214844, "top": 150.89755249023438, "right": 335.46612548828125, "bottom": 281.3178405761719}], "time": 0.8768520355224609}
