{"im": 4267, "res": [{"class": "train", "prob": 0.7802684307098389, "left": 411.7628173828125, "top": 72.39755249023438, "right": 448.6995849609375, "bottom": 96.05462646484375}], "time": 0.8780307769775391}
