{"im": 2200, "res": [{"class": "chair", "prob": 0.5972211360931396, "left": 208.9888153076172, "top": 173.47164916992188, "right": 356.2578125, "bottom": 257.77423095703125}], "time": 0.8381221294403076}
