{"im": 316, "res": [{"class": "aeroplane", "prob": 0.997195839881897, "left": 81.92999267578125, "top": 146.52249145507812, "right": 182.54440307617188, "bottom": 364.6656188964844}], "time": 21.814818859100342}
