{"im": 2982, "res": [{"class": "car", "prob": 0.5027395486831665, "left": 75.82685852050781, "top": 106.15364837646484, "right": 380.31085205078125, "bottom": 311.9292297363281}], "time": 0.8335998058319092}
