{"im": 309, "res": [{"class": "aeroplane", "prob": 0.704269528388977, "left": 197.82327270507812, "top": 71.39227294921875, "right": 399.6108703613281, "bottom": 239.83737182617188}], "time": 21.615917921066284}
