{"im": 295, "res": [{"class": "aeroplane", "prob": 0.9988124966621399, "left": 40.934593200683594, "top": 47.376312255859375, "right": 248.00265502929688, "bottom": 330.9005432128906}, {"class": "aeroplane", "prob": 0.991860568523407, "left": 234.61599731445312, "top": 96.99652099609375, "right": 376.4797668457031, "bottom": 333.0}, {"class": "aeroplane", "prob": 0.5193604230880737, "left": 22.73342514038086, "top": 8.666336059570312, "right": 98.15693664550781, "bottom": 323.13873291015625}], "time": 21.604897022247314}
