{"im": 2037, "res": [{"class": "aeroplane", "prob": 0.978503942489624, "left": 12.654876708984375, "top": 12.459197998046875, "right": 426.76824951171875, "bottom": 325.0254821777344}, {"class": "person", "prob": 0.9269382953643799, "left": 188.424072265625, "top": 31.643714904785156, "right": 431.92352294921875, "bottom": 250.77194213867188}], "time": 21.654779195785522}
