{"im": 4352, "res": [{"class": "train", "prob": 0.9705546498298645, "left": 47.50946044921875, "top": 57.32472229003906, "right": 500.0, "bottom": 322.17559814453125}], "time": 21.40344500541687}
