{"im": 2147, "res": [{"class": "aeroplane", "prob": 0.9724853038787842, "left": 78.97854614257812, "top": 75.478515625, "right": 421.1186828613281, "bottom": 370.82647705078125}], "time": 23.67639398574829}
