{"im": 5089, "res": [{"class": "bottle", "prob": 0.9943807721138, "left": 4.9514312744140625, "top": 75.23567962646484, "right": 481.99713134765625, "bottom": 249.8839111328125}], "time": 21.39998483657837}
