{"im": 560, "res": [{"class": "aeroplane", "prob": 0.8517619967460632, "left": 30.93817138671875, "top": 64.21632385253906, "right": 231.27951049804688, "bottom": 375.0}, {"class": "aeroplane", "prob": 0.5750856995582581, "left": 393.5629577636719, "top": 91.138916015625, "right": 500.0, "bottom": 371.1406555175781}], "time": 0.8443868160247803}
