{"im": 727, "res": [{"class": "aeroplane", "prob": 0.7703761458396912, "left": 34.61399841308594, "top": 103.95140075683594, "right": 312.2921142578125, "bottom": 372.0364990234375}, {"class": "aeroplane", "prob": 0.9080744385719299, "left": 189.5926513671875, "top": 128.50628662109375, "right": 465.32684326171875, "bottom": 365.85260009765625}, {"class": "aeroplane", "prob": 0.7740285396575928, "left": 0.0, "top": 95.37655639648438, "right": 196.14353942871094, "bottom": 348.4194641113281}], "time": 21.710500717163086}
