{"im": 2176, "res": [{"class": "person", "prob": 0.9041743874549866, "left": 77.51732635498047, "top": 50.24500274658203, "right": 277.220703125, "bottom": 248.42694091796875}], "time": 21.40252423286438}
