{"im": 1551, "res": [{"class": "aeroplane", "prob": 0.9954517483711243, "left": 201.9922637939453, "top": 65.49949645996094, "right": 265.146240234375, "bottom": 208.7433319091797}], "time": 21.65839195251465}
