{"im": 1638, "res": [{"class": "pottedplant", "prob": 0.7537363171577454, "left": 149.06837463378906, "top": 38.78678894042969, "right": 468.52862548828125, "bottom": 353.25970458984375}], "time": 21.655952215194702}
