{"im": 4792, "res": [{"class": "sheep", "prob": 0.935267448425293, "left": 175.25656127929688, "top": 93.66911315917969, "right": 487.5169372558594, "bottom": 348.58673095703125}], "time": 22.67815399169922}
