{"im": 1971, "res": [{"class": "aeroplane", "prob": 0.9947562217712402, "left": 62.77281188964844, "top": 0.0, "right": 271.03070068359375, "bottom": 500.0}], "time": 21.884581804275513}
