{"im": 4201, "res": [{"class": "sheep", "prob": 0.9745239019393921, "left": 66.33964538574219, "top": 2.591339111328125, "right": 375.0, "bottom": 500.0}], "time": 21.63127613067627}
