{"im": 3018, "res": [{"class": "sheep", "prob": 0.8984954357147217, "left": 111.67064666748047, "top": 34.85938262939453, "right": 319.0259704589844, "bottom": 260.41595458984375}, {"class": "sheep", "prob": 0.7017424702644348, "left": 364.92950439453125, "top": 50.210487365722656, "right": 469.59906005859375, "bottom": 177.51486206054688}], "time": 0.9027669429779053}
