{"im": 496, "res": [{"class": "aeroplane", "prob": 0.8473424315452576, "left": 56.70375061035156, "top": 23.760482788085938, "right": 434.01129150390625, "bottom": 384.1195068359375}, {"class": "aeroplane", "prob": 0.8056014776229858, "left": 11.507789611816406, "top": 46.49462890625, "right": 85.10811614990234, "bottom": 152.90203857421875}], "time": 21.54089069366455}
