{"im": 1985, "res": [{"class": "pottedplant", "prob": 0.678938090801239, "left": 28.036392211914062, "top": 170.51300048828125, "right": 306.5205078125, "bottom": 326.14312744140625}], "time": 0.854921817779541}
