{"im": 3725, "res": [{"class": "bottle", "prob": 0.6013289093971252, "left": 55.104095458984375, "top": 140.62725830078125, "right": 432.2572937011719, "bottom": 240.11376953125}], "time": 21.506886959075928}
