{"im": 3579, "res": [{"class": "aeroplane", "prob": 0.9987689852714539, "left": 213.6045379638672, "top": 137.74453735351562, "right": 319.17974853515625, "bottom": 240.84860229492188}], "time": 21.531813859939575}
