{"im": 2075, "res": [{"class": "dog", "prob": 0.9468432664871216, "left": 103.89993286132812, "top": 27.39621353149414, "right": 130.0887908935547, "bottom": 48.81132125854492}, {"class": "dog", "prob": 0.5044591426849365, "left": 110.66661071777344, "top": 26.297866821289062, "right": 125.18855285644531, "bottom": 52.56562042236328}], "time": 0.8316311836242676}
