{"im": 3482, "res": [{"class": "tvmonitor", "prob": 0.9921115040779114, "left": 103.03990173339844, "top": 14.075912475585938, "right": 458.10003662109375, "bottom": 330.34588623046875}], "time": 21.519316911697388}
