{"im": 1442, "res": [{"class": "aeroplane", "prob": 0.82200688123703, "left": 151.0808563232422, "top": 72.9725341796875, "right": 251.27317810058594, "bottom": 313.21295166015625}, {"class": "aeroplane", "prob": 0.7930955290794373, "left": 282.4441223144531, "top": 90.97990417480469, "right": 435.6247863769531, "bottom": 371.129638671875}, {"class": "bicycle", "prob": 0.6493120789527893, "left": 65.87525939941406, "top": 173.01010131835938, "right": 284.08685302734375, "bottom": 374.1361999511719}, {"class": "aeroplane", "prob": 0.5993196964263916, "left": 57.87174987792969, "top": 87.23656463623047, "right": 145.64674377441406, "bottom": 286.4354553222656}], "time": 0.8713960647583008}
