{"im": 4236, "res": [{"class": "boat", "prob": 0.9970294833183289, "left": 142.18789672851562, "top": 131.28448486328125, "right": 347.2971496582031, "bottom": 265.8150329589844}, {"class": "aeroplane", "prob": 0.9967144727706909, "left": 198.74716186523438, "top": 96.69782257080078, "right": 292.3072814941406, "bottom": 237.9381103515625}], "time": 21.68718123435974}
