{"im": 4636, "res": [{"class": "train", "prob": 0.9529368877410889, "left": 182.10377502441406, "top": 30.708221435546875, "right": 319.23626708984375, "bottom": 327.24505615234375}, {"class": "train", "prob": 0.9677623510360718, "left": 329.5008239746094, "top": 151.30206298828125, "right": 500.0, "bottom": 330.9305419921875}, {"class": "train", "prob": 0.909359872341156, "left": 285.6732482910156, "top": 207.40516662597656, "right": 420.1980895996094, "bottom": 335.52789306640625}, {"class": "train", "prob": 0.5559582114219666, "left": 0.0, "top": 128.24496459960938, "right": 49.23051071166992, "bottom": 336.79034423828125}], "time": 21.372389316558838}
