{"im": 2391, "res": [{"class": "bus", "prob": 0.9994015693664551, "left": 115.8876953125, "top": 95.89420318603516, "right": 390.3609619140625, "bottom": 235.14208984375}], "time": 21.447606086730957}
