{"im": 758, "res": [{"class": "aeroplane", "prob": 0.9975769519805908, "left": 277.8114318847656, "top": 152.56382751464844, "right": 332.5720520019531, "bottom": 255.56544494628906}, {"class": "aeroplane", "prob": 0.9963290095329285, "left": 448.1269836425781, "top": 149.33551025390625, "right": 488.4281921386719, "bottom": 270.92010498046875}, {"class": "aeroplane", "prob": 0.9955615401268005, "left": 319.9552307128906, "top": 132.84524536132812, "right": 359.7728576660156, "bottom": 250.47854614257812}, {"class": "aeroplane", "prob": 0.5610962510108948, "left": 299.8568115234375, "top": 133.67230224609375, "right": 327.43463134765625, "bottom": 172.31292724609375}], "time": 21.711950302124023}
