{"im": 4494, "res": [{"class": "bottle", "prob": 0.9986965656280518, "left": 33.33238220214844, "top": 0.0, "right": 500.0, "bottom": 182.8162841796875}, {"class": "bird", "prob": 0.7334331274032593, "left": 162.70559692382812, "top": 172.34024047851562, "right": 211.85736083984375, "bottom": 204.01947021484375}, {"class": "cat", "prob": 0.5563095211982727, "left": 0.0, "top": 124.74483489990234, "right": 98.10751342773438, "bottom": 260.4017333984375}, {"class": "cat", "prob": 0.5200014710426331, "left": 259.3543701171875, "top": 169.1288299560547, "right": 305.604736328125, "bottom": 192.90516662597656}], "time": 21.379448890686035}
