{"im": 4860, "res": [{"class": "train", "prob": 0.869658887386322, "left": 260.2314758300781, "top": 147.31686401367188, "right": 394.1861267089844, "bottom": 275.0892639160156}, {"class": "train", "prob": 0.6711810231208801, "left": 181.04959106445312, "top": 169.9129180908203, "right": 324.78515625, "bottom": 295.1939392089844}, {"class": "train", "prob": 0.5047388672828674, "left": 10.381950378417969, "top": 180.86285400390625, "right": 190.90652465820312, "bottom": 308.862548828125}], "time": 21.376828908920288}
