{"im": 827, "res": [{"class": "aeroplane", "prob": 0.9613180756568909, "left": 82.83566284179688, "top": 38.435302734375, "right": 201.63088989257812, "bottom": 349.3028564453125}, {"class": "aeroplane", "prob": 0.6031761765480042, "left": 283.4814453125, "top": 103.19178771972656, "right": 302.6875, "bottom": 136.97206115722656}], "time": 0.8438608646392822}
