{"im": 3411, "res": [{"class": "chair", "prob": 0.9835472702980042, "left": 355.81304931640625, "top": 166.72450256347656, "right": 429.69171142578125, "bottom": 201.35374450683594}, {"class": "chair", "prob": 0.9812391400337219, "left": 246.62496948242188, "top": 217.1243896484375, "right": 352.7427062988281, "bottom": 241.604248046875}, {"class": "chair", "prob": 0.6849063634872437, "left": 36.80594253540039, "top": 154.722412109375, "right": 66.24903869628906, "bottom": 198.80996704101562}], "time": 21.555989027023315}
