{"im": 3233, "res": [{"class": "sheep", "prob": 0.5647728443145752, "left": 165.8216552734375, "top": 220.70736694335938, "right": 311.2941589355469, "bottom": 418.0674743652344}], "time": 1.2173919677734375}
