{"im": 4140, "res": [{"class": "train", "prob": 0.9100621342658997, "left": 170.99522399902344, "top": 146.97262573242188, "right": 231.48439025878906, "bottom": 301.3056945800781}], "time": 22.664813995361328}
