{"im": 259, "res": [{"class": "chair", "prob": 0.9893122911453247, "left": 88.02873229980469, "top": 117.90632629394531, "right": 471.2186279296875, "bottom": 210.1079559326172}], "time": 21.535566091537476}
