{"im": 3649, "res": [{"class": "sofa", "prob": 0.5704847574234009, "left": 179.3916473388672, "top": 61.79838562011719, "right": 488.150390625, "bottom": 332.0}], "time": 0.9703750610351562}
