{"im": 9, "res": [{"class": "aeroplane", "prob": 0.5820740461349487, "left": 9.418453216552734, "top": 154.15020751953125, "right": 98.23173522949219, "bottom": 281.06524658203125}], "time": 0.858842134475708}
