{"im": 3440, "res": [{"class": "person", "prob": 0.9991980195045471, "left": 71.63226318359375, "top": 26.478591918945312, "right": 284.8843994140625, "bottom": 336.85369873046875}, {"class": "person", "prob": 0.9113857746124268, "left": 182.22061157226562, "top": 85.70549774169922, "right": 476.8075256347656, "bottom": 322.00213623046875}], "time": 22.75796675682068}
