{"im": 459, "res": [{"class": "aeroplane", "prob": 0.9726876020431519, "left": 163.03836059570312, "top": 86.7560043334961, "right": 349.4542541503906, "bottom": 270.7969970703125}], "time": 21.763634204864502}
