{"im": 1297, "res": [{"class": "aeroplane", "prob": 0.9903016090393066, "left": 294.5936279296875, "top": 144.45730590820312, "right": 326.7685546875, "bottom": 195.62228393554688}], "time": 21.330893993377686}
