{"im": 463, "res": [{"class": "aeroplane", "prob": 0.9998094439506531, "left": 226.13754272460938, "top": 170.9973602294922, "right": 304.6108703613281, "bottom": 267.5570068359375}, {"class": "aeroplane", "prob": 0.9992015361785889, "left": 193.189453125, "top": 178.10696411132812, "right": 232.8331298828125, "bottom": 270.9411315917969}, {"class": "aeroplane", "prob": 0.9976966381072998, "left": 16.293535232543945, "top": 71.63992309570312, "right": 52.84465026855469, "bottom": 156.70205688476562}, {"class": "aeroplane", "prob": 0.9929677844047546, "left": 398.12628173828125, "top": 28.15270233154297, "right": 425.80450439453125, "bottom": 93.39201354980469}], "time": 21.691046953201294}
