{"im": 5196, "res": [{"class": "bus", "prob": 0.9990073442459106, "left": 270.8866882324219, "top": 113.62107849121094, "right": 449.7876892089844, "bottom": 205.8061981201172}], "time": 21.486758947372437}
