{"im": 234, "res": [{"class": "aeroplane", "prob": 0.9948682188987732, "left": 123.19571685791016, "top": 87.63327026367188, "right": 336.6539306640625, "bottom": 356.7209777832031}], "time": 21.4964599609375}
