{"im": 1367, "res": [{"class": "pottedplant", "prob": 0.9807502031326294, "left": 10.490859985351562, "top": 94.14522552490234, "right": 447.7716064453125, "bottom": 319.8867492675781}], "time": 21.622370958328247}
