{"im": 5707, "res": [{"class": "car", "prob": 0.7794056534767151, "left": 157.13180541992188, "top": 99.46601867675781, "right": 408.5793762207031, "bottom": 227.74571228027344}, {"class": "car", "prob": 0.5564616322517395, "left": 1.9699516296386719, "top": 132.05345153808594, "right": 113.79515075683594, "bottom": 255.40089416503906}], "time": 0.879218339920044}
