{"im": 1524, "res": [{"class": "aeroplane", "prob": 0.8452683687210083, "left": 331.038330078125, "top": 227.48696899414062, "right": 337.09588623046875, "bottom": 252.86227416992188}], "time": 0.8817460536956787}
