{"im": 4331, "res": [{"class": "pottedplant", "prob": 0.9575021266937256, "left": 3.823974609375, "top": 68.73884582519531, "right": 443.6390075683594, "bottom": 362.1490478515625}], "time": 22.194154977798462}
