{"im": 5272, "res": [{"class": "aeroplane", "prob": 0.8605995178222656, "left": 2.4357986450195312, "top": 150.17611694335938, "right": 193.49609375, "bottom": 375.0}, {"class": "aeroplane", "prob": 0.5141740441322327, "left": 314.91009521484375, "top": 51.66111755371094, "right": 494.37799072265625, "bottom": 262.55035400390625}], "time": 1.0361957550048828}
