{"im": 4192, "res": [{"class": "aeroplane", "prob": 0.7667370438575745, "left": 3.14434814453125, "top": 74.6304931640625, "right": 268.38555908203125, "bottom": 371.89056396484375}], "time": 0.8504359722137451}
