{"im": 4297, "res": [{"class": "person", "prob": 0.9990426898002625, "left": 149.50997924804688, "top": 28.99462890625, "right": 240.72543334960938, "bottom": 300.93096923828125}, {"class": "person", "prob": 0.9950704574584961, "left": 71.35115051269531, "top": 263.9248962402344, "right": 159.3811798095703, "bottom": 363.1385192871094}, {"class": "person", "prob": 0.9961099624633789, "left": 294.97186279296875, "top": 91.23568725585938, "right": 376.593505859375, "bottom": 145.6453857421875}], "time": 22.530277967453003}
