{"im": 2221, "res": [{"class": "sofa", "prob": 0.9988856315612793, "left": 146.89308166503906, "top": 76.55199432373047, "right": 340.2017822265625, "bottom": 250.20126342773438}], "time": 0.8217988014221191}
