{"im": 2593, "res": [{"class": "pottedplant", "prob": 0.9671727418899536, "left": 153.77452087402344, "top": 7.266143798828125, "right": 389.23291015625, "bottom": 333.0}], "time": 21.63732624053955}
