{"im": 2239, "res": [{"class": "aeroplane", "prob": 0.9974464178085327, "left": 0.0, "top": 63.14501953125, "right": 357.02850341796875, "bottom": 499.1754150390625}], "time": 21.498023986816406}
