{"im": 1625, "res": [{"class": "pottedplant", "prob": 0.7839242219924927, "left": 102.41670227050781, "top": 105.30839538574219, "right": 455.8482666015625, "bottom": 286.24755859375}], "time": 21.746376037597656}
