{"im": 3012, "res": [{"class": "tvmonitor", "prob": 0.9994975924491882, "left": 41.44700622558594, "top": 59.64122009277344, "right": 470.454345703125, "bottom": 315.98779296875}], "time": 21.827680826187134}
