{"im": 2358, "res": [{"class": "bus", "prob": 0.998149037361145, "left": 147.61383056640625, "top": 168.3976287841797, "right": 393.14727783203125, "bottom": 266.7423095703125}, {"class": "aeroplane", "prob": 0.9969138503074646, "left": 68.68468475341797, "top": 205.49610900878906, "right": 81.96382904052734, "bottom": 244.31605529785156}, {"class": "bus", "prob": 0.9718943238258362, "left": 414.5389099121094, "top": 179.8187255859375, "right": 500.0, "bottom": 245.0802001953125}, {"class": "bus", "prob": 0.5495270490646362, "left": 82.23460388183594, "top": 185.23245239257812, "right": 137.29981994628906, "bottom": 239.92068481445312}], "time": 21.551716089248657}
