{"im": 3925, "res": [{"class": "aeroplane", "prob": 0.9995837807655334, "left": 268.9661560058594, "top": 0.0, "right": 500.0, "bottom": 411.0}, {"class": "bicycle", "prob": 0.9551488757133484, "left": 129.93203735351562, "top": 70.26434326171875, "right": 432.4879455566406, "bottom": 400.3022766113281}], "time": 21.62224316596985}
