{"im": 1115, "res": [{"class": "sheep", "prob": 0.644798755645752, "left": 88.3970947265625, "top": 10.175033569335938, "right": 324.6739196777344, "bottom": 199.91453552246094}], "time": 21.07824420928955}
