{"im": 1019, "res": [{"class": "bird", "prob": 0.9868696331977844, "left": 63.57752990722656, "top": 117.08844757080078, "right": 406.41046142578125, "bottom": 222.95834350585938}, {"class": "bird", "prob": 0.761766791343689, "left": 404.9001770019531, "top": 1.702286720275879, "right": 500.0, "bottom": 16.634353637695312}], "time": 21.07168412208557}
