{"im": 3600, "res": [{"class": "car", "prob": 0.6580633521080017, "left": 356.8539733886719, "top": 70.66572570800781, "right": 498.4703674316406, "bottom": 206.28492736816406}], "time": 0.8410241603851318}
