{"im": 620, "res": [{"class": "aeroplane", "prob": 0.6493238210678101, "left": 465.4306335449219, "top": 225.50897216796875, "right": 478.9309387207031, "bottom": 244.27166748046875}], "time": 0.8618621826171875}
