{"im": 1834, "res": [{"class": "aeroplane", "prob": 0.9990942478179932, "left": 103.54859924316406, "top": 87.75993347167969, "right": 257.2496337890625, "bottom": 403.08221435546875}, {"class": "boat", "prob": 0.6201792359352112, "left": 117.11012268066406, "top": 198.80197143554688, "right": 250.8522491455078, "bottom": 449.6719665527344}], "time": 21.684831857681274}
