{"im": 4298, "res": [{"class": "aeroplane", "prob": 0.7099545001983643, "left": 0.0, "top": 163.224365234375, "right": 180.40695190429688, "bottom": 371.84967041015625}], "time": 22.104790210723877}
