{"im": 4859, "res": [{"class": "aeroplane", "prob": 0.9919430613517761, "left": 145.20343017578125, "top": 174.682861328125, "right": 208.25872802734375, "bottom": 366.674560546875}, {"class": "aeroplane", "prob": 0.988166332244873, "left": 163.1195831298828, "top": 209.92071533203125, "right": 191.8524627685547, "bottom": 336.61126708984375}, {"class": "bus", "prob": 0.8928949236869812, "left": 59.34114074707031, "top": 83.99061584472656, "right": 424.1082763671875, "bottom": 336.32537841796875}], "time": 0.8267748355865479}
