{"im": 2066, "res": [{"class": "boat", "prob": 0.919967770576477, "left": 231.65191650390625, "top": 181.41563415527344, "right": 400.52227783203125, "bottom": 324.071533203125}, {"class": "aeroplane", "prob": 0.8180440664291382, "left": 299.39202880859375, "top": 155.97042846679688, "right": 336.19366455078125, "bottom": 268.1076965332031}, {"class": "bird", "prob": 0.7195208668708801, "left": 218.69305419921875, "top": 124.54845428466797, "right": 235.73297119140625, "bottom": 138.20057678222656}, {"class": "aeroplane", "prob": 0.7032605409622192, "left": 280.9200439453125, "top": 148.65029907226562, "right": 369.847900390625, "bottom": 284.672607421875}], "time": 0.8543882369995117}
