{"im": 2144, "res": [{"class": "tvmonitor", "prob": 0.9887802004814148, "left": 48.08204650878906, "top": 20.560043334960938, "right": 412.041015625, "bottom": 327.6072998046875}, {"class": "tvmonitor", "prob": 0.7457448244094849, "left": 5.037023544311523, "top": 159.60073852539062, "right": 28.439355850219727, "bottom": 187.49948120117188}], "time": 22.61623501777649}
