{"im": 3065, "res": [{"class": "aeroplane", "prob": 0.6504419445991516, "left": 25.002979278564453, "top": 3.5315170288085938, "right": 121.40361022949219, "bottom": 114.91212463378906}], "time": 0.886725902557373}
