{"im": 434, "res": [{"class": "aeroplane", "prob": 0.9016377329826355, "left": 211.3743896484375, "top": 119.91311645507812, "right": 321.03936767578125, "bottom": 469.8993225097656}, {"class": "aeroplane", "prob": 0.8843530416488647, "left": 21.50640869140625, "top": 90.9990234375, "right": 150.6002960205078, "bottom": 463.2681884765625}, {"class": "aeroplane", "prob": 0.608860433101654, "left": 137.92422485351562, "top": 120.14112854003906, "right": 274.12091064453125, "bottom": 445.0634765625}], "time": 0.8468611240386963}
