{"im": 3677, "res": [{"class": "bus", "prob": 0.5535628795623779, "left": 60.19947814941406, "top": 113.37761688232422, "right": 374.3409423828125, "bottom": 277.57440185546875}], "time": 0.8886759281158447}
