{"im": 2851, "res": [{"class": "aeroplane", "prob": 0.9990934729576111, "left": 14.291290283203125, "top": 97.95669555664062, "right": 206.3686981201172, "bottom": 366.2372741699219}, {"class": "aeroplane", "prob": 0.9992704391479492, "left": 211.68185424804688, "top": 83.60597229003906, "right": 320.9659729003906, "bottom": 217.9721221923828}, {"class": "aeroplane", "prob": 0.9827905297279358, "left": 312.6772155761719, "top": 76.8121337890625, "right": 443.4762878417969, "bottom": 348.5223693847656}], "time": 21.485743761062622}
