{"im": 250, "res": [{"class": "aeroplane", "prob": 0.9739253520965576, "left": 1.8473968505859375, "top": 67.05949401855469, "right": 270.38470458984375, "bottom": 333.0}, {"class": "aeroplane", "prob": 0.9774426817893982, "left": 292.80401611328125, "top": 65.61116027832031, "right": 493.7115478515625, "bottom": 332.7850341796875}], "time": 1.2217071056365967}
