{"im": 3753, "res": [{"class": "bird", "prob": 0.9105638265609741, "left": 0.0, "top": 87.17343139648438, "right": 64.19151306152344, "bottom": 184.3338623046875}, {"class": "cat", "prob": 0.5375144481658936, "left": 35.56927490234375, "top": 2.1611709594726562, "right": 146.23709106445312, "bottom": 67.71697235107422}], "time": 21.534687042236328}
