{"im": 2902, "res": [{"class": "aeroplane", "prob": 0.9979907870292664, "left": 224.64743041992188, "top": 70.73722076416016, "right": 367.6124572753906, "bottom": 239.90481567382812}, {"class": "boat", "prob": 0.9978964328765869, "left": 183.4693145751953, "top": 132.186279296875, "right": 407.43890380859375, "bottom": 295.0132751464844}], "time": 21.602108001708984}
