{"im": 985, "res": [{"class": "aeroplane", "prob": 0.7353045344352722, "left": 398.41064453125, "top": 0.0, "right": 500.0, "bottom": 417.0}, {"class": "aeroplane", "prob": 0.6874862909317017, "left": 25.878890991210938, "top": 59.674774169921875, "right": 179.6807861328125, "bottom": 297.693359375}, {"class": "aeroplane", "prob": 0.5925511121749878, "left": 264.14501953125, "top": 16.5194091796875, "right": 407.95050048828125, "bottom": 414.0570068359375}], "time": 1.1085970401763916}
