{"im": 214, "res": [{"class": "boat", "prob": 0.9818496704101562, "left": 7.5308837890625, "top": 65.30291748046875, "right": 381.127685546875, "bottom": 325.24176025390625}, {"class": "boat", "prob": 0.9881235957145691, "left": 288.6580810546875, "top": 21.9417724609375, "right": 461.5511474609375, "bottom": 198.7739715576172}], "time": 21.488588094711304}
