{"im": 2061, "res": [{"class": "train", "prob": 0.7332673668861389, "left": 134.6878204345703, "top": 251.53652954101562, "right": 173.3680877685547, "bottom": 310.4146423339844}, {"class": "train", "prob": 0.6848093867301941, "left": 107.58860778808594, "top": 239.29348754882812, "right": 198.10157775878906, "bottom": 313.2037048339844}], "time": 0.8289861679077148}
