{"im": 4129, "res": [{"class": "cat", "prob": 0.9773483276367188, "left": 47.20677185058594, "top": 160.08392333984375, "right": 285.16949462890625, "bottom": 262.9612731933594}], "time": 21.664784908294678}
