{"im": 991, "res": [{"class": "sheep", "prob": 0.5653849244117737, "left": 196.19342041015625, "top": 111.6202621459961, "right": 317.98406982421875, "bottom": 299.31085205078125}, {"class": "sheep", "prob": 0.5166589617729187, "left": 243.71824645996094, "top": 133.40528869628906, "right": 284.2435302734375, "bottom": 274.97796630859375}], "time": 1.231605052947998}
