{"im": 4390, "res": [{"class": "sheep", "prob": 0.7233400344848633, "left": 112.70873260498047, "top": 78.61955261230469, "right": 320.077392578125, "bottom": 279.89923095703125}], "time": 0.8267421722412109}
