{"im": 5641, "res": [{"class": "aeroplane", "prob": 0.7149425148963928, "left": 311.2023620605469, "top": 104.89739990234375, "right": 500.0, "bottom": 366.92681884765625}], "time": 0.8644750118255615}
