{"im": 1310, "res": [{"class": "bottle", "prob": 0.9948141574859619, "left": 81.66767883300781, "top": 122.93633270263672, "right": 466.76220703125, "bottom": 225.22299194335938}], "time": 23.1298828125}
