{"im": 4237, "res": [{"class": "sheep", "prob": 0.9795463681221008, "left": 28.919342041015625, "top": 41.26396179199219, "right": 341.7410583496094, "bottom": 489.9273681640625}], "time": 21.670619010925293}
