{"im": 543, "res": [{"class": "motorbike", "prob": 0.7462970614433289, "left": 0.0, "top": 98.08345794677734, "right": 174.5789794921875, "bottom": 241.01248168945312}], "time": 21.598795890808105}
