{"im": 622, "res": [{"class": "aeroplane", "prob": 0.9961375594139099, "left": 131.41725158691406, "top": 14.162887573242188, "right": 477.193115234375, "bottom": 313.915283203125}, {"class": "aeroplane", "prob": 0.9935785531997681, "left": 48.2830810546875, "top": 64.80342102050781, "right": 121.22769165039062, "bottom": 129.54510498046875}], "time": 21.441529035568237}
