{"im": 4080, "res": [{"class": "pottedplant", "prob": 0.886786162853241, "left": 35.25041961669922, "top": 128.8378143310547, "right": 210.39437866210938, "bottom": 248.7792510986328}], "time": 21.600773811340332}
