{"im": 3119, "res": [{"class": "aeroplane", "prob": 0.5314859747886658, "left": 147.02426147460938, "top": 0.0, "right": 298.29669189453125, "bottom": 461.7752380371094}], "time": 1.0177526473999023}
