{"im": 4158, "res": [{"class": "bottle", "prob": 0.9987790584564209, "left": 59.047821044921875, "top": 145.72677612304688, "right": 444.6392517089844, "bottom": 264.9388732910156}], "time": 21.827128171920776}
