{"im": 1183, "res": [{"class": "boat", "prob": 0.9973121285438538, "left": 20.490127563476562, "top": 100.34933471679688, "right": 426.75726318359375, "bottom": 339.6864013671875}, {"class": "aeroplane", "prob": 0.999311625957489, "left": 86.22406005859375, "top": 22.532310485839844, "right": 194.40960693359375, "bottom": 208.79461669921875}, {"class": "bird", "prob": 0.5343168377876282, "left": 0.0, "top": 102.14168548583984, "right": 69.25048828125, "bottom": 273.64031982421875}], "time": 21.09749412536621}
