{"im": 192, "res": [{"class": "aeroplane", "prob": 0.8851209282875061, "left": 51.76110076904297, "top": 139.938232421875, "right": 235.84310913085938, "bottom": 362.23858642578125}, {"class": "aeroplane", "prob": 0.664623498916626, "left": 234.01014709472656, "top": 122.33545684814453, "right": 397.4254150390625, "bottom": 358.5840759277344}], "time": 1.123274803161621}
