{"im": 2013, "res": [{"class": "aeroplane", "prob": 0.9951112866401672, "left": 238.90354919433594, "top": 88.95542907714844, "right": 331.1080017089844, "bottom": 279.95013427734375}, {"class": "sheep", "prob": 0.9910027980804443, "left": 71.47145080566406, "top": 121.41990661621094, "right": 315.60089111328125, "bottom": 318.457763671875}, {"class": "aeroplane", "prob": 0.7048408389091492, "left": 451.76513671875, "top": 104.68667602539062, "right": 463.0487060546875, "bottom": 130.72775268554688}], "time": 21.752371788024902}
