{"im": 2319, "res": [{"class": "aeroplane", "prob": 0.8657351136207581, "left": 117.08860778808594, "top": 39.871337890625, "right": 242.63829040527344, "bottom": 350.9272766113281}], "time": 0.8914251327514648}
