{"im": 4142, "res": [{"class": "aeroplane", "prob": 0.7486554384231567, "left": 413.2896728515625, "top": 171.74609375, "right": 497.21234130859375, "bottom": 375.0}, {"class": "aeroplane", "prob": 0.5352608561515808, "left": 434.92108154296875, "top": 208.22079467773438, "right": 471.658203125, "bottom": 340.9391174316406}], "time": 0.8591899871826172}
