{"im": 4477, "res": [{"class": "pottedplant", "prob": 0.7934901714324951, "left": 10.799430847167969, "top": 292.8751220703125, "right": 155.28616333007812, "bottom": 491.2625732421875}], "time": 0.8198893070220947}
