{"im": 2613, "res": [{"class": "bird", "prob": 0.9091243147850037, "left": 3.1766128540039062, "top": 194.40176391601562, "right": 134.47955322265625, "bottom": 333.0}], "time": 0.8384602069854736}
