{"im": 2926, "res": [{"class": "aeroplane", "prob": 0.7740941047668457, "left": 70.43898010253906, "top": 160.34771728515625, "right": 329.04559326171875, "bottom": 372.0665283203125}, {"class": "aeroplane", "prob": 0.995304524898529, "left": 330.0284423828125, "top": 114.3160400390625, "right": 432.412109375, "bottom": 313.0856018066406}, {"class": "aeroplane", "prob": 0.9378398060798645, "left": 185.33493041992188, "top": 121.7578353881836, "right": 280.8153381347656, "bottom": 184.10043334960938}], "time": 21.597189903259277}
