{"im": 2414, "res": [{"class": "sofa", "prob": 0.9245883822441101, "left": 184.50518798828125, "top": 93.46214294433594, "right": 370.15087890625, "bottom": 283.37396240234375}], "time": 0.8329517841339111}
