{"im": 3667, "res": [{"class": "bicycle", "prob": 0.9939782023429871, "left": 68.18309020996094, "top": 25.76715087890625, "right": 367.56280517578125, "bottom": 345.7446594238281}], "time": 21.805352926254272}
