{"im": 1644, "res": [{"class": "bottle", "prob": 0.9621623158454895, "left": 41.63563537597656, "top": 122.82495880126953, "right": 456.17376708984375, "bottom": 233.77749633789062}, {"class": "bottle", "prob": 0.5153110027313232, "left": 453.61822509765625, "top": 182.64486694335938, "right": 498.45745849609375, "bottom": 199.04067993164062}], "time": 21.634501218795776}
