{"im": 5294, "res": [{"class": "bird", "prob": 0.8148547410964966, "left": 8.687789916992188, "top": 304.6291809082031, "right": 18.185049057006836, "bottom": 324.8489074707031}, {"class": "aeroplane", "prob": 0.7600481510162354, "left": 41.2591667175293, "top": 302.7049255371094, "right": 62.51459884643555, "bottom": 332.7688903808594}, {"class": "bird", "prob": 0.6088351607322693, "left": 71.3279037475586, "top": 304.36669921875, "right": 84.83338165283203, "bottom": 318.68231201171875}], "time": 0.9120192527770996}
