{"im": 3906, "res": [{"class": "pottedplant", "prob": 0.5865954160690308, "left": 0.0, "top": 288.11346435546875, "right": 264.9100646972656, "bottom": 449.3216552734375}], "time": 0.8302438259124756}
