{"im": 3492, "res": [{"class": "bottle", "prob": 0.8525324463844299, "left": 36.128936767578125, "top": 144.66207885742188, "right": 412.7721862792969, "bottom": 269.5148010253906}, {"class": "motorbike", "prob": 0.621660590171814, "left": 393.51141357421875, "top": 194.3626708984375, "right": 434.412841796875, "bottom": 228.855224609375}], "time": 21.50170636177063}
