{"im": 1888, "res": [{"class": "pottedplant", "prob": 0.9807819724082947, "left": 66.66561889648438, "top": 0.0, "right": 291.0130920410156, "bottom": 415.19384765625}], "time": 21.709025144577026}
