{"im": 1940, "res": [{"class": "sheep", "prob": 0.8061496615409851, "left": 152.36697387695312, "top": 217.67584228515625, "right": 333.0, "bottom": 427.61627197265625}], "time": 21.682852029800415}
