{"im": 3882, "res": [{"class": "aeroplane", "prob": 0.9965910315513611, "left": 6.9010772705078125, "top": 15.9571533203125, "right": 287.0650634765625, "bottom": 360.0526428222656}], "time": 21.553138971328735}
