{"im": 2494, "res": [{"class": "pottedplant", "prob": 0.7499833703041077, "left": 0.0, "top": 94.15089416503906, "right": 463.61090087890625, "bottom": 375.0}, {"class": "sheep", "prob": 0.5395224094390869, "left": 0.0, "top": 94.15089416503906, "right": 463.61090087890625, "bottom": 375.0}], "time": 21.441574096679688}
