{"im": 2824, "res": [{"class": "aeroplane", "prob": 0.9499063491821289, "left": 289.4161682128906, "top": 29.946578979492188, "right": 450.7999572753906, "bottom": 327.0}, {"class": "aeroplane", "prob": 0.9245309233665466, "left": 48.269195556640625, "top": 44.01374816894531, "right": 217.9801025390625, "bottom": 327.0}, {"class": "aeroplane", "prob": 0.7029387354850769, "left": 139.22882080078125, "top": 84.43720245361328, "right": 292.82696533203125, "bottom": 326.318603515625}], "time": 0.8671431541442871}
