{"im": 690, "res": [{"class": "aeroplane", "prob": 0.7324942946434021, "left": 63.68421936035156, "top": 133.012451171875, "right": 204.73533630371094, "bottom": 438.83355712890625}], "time": 0.8645498752593994}
