{"im": 4147, "res": [{"class": "aeroplane", "prob": 0.9986176490783691, "left": 92.8149185180664, "top": 144.94041442871094, "right": 281.7062072753906, "bottom": 348.78948974609375}, {"class": "aeroplane", "prob": 0.9962072372436523, "left": 257.6048889160156, "top": 141.41445922851562, "right": 403.7457580566406, "bottom": 303.3767395019531}, {"class": "aeroplane", "prob": 0.995408296585083, "left": 123.02536010742188, "top": 110.39901733398438, "right": 204.265869140625, "bottom": 225.18548583984375}, {"class": "aeroplane", "prob": 0.9260421395301819, "left": 1.5964317321777344, "top": 144.32505798339844, "right": 121.0850830078125, "bottom": 369.27935791015625}], "time": 21.654268264770508}
