{"im": 3212, "res": [{"class": "aeroplane", "prob": 0.8516479134559631, "left": 94.74809265136719, "top": 63.430206298828125, "right": 399.897216796875, "bottom": 375.0}], "time": 1.1234588623046875}
