{"im": 170, "res": [{"class": "aeroplane", "prob": 0.5857051610946655, "left": 117.26264953613281, "top": 18.806640625, "right": 272.55242919921875, "bottom": 166.7118682861328}], "time": 21.45401406288147}
