{"im": 4359, "res": [{"class": "bottle", "prob": 0.99942547082901, "left": 16.11358642578125, "top": 131.67037963867188, "right": 229.8831024169922, "bottom": 205.41510009765625}, {"class": "bottle", "prob": 0.9600059390068054, "left": 297.1230773925781, "top": 166.32618713378906, "right": 403.4914245605469, "bottom": 197.0253448486328}, {"class": "bottle", "prob": 0.6958051919937134, "left": 411.70904541015625, "top": 170.3026123046875, "right": 496.64794921875, "bottom": 198.83212280273438}, {"class": "bottle", "prob": 0.6604146361351013, "left": 223.4495849609375, "top": 170.7897491455078, "right": 254.26861572265625, "bottom": 194.01502990722656}], "time": 21.419738054275513}
