{"im": 1110, "res": [{"class": "sheep", "prob": 0.869327187538147, "left": 22.671409606933594, "top": 16.534774780273438, "right": 212.376708984375, "bottom": 263.24749755859375}], "time": 21.11448383331299}
