{"im": 1454, "res": [{"class": "bird", "prob": 0.9894655346870422, "left": 38.63214111328125, "top": 135.08306884765625, "right": 458.53564453125, "bottom": 300.4134521484375}], "time": 21.686345100402832}
