{"im": 1289, "res": [{"class": "aeroplane", "prob": 0.9371095895767212, "left": 9.790616989135742, "top": 284.7623596191406, "right": 33.38471984863281, "bottom": 344.8380432128906}], "time": 0.9109320640563965}
