{"im": 69, "res": [{"class": "aeroplane", "prob": 0.911899745464325, "left": 7.6221923828125, "top": 60.27318572998047, "right": 272.1778259277344, "bottom": 271.7144775390625}, {"class": "sheep", "prob": 0.8264819383621216, "left": 323.0163269042969, "top": 167.98817443847656, "right": 498.1108093261719, "bottom": 328.7489013671875}, {"class": "aeroplane", "prob": 0.7646777033805847, "left": 212.40554809570312, "top": 123.56246185302734, "right": 356.1349182128906, "bottom": 322.9175720214844}], "time": 21.38137912750244}
