{"im": 3446, "res": [{"class": "aeroplane", "prob": 0.9992635846138, "left": 15.018295288085938, "top": 22.105377197265625, "right": 212.0090789794922, "bottom": 314.9097900390625}, {"class": "aeroplane", "prob": 0.9737639427185059, "left": 0.0, "top": 178.40420532226562, "right": 150.18946838378906, "bottom": 325.7683410644531}, {"class": "aeroplane", "prob": 0.8363876342773438, "left": 376.3913269042969, "top": 108.36958312988281, "right": 496.2956848144531, "bottom": 262.78973388671875}, {"class": "aeroplane", "prob": 0.7480570673942566, "left": 287.53570556640625, "top": 50.84754180908203, "right": 470.24395751953125, "bottom": 217.88497924804688}], "time": 21.488101959228516}
