{"im": 2577, "res": [{"class": "sheep", "prob": 0.9992445111274719, "left": 11.6812744140625, "top": 129.14373779296875, "right": 387.01953125, "bottom": 353.2812805175781}], "time": 21.397751092910767}
