{"im": 565, "res": [{"class": "car", "prob": 0.9983018040657043, "left": 84.271728515625, "top": 28.615615844726562, "right": 359.456787109375, "bottom": 287.3529052734375}], "time": 21.803147077560425}
