{"im": 511, "res": [{"class": "cat", "prob": 0.9699072241783142, "left": 169.58966064453125, "top": 168.31414794921875, "right": 478.2802734375, "bottom": 249.0252685546875}, {"class": "bird", "prob": 0.6639143824577332, "left": 414.0973205566406, "top": 171.8358917236328, "right": 500.0, "bottom": 242.5011749267578}, {"class": "bird", "prob": 0.6702518463134766, "left": 148.900634765625, "top": 204.7886962890625, "right": 182.71548461914062, "bottom": 238.68130493164062}], "time": 21.556857109069824}
