{"im": 4285, "res": [{"class": "sheep", "prob": 0.9421764612197876, "left": 8.4725341796875, "top": 80.59280395507812, "right": 397.791015625, "bottom": 291.5388488769531}, {"class": "bird", "prob": 0.9614797830581665, "left": 1.0219841003417969, "top": 43.103363037109375, "right": 35.430702209472656, "bottom": 88.67454528808594}], "time": 27.905534982681274}
