{"im": 4962, "res": [{"class": "person", "prob": 0.996411144733429, "left": 140.6617431640625, "top": 181.17483520507812, "right": 267.0281982421875, "bottom": 363.9084167480469}], "time": 21.57175087928772}
