{"im": 842, "res": [{"class": "car", "prob": 0.9988381266593933, "left": 134.98904418945312, "top": 107.8662338256836, "right": 414.2782287597656, "bottom": 269.16741943359375}, {"class": "aeroplane", "prob": 0.9806380271911621, "left": 485.3978271484375, "top": 181.66412353515625, "right": 496.7972412109375, "bottom": 209.67733764648438}, {"class": "car", "prob": 0.651263415813446, "left": 1.908843994140625, "top": 0.0, "right": 176.1814422607422, "bottom": 285.71630859375}], "time": 21.882003784179688}
