{"im": 4665, "res": [{"class": "bus", "prob": 0.6582625508308411, "left": 16.919570922851562, "top": 38.393760681152344, "right": 425.2054443359375, "bottom": 290.0}], "time": 21.361981868743896}
