{"im": 2721, "res": [{"class": "bus", "prob": 0.8415485620498657, "left": 0.3317108154296875, "top": 59.0303955078125, "right": 434.922119140625, "bottom": 290.5589904785156}, {"class": "aeroplane", "prob": 0.7347989678382874, "left": 476.9363098144531, "top": 228.2305145263672, "right": 492.9226989746094, "bottom": 267.3712463378906}, {"class": "aeroplane", "prob": 0.5206429362297058, "left": 422.0849914550781, "top": 239.3140106201172, "right": 440.2528381347656, "bottom": 268.0708923339844}], "time": 0.8549408912658691}
