{"im": 453, "res": [{"class": "aeroplane", "prob": 0.7452315092086792, "left": 145.44686889648438, "top": 67.387939453125, "right": 234.71621704101562, "bottom": 340.62054443359375}, {"class": "aeroplane", "prob": 0.6734422445297241, "left": 0.0, "top": 20.84539794921875, "right": 131.06826782226562, "bottom": 500.0}, {"class": "aeroplane", "prob": 0.512297511100769, "left": 186.35372924804688, "top": 64.13648223876953, "right": 267.07196044921875, "bottom": 307.72845458984375}], "time": 0.8950059413909912}
