{"im": 1229, "res": [{"class": "aeroplane", "prob": 0.9563173055648804, "left": 352.7969055175781, "top": 210.9246826171875, "right": 378.3542785644531, "bottom": 236.817626953125}, {"class": "aeroplane", "prob": 0.7994404435157776, "left": 382.5353088378906, "top": 210.69537353515625, "right": 395.5715637207031, "bottom": 234.83685302734375}], "time": 21.083531141281128}
