{"im": 3711, "res": [{"class": "boat", "prob": 0.9992340803146362, "left": 50.51231384277344, "top": 163.6278076171875, "right": 288.03070068359375, "bottom": 414.04608154296875}, {"class": "aeroplane", "prob": 0.9932315945625305, "left": 119.89348602294922, "top": 94.80050659179688, "right": 239.85043334960938, "bottom": 357.4630432128906}], "time": 21.55351710319519}
