{"im": 5229, "res": [{"class": "car", "prob": 0.996642529964447, "left": 11.211868286132812, "top": 88.32099914550781, "right": 429.7779541015625, "bottom": 234.2412872314453}], "time": 21.518040895462036}
