{"im": 1127, "res": [{"class": "aeroplane", "prob": 0.6251229047775269, "left": 245.11669921875, "top": 75.50482177734375, "right": 473.397705078125, "bottom": 333.0}], "time": 0.8316340446472168}
