{"im": 4772, "res": [{"class": "aeroplane", "prob": 0.992414653301239, "left": 0.0, "top": 146.90707397460938, "right": 194.49172973632812, "bottom": 364.8060607910156}, {"class": "aeroplane", "prob": 0.8628666400909424, "left": 310.7991943359375, "top": 106.568115234375, "right": 500.0, "bottom": 364.27423095703125}], "time": 0.8563070297241211}
