{"im": 4139, "res": [{"class": "bottle", "prob": 0.9937673807144165, "left": 165.09510803222656, "top": 30.641101837158203, "right": 200.2177276611328, "bottom": 61.96358108520508}], "time": 22.87915587425232}
