{"im": 4699, "res": [{"class": "aeroplane", "prob": 0.7898792624473572, "left": 14.614593505859375, "top": 203.45523071289062, "right": 151.2528839111328, "bottom": 333.0}, {"class": "aeroplane", "prob": 0.7140162587165833, "left": 185.7820587158203, "top": 46.736366271972656, "right": 259.819091796875, "bottom": 283.3561706542969}, {"class": "aeroplane", "prob": 0.5574786067008972, "left": 55.48770523071289, "top": 227.86204528808594, "right": 115.87109375, "bottom": 319.25653076171875}], "time": 0.8216571807861328}
