{"im": 1986, "res": [{"class": "bus", "prob": 0.9935988783836365, "left": 53.87489318847656, "top": 100.82386779785156, "right": 372.4005126953125, "bottom": 407.2384033203125}], "time": 21.685202836990356}
