{"im": 970, "res": [{"class": "aeroplane", "prob": 0.9992997646331787, "left": 162.06512451171875, "top": 126.74270629882812, "right": 298.3369140625, "bottom": 346.8524475097656}, {"class": "aeroplane", "prob": 0.9959107041358948, "left": 315.68841552734375, "top": 64.42454528808594, "right": 488.45770263671875, "bottom": 332.56719970703125}, {"class": "bird", "prob": 0.7998570799827576, "left": 114.79391479492188, "top": 172.5859375, "right": 163.96875, "bottom": 211.95196533203125}], "time": 21.071856260299683}
