{"im": 4904, "res": [{"class": "aeroplane", "prob": 0.9890518188476562, "left": 65.7942886352539, "top": 240.05038452148438, "right": 234.27825927734375, "bottom": 370.1202697753906}, {"class": "aeroplane", "prob": 0.9530234336853027, "left": 290.6223449707031, "top": 218.48797607421875, "right": 499.6809997558594, "bottom": 370.03515625}], "time": 0.8423659801483154}
