{"im": 4144, "res": [{"class": "aeroplane", "prob": 0.9503301978111267, "left": 107.28093719482422, "top": 87.19094848632812, "right": 236.78353881835938, "bottom": 352.5606689453125}], "time": 0.8640429973602295}
