{"im": 2179, "res": [{"class": "bicycle", "prob": 0.9946967363357544, "left": 93.10447692871094, "top": 122.27754974365234, "right": 385.330078125, "bottom": 287.2449645996094}], "time": 21.442666053771973}
