{"im": 2072, "res": [{"class": "bottle", "prob": 0.5614959597587585, "left": 245.5875244140625, "top": 126.58960723876953, "right": 265.5548400878906, "bottom": 139.70587158203125}], "time": 0.8357329368591309}
