{"im": 5624, "res": [{"class": "aeroplane", "prob": 0.8509509563446045, "left": 265.4580078125, "top": 37.38214111328125, "right": 390.07562255859375, "bottom": 337.7336730957031}], "time": 0.886563777923584}
