{"im": 2226, "res": [{"class": "pottedplant", "prob": 0.9900910258293152, "left": 85.77540588378906, "top": 116.09676361083984, "right": 249.25364685058594, "bottom": 266.1620178222656}, {"class": "pottedplant", "prob": 0.9791443347930908, "left": 235.6973876953125, "top": 127.94898223876953, "right": 483.9036865234375, "bottom": 273.6639404296875}], "time": 21.44492793083191}
