{"im": 3055, "res": [{"class": "train", "prob": 0.9783439040184021, "left": 187.0458984375, "top": 281.5764465332031, "right": 243.32662963867188, "bottom": 326.4205627441406}, {"class": "train", "prob": 0.7123310565948486, "left": 281.0514221191406, "top": 310.56488037109375, "right": 319.9051208496094, "bottom": 339.37933349609375}], "time": 21.800944089889526}
