{"im": 1242, "res": [{"class": "bicycle", "prob": 0.9958733916282654, "left": 6.1305389404296875, "top": 120.54693603515625, "right": 395.68084716796875, "bottom": 350.6990051269531}], "time": 21.46733069419861}
