{"im": 4112, "res": [{"class": "boat", "prob": 0.7638922333717346, "left": 97.86650085449219, "top": 158.23870849609375, "right": 399.83734130859375, "bottom": 361.5428466796875}], "time": 0.8417351245880127}
