{"im": 1679, "res": [{"class": "bus", "prob": 0.9975832104682922, "left": 54.17558288574219, "top": 61.414833068847656, "right": 400.50469970703125, "bottom": 280.6354064941406}, {"class": "aeroplane", "prob": 0.999001681804657, "left": 312.7890319824219, "top": 139.4833984375, "right": 383.0513610839844, "bottom": 335.6219482421875}, {"class": "aeroplane", "prob": 0.9951603412628174, "left": 364.9239807128906, "top": 134.5309600830078, "right": 432.5792541503906, "bottom": 346.276123046875}], "time": 21.881457090377808}
