{"im": 3676, "res": [{"class": "aeroplane", "prob": 0.9173558950424194, "left": 5.4985504150390625, "top": 112.94337463378906, "right": 189.5939178466797, "bottom": 348.11529541015625}], "time": 0.8610391616821289}
