{"im": 1910, "res": [{"class": "train", "prob": 0.9545775055885315, "left": 171.167724609375, "top": 169.70681762695312, "right": 294.8636169433594, "bottom": 257.797607421875}], "time": 21.691059350967407}
