{"im": 4223, "res": [{"class": "bird", "prob": 0.6694914698600769, "left": 103.82540893554688, "top": 108.4317855834961, "right": 477.5689392089844, "bottom": 258.4809265136719}], "time": 0.8241579532623291}
