{"im": 1601, "res": [{"class": "bottle", "prob": 0.8713942170143127, "left": 0.0, "top": 83.32205963134766, "right": 430.87066650390625, "bottom": 244.06729125976562}, {"class": "bottle", "prob": 0.7230232357978821, "left": 451.07611083984375, "top": 152.09715270996094, "right": 498.99371337890625, "bottom": 216.21055603027344}], "time": 21.6318359375}
