{"im": 955, "res": [{"class": "aeroplane", "prob": 0.8349915146827698, "left": 172.65283203125, "top": 222.84263610839844, "right": 360.41070556640625, "bottom": 497.92962646484375}], "time": 0.8321871757507324}
