{"im": 1153, "res": [{"class": "aeroplane", "prob": 0.9185613989830017, "left": 41.98450469970703, "top": 50.92548370361328, "right": 136.38748168945312, "bottom": 249.32943725585938}, {"class": "aeroplane", "prob": 0.5560141205787659, "left": 162.29530334472656, "top": 41.45081329345703, "right": 283.6564636230469, "bottom": 248.71087646484375}, {"class": "aeroplane", "prob": 0.5211164951324463, "left": 146.0220947265625, "top": 48.017608642578125, "right": 210.75802612304688, "bottom": 249.04428100585938}], "time": 0.8400650024414062}
