{"im": 5661, "res": [{"class": "aeroplane", "prob": 0.6110727787017822, "left": 438.21343994140625, "top": 157.30076599121094, "right": 466.95440673828125, "bottom": 266.20587158203125}, {"class": "aeroplane", "prob": 0.5443280935287476, "left": 416.7782897949219, "top": 137.90411376953125, "right": 484.9499816894531, "bottom": 288.0607604980469}], "time": 0.8274259567260742}
