{"im": 2404, "res": [{"class": "sheep", "prob": 0.959061861038208, "left": 105.983154296875, "top": 9.4381103515625, "right": 497.02935791015625, "bottom": 334.9445495605469}], "time": 21.475749015808105}
