{"im": 2141, "res": [{"class": "aeroplane", "prob": 0.9836931824684143, "left": 188.39659118652344, "top": 10.992752075195312, "right": 380.021240234375, "bottom": 374.0}, {"class": "sheep", "prob": 0.9193370938301086, "left": 85.22988891601562, "top": 170.34307861328125, "right": 261.4237976074219, "bottom": 351.0986328125}], "time": 24.998372793197632}
