{"im": 892, "res": [{"class": "aeroplane", "prob": 0.9899304509162903, "left": 183.81494140625, "top": 38.95631408691406, "right": 422.1124267578125, "bottom": 375.0}], "time": 21.234158039093018}
