{"im": 1434, "res": [{"class": "aeroplane", "prob": 0.9971583485603333, "left": 8.172473907470703, "top": 4.536109924316406, "right": 83.58778381347656, "bottom": 214.10440063476562}, {"class": "aeroplane", "prob": 0.9371947050094604, "left": 300.1260070800781, "top": 0.0, "right": 372.2914733886719, "bottom": 207.65362548828125}], "time": 22.29623508453369}
