{"im": 3634, "res": [{"class": "sheep", "prob": 0.6933496594429016, "left": 60.70179748535156, "top": 66.02081298828125, "right": 182.13607788085938, "bottom": 171.17681884765625}], "time": 0.8432211875915527}
