{"im": 3942, "res": [{"class": "tvmonitor", "prob": 0.7941067814826965, "left": 32.60517883300781, "top": 0.0, "right": 314.0, "bottom": 400.0}], "time": 21.62282705307007}
