{"im": 4693, "res": [{"class": "tvmonitor", "prob": 0.8895097970962524, "left": 9.183158874511719, "top": 69.09797668457031, "right": 197.31613159179688, "bottom": 180.94981384277344}], "time": 0.8419129848480225}
