{"im": 2537, "res": [{"class": "aeroplane", "prob": 0.9923309683799744, "left": 135.54759216308594, "top": 69.04641723632812, "right": 310.0325927734375, "bottom": 294.67071533203125}], "time": 21.416594982147217}
