{"im": 3001, "res": [{"class": "bird", "prob": 0.626476526260376, "left": 90.47618103027344, "top": 146.1952667236328, "right": 320.2109375, "bottom": 368.14508056640625}], "time": 0.8289341926574707}
