{"im": 3831, "res": [{"class": "sheep", "prob": 0.9909189939498901, "left": 26.703292846679688, "top": 154.26922607421875, "right": 351.1500244140625, "bottom": 490.8365478515625}], "time": 21.56712794303894}
