{"im": 5576, "res": [{"class": "aeroplane", "prob": 0.9275484085083008, "left": 0.0, "top": 91.10646057128906, "right": 343.06573486328125, "bottom": 500.0}, {"class": "aeroplane", "prob": 0.8898590207099915, "left": 63.87567901611328, "top": 105.10189819335938, "right": 215.35089111328125, "bottom": 245.544677734375}, {"class": "aeroplane", "prob": 0.8495218753814697, "left": 20.16924285888672, "top": 50.35032653808594, "right": 245.36862182617188, "bottom": 392.038818359375}], "time": 21.101138830184937}
