{"im": 537, "res": [{"class": "person", "prob": 0.9961304068565369, "left": 125.49502563476562, "top": 6.4320068359375, "right": 488.8065490722656, "bottom": 207.87911987304688}], "time": 21.586014986038208}
