{"im": 849, "res": [{"class": "person", "prob": 0.9977909922599792, "left": 72.53286743164062, "top": 57.755706787109375, "right": 458.8735656738281, "bottom": 385.5306396484375}], "time": 24.400815725326538}
