{"im": 3660, "res": [{"class": "cow", "prob": 0.8289383053779602, "left": 364.6627502441406, "top": 74.75654602050781, "right": 372.4983825683594, "bottom": 94.16751098632812}, {"class": "car", "prob": 0.6906939744949341, "left": 172.11862182617188, "top": 139.0347442626953, "right": 401.7811584472656, "bottom": 244.80982971191406}], "time": 1.190821886062622}
