{"im": 3820, "res": [{"class": "bus", "prob": 0.9914321899414062, "left": 288.6832580566406, "top": 84.4089126586914, "right": 463.1473083496094, "bottom": 301.6107177734375}, {"class": "bus", "prob": 0.9289350509643555, "left": 54.617881774902344, "top": 143.24566650390625, "right": 307.4959716796875, "bottom": 288.69232177734375}, {"class": "bird", "prob": 0.506630003452301, "left": 478.3140869140625, "top": 227.3765106201172, "right": 490.391357421875, "bottom": 245.4733428955078}], "time": 0.8536381721496582}
