{"im": 3670, "res": [{"class": "sheep", "prob": 0.5733960270881653, "left": 11.303092956542969, "top": 189.92428588867188, "right": 176.39947509765625, "bottom": 297.1437683105469}], "time": 21.51175594329834}
