{"im": 1366, "res": [{"class": "chair", "prob": 0.9899839162826538, "left": 103.35511016845703, "top": 200.92431640625, "right": 129.8223876953125, "bottom": 243.1602783203125}, {"class": "chair", "prob": 0.9785016775131226, "left": 376.9560241699219, "top": 187.16896057128906, "right": 410.4911804199219, "bottom": 208.5056915283203}, {"class": "chair", "prob": 0.8430653810501099, "left": 173.89157104492188, "top": 212.23316955566406, "right": 260.3157958984375, "bottom": 238.3669891357422}], "time": 21.705311059951782}
