{"im": 1788, "res": [{"class": "pottedplant", "prob": 0.993073046207428, "left": 151.47506713867188, "top": 19.656570434570312, "right": 399.9699401855469, "bottom": 382.12750244140625}], "time": 21.69148015975952}
