{"im": 2788, "res": [{"class": "person", "prob": 0.9930880665779114, "left": 94.7739028930664, "top": 57.474708557128906, "right": 336.3544006347656, "bottom": 290.1473388671875}], "time": 21.432344913482666}
