{"im": 1157, "res": [{"class": "chair", "prob": 0.9255714416503906, "left": 140.80783081054688, "top": 194.09304809570312, "right": 205.38311767578125, "bottom": 215.93368530273438}, {"class": "chair", "prob": 0.8455712795257568, "left": 210.7152862548828, "top": 197.43618774414062, "right": 243.17344665527344, "bottom": 209.33673095703125}], "time": 21.110666036605835}
