{"im": 2759, "res": [{"class": "chair", "prob": 0.9196954369544983, "left": 0.0, "top": 0.0, "right": 334.0, "bottom": 459.9066162109375}], "time": 21.719288110733032}
