{"im": 5353, "res": [{"class": "pottedplant", "prob": 0.9544488191604614, "left": 58.828887939453125, "top": 77.82920837402344, "right": 498.6735534667969, "bottom": 346.75799560546875}], "time": 21.473695993423462}
