{"im": 461, "res": [{"class": "aeroplane", "prob": 0.9967207312583923, "left": 174.87124633789062, "top": 128.35116577148438, "right": 321.1153869628906, "bottom": 242.1876220703125}, {"class": "aeroplane", "prob": 0.9609203934669495, "left": 290.8296813964844, "top": 140.90126037597656, "right": 432.7097473144531, "bottom": 242.9170684814453}, {"class": "aeroplane", "prob": 0.7358193397521973, "left": 141.9494171142578, "top": 188.1007537841797, "right": 237.2912139892578, "bottom": 252.94691467285156}], "time": 21.519840002059937}
