{"im": 3738, "res": [{"class": "bottle", "prob": 0.7518463134765625, "left": 10.09918212890625, "top": 131.2655487060547, "right": 342.44598388671875, "bottom": 258.4753112792969}], "time": 0.9057247638702393}
