{"im": 2422, "res": [{"class": "person", "prob": 0.9867719411849976, "left": 174.27862548828125, "top": 69.69430541992188, "right": 413.380615234375, "bottom": 350.1507263183594}], "time": 21.42242407798767}
