{"im": 5245, "res": [{"class": "aeroplane", "prob": 0.8875877857208252, "left": 347.4395446777344, "top": 53.307762145996094, "right": 370.6024475097656, "bottom": 99.43657684326172}, {"class": "aeroplane", "prob": 0.7424848079681396, "left": 463.861083984375, "top": 52.35368347167969, "right": 487.04229736328125, "bottom": 102.48420715332031}], "time": 0.8375651836395264}
