{"im": 1279, "res": [{"class": "bird", "prob": 0.5140700340270996, "left": 4.031438827514648, "top": 90.82714080810547, "right": 45.340362548828125, "bottom": 114.39307403564453}, {"class": "cat", "prob": 0.5045396089553833, "left": 4.031438827514648, "top": 90.82714080810547, "right": 45.340362548828125, "bottom": 114.39307403564453}, {"class": "motorbike", "prob": 0.7678169012069702, "left": 233.64390563964844, "top": 133.78582763671875, "right": 334.2120361328125, "bottom": 160.81851196289062}], "time": 21.336236000061035}
