{"im": 84, "res": [{"class": "aeroplane", "prob": 0.9853745102882385, "left": 4.0074920654296875, "top": 70.55802917480469, "right": 333.0, "bottom": 491.19293212890625}], "time": 21.51183009147644}
