{"im": 4599, "res": [{"class": "aeroplane", "prob": 0.7566381096839905, "left": 0.0, "top": 7.6561431884765625, "right": 116.58299255371094, "bottom": 371.526611328125}], "time": 0.8758220672607422}
