{"im": 3802, "res": [{"class": "aeroplane", "prob": 0.9982449412345886, "left": 26.7919921875, "top": 39.87193298339844, "right": 416.5703430175781, "bottom": 468.0}, {"class": "sheep", "prob": 0.6340479254722595, "left": 45.35651397705078, "top": 259.115966796875, "right": 289.43670654296875, "bottom": 466.09912109375}], "time": 23.76680016517639}
