{"im": 4208, "res": [{"class": "train", "prob": 0.7901471853256226, "left": 120.42485046386719, "top": 43.75346374511719, "right": 397.98089599609375, "bottom": 311.45721435546875}, {"class": "train", "prob": 0.7243264317512512, "left": 131.4864959716797, "top": 170.7763671875, "right": 223.9571075439453, "bottom": 316.3369140625}], "time": 0.8883049488067627}
