{"im": 4716, "res": [{"class": "aeroplane", "prob": 0.9593013525009155, "left": 33.980934143066406, "top": 65.79833984375, "right": 219.73342895507812, "bottom": 375.0}, {"class": "sofa", "prob": 0.7098345160484314, "left": 204.670166015625, "top": 56.821319580078125, "right": 444.015869140625, "bottom": 375.0}], "time": 0.8218371868133545}
