{"im": 2536, "res": [{"class": "aeroplane", "prob": 0.7904003262519836, "left": 162.6540069580078, "top": 100.77249145507812, "right": 448.50042724609375, "bottom": 330.05535888671875}], "time": 21.39620089530945}
