{"im": 4751, "res": [{"class": "car", "prob": 0.9355859756469727, "left": 19.572067260742188, "top": 158.68258666992188, "right": 194.98501586914062, "bottom": 239.00833129882812}, {"class": "car", "prob": 0.9123549461364746, "left": 67.85437774658203, "top": 172.97413635253906, "right": 148.36874389648438, "bottom": 229.53285217285156}], "time": 0.8301057815551758}
