{"im": 300, "res": [{"class": "aeroplane", "prob": 0.5229278802871704, "left": 122.36854553222656, "top": 150.139892578125, "right": 306.3284912109375, "bottom": 375.0}], "time": 0.9790329933166504}
