{"im": 2274, "res": [{"class": "bus", "prob": 0.9463911056518555, "left": 82.60011291503906, "top": 136.42921447753906, "right": 467.09454345703125, "bottom": 272.936279296875}], "time": 0.8435180187225342}
