{"im": 2304, "res": [{"class": "aeroplane", "prob": 0.6275873184204102, "left": 277.3951416015625, "top": 83.92805480957031, "right": 496.7838134765625, "bottom": 355.65740966796875}], "time": 21.42933487892151}
