{"im": 4108, "res": [{"class": "tvmonitor", "prob": 0.6958184242248535, "left": 142.47439575195312, "top": 0.0, "right": 500.0, "bottom": 333.0}], "time": 21.63855528831482}
