{"im": 27, "res": [{"class": "tvmonitor", "prob": 0.7272511124610901, "left": 143.129638671875, "top": 221.60653686523438, "right": 262.8621520996094, "bottom": 292.5086364746094}], "time": 21.53341007232666}
