{"im": 4414, "res": [{"class": "car", "prob": 0.6081273555755615, "left": 78.16561889648438, "top": 98.80512237548828, "right": 492.5593566894531, "bottom": 301.6900634765625}], "time": 0.8468630313873291}
