{"im": 5379, "res": [{"class": "bottle", "prob": 0.9799554347991943, "left": 156.41143798828125, "top": 40.327632904052734, "right": 399.91986083984375, "bottom": 108.06077575683594}, {"class": "bottle", "prob": 0.9287660121917725, "left": 220.5916748046875, "top": 51.340789794921875, "right": 333.880615234375, "bottom": 94.85069274902344}], "time": 0.8468079566955566}
