{"im": 1377, "res": [{"class": "bird", "prob": 0.7901002764701843, "left": 0.0, "top": 192.45176696777344, "right": 201.33924865722656, "bottom": 331.78271484375}], "time": 0.8488109111785889}
