{"im": 4187, "res": [{"class": "bird", "prob": 0.9588544368743896, "left": 72.21177673339844, "top": 95.8677978515625, "right": 406.73748779296875, "bottom": 309.0769348144531}, {"class": "bird", "prob": 0.9979884624481201, "left": 286.1126708984375, "top": 78.08483123779297, "right": 480.0, "bottom": 245.32968139648438}, {"class": "bird", "prob": 0.937802255153656, "left": 2.4622573852539062, "top": 61.32893371582031, "right": 158.5623779296875, "bottom": 212.5395965576172}], "time": 21.66024684906006}
