{"im": 1558, "res": [{"class": "bird", "prob": 0.7624731659889221, "left": 80.57331848144531, "top": 178.2385711669922, "right": 141.69757080078125, "bottom": 209.0867156982422}], "time": 21.686317920684814}
