{"im": 1374, "res": [{"class": "pottedplant", "prob": 0.8406884670257568, "left": 154.2527313232422, "top": 0.0, "right": 492.1368408203125, "bottom": 372.656005859375}], "time": 21.797097206115723}
