{"im": 5009, "res": [{"class": "pottedplant", "prob": 0.9977467060089111, "left": 12.992233276367188, "top": 86.59142303466797, "right": 373.2764892578125, "bottom": 305.3380126953125}], "time": 21.45909881591797}
