{"im": 2635, "res": [{"class": "aeroplane", "prob": 0.9959850907325745, "left": 360.0595703125, "top": 61.53901672363281, "right": 492.9293212890625, "bottom": 324.9007568359375}], "time": 22.053383827209473}
