{"im": 3287, "res": [{"class": "pottedplant", "prob": 0.9857920408248901, "left": 181.2098388671875, "top": 26.8602294921875, "right": 299.7664794921875, "bottom": 359.6673278808594}], "time": 21.842334985733032}
