{"im": 216, "res": [{"class": "aeroplane", "prob": 0.9960779547691345, "left": 82.63172912597656, "top": 147.76611328125, "right": 216.34385681152344, "bottom": 334.5185241699219}, {"class": "aeroplane", "prob": 0.9308537244796753, "left": 277.1330871582031, "top": 168.1053466796875, "right": 442.3594055175781, "bottom": 354.54156494140625}], "time": 21.483234882354736}
