{"im": 5207, "res": [{"class": "aeroplane", "prob": 0.9989292025566101, "left": 134.4911651611328, "top": 50.08873748779297, "right": 305.97998046875, "bottom": 269.6244812011719}, {"class": "aeroplane", "prob": 0.998282790184021, "left": 31.861927032470703, "top": 109.88957977294922, "right": 156.4822998046875, "bottom": 219.31689453125}, {"class": "aeroplane", "prob": 0.9838592410087585, "left": 307.44970703125, "top": 26.107513427734375, "right": 500.0, "bottom": 356.4111328125}], "time": 21.518682956695557}
