{"im": 4661, "res": [{"class": "bird", "prob": 0.632393479347229, "left": 271.5028381347656, "top": 204.0257110595703, "right": 286.1898498535156, "bottom": 213.7630157470703}, {"class": "bird", "prob": 0.5265583992004395, "left": 289.6134338378906, "top": 204.48031616210938, "right": 305.8915710449219, "bottom": 213.79452514648438}], "time": 0.8567402362823486}
