{"im": 2164, "res": [{"class": "car", "prob": 0.9655001163482666, "left": 45.015132904052734, "top": 157.28570556640625, "right": 91.41496276855469, "bottom": 204.107177734375}, {"class": "car", "prob": 0.9009511470794678, "left": 12.81732177734375, "top": 149.43804931640625, "right": 125.8179931640625, "bottom": 211.13137817382812}, {"class": "car", "prob": 0.8558148741722107, "left": 276.8827209472656, "top": 70.34769439697266, "right": 474.0397644042969, "bottom": 250.75473022460938}], "time": 0.8494951725006104}
