{"im": 1192, "res": [{"class": "bicycle", "prob": 0.6131588220596313, "left": 26.435317993164062, "top": 21.522476196289062, "right": 475.892578125, "bottom": 303.27685546875}], "time": 1.3233520984649658}
