{"im": 3555, "res": [{"class": "aeroplane", "prob": 0.9986817836761475, "left": 215.65818786621094, "top": 0.0, "right": 356.1522216796875, "bottom": 271.01007080078125}, {"class": "sofa", "prob": 0.9765605330467224, "left": 51.23741149902344, "top": 67.46864318847656, "right": 402.91998291015625, "bottom": 372.74456787109375}, {"class": "bird", "prob": 0.5961658358573914, "left": 432.8939208984375, "top": 0.44165706634521484, "right": 470.37249755859375, "bottom": 13.224048614501953}], "time": 21.531567096710205}
