{"im": 2285, "res": [{"class": "aeroplane", "prob": 0.9995318055152893, "left": 307.3155822753906, "top": 0.0, "right": 500.0, "bottom": 375.0}, {"class": "aeroplane", "prob": 0.9911496639251709, "left": 61.517356872558594, "top": 11.137908935546875, "right": 244.73019409179688, "bottom": 175.0681610107422}, {"class": "aeroplane", "prob": 0.911891758441925, "left": 0.0, "top": 0.0, "right": 89.25747680664062, "bottom": 375.0}, {"class": "aeroplane", "prob": 0.8832743167877197, "left": 283.4568786621094, "top": 5.920082092285156, "right": 426.7037048339844, "bottom": 160.6922607421875}], "time": 21.415255069732666}
