{"im": 2368, "res": [{"class": "tvmonitor", "prob": 0.5314505100250244, "left": 255.85641479492188, "top": 128.47052001953125, "right": 403.1716003417969, "bottom": 279.03717041015625}, {"class": "tvmonitor", "prob": 0.7394167184829712, "left": 72.75252532958984, "top": 44.665321350097656, "right": 270.2371826171875, "bottom": 278.4089660644531}], "time": 21.417420148849487}
