{"im": 2487, "res": [{"class": "aeroplane", "prob": 0.7525334358215332, "left": 93.25204467773438, "top": 179.63006591796875, "right": 156.42477416992188, "bottom": 292.1620788574219}], "time": 0.898024320602417}
