{"im": 455, "res": [{"class": "aeroplane", "prob": 0.9996733069419861, "left": 208.87933349609375, "top": 53.772552490234375, "right": 401.19012451171875, "bottom": 375.0}, {"class": "aeroplane", "prob": 0.9995262026786804, "left": 69.68716430664062, "top": 110.2081298828125, "right": 282.84429931640625, "bottom": 375.0}, {"class": "aeroplane", "prob": 0.975343644618988, "left": 51.290225982666016, "top": 173.08489990234375, "right": 131.0889892578125, "bottom": 369.1588134765625}], "time": 21.64574408531189}
