{"im": 2224, "res": [{"class": "car", "prob": 0.9995012283325195, "left": 140.0646514892578, "top": 159.431640625, "right": 412.0833740234375, "bottom": 292.8008117675781}, {"class": "car", "prob": 0.6702811121940613, "left": 442.84735107421875, "top": 207.568603515625, "right": 464.66900634765625, "bottom": 243.32077026367188}], "time": 21.467719316482544}
