{"im": 3011, "res": [{"class": "chair", "prob": 0.5163453817367554, "left": 167.32974243164062, "top": 54.84801483154297, "right": 298.03228759765625, "bottom": 257.4306335449219}], "time": 21.87345790863037}
