{"im": 5107, "res": [{"class": "aeroplane", "prob": 0.8033104538917542, "left": 193.88067626953125, "top": 146.51907348632812, "right": 371.80426025390625, "bottom": 374.9101867675781}], "time": 0.822479248046875}
