{"im": 21, "res": [{"class": "sheep", "prob": 0.5149651169776917, "left": 78.65872955322266, "top": 200.5670166015625, "right": 269.7756042480469, "bottom": 298.2590637207031}], "time": 0.8499472141265869}
