{"im": 4921, "res": [{"class": "aeroplane", "prob": 0.9566773176193237, "left": 128.81195068359375, "top": 0.0, "right": 423.5589599609375, "bottom": 327.5647277832031}, {"class": "bicycle", "prob": 0.7464024424552917, "left": 23.306045532226562, "top": 159.18380737304688, "right": 429.03216552734375, "bottom": 375.0}], "time": 21.431288957595825}
