{"im": 5319, "res": [{"class": "aeroplane", "prob": 0.8661211729049683, "left": 1.7730975151062012, "top": 32.12376403808594, "right": 7.087864398956299, "bottom": 52.67021942138672}, {"class": "aeroplane", "prob": 0.774637758731842, "left": 6.111983776092529, "top": 59.6075553894043, "right": 12.212717056274414, "bottom": 79.1117935180664}], "time": 21.43584394454956}
