{"im": 3976, "res": [{"class": "aeroplane", "prob": 0.9934535622596741, "left": 297.78277587890625, "top": 0.0, "right": 500.0, "bottom": 330.2003173828125}, {"class": "aeroplane", "prob": 0.9923744797706604, "left": 8.203483581542969, "top": 57.910179138183594, "right": 127.54180145263672, "bottom": 193.06341552734375}, {"class": "aeroplane", "prob": 0.9894887208938599, "left": 48.122955322265625, "top": 10.606491088867188, "right": 283.1668395996094, "bottom": 246.38499450683594}], "time": 21.679421186447144}
