{"im": 629, "res": [{"class": "aeroplane", "prob": 0.9969998598098755, "left": 3.5091094970703125, "top": 53.4288330078125, "right": 310.3050537109375, "bottom": 499.99822998046875}], "time": 21.638025045394897}
