{"im": 4959, "res": [{"class": "aeroplane", "prob": 0.5322483777999878, "left": 80.88164520263672, "top": 194.60806274414062, "right": 99.94437408447266, "bottom": 223.79437255859375}], "time": 0.842750072479248}
