{"im": 632, "res": [{"class": "aeroplane", "prob": 0.8334232568740845, "left": 116.63229370117188, "top": 61.147735595703125, "right": 381.6079406738281, "bottom": 366.7005920410156}], "time": 22.580792903900146}
