{"im": 5463, "res": [{"class": "aeroplane", "prob": 0.5964637398719788, "left": 12.359115600585938, "top": 155.82809448242188, "right": 373.29217529296875, "bottom": 500.0}, {"class": "pottedplant", "prob": 0.8061984777450562, "left": 126.13694763183594, "top": 194.2736053466797, "right": 239.36473083496094, "bottom": 339.80914306640625}], "time": 21.465543031692505}
