{"im": 3455, "res": [{"class": "sheep", "prob": 0.9933006763458252, "left": 177.0601348876953, "top": 54.40434265136719, "right": 379.6251220703125, "bottom": 368.2490234375}], "time": 21.466944694519043}
