{"im": 4955, "res": [{"class": "boat", "prob": 0.962438702583313, "left": 103.0257568359375, "top": 85.4984130859375, "right": 373.1671142578125, "bottom": 294.3045654296875}], "time": 0.8779411315917969}
