{"im": 1650, "res": [{"class": "sheep", "prob": 0.9940140247344971, "left": 126.46074676513672, "top": 55.64240264892578, "right": 319.802490234375, "bottom": 237.05633544921875}], "time": 21.68883490562439}
