{"im": 2367, "res": [{"class": "bus", "prob": 0.9879739284515381, "left": 10.074752807617188, "top": 96.90797424316406, "right": 356.4365234375, "bottom": 412.9366455078125}, {"class": "bus", "prob": 0.7701340317726135, "left": 277.1675720214844, "top": 143.73748779296875, "right": 374.3702087402344, "bottom": 299.939453125}], "time": 21.50941014289856}
