{"im": 1321, "res": [{"class": "tvmonitor", "prob": 0.9168408513069153, "left": 314.3658447265625, "top": 56.582794189453125, "right": 495.5594482421875, "bottom": 333.0}, {"class": "tvmonitor", "prob": 0.5220643281936646, "left": 102.06747436523438, "top": 24.943065643310547, "right": 318.6951904296875, "bottom": 83.42758178710938}], "time": 0.8714802265167236}
