{"im": 436, "res": [{"class": "aeroplane", "prob": 0.9994497895240784, "left": 240.82763671875, "top": 62.10308837890625, "right": 451.33489990234375, "bottom": 395.4808044433594}, {"class": "aeroplane", "prob": 0.9991484880447388, "left": 333.75775146484375, "top": 25.854461669921875, "right": 500.0, "bottom": 372.700439453125}, {"class": "aeroplane", "prob": 0.992652952671051, "left": 57.59156036376953, "top": 56.67015075683594, "right": 284.4499206542969, "bottom": 396.020751953125}, {"class": "aeroplane", "prob": 0.5357006192207336, "left": 0.13780975341796875, "top": 19.486984252929688, "right": 195.47119140625, "bottom": 399.93695068359375}], "time": 21.697309017181396}
