{"im": 5556, "res": [{"class": "chair", "prob": 0.858046293258667, "left": 120.04501342773438, "top": 157.1735076904297, "right": 316.2866516113281, "bottom": 210.45838928222656}], "time": 22.086522817611694}
