{"im": 4501, "res": [{"class": "pottedplant", "prob": 0.9974100589752197, "left": 230.07443237304688, "top": 178.07598876953125, "right": 374.2554626464844, "bottom": 259.9294128417969}], "time": 21.422435760498047}
