{"im": 505, "res": [{"class": "aeroplane", "prob": 0.9998999238014221, "left": 140.68316650390625, "top": 35.37156677246094, "right": 468.73529052734375, "bottom": 375.0}, {"class": "aeroplane", "prob": 0.9928509593009949, "left": 20.518264770507812, "top": 46.30403137207031, "right": 215.34072875976562, "bottom": 374.1107177734375}], "time": 21.562707901000977}
