{"im": 2419, "res": [{"class": "bird", "prob": 0.8413842916488647, "left": 403.246337890625, "top": 60.79249954223633, "right": 499.9210205078125, "bottom": 136.13186645507812}, {"class": "bird", "prob": 0.7999274730682373, "left": 428.66192626953125, "top": 71.89804077148438, "right": 472.1650390625, "bottom": 125.50932312011719}, {"class": "aeroplane", "prob": 0.7953336834907532, "left": 124.0191421508789, "top": 87.03209686279297, "right": 209.18743896484375, "bottom": 161.76553344726562}, {"class": "aeroplane", "prob": 0.5184752345085144, "left": 145.7545623779297, "top": 91.31050109863281, "right": 184.7657012939453, "bottom": 153.37855529785156}], "time": 0.8351490497589111}
