{"im": 219, "res": [{"class": "aeroplane", "prob": 0.6880399584770203, "left": 156.64337158203125, "top": 117.83999633789062, "right": 332.51910400390625, "bottom": 249.39157104492188}], "time": 0.9642419815063477}
