{"im": 1125, "res": [{"class": "aeroplane", "prob": 0.9995052814483643, "left": 230.69969177246094, "top": 46.59757995605469, "right": 314.4589538574219, "bottom": 263.2686767578125}, {"class": "sofa", "prob": 0.998164176940918, "left": 70.61848449707031, "top": 107.94285583496094, "right": 473.8624267578125, "bottom": 373.65618896484375}, {"class": "cat", "prob": 0.5664058923721313, "left": 455.08331298828125, "top": 118.79095458984375, "right": 499.23712158203125, "bottom": 232.46603393554688}], "time": 21.092326879501343}
