{"im": 624, "res": [{"class": "pottedplant", "prob": 0.9294220209121704, "left": 159.68875122070312, "top": 234.93858337402344, "right": 349.8120422363281, "bottom": 423.8204345703125}, {"class": "pottedplant", "prob": 0.7064263820648193, "left": 218.3775634765625, "top": 40.79135513305664, "right": 353.80230712890625, "bottom": 149.6227264404297}], "time": 0.8361730575561523}
