{"im": 2118, "res": [{"class": "car", "prob": 0.9993802309036255, "left": 141.78318786621094, "top": 101.49786376953125, "right": 399.778564453125, "bottom": 278.3070983886719}, {"class": "car", "prob": 0.922997772693634, "left": 1.1629409790039062, "top": 132.77027893066406, "right": 183.22650146484375, "bottom": 190.5083465576172}, {"class": "aeroplane", "prob": 0.8437570333480835, "left": 452.7462158203125, "top": 170.2639923095703, "right": 499.833251953125, "bottom": 220.56874084472656}], "time": 21.640254974365234}
