{"im": 475, "res": [{"class": "sheep", "prob": 0.5433974862098694, "left": 45.1904296875, "top": 4.1394805908203125, "right": 492.221435546875, "bottom": 334.0}, {"class": "aeroplane", "prob": 0.5190313458442688, "left": 19.253646850585938, "top": 3.879230499267578, "right": 171.39498901367188, "bottom": 123.02729797363281}], "time": 27.98883295059204}
