{"im": 2454, "res": [{"class": "aeroplane", "prob": 0.9951551556587219, "left": 103.33348083496094, "top": 46.71826171875, "right": 397.97601318359375, "bottom": 351.0201721191406}], "time": 21.40794277191162}
