{"im": 5645, "res": [{"class": "person", "prob": 0.6047580242156982, "left": 40.341949462890625, "top": 31.75274658203125, "right": 303.73345947265625, "bottom": 500.0}], "time": 21.462284088134766}
