{"im": 1072, "res": [{"class": "aeroplane", "prob": 0.9990420937538147, "left": 169.42041015625, "top": 117.32550048828125, "right": 275.4361877441406, "bottom": 373.7614440917969}, {"class": "aeroplane", "prob": 0.9970470666885376, "left": 258.7820739746094, "top": 112.44413757324219, "right": 387.4064636230469, "bottom": 375.0}, {"class": "aeroplane", "prob": 0.9950417876243591, "left": 93.64173126220703, "top": 146.14892578125, "right": 188.875244140625, "bottom": 373.8543701171875}], "time": 21.08287501335144}
