{"im": 3419, "res": [{"class": "car", "prob": 0.6008448600769043, "left": 44.316070556640625, "top": 89.55830383300781, "right": 458.685791015625, "bottom": 294.92779541015625}, {"class": "aeroplane", "prob": 0.5180469155311584, "left": 485.6734313964844, "top": 164.37841796875, "right": 492.2214050292969, "bottom": 193.70458984375}], "time": 0.9459128379821777}
