{"im": 5778, "res": [{"class": "car", "prob": 0.844427764415741, "left": 85.62734985351562, "top": 43.18501281738281, "right": 353.1285095214844, "bottom": 338.8624267578125}], "time": 1.11399507522583}
