{"im": 282, "res": [{"class": "car", "prob": 0.7092312574386597, "left": 163.9766387939453, "top": 96.6209716796875, "right": 420.47802734375, "bottom": 318.1211853027344}], "time": 0.9626529216766357}
