{"im": 3857, "res": [{"class": "bird", "prob": 0.5746496915817261, "left": 33.299713134765625, "top": 109.76509094238281, "right": 500.0, "bottom": 363.6539306640625}], "time": 0.8640179634094238}
