{"im": 3760, "res": [{"class": "pottedplant", "prob": 0.5805453062057495, "left": 46.53228759765625, "top": 25.135269165039062, "right": 459.4178161621094, "bottom": 369.85040283203125}], "time": 0.8743176460266113}
