{"im": 397, "res": [{"class": "sofa", "prob": 0.9409182071685791, "left": 4.0529632568359375, "top": 0.0, "right": 131.0875701904297, "bottom": 375.0}, {"class": "sofa", "prob": 0.9077906608581543, "left": 213.01145935058594, "top": 58.873748779296875, "right": 492.08746337890625, "bottom": 358.60308837890625}], "time": 21.58092474937439}
