{"im": 804, "res": [{"class": "pottedplant", "prob": 0.9754162430763245, "left": 64.82485961914062, "top": 0.0, "right": 356.0, "bottom": 500.0}], "time": 21.82817506790161}
