{"im": 1252, "res": [{"class": "pottedplant", "prob": 0.9986225962638855, "left": 162.4268798828125, "top": 256.7200927734375, "right": 334.30889892578125, "bottom": 356.34912109375}], "time": 21.368228912353516}
