{"im": 4867, "res": [{"class": "aeroplane", "prob": 0.98716139793396, "left": 223.48130798339844, "top": 111.84397888183594, "right": 325.325927734375, "bottom": 257.656982421875}], "time": 21.44389820098877}
