{"im": 225, "res": [{"class": "aeroplane", "prob": 0.9990825057029724, "left": 224.6336669921875, "top": 121.88674926757812, "right": 348.58551025390625, "bottom": 375.0}, {"class": "aeroplane", "prob": 0.9989650845527649, "left": 126.46826171875, "top": 164.73068237304688, "right": 246.79656982421875, "bottom": 373.3943176269531}, {"class": "aeroplane", "prob": 0.9307745099067688, "left": 449.8000183105469, "top": 188.43740844726562, "right": 459.2175598144531, "bottom": 211.18630981445312}, {"class": "aeroplane", "prob": 0.7929376363754272, "left": 396.505126953125, "top": 186.64686584472656, "right": 402.9324951171875, "bottom": 202.63804626464844}], "time": 21.49209499359131}
