{"im": 3343, "res": [{"class": "bird", "prob": 0.7423926591873169, "left": 270.59368896484375, "top": 63.398353576660156, "right": 293.6075439453125, "bottom": 74.7590560913086}], "time": 0.9862010478973389}
