{"im": 5200, "res": [{"class": "tvmonitor", "prob": 0.6607535481452942, "left": 80.79396057128906, "top": 239.14706420898438, "right": 132.2755584716797, "bottom": 298.1347351074219}, {"class": "sofa", "prob": 0.5452004075050354, "left": 217.82321166992188, "top": 206.35302734375, "right": 308.9277038574219, "bottom": 360.0350341796875}], "time": 21.48677921295166}
