{"im": 5250, "res": [{"class": "boat", "prob": 0.6913754343986511, "left": 63.813018798828125, "top": 96.8096923828125, "right": 378.7799072265625, "bottom": 331.8284606933594}, {"class": "aeroplane", "prob": 0.9990271329879761, "left": 153.91549682617188, "top": 67.18865966796875, "right": 310.3049621582031, "bottom": 309.70556640625}], "time": 21.55448818206787}
