{"im": 3895, "res": [{"class": "sheep", "prob": 0.8851684331893921, "left": 171.80203247070312, "top": 27.114044189453125, "right": 426.1293640136719, "bottom": 326.3087463378906}], "time": 24.11498713493347}
