{"im": 1185, "res": [{"class": "bird", "prob": 0.6816347241401672, "left": 0.0, "top": 12.666290283203125, "right": 205.53761291503906, "bottom": 149.01995849609375}], "time": 0.8358299732208252}
