{"im": 2008, "res": [{"class": "chair", "prob": 0.5289592742919922, "left": 14.071800231933594, "top": 241.28433227539062, "right": 239.74505615234375, "bottom": 307.8043518066406}], "time": 0.8316500186920166}
