{"im": 2320, "res": [{"class": "bottle", "prob": 0.994077205657959, "left": 59.38081359863281, "top": 115.28133392333984, "right": 489.89801025390625, "bottom": 265.2151794433594}], "time": 21.38048267364502}
