{"im": 3859, "res": [{"class": "bottle", "prob": 0.9086352586746216, "left": 1.832489013671875, "top": 103.311767578125, "right": 367.61041259765625, "bottom": 348.6763000488281}], "time": 21.567651748657227}
