{"im": 3418, "res": [{"class": "bus", "prob": 0.9998707175254822, "left": 34.60163879394531, "top": 64.74748992919922, "right": 498.6611328125, "bottom": 274.9165344238281}], "time": 21.446548223495483}
