{"im": 2651, "res": [{"class": "tvmonitor", "prob": 0.8569927215576172, "left": 21.02069854736328, "top": 76.33714294433594, "right": 155.2763671875, "bottom": 266.082275390625}, {"class": "tvmonitor", "prob": 0.6735570430755615, "left": 318.7528991699219, "top": 106.99217987060547, "right": 481.1006774902344, "bottom": 231.76019287109375}, {"class": "tvmonitor", "prob": 0.530779242515564, "left": 177.9117431640625, "top": 106.48260498046875, "right": 307.8920593261719, "bottom": 277.3631896972656}], "time": 0.84183669090271}
