{"im": 1012, "res": [{"class": "bus", "prob": 0.9996732473373413, "left": 96.41221618652344, "top": 45.96647644042969, "right": 450.3795166015625, "bottom": 295.55126953125}, {"class": "bus", "prob": 0.9776641726493835, "left": 1.1835365295410156, "top": 71.93453979492188, "right": 110.13063049316406, "bottom": 260.6874084472656}, {"class": "bus", "prob": 0.9762639999389648, "left": 479.32098388671875, "top": 86.45098114013672, "right": 497.67626953125, "bottom": 227.29190063476562}, {"class": "bus", "prob": 0.6306225061416626, "left": 392.42437744140625, "top": 92.58818817138672, "right": 459.291748046875, "bottom": 220.33096313476562}], "time": 21.116777896881104}
