{"im": 2743, "res": [{"class": "aeroplane", "prob": 0.9977434873580933, "left": 136.6479949951172, "top": 80.52320861816406, "right": 264.4153747558594, "bottom": 480.89971923828125}, {"class": "sofa", "prob": 0.6443139314651489, "left": 29.04242706298828, "top": 35.47576904296875, "right": 187.33642578125, "bottom": 458.31109619140625}], "time": 21.626631259918213}
