{"im": 5320, "res": [{"class": "aeroplane", "prob": 0.9102590680122375, "left": 270.69976806640625, "top": 101.73823547363281, "right": 454.94122314453125, "bottom": 363.85052490234375}, {"class": "aeroplane", "prob": 0.6856903433799744, "left": 38.824440002441406, "top": 46.502838134765625, "right": 283.1430969238281, "bottom": 346.4281311035156}], "time": 0.9270501136779785}
