{"im": 878, "res": [{"class": "bottle", "prob": 0.9949682950973511, "left": 0.0, "top": 32.36225128173828, "right": 500.0, "bottom": 285.2522888183594}], "time": 21.108756065368652}
