{"im": 5010, "res": [{"class": "cat", "prob": 0.5076578259468079, "left": 387.08551025390625, "top": 204.1007080078125, "right": 408.39373779296875, "bottom": 215.07284545898438}], "time": 0.9972689151763916}
