{"im": 4552, "res": [{"class": "aeroplane", "prob": 0.7927130460739136, "left": 265.7867431640625, "top": 197.12669372558594, "right": 300.36138916015625, "bottom": 232.76231384277344}, {"class": "aeroplane", "prob": 0.65505051612854, "left": 88.66484069824219, "top": 207.7410125732422, "right": 117.15689086914062, "bottom": 239.2125701904297}, {"class": "aeroplane", "prob": 0.6091956496238708, "left": 154.29708862304688, "top": 231.5460662841797, "right": 187.42520141601562, "bottom": 253.71986389160156}], "time": 1.009124994277954}
