{"im": 4078, "res": [{"class": "person", "prob": 0.9974138736724854, "left": 20.0943603515625, "top": 161.69900512695312, "right": 358.60211181640625, "bottom": 500.0}], "time": 21.640787839889526}
