{"im": 1711, "res": [{"class": "aeroplane", "prob": 0.960739254951477, "left": 318.2647399902344, "top": 95.147705078125, "right": 475.3083801269531, "bottom": 368.4989013671875}, {"class": "aeroplane", "prob": 0.799504280090332, "left": 76.88436889648438, "top": 161.22128295898438, "right": 165.10256958007812, "bottom": 280.5964660644531}, {"class": "aeroplane", "prob": 0.7501831650733948, "left": 101.27161407470703, "top": 178.28768920898438, "right": 142.86837768554688, "bottom": 252.961669921875}], "time": 0.8960349559783936}
