{"im": 107, "res": [{"class": "aeroplane", "prob": 0.571541428565979, "left": 286.04888916015625, "top": 82.48253631591797, "right": 445.29547119140625, "bottom": 309.59173583984375}], "time": 1.263977289199829}
