{"im": 688, "res": [{"class": "aeroplane", "prob": 0.6030155420303345, "left": 0.0, "top": 108.78030395507812, "right": 128.65760803222656, "bottom": 354.3225402832031}], "time": 0.8352892398834229}
