{"im": 111, "res": [{"class": "bird", "prob": 0.7800559401512146, "left": 0.8519611358642578, "top": 265.34173583984375, "right": 45.553070068359375, "bottom": 303.8770751953125}, {"class": "bird", "prob": 0.9955328702926636, "left": 43.388702392578125, "top": 269.5210266113281, "right": 86.44737243652344, "bottom": 296.1321105957031}, {"class": "bird", "prob": 0.9878640174865723, "left": 82.46136474609375, "top": 272.5870361328125, "right": 97.38558959960938, "bottom": 290.5863037109375}, {"class": "aeroplane", "prob": 0.8780890107154846, "left": 229.91085815429688, "top": 263.7423095703125, "right": 240.354248046875, "bottom": 296.09210205078125}], "time": 21.889751195907593}
