{"im": 3485, "res": [{"class": "bicycle", "prob": 0.9974666833877563, "left": 54.65765380859375, "top": 22.937026977539062, "right": 390.3854064941406, "bottom": 357.096923828125}], "time": 21.47915816307068}
