{"im": 1152, "res": [{"class": "train", "prob": 0.9581342935562134, "left": 47.64863586425781, "top": 72.330810546875, "right": 215.49366760253906, "bottom": 365.7124938964844}, {"class": "train", "prob": 0.8588170409202576, "left": 199.57716369628906, "top": 28.597396850585938, "right": 371.058349609375, "bottom": 200.23660278320312}], "time": 21.12833309173584}
