{"im": 4282, "res": [{"class": "bird", "prob": 0.7874444127082825, "left": 42.924713134765625, "top": 65.69601440429688, "right": 406.5978698730469, "bottom": 358.3671875}, {"class": "cat", "prob": 0.5195786952972412, "left": 42.924713134765625, "top": 65.69601440429688, "right": 406.5978698730469, "bottom": 358.3671875}, {"class": "bird", "prob": 0.9960205554962158, "left": 1.9652748107910156, "top": 157.34149169921875, "right": 70.54978942871094, "bottom": 375.0}, {"class": "bird", "prob": 0.8697870969772339, "left": 246.03707885742188, "top": 85.64379119873047, "right": 500.0, "bottom": 253.30450439453125}], "time": 22.568701028823853}
