{"im": 1071, "res": [{"class": "aeroplane", "prob": 0.8733710050582886, "left": 88.69377136230469, "top": 104.63630676269531, "right": 406.07122802734375, "bottom": 404.45379638671875}], "time": 0.9808728694915771}
