{"im": 3818, "res": [{"class": "aeroplane", "prob": 0.6051457524299622, "left": 99.85874938964844, "top": 94.29519653320312, "right": 342.125244140625, "bottom": 353.1842041015625}], "time": 0.8623223304748535}
