{"im": 2054, "res": [{"class": "bicycle", "prob": 0.9966862201690674, "left": 63.152076721191406, "top": 255.8863983154297, "right": 269.2596130371094, "bottom": 500.0}, {"class": "aeroplane", "prob": 0.9965707063674927, "left": 88.04915618896484, "top": 10.830642700195312, "right": 284.1291809082031, "bottom": 500.0}], "time": 21.679063081741333}
