{"im": 2398, "res": [{"class": "aeroplane", "prob": 0.999694287776947, "left": 417.3168029785156, "top": 0.0, "right": 495.9105529785156, "bottom": 115.21894836425781}, {"class": "boat", "prob": 0.7857373356819153, "left": 29.323440551757812, "top": 1.0682029724121094, "right": 359.68304443359375, "bottom": 119.03079223632812}, {"class": "bicycle", "prob": 0.8480032682418823, "left": 20.720993041992188, "top": 29.637527465820312, "right": 471.97015380859375, "bottom": 296.296875}, {"class": "aeroplane", "prob": 0.9560755491256714, "left": 325.9630126953125, "top": 0.0, "right": 374.9383544921875, "bottom": 52.573577880859375}], "time": 21.46698021888733}
