{"im": 4111, "res": [{"class": "train", "prob": 0.5613374710083008, "left": 54.63471984863281, "top": 28.721969604492188, "right": 375.58282470703125, "bottom": 326.62335205078125}], "time": 0.8282370567321777}
