{"im": 472, "res": [{"class": "aeroplane", "prob": 0.629630982875824, "left": 202.28506469726562, "top": 127.52134704589844, "right": 314.4333190917969, "bottom": 247.99488830566406}], "time": 0.8363142013549805}
