{"im": 1458, "res": [{"class": "person", "prob": 0.9915069937705994, "left": 154.83438110351562, "top": 51.41515350341797, "right": 500.0, "bottom": 289.87451171875}], "time": 21.717700719833374}
