{"im": 197, "res": [{"class": "aeroplane", "prob": 0.841273844242096, "left": 367.4806823730469, "top": 170.8375244140625, "right": 378.8293762207031, "bottom": 189.57284545898438}, {"class": "aeroplane", "prob": 0.7017831206321716, "left": 202.32769775390625, "top": 90.49050903320312, "right": 305.2520446777344, "bottom": 330.4515686035156}], "time": 1.5348780155181885}
