{"im": 3416, "res": [{"class": "aeroplane", "prob": 0.9998976588249207, "left": 172.25880432128906, "top": 31.629119873046875, "right": 344.38421630859375, "bottom": 337.7596130371094}, {"class": "bicycle", "prob": 0.9973701238632202, "left": 115.97172546386719, "top": 170.23983764648438, "right": 380.554443359375, "bottom": 352.0669250488281}], "time": 21.548768043518066}
