{"im": 4774, "res": [{"class": "car", "prob": 0.9989261031150818, "left": 42.45985412597656, "top": 106.2025375366211, "right": 403.2342529296875, "bottom": 316.6384582519531}, {"class": "aeroplane", "prob": 0.9938589930534363, "left": 35.66512680053711, "top": 198.97132873535156, "right": 65.8837661743164, "bottom": 231.6018524169922}, {"class": "aeroplane", "prob": 0.8890994191169739, "left": 177.4078369140625, "top": 136.0514373779297, "right": 199.25436401367188, "bottom": 171.9910430908203}, {"class": "aeroplane", "prob": 0.6303576827049255, "left": 281.07598876953125, "top": 178.9756317138672, "right": 294.12237548828125, "bottom": 190.1815643310547}], "time": 21.358059644699097}
