{"im": 1361, "res": [{"class": "aeroplane", "prob": 0.9991918802261353, "left": 190.3717041015625, "top": 107.95527648925781, "right": 252.01382446289062, "bottom": 290.42694091796875}, {"class": "bottle", "prob": 0.9714832901954651, "left": 37.313568115234375, "top": 57.90122985839844, "right": 498.6982116699219, "bottom": 269.79693603515625}], "time": 21.65987992286682}
