{"im": 2777, "res": [{"class": "bicycle", "prob": 0.9993195533752441, "left": 32.310028076171875, "top": 0.19439697265625, "right": 500.0, "bottom": 452.0}], "time": 21.48107600212097}
