{"im": 1429, "res": [{"class": "bottle", "prob": 0.9998502731323242, "left": 157.78997802734375, "top": 54.491600036621094, "right": 400.8585205078125, "bottom": 239.11880493164062}], "time": 21.73167896270752}
