{"im": 4148, "res": [{"class": "boat", "prob": 0.5009686350822449, "left": 0.0, "top": 0.0, "right": 496.9823303222656, "bottom": 375.0}], "time": 0.8624439239501953}
