{"im": 1108, "res": [{"class": "train", "prob": 0.7997644543647766, "left": 294.94488525390625, "top": 239.6373748779297, "right": 335.9068603515625, "bottom": 265.09112548828125}, {"class": "train", "prob": 0.6640909314155579, "left": 480.5649108886719, "top": 243.97264099121094, "right": 490.4159851074219, "bottom": 258.7627868652344}], "time": 0.844771146774292}
