{"im": 3848, "res": [{"class": "bicycle", "prob": 0.9937562942504883, "left": 41.65403747558594, "top": 154.46829223632812, "right": 211.29052734375, "bottom": 256.03057861328125}, {"class": "bicycle", "prob": 0.9976415038108826, "left": 217.58102416992188, "top": 162.08554077148438, "right": 407.5419006347656, "bottom": 263.2201843261719}], "time": 21.616732120513916}
