{"im": 3833, "res": [{"class": "pottedplant", "prob": 0.7655569314956665, "left": 43.43122863769531, "top": 0.0, "right": 292.9683837890625, "bottom": 353.872802734375}], "time": 0.8520767688751221}
