{"im": 3709, "res": [{"class": "person", "prob": 0.9990543127059937, "left": 203.1309356689453, "top": 88.0223159790039, "right": 256.6203918457031, "bottom": 142.44924926757812}], "time": 23.19564390182495}
