{"im": 3333, "res": [{"class": "aeroplane", "prob": 0.8598233461380005, "left": 234.85791015625, "top": 62.73540496826172, "right": 362.37054443359375, "bottom": 299.0275573730469}, {"class": "bicycle", "prob": 0.6243888735771179, "left": 173.80482482910156, "top": 162.99453735351562, "right": 465.60711669921875, "bottom": 372.4519348144531}], "time": 0.8909261226654053}
