{"im": 1579, "res": [{"class": "aeroplane", "prob": 0.9648903012275696, "left": 30.821701049804688, "top": 81.32218933105469, "right": 271.5003662109375, "bottom": 355.2357177734375}, {"class": "aeroplane", "prob": 0.9427540302276611, "left": 266.15972900390625, "top": 130.9119873046875, "right": 463.84222412109375, "bottom": 367.86224365234375}], "time": 0.9229991436004639}
