{"im": 5007, "res": [{"class": "car", "prob": 0.9976786375045776, "left": 118.08493041992188, "top": 145.65682983398438, "right": 489.8990783691406, "bottom": 238.56338500976562}], "time": 21.44474220275879}
