{"im": 4949, "res": [{"class": "pottedplant", "prob": 0.5131976008415222, "left": 3.36712646484375, "top": 76.2027587890625, "right": 195.64373779296875, "bottom": 337.3411865234375}], "time": 0.9196631908416748}
