{"im": 5325, "res": [{"class": "tvmonitor", "prob": 0.9160705208778381, "left": 157.2335968017578, "top": 197.15188598632812, "right": 204.2810516357422, "bottom": 237.94699096679688}, {"class": "tvmonitor", "prob": 0.8914349675178528, "left": 124.27137756347656, "top": 188.63063049316406, "right": 235.19642639160156, "bottom": 246.15745544433594}, {"class": "train", "prob": 0.5958470106124878, "left": 375.2815856933594, "top": 35.8382568359375, "right": 385.7760314941406, "bottom": 49.385719299316406}], "time": 0.9282050132751465}
