{"im": 3939, "res": [{"class": "sheep", "prob": 0.6625183820724487, "left": 48.52693176269531, "top": 83.71673583984375, "right": 274.068359375, "bottom": 500.0}], "time": 21.57995581626892}
