{"im": 3073, "res": [{"class": "bus", "prob": 0.8027586340904236, "left": 61.59742736816406, "top": 43.85528564453125, "right": 437.24658203125, "bottom": 284.43475341796875}], "time": 0.8480148315429688}
