{"im": 3181, "res": [{"class": "sheep", "prob": 0.997647762298584, "left": 79.551025390625, "top": 7.718162536621094, "right": 327.04248046875, "bottom": 245.18844604492188}], "time": 21.71764302253723}
