{"im": 451, "res": [{"class": "aeroplane", "prob": 0.6459258198738098, "left": 33.33354187011719, "top": 59.323944091796875, "right": 317.5068359375, "bottom": 500.0}], "time": 0.8293797969818115}
