{"im": 1976, "res": [{"class": "car", "prob": 0.9992324113845825, "left": 0.0, "top": 155.00454711914062, "right": 281.51531982421875, "bottom": 500.0}], "time": 21.694724082946777}
