{"im": 5812, "res": [{"class": "aeroplane", "prob": 0.9889575839042664, "left": 21.87250518798828, "top": 7.435760498046875, "right": 267.27813720703125, "bottom": 488.4905700683594}], "time": 21.456843852996826}
