{"im": 336, "res": [{"class": "aeroplane", "prob": 0.9932941794395447, "left": 2.4712142944335938, "top": 128.80325317382812, "right": 231.04959106445312, "bottom": 371.7789001464844}, {"class": "aeroplane", "prob": 0.9914625287055969, "left": 308.6390686035156, "top": 124.0891342163086, "right": 500.0, "bottom": 375.0}, {"class": "aeroplane", "prob": 0.9431890845298767, "left": 190.24639892578125, "top": 179.45672607421875, "right": 352.07843017578125, "bottom": 369.30517578125}], "time": 21.70410990715027}
