{"im": 3250, "res": [{"class": "aeroplane", "prob": 0.9567504525184631, "left": 175.65576171875, "top": 55.38056945800781, "right": 324.3585510253906, "bottom": 332.68658447265625}], "time": 0.8236188888549805}
