{"im": 4158, "res": [{"class": "bottle", "prob": 0.8478884100914001, "left": 47.72526550292969, "top": 126.92521667480469, "right": 396.70367431640625, "bottom": 274.670654296875}], "time": 0.8249990940093994}
