{"im": 34, "res": [{"class": "person", "prob": 0.5494012832641602, "left": 128.7545166015625, "top": 71.4266357421875, "right": 293.3189697265625, "bottom": 195.99386596679688}], "time": 0.8516931533813477}
