{"im": 1759, "res": [{"class": "aeroplane", "prob": 0.9895743727684021, "left": 180.14511108398438, "top": 40.42774963378906, "right": 479.6283874511719, "bottom": 375.0}], "time": 21.64251399040222}
