{"im": 228, "res": [{"class": "aeroplane", "prob": 0.9826358556747437, "left": 42.36902618408203, "top": 24.153961181640625, "right": 237.3336181640625, "bottom": 400.0}, {"class": "diningtable", "prob": 0.5454728007316589, "left": 166.85855102539062, "top": 73.27262878417969, "right": 436.9028015136719, "bottom": 383.8944091796875}], "time": 21.501038074493408}
