{"im": 4937, "res": [{"class": "bird", "prob": 0.5062524080276489, "left": 79.23858642578125, "top": 57.892852783203125, "right": 500.0, "bottom": 316.63043212890625}], "time": 0.8220360279083252}
