{"im": 2254, "res": [{"class": "aeroplane", "prob": 0.9452794790267944, "left": 16.055339813232422, "top": 108.08090209960938, "right": 31.815673828125, "bottom": 143.21534729003906}], "time": 0.8756430149078369}
