{"im": 897, "res": [{"class": "aeroplane", "prob": 0.9991686344146729, "left": 379.21343994140625, "top": 193.13026428222656, "right": 494.11676025390625, "bottom": 373.26068115234375}, {"class": "aeroplane", "prob": 0.9990043640136719, "left": 279.2867736816406, "top": 204.43917846679688, "right": 377.6968078613281, "bottom": 375.0}], "time": 21.144211769104004}
