{"im": 4760, "res": [{"class": "sheep", "prob": 0.7763527631759644, "left": 169.1856231689453, "top": 54.84613037109375, "right": 375.0, "bottom": 372.14605712890625}], "time": 0.8503258228302002}
