{"im": 1356, "res": [{"class": "boat", "prob": 0.9969004988670349, "left": 232.87371826171875, "top": 154.7290496826172, "right": 323.6502685546875, "bottom": 234.8711395263672}, {"class": "aeroplane", "prob": 0.9712114334106445, "left": 228.76214599609375, "top": 122.02481079101562, "right": 315.71368408203125, "bottom": 199.9564208984375}], "time": 21.67174005508423}
