{"im": 2053, "res": [{"class": "sofa", "prob": 0.9885866641998291, "left": 9.84918212890625, "top": 118.09248352050781, "right": 309.3587341308594, "bottom": 498.2755126953125}, {"class": "aeroplane", "prob": 0.9954850673675537, "left": 307.82861328125, "top": 329.9464416503906, "right": 339.5880126953125, "bottom": 416.9026794433594}, {"class": "aeroplane", "prob": 0.9753254055976868, "left": 338.1263732910156, "top": 351.0086364746094, "right": 354.7001647949219, "bottom": 399.0973815917969}, {"class": "sofa", "prob": 0.9049498438835144, "left": 144.6981201171875, "top": 137.45474243164062, "right": 326.2259521484375, "bottom": 497.4001159667969}], "time": 21.73032307624817}
