{"im": 4692, "res": [{"class": "car", "prob": 0.9807541370391846, "left": 31.495956420898438, "top": 119.45582580566406, "right": 468.4129638671875, "bottom": 221.25596618652344}], "time": 23.43928813934326}
