{"im": 4333, "res": [{"class": "aeroplane", "prob": 0.7042378187179565, "left": 7.681949615478516, "top": 131.92971801757812, "right": 117.79679870605469, "bottom": 321.15045166015625}, {"class": "aeroplane", "prob": 0.6139216423034668, "left": 248.62709045410156, "top": 31.014511108398438, "right": 413.01318359375, "bottom": 340.86090087890625}, {"class": "aeroplane", "prob": 0.5649736523628235, "left": 115.797119140625, "top": 130.3570556640625, "right": 239.91671752929688, "bottom": 351.16387939453125}, {"class": "aeroplane", "prob": 0.5045498013496399, "left": 282.75067138671875, "top": 165.19227600097656, "right": 450.1033935546875, "bottom": 381.17742919921875}], "time": 0.858792781829834}
