{"im": 5067, "res": [{"class": "sheep", "prob": 0.9734805226325989, "left": 184.02584838867188, "top": 73.52381896972656, "right": 359.8926086425781, "bottom": 359.3480224609375}, {"class": "aeroplane", "prob": 0.9683684706687927, "left": 213.0951690673828, "top": 0.0, "right": 496.64990234375, "bottom": 371.4754638671875}], "time": 21.404536247253418}
