{"im": 852, "res": [{"class": "aeroplane", "prob": 0.8197305202484131, "left": 31.29290771484375, "top": 59.57997131347656, "right": 316.0755615234375, "bottom": 371.39215087890625}, {"class": "aeroplane", "prob": 0.747523307800293, "left": 224.71929931640625, "top": 78.64169311523438, "right": 443.48846435546875, "bottom": 375.0}], "time": 0.923203706741333}
