{"im": 2780, "res": [{"class": "person", "prob": 0.9980932474136353, "left": 202.44679260253906, "top": 90.01048278808594, "right": 295.9960632324219, "bottom": 161.91590881347656}, {"class": "person", "prob": 0.9802983403205872, "left": 65.60578155517578, "top": 328.4496765136719, "right": 105.88443756103516, "bottom": 375.0}], "time": 21.548659086227417}
