{"im": 5104, "res": [{"class": "sheep", "prob": 0.9740351438522339, "left": 13.434097290039062, "top": 81.87991333007812, "right": 441.2459716796875, "bottom": 292.27099609375}, {"class": "sheep", "prob": 0.6479477286338806, "left": 329.0557861328125, "top": 283.97418212890625, "right": 496.78692626953125, "bottom": 372.30279541015625}], "time": 22.010209798812866}
