{"im": 1826, "res": [{"class": "bird", "prob": 0.9015525579452515, "left": 77.24403381347656, "top": 112.13859558105469, "right": 364.4766845703125, "bottom": 303.17425537109375}, {"class": "aeroplane", "prob": 0.9606231451034546, "left": 1.6215829849243164, "top": 54.509056091308594, "right": 33.41538619995117, "bottom": 117.95873260498047}, {"class": "bird", "prob": 0.8115296959877014, "left": 0.4378490447998047, "top": 154.779296875, "right": 22.3729248046875, "bottom": 286.2898254394531}, {"class": "aeroplane", "prob": 0.5418868660926819, "left": 0.0, "top": 52.705162048339844, "right": 8.96860122680664, "bottom": 94.65239715576172}], "time": 21.677019119262695}
