{"im": 1575, "res": [{"class": "aeroplane", "prob": 0.8060497045516968, "left": 64.59944152832031, "top": 22.211257934570312, "right": 279.6416015625, "bottom": 481.1722412109375}, {"class": "bicycle", "prob": 0.5141335725784302, "left": 95.55719757080078, "top": 292.78619384765625, "right": 225.475341796875, "bottom": 497.11456298828125}], "time": 0.8468871116638184}
