{"im": 4197, "res": [{"class": "bottle", "prob": 0.902534008026123, "left": 207.75479125976562, "top": 203.58416748046875, "right": 351.5998229980469, "bottom": 248.55081176757812}], "time": 21.611098051071167}
