{"im": 4145, "res": [{"class": "pottedplant", "prob": 0.5841782093048096, "left": 3.2913818359375, "top": 63.455322265625, "right": 319.85845947265625, "bottom": 491.3919677734375}], "time": 21.68169403076172}
