{"im": 721, "res": [{"class": "aeroplane", "prob": 0.9987369775772095, "left": 101.54544067382812, "top": 8.8250732421875, "right": 257.41998291015625, "bottom": 242.61038208007812}], "time": 21.495845079421997}
