{"im": 5034, "res": [{"class": "tvmonitor", "prob": 0.9142004251480103, "left": 207.17373657226562, "top": 105.7553482055664, "right": 500.0, "bottom": 325.0469970703125}], "time": 22.934831857681274}
