{"im": 651, "res": [{"class": "aeroplane", "prob": 0.9999437928199768, "left": 275.59271240234375, "top": 118.04270935058594, "right": 389.239990234375, "bottom": 331.16619873046875}, {"class": "aeroplane", "prob": 0.9972807765007019, "left": 78.69442749023438, "top": 102.794189453125, "right": 162.05462646484375, "bottom": 333.0}, {"class": "aeroplane", "prob": 0.9869512915611267, "left": 174.23672485351562, "top": 188.75230407714844, "right": 210.81393432617188, "bottom": 240.5015411376953}, {"class": "aeroplane", "prob": 0.9677931666374207, "left": 214.5603485107422, "top": 188.69723510742188, "right": 241.09275817871094, "bottom": 240.46353149414062}], "time": 22.841207027435303}
