{"im": 2787, "res": [{"class": "aeroplane", "prob": 0.6645782589912415, "left": 3.1616363525390625, "top": 44.18260192871094, "right": 400.0, "bottom": 499.01153564453125}], "time": 21.52299475669861}
