{"im": 2756, "res": [{"class": "aeroplane", "prob": 0.9999508857727051, "left": 257.45391845703125, "top": 96.5118179321289, "right": 392.50933837890625, "bottom": 348.61871337890625}, {"class": "aeroplane", "prob": 0.9909271001815796, "left": 369.6834716796875, "top": 153.53726196289062, "right": 493.3267822265625, "bottom": 369.4673156738281}, {"class": "aeroplane", "prob": 0.7097555994987488, "left": 354.46435546875, "top": 182.28482055664062, "right": 417.2337646484375, "bottom": 286.5931701660156}], "time": 21.469717979431152}
