{"im": 2898, "res": [{"class": "tvmonitor", "prob": 0.9619227647781372, "left": 261.561767578125, "top": 238.05307006835938, "right": 322.1248779296875, "bottom": 305.5007629394531}, {"class": "tvmonitor", "prob": 0.9432279467582703, "left": 219.58779907226562, "top": 224.9110107421875, "right": 361.5641784667969, "bottom": 314.99456787109375}], "time": 0.8915650844573975}
