{"im": 975, "res": [{"class": "aeroplane", "prob": 0.9982588887214661, "left": 153.261962890625, "top": 165.5809326171875, "right": 303.04962158203125, "bottom": 371.0}, {"class": "aeroplane", "prob": 0.9951834678649902, "left": 311.0948486328125, "top": 188.80563354492188, "right": 500.0, "bottom": 370.8797302246094}, {"class": "aeroplane", "prob": 0.9490470886230469, "left": 202.89511108398438, "top": 168.6833953857422, "right": 358.6831970214844, "bottom": 371.0}], "time": 21.074748754501343}
