{"im": 1238, "res": [{"class": "person", "prob": 0.9938843250274658, "left": 116.69458770751953, "top": 63.00758361816406, "right": 161.2341766357422, "bottom": 179.26083374023438}], "time": 22.167906761169434}
