{"im": 4718, "res": [{"class": "pottedplant", "prob": 0.9971718788146973, "left": 291.4936828613281, "top": 114.63557434082031, "right": 437.1636047363281, "bottom": 262.510498046875}], "time": 21.42541813850403}
