{"im": 3504, "res": [{"class": "bottle", "prob": 0.9815897941589355, "left": 0.0, "top": 80.92494201660156, "right": 500.0, "bottom": 202.58457946777344}], "time": 21.450597047805786}
