{"im": 2851, "res": [{"class": "aeroplane", "prob": 0.8808408379554749, "left": 18.61408233642578, "top": 112.45195007324219, "right": 174.53482055664062, "bottom": 353.46368408203125}, {"class": "aeroplane", "prob": 0.6504667401313782, "left": 208.48434448242188, "top": 87.311279296875, "right": 338.4181823730469, "bottom": 212.33920288085938}, {"class": "aeroplane", "prob": 0.6558462977409363, "left": 316.4138488769531, "top": 88.91978454589844, "right": 436.5925598144531, "bottom": 270.78546142578125}, {"class": "aeroplane", "prob": 0.6032599806785583, "left": 241.57704162597656, "top": 106.25348663330078, "right": 288.04730224609375, "bottom": 184.98919677734375}], "time": 0.8754980564117432}
