{"im": 3146, "res": [{"class": "aeroplane", "prob": 0.9997279047966003, "left": 224.3964385986328, "top": 118.5072021484375, "right": 388.23297119140625, "bottom": 332.65948486328125}, {"class": "boat", "prob": 0.892492949962616, "left": 133.56405639648438, "top": 96.4216537475586, "right": 252.07406616210938, "bottom": 304.65960693359375}], "time": 22.24751114845276}
