{"im": 3628, "res": [{"class": "bottle", "prob": 0.9951804280281067, "left": 0.0, "top": 15.668258666992188, "right": 500.0, "bottom": 325.43572998046875}, {"class": "aeroplane", "prob": 0.9399347305297852, "left": 232.67208862304688, "top": 101.31185150146484, "right": 263.7549133300781, "bottom": 147.33474731445312}], "time": 21.57340407371521}
