{"im": 5344, "res": [{"class": "aeroplane", "prob": 0.9950299859046936, "left": 210.63937377929688, "top": 118.86870574951172, "right": 350.1167297363281, "bottom": 321.777587890625}, {"class": "bird", "prob": 0.5005636811256409, "left": 176.82040405273438, "top": 256.01983642578125, "right": 199.3018798828125, "bottom": 270.686279296875}, {"class": "bird", "prob": 0.5595762133598328, "left": 139.21649169921875, "top": 79.26693725585938, "right": 358.0534362792969, "bottom": 348.32061767578125}], "time": 21.486903190612793}
