{"im": 4971, "res": [{"class": "tvmonitor", "prob": 0.9968306422233582, "left": 126.28474426269531, "top": 118.093505859375, "right": 496.795166015625, "bottom": 375.0}], "time": 21.418355226516724}
