{"im": 5289, "res": [{"class": "pottedplant", "prob": 0.9962359666824341, "left": 182.051025390625, "top": 72.78828430175781, "right": 419.97796630859375, "bottom": 413.11102294921875}], "time": 21.61082696914673}
