{"im": 4202, "res": [{"class": "sofa", "prob": 0.9613237380981445, "left": 158.9022674560547, "top": 434.50030517578125, "right": 196.9488983154297, "bottom": 459.34649658203125}], "time": 21.65435791015625}
