{"im": 5252, "res": [{"class": "car", "prob": 0.9927745461463928, "left": 64.05511474609375, "top": 141.43505859375, "right": 481.3167724609375, "bottom": 246.37692260742188}], "time": 21.43376898765564}
