{"im": 3965, "res": [{"class": "car", "prob": 0.9093323349952698, "left": 11.1187744140625, "top": 34.36029815673828, "right": 487.2135314941406, "bottom": 287.333740234375}], "time": 21.522389888763428}
