{"im": 3886, "res": [{"class": "bottle", "prob": 0.7777055501937866, "left": 343.30133056640625, "top": 149.92588806152344, "right": 363.4178466796875, "bottom": 158.31748962402344}], "time": 0.8699979782104492}
