{"im": 798, "res": [{"class": "bird", "prob": 0.7843257188796997, "left": 375.67340087890625, "top": 244.58663940429688, "right": 433.224609375, "bottom": 298.7714538574219}, {"class": "aeroplane", "prob": 0.834450364112854, "left": 294.770751953125, "top": 238.0640869140625, "right": 317.308837890625, "bottom": 279.861572265625}], "time": 21.9708890914917}
