{"im": 736, "res": [{"class": "aeroplane", "prob": 0.9099760055541992, "left": 192.37225341796875, "top": 104.61546325683594, "right": 500.0, "bottom": 327.8568115234375}, {"class": "aeroplane", "prob": 0.7043044567108154, "left": 0.0, "top": 13.410064697265625, "right": 70.03988647460938, "bottom": 324.9925537109375}], "time": 21.60666298866272}
