{"im": 4312, "res": [{"class": "aeroplane", "prob": 0.93072110414505, "left": 152.44955444335938, "top": 59.71418762207031, "right": 325.2480773925781, "bottom": 375.0}], "time": 0.8325021266937256}
