{"im": 5453, "res": [{"class": "bird", "prob": 0.5093366503715515, "left": 348.63592529296875, "top": 177.06637573242188, "right": 364.4561767578125, "bottom": 188.42062377929688}], "time": 0.8243227005004883}
