{"im": 3736, "res": [{"class": "aeroplane", "prob": 0.9999538064002991, "left": 139.8529510498047, "top": 63.98985290527344, "right": 458.9779052734375, "bottom": 363.90283203125}], "time": 21.537214994430542}
