{"im": 4843, "res": [{"class": "person", "prob": 0.8061835765838623, "left": 72.94659423828125, "top": 83.18163299560547, "right": 433.4794921875, "bottom": 242.5882568359375}, {"class": "person", "prob": 0.8014127612113953, "left": 70.52098083496094, "top": 92.02880096435547, "right": 259.34637451171875, "bottom": 227.06906127929688}], "time": 21.41303515434265}
