{"im": 4444, "res": [{"class": "pottedplant", "prob": 0.7185934782028198, "left": 165.09402465820312, "top": 157.73194885253906, "right": 338.8941345214844, "bottom": 273.2117614746094}, {"class": "sheep", "prob": 0.5299269556999207, "left": 165.09402465820312, "top": 157.73194885253906, "right": 338.8941345214844, "bottom": 273.2117614746094}], "time": 21.42657995223999}
