{"im": 168, "res": [{"class": "aeroplane", "prob": 0.9993040561676025, "left": 164.6468048095703, "top": 83.17302703857422, "right": 228.6245574951172, "bottom": 204.18902587890625}], "time": 21.456963062286377}
