{"im": 2283, "res": [{"class": "pottedplant", "prob": 0.9912532567977905, "left": 201.48191833496094, "top": 185.77963256835938, "right": 260.114501953125, "bottom": 234.30221557617188}], "time": 21.509239196777344}
