{"im": 1590, "res": [{"class": "aeroplane", "prob": 0.9823672771453857, "left": 2.600597381591797, "top": 164.14553833007812, "right": 109.0081787109375, "bottom": 360.0}], "time": 0.893481969833374}
