{"im": 1334, "res": [{"class": "aeroplane", "prob": 0.9836709499359131, "left": 14.3748779296875, "top": 7.1770172119140625, "right": 325.1682434082031, "bottom": 498.53118896484375}, {"class": "aeroplane", "prob": 0.6940847039222717, "left": 44.719871520996094, "top": 0.0, "right": 228.3126220703125, "bottom": 351.75604248046875}], "time": 21.705554962158203}
