{"im": 1818, "res": [{"class": "pottedplant", "prob": 0.9604977965354919, "left": 2.78314208984375, "top": 9.882080078125, "right": 492.6160888671875, "bottom": 337.8973083496094}], "time": 21.590017080307007}
