{"im": 2886, "res": [{"class": "aeroplane", "prob": 0.9961923360824585, "left": 46.31524658203125, "top": 247.78048706054688, "right": 326.84130859375, "bottom": 500.0}], "time": 21.690505981445312}
