{"im": 1969, "res": [{"class": "sheep", "prob": 0.832920253276825, "left": 63.561676025390625, "top": 68.62327575683594, "right": 477.8642272949219, "bottom": 303.741455078125}], "time": 21.662884950637817}
