{"im": 3742, "res": [{"class": "sheep", "prob": 0.9502667188644409, "left": 23.06964111328125, "top": 0.0, "right": 368.61639404296875, "bottom": 329.5234069824219}], "time": 21.549751043319702}
