{"im": 1471, "res": [{"class": "sofa", "prob": 0.9562562704086304, "left": 110.68241882324219, "top": 0.0, "right": 480.0, "bottom": 302.6885986328125}], "time": 21.826016664505005}
