{"im": 4923, "res": [{"class": "aeroplane", "prob": 0.9055206179618835, "left": 99.32906341552734, "top": 46.74537658691406, "right": 259.12255859375, "bottom": 447.642822265625}], "time": 0.8648998737335205}
