{"im": 856, "res": [{"class": "aeroplane", "prob": 0.9981768727302551, "left": 0.0, "top": 61.277801513671875, "right": 270.0, "bottom": 359.9498291015625}], "time": 23.62822413444519}
