{"im": 4554, "res": [{"class": "sofa", "prob": 0.9998905062675476, "left": 55.12815856933594, "top": 43.1719970703125, "right": 406.89324951171875, "bottom": 330.06640625}], "time": 21.422727823257446}
