{"im": 5558, "res": [{"class": "sheep", "prob": 0.9798380732536316, "left": 25.997406005859375, "top": 0.0, "right": 466.204833984375, "bottom": 489.0}], "time": 21.288668870925903}
