{"im": 1613, "res": [{"class": "bird", "prob": 0.5502367615699768, "left": 11.4993896484375, "top": 0.0, "right": 436.368408203125, "bottom": 375.0}, {"class": "cat", "prob": 0.7231429815292358, "left": 11.4993896484375, "top": 0.0, "right": 436.368408203125, "bottom": 375.0}], "time": 21.691115856170654}
