{"im": 3922, "res": [{"class": "sheep", "prob": 0.9966447949409485, "left": 159.34423828125, "top": 296.17242431640625, "right": 230.58135986328125, "bottom": 363.0247802734375}], "time": 21.621274948120117}
