{"im": 35, "res": [{"class": "bicycle", "prob": 0.9964701533317566, "left": 20.222091674804688, "top": 23.0396728515625, "right": 484.025146484375, "bottom": 343.2917785644531}], "time": 21.520888090133667}
