{"im": 37, "res": [{"class": "aeroplane", "prob": 0.899491548538208, "left": 93.55532836914062, "top": 127.4224853515625, "right": 166.76141357421875, "bottom": 396.2589111328125}, {"class": "aeroplane", "prob": 0.5800473690032959, "left": 173.53717041015625, "top": 110.49726104736328, "right": 256.9505310058594, "bottom": 332.4284362792969}], "time": 0.9313580989837646}
