{"im": 4669, "res": [{"class": "boat", "prob": 0.9176404476165771, "left": 120.72109985351562, "top": 16.910446166992188, "right": 437.7415466308594, "bottom": 349.27587890625}], "time": 21.377111196517944}
