{"im": 3778, "res": [{"class": "aeroplane", "prob": 0.9259016513824463, "left": 104.26477813720703, "top": 24.830398559570312, "right": 256.64715576171875, "bottom": 327.52569580078125}, {"class": "aeroplane", "prob": 0.5928733348846436, "left": 207.3352813720703, "top": 76.44165802001953, "right": 382.79071044921875, "bottom": 317.2609558105469}], "time": 0.8462910652160645}
