{"im": 2172, "res": [{"class": "aeroplane", "prob": 0.5217009782791138, "left": 219.54510498046875, "top": 173.67430114746094, "right": 229.41180419921875, "bottom": 192.74049377441406}], "time": 0.8268051147460938}
