{"im": 4804, "res": [{"class": "sheep", "prob": 0.9973171353340149, "left": 88.64830780029297, "top": 161.33741760253906, "right": 160.90716552734375, "bottom": 205.53675842285156}, {"class": "aeroplane", "prob": 0.9990017414093018, "left": 224.08888244628906, "top": 68.93971252441406, "right": 307.09375, "bottom": 263.4359130859375}, {"class": "sheep", "prob": 0.9815512895584106, "left": 286.10614013671875, "top": 232.26976013183594, "right": 335.1368408203125, "bottom": 270.90374755859375}, {"class": "sheep", "prob": 0.9684951305389404, "left": 333.9156188964844, "top": 214.90744018554688, "right": 389.4641418457031, "bottom": 254.3880615234375}], "time": 21.433974981307983}
