{"im": 5196, "res": [{"class": "bus", "prob": 0.9948546886444092, "left": 271.7288818359375, "top": 113.94035339355469, "right": 439.00323486328125, "bottom": 202.21189880371094}, {"class": "bus", "prob": 0.9882268309593201, "left": 313.9646911621094, "top": 123.29051208496094, "right": 403.4053039550781, "bottom": 188.8740997314453}], "time": 0.9005677700042725}
