{"im": 3767, "res": [{"class": "train", "prob": 0.842985212802887, "left": 129.98373413085938, "top": 58.12672424316406, "right": 389.2728576660156, "bottom": 332.1842041015625}, {"class": "train", "prob": 0.8012916445732117, "left": 4.329998016357422, "top": 86.3631591796875, "right": 122.62327575683594, "bottom": 352.2797546386719}], "time": 0.8313488960266113}
