{"im": 4486, "res": [{"class": "aeroplane", "prob": 0.716245710849762, "left": 80.39799499511719, "top": 74.74794006347656, "right": 263.99554443359375, "bottom": 224.8830108642578}], "time": 21.36297297477722}
