{"im": 5505, "res": [{"class": "aeroplane", "prob": 0.953331708908081, "left": 115.84373474121094, "top": 81.33020782470703, "right": 304.47381591796875, "bottom": 335.03277587890625}], "time": 0.8394699096679688}
