{"im": 1013, "res": [{"class": "bottle", "prob": 0.9945328235626221, "left": 0.0, "top": 40.250953674316406, "right": 477.34716796875, "bottom": 217.8731689453125}], "time": 21.053894996643066}
