{"im": 486, "res": [{"class": "sheep", "prob": 0.7266653776168823, "left": 127.23538970947266, "top": 1.5954132080078125, "right": 265.73455810546875, "bottom": 215.45587158203125}], "time": 0.8335840702056885}
