{"im": 3605, "res": [{"class": "aeroplane", "prob": 0.8596996068954468, "left": 208.6824188232422, "top": 46.115875244140625, "right": 354.16033935546875, "bottom": 339.27679443359375}, {"class": "aeroplane", "prob": 0.5348581671714783, "left": 71.71965026855469, "top": 63.09144592285156, "right": 205.7819061279297, "bottom": 340.39703369140625}], "time": 0.8827409744262695}
