{"im": 2038, "res": [{"class": "car", "prob": 0.7107385993003845, "left": 8.439544677734375, "top": 49.31188201904297, "right": 280.95660400390625, "bottom": 212.341064453125}], "time": 0.8296971321105957}
