{"im": 4289, "res": [{"class": "bicycle", "prob": 0.999488353729248, "left": 13.360809326171875, "top": 6.4369049072265625, "right": 486.012939453125, "bottom": 330.3663330078125}], "time": 30.302958011627197}
