{"im": 5471, "res": [{"class": "aeroplane", "prob": 0.5892839431762695, "left": 1.5115509033203125, "top": 221.662109375, "right": 192.58656311035156, "bottom": 485.68646240234375}], "time": 0.8291032314300537}
