{"im": 91, "res": [{"class": "aeroplane", "prob": 0.5010367035865784, "left": 0.0, "top": 2.3726806640625, "right": 394.96990966796875, "bottom": 333.0}], "time": 0.8898200988769531}
