{"im": 5365, "res": [{"class": "aeroplane", "prob": 0.8230085372924805, "left": 10.212142944335938, "top": 1.59173583984375, "right": 489.88232421875, "bottom": 375.0}], "time": 21.496814966201782}
