{"im": 772, "res": [{"class": "car", "prob": 0.9981535077095032, "left": 94.44969177246094, "top": 155.17141723632812, "right": 471.01763916015625, "bottom": 262.8662414550781}, {"class": "bird", "prob": 0.9188061356544495, "left": 0.0, "top": 223.44686889648438, "right": 10.055671691894531, "bottom": 238.28750610351562}], "time": 21.86480712890625}
