{"im": 4284, "res": [{"class": "aeroplane", "prob": 0.9656602144241333, "left": 114.60084533691406, "top": 58.49195861816406, "right": 495.71563720703125, "bottom": 327.0357666015625}], "time": 39.193007946014404}
