{"im": 770, "res": [{"class": "aeroplane", "prob": 0.9627276062965393, "left": 214.91635131835938, "top": 203.34661865234375, "right": 281.46405029296875, "bottom": 335.0}, {"class": "aeroplane", "prob": 0.9037413001060486, "left": 287.7201843261719, "top": 131.09521484375, "right": 386.9563903808594, "bottom": 331.3471374511719}, {"class": "aeroplane", "prob": 0.8974079489707947, "left": 228.9680633544922, "top": 215.4385986328125, "right": 263.83642578125, "bottom": 324.25640869140625}, {"class": "aeroplane", "prob": 0.5975161790847778, "left": 139.51173400878906, "top": 301.1113586425781, "right": 175.75889587402344, "bottom": 324.0486755371094}], "time": 0.8835890293121338}
