{"im": 3994, "res": [{"class": "cat", "prob": 0.6832281351089478, "left": 454.0361328125, "top": 0.0, "right": 497.2396240234375, "bottom": 49.802947998046875}, {"class": "boat", "prob": 0.6986629962921143, "left": 49.16682434082031, "top": 178.50064086914062, "right": 396.536376953125, "bottom": 298.8281555175781}], "time": 21.584939002990723}
