{"im": 5333, "res": [{"class": "sheep", "prob": 0.7241215705871582, "left": 191.24180603027344, "top": 21.754348754882812, "right": 464.49298095703125, "bottom": 350.77685546875}], "time": 21.47694206237793}
