{"im": 1748, "res": [{"class": "bird", "prob": 0.9650379419326782, "left": 28.09808349609375, "top": 76.13369750976562, "right": 113.55105590820312, "bottom": 126.68144226074219}, {"class": "aeroplane", "prob": 0.8721697330474854, "left": 130.33509826660156, "top": 0.0, "right": 476.42041015625, "bottom": 370.1150817871094}, {"class": "bird", "prob": 0.9527953267097473, "left": 116.45830535888672, "top": 82.03219604492188, "right": 139.2105712890625, "bottom": 105.29959106445312}], "time": 21.767184257507324}
