{"im": 2087, "res": [{"class": "aeroplane", "prob": 0.9986504912376404, "left": 371.5493469238281, "top": 138.5527801513672, "right": 415.4407043457031, "bottom": 318.89007568359375}, {"class": "bottle", "prob": 0.6152465343475342, "left": 47.292884826660156, "top": 79.19692993164062, "right": 98.32263946533203, "bottom": 103.56816101074219}, {"class": "bottle", "prob": 0.522091805934906, "left": 55.542266845703125, "top": 83.34584045410156, "right": 92.66656494140625, "bottom": 99.4168701171875}], "time": 21.678802013397217}
