{"im": 4725, "res": [{"class": "person", "prob": 0.9969199895858765, "left": 41.28900146484375, "top": 29.98370361328125, "right": 500.0, "bottom": 351.3318176269531}, {"class": "aeroplane", "prob": 0.9470791816711426, "left": 401.8379211425781, "top": 83.0322036743164, "right": 500.0, "bottom": 239.25961303710938}], "time": 21.393754243850708}
