{"im": 4447, "res": [{"class": "car", "prob": 0.9986065626144409, "left": 274.4261779785156, "top": 75.04512786865234, "right": 486.8469543457031, "bottom": 241.4197998046875}, {"class": "aeroplane", "prob": 0.9268312454223633, "left": 484.909423828125, "top": 136.52166748046875, "right": 500.0, "bottom": 195.48110961914062}, {"class": "aeroplane", "prob": 0.8618853092193604, "left": 429.6196594238281, "top": 120.86216735839844, "right": 462.1435241699219, "bottom": 214.5169219970703}], "time": 21.412596940994263}
