{"im": 3369, "res": [{"class": "sofa", "prob": 0.9983698725700378, "left": 9.541397094726562, "top": 10.8504638671875, "right": 387.6514892578125, "bottom": 369.9793701171875}, {"class": "sofa", "prob": 0.7188684344291687, "left": 378.9345397949219, "top": 148.56619262695312, "right": 498.5903015136719, "bottom": 372.0291442871094}], "time": 21.49735403060913}
