{"im": 3538, "res": [{"class": "sofa", "prob": 0.9971703290939331, "left": 20.33612060546875, "top": 1.393157958984375, "right": 436.02886962890625, "bottom": 393.0459899902344}], "time": 21.606971979141235}
