{"im": 3640, "res": [{"class": "bicycle", "prob": 0.9991397857666016, "left": 126.12034606933594, "top": 137.5467529296875, "right": 339.4481201171875, "bottom": 286.1829528808594}], "time": 21.53773593902588}
