{"im": 2340, "res": [{"class": "aeroplane", "prob": 0.9231723546981812, "left": 85.55242919921875, "top": 80.62399291992188, "right": 468.26739501953125, "bottom": 354.4528503417969}], "time": 21.41065502166748}
