{"im": 3249, "res": [{"class": "sheep", "prob": 0.9349467754364014, "left": 39.47782897949219, "top": 19.345794677734375, "right": 342.40655517578125, "bottom": 485.54144287109375}, {"class": "aeroplane", "prob": 0.9014386534690857, "left": 285.1665954589844, "top": 0.0, "right": 383.8797912597656, "bottom": 352.20001220703125}], "time": 21.990779161453247}
