{"im": 3705, "res": [{"class": "train", "prob": 0.9533016681671143, "left": 377.40460205078125, "top": 184.15586853027344, "right": 407.55731201171875, "bottom": 210.33570861816406}, {"class": "train", "prob": 0.8898839354515076, "left": 199.35430908203125, "top": 193.9855194091797, "right": 306.7804870605469, "bottom": 275.48883056640625}, {"class": "train", "prob": 0.8329022526741028, "left": 233.40850830078125, "top": 209.45352172851562, "right": 284.308837890625, "bottom": 261.640869140625}, {"class": "train", "prob": 0.7390973567962646, "left": 206.44400024414062, "top": 171.9524688720703, "right": 235.642578125, "bottom": 198.5095672607422}], "time": 0.8771429061889648}
