{"im": 99, "res": [{"class": "sofa", "prob": 0.9989950656890869, "left": 180.11618041992188, "top": 208.858154296875, "right": 236.22506713867188, "bottom": 296.5273742675781}, {"class": "aeroplane", "prob": 0.973881721496582, "left": 191.82736206054688, "top": 182.20907592773438, "right": 226.83502197265625, "bottom": 260.8328857421875}], "time": 23.854912996292114}
