{"im": 4978, "res": [{"class": "person", "prob": 0.8679230213165283, "left": 6.6558074951171875, "top": 36.49305725097656, "right": 408.57965087890625, "bottom": 467.47259521484375}, {"class": "aeroplane", "prob": 0.6613692045211792, "left": 0.0, "top": 253.14784240722656, "right": 197.56552124023438, "bottom": 500.0}], "time": 21.44052505493164}
