{"im": 608, "res": [{"class": "person", "prob": 0.9992497563362122, "left": 349.190673828125, "top": 121.02468872070312, "right": 484.84344482421875, "bottom": 317.1885986328125}, {"class": "person", "prob": 0.9990267157554626, "left": 0.0, "top": 128.32052612304688, "right": 224.62893676757812, "bottom": 310.318359375}, {"class": "person", "prob": 0.800811767578125, "left": 196.27471923828125, "top": 205.6685791015625, "right": 264.656982421875, "bottom": 281.7543640136719}], "time": 21.528149127960205}
