{"im": 5344, "res": [{"class": "aeroplane", "prob": 0.7579866647720337, "left": 150.2028045654297, "top": 105.5968017578125, "right": 355.249755859375, "bottom": 326.65924072265625}], "time": 0.8861761093139648}
