{"im": 5600, "res": [{"class": "bird", "prob": 0.8140743374824524, "left": 137.440185546875, "top": 290.3675537109375, "right": 280.6231994628906, "bottom": 367.43902587890625}, {"class": "bird", "prob": 0.7081190943717957, "left": 168.6828155517578, "top": 300.9099426269531, "right": 238.3939666748047, "bottom": 361.6463317871094}, {"class": "cow", "prob": 0.6623635292053223, "left": 41.70159149169922, "top": 188.61460876464844, "right": 50.42350769042969, "bottom": 212.1855926513672}], "time": 0.8688149452209473}
