{"im": 1128, "res": [{"class": "bicycle", "prob": 0.9899107217788696, "left": 78.83448791503906, "top": 178.38192749023438, "right": 348.74249267578125, "bottom": 343.8183898925781}], "time": 0.8343920707702637}
