{"im": 317, "res": [{"class": "aeroplane", "prob": 0.6707967519760132, "left": 173.9434051513672, "top": 152.23316955566406, "right": 325.741943359375, "bottom": 470.87060546875}], "time": 0.8758678436279297}
