{"im": 2875, "res": [{"class": "tvmonitor", "prob": 0.901900053024292, "left": 40.61851501464844, "top": 126.13028717041016, "right": 234.73301696777344, "bottom": 263.3324279785156}, {"class": "tvmonitor", "prob": 0.566744327545166, "left": 299.67694091796875, "top": 102.114990234375, "right": 479.8302001953125, "bottom": 226.29296875}], "time": 0.8688187599182129}
