{"im": 1600, "res": [{"class": "pottedplant", "prob": 0.9870975017547607, "left": 58.13427734375, "top": 14.440032958984375, "right": 300.0, "bottom": 191.36837768554688}], "time": 21.770728826522827}
