{"im": 3525, "res": [{"class": "bird", "prob": 0.7288848161697388, "left": 20.1807861328125, "top": 32.05833435058594, "right": 491.32391357421875, "bottom": 300.46685791015625}], "time": 0.8640151023864746}
