{"im": 3901, "res": [{"class": "sheep", "prob": 0.5316334962844849, "left": 147.27720642089844, "top": 0.0, "right": 500.0, "bottom": 375.0}], "time": 21.59057092666626}
