{"im": 991, "res": [{"class": "sheep", "prob": 0.9964073300361633, "left": 215.2233123779297, "top": 108.26136016845703, "right": 320.6599426269531, "bottom": 290.4870910644531}], "time": 21.084837913513184}
