{"im": 117, "res": [{"class": "aeroplane", "prob": 0.9996729493141174, "left": 0.0, "top": 214.70999145507812, "right": 326.00457763671875, "bottom": 445.6404113769531}, {"class": "aeroplane", "prob": 0.9875897169113159, "left": 37.95664978027344, "top": 161.96490478515625, "right": 192.28192138671875, "bottom": 328.5234069824219}], "time": 25.783046007156372}
