{"im": 454, "res": [{"class": "aeroplane", "prob": 0.6101824641227722, "left": 4.947517395019531, "top": 197.2257843017578, "right": 22.64908790588379, "bottom": 233.82017517089844}], "time": 0.8478941917419434}
