{"im": 1402, "res": [{"class": "boat", "prob": 0.993873655796051, "left": 82.82830810546875, "top": 58.724876403808594, "right": 455.33636474609375, "bottom": 314.2119445800781}], "time": 21.77374529838562}
