{"im": 4384, "res": [{"class": "bird", "prob": 0.9975128173828125, "left": 178.92999267578125, "top": 280.4533386230469, "right": 360.94720458984375, "bottom": 446.7573547363281}], "time": 21.46935796737671}
