{"im": 357, "res": [{"class": "bicycle", "prob": 0.9958666563034058, "left": 99.30252075195312, "top": 278.66375732421875, "right": 246.23809814453125, "bottom": 500.0}, {"class": "aeroplane", "prob": 0.994627833366394, "left": 109.48735809326172, "top": 119.27232360839844, "right": 265.30908203125, "bottom": 479.108154296875}], "time": 21.84123182296753}
