{"im": 4751, "res": [{"class": "car", "prob": 0.9931860566139221, "left": 0.0, "top": 161.922607421875, "right": 197.16500854492188, "bottom": 244.31900024414062}], "time": 21.43303871154785}
