{"im": 2534, "res": [{"class": "sofa", "prob": 0.9969067573547363, "left": 117.50775146484375, "top": 84.65591430664062, "right": 328.9781188964844, "bottom": 262.6075134277344}], "time": 21.473467111587524}
