{"im": 665, "res": [{"class": "aeroplane", "prob": 0.9990261793136597, "left": 0.0, "top": 100.52668762207031, "right": 375.0, "bottom": 487.14501953125}], "time": 21.768358945846558}
