{"im": 1534, "res": [{"class": "pottedplant", "prob": 0.9103283882141113, "left": 9.096160888671875, "top": 8.270431518554688, "right": 497.99090576171875, "bottom": 371.50567626953125}], "time": 21.895641803741455}
