{"im": 1283, "res": [{"class": "bottle", "prob": 0.5711997151374817, "left": 441.59661865234375, "top": 170.1418914794922, "right": 456.9471435546875, "bottom": 180.0184783935547}, {"class": "bottle", "prob": 0.6025291681289673, "left": 102.59501647949219, "top": 136.96017456054688, "right": 118.50009155273438, "bottom": 145.78985595703125}, {"class": "bottle", "prob": 0.5156288743019104, "left": 236.11256408691406, "top": 132.3179473876953, "right": 252.4928741455078, "bottom": 141.5705108642578}], "time": 0.9703919887542725}
