{"im": 1160, "res": [{"class": "sofa", "prob": 0.9649593234062195, "left": 95.0531005859375, "top": 124.28436279296875, "right": 267.3647155761719, "bottom": 418.14862060546875}, {"class": "aeroplane", "prob": 0.6995137333869934, "left": 117.95613098144531, "top": 41.85325622558594, "right": 233.79100036621094, "bottom": 272.93597412109375}], "time": 1.0906898975372314}
