{"im": 5162, "res": [{"class": "aeroplane", "prob": 0.9931051731109619, "left": 0.0, "top": 51.88096618652344, "right": 267.9996337890625, "bottom": 500.0}], "time": 21.47633719444275}
