{"im": 61, "res": [{"class": "aeroplane", "prob": 0.7031275629997253, "left": 0.0, "top": 0.0, "right": 295.6220397949219, "bottom": 375.0}], "time": 0.8584768772125244}
