{"im": 1058, "res": [{"class": "aeroplane", "prob": 0.9416700601577759, "left": 87.7213134765625, "top": 229.03851318359375, "right": 175.15054321289062, "bottom": 480.02435302734375}, {"class": "aeroplane", "prob": 0.8022779226303101, "left": 41.546485900878906, "top": 208.0552520751953, "right": 97.92217254638672, "bottom": 466.9608154296875}], "time": 0.9902808666229248}
