{"im": 5203, "res": [{"class": "bicycle", "prob": 0.7408357262611389, "left": 0.0, "top": 6.5211944580078125, "right": 500.0, "bottom": 375.0}], "time": 0.8465039730072021}
