{"im": 5627, "res": [{"class": "bottle", "prob": 0.9638276696205139, "left": 64.66416931152344, "top": 20.148216247558594, "right": 483.73089599609375, "bottom": 265.7189636230469}, {"class": "cat", "prob": 0.9797573685646057, "left": 20.893386840820312, "top": 252.22679138183594, "right": 208.8402099609375, "bottom": 323.2047119140625}, {"class": "aeroplane", "prob": 0.9386342763900757, "left": 246.56358337402344, "top": 319.0827941894531, "right": 262.4771423339844, "bottom": 333.0}, {"class": "aeroplane", "prob": 0.583968460559845, "left": 178.7154083251953, "top": 262.03131103515625, "right": 193.70350646972656, "bottom": 285.93402099609375}], "time": 21.30387568473816}
