{"im": 2319, "res": [{"class": "aeroplane", "prob": 0.9981508851051331, "left": 103.89435577392578, "top": 31.62701416015625, "right": 234.07962036132812, "bottom": 375.0}, {"class": "aeroplane", "prob": 0.9772092700004578, "left": 229.89295959472656, "top": 105.85032653808594, "right": 266.58624267578125, "bottom": 145.92922973632812}, {"class": "aeroplane", "prob": 0.9139866828918457, "left": 123.63044738769531, "top": 102.54920196533203, "right": 155.3689727783203, "bottom": 185.16986083984375}], "time": 21.495462894439697}
