{"im": 2459, "res": [{"class": "sheep", "prob": 0.998730480670929, "left": 235.18350219726562, "top": 82.08360290527344, "right": 388.0489807128906, "bottom": 269.9193115234375}], "time": 21.5986487865448}
