{"im": 4536, "res": [{"class": "bird", "prob": 0.9671857953071594, "left": 10.48370361328125, "top": 143.8527069091797, "right": 332.43096923828125, "bottom": 464.58245849609375}], "time": 23.53719711303711}
