{"im": 4613, "res": [{"class": "pottedplant", "prob": 0.9996393918991089, "left": 99.09207153320312, "top": 77.97966003417969, "right": 233.50076293945312, "bottom": 161.38046264648438}, {"class": "aeroplane", "prob": 0.9940000176429749, "left": 221.35032653808594, "top": 62.29051971435547, "right": 432.8653564453125, "bottom": 173.98764038085938}], "time": 21.423907041549683}
