{"im": 5491, "res": [{"class": "train", "prob": 0.562444806098938, "left": 240.90687561035156, "top": 155.96417236328125, "right": 366.8953857421875, "bottom": 220.78436279296875}, {"class": "train", "prob": 0.8383408188819885, "left": 146.64674377441406, "top": 94.44539642333984, "right": 202.5491485595703, "bottom": 127.62276458740234}, {"class": "train", "prob": 0.8459150195121765, "left": 362.8390808105469, "top": 159.01768493652344, "right": 437.7610778808594, "bottom": 235.64109802246094}], "time": 21.491108179092407}
