{"im": 2954, "res": [{"class": "car", "prob": 0.9996971487998962, "left": 84.32684326171875, "top": 47.17321014404297, "right": 483.913330078125, "bottom": 292.01641845703125}, {"class": "aeroplane", "prob": 0.9878517985343933, "left": 45.255943298339844, "top": 147.0412139892578, "right": 56.71626281738281, "bottom": 169.61293029785156}, {"class": "aeroplane", "prob": 0.8226430416107178, "left": 7.810845375061035, "top": 148.24554443359375, "right": 14.121216773986816, "bottom": 167.43441772460938}], "time": 22.195268630981445}
