{"im": 3536, "res": [{"class": "bicycle", "prob": 0.9904011487960815, "left": 44.386810302734375, "top": 41.237335205078125, "right": 406.99169921875, "bottom": 275.99554443359375}], "time": 21.54021716117859}
