{"im": 2411, "res": [{"class": "bicycle", "prob": 0.9993998408317566, "left": 121.66593933105469, "top": 170.8934326171875, "right": 342.7489013671875, "bottom": 375.0}, {"class": "aeroplane", "prob": 0.9962794780731201, "left": 150.54937744140625, "top": 28.861312866210938, "right": 296.8231201171875, "bottom": 249.96827697753906}], "time": 21.424098014831543}
