{"im": 4304, "res": [{"class": "pottedplant", "prob": 0.5281575918197632, "left": 0.0, "top": 46.745391845703125, "right": 500.0, "bottom": 342.6317443847656}], "time": 0.8336246013641357}
