{"im": 5578, "res": [{"class": "boat", "prob": 0.9056335687637329, "left": 188.69760131835938, "top": 146.34829711914062, "right": 382.4137268066406, "bottom": 243.43209838867188}, {"class": "aeroplane", "prob": 0.9610031247138977, "left": 232.17568969726562, "top": 133.37225341796875, "right": 369.8652648925781, "bottom": 198.46609497070312}], "time": 21.106520175933838}
