{"im": 1558, "res": [{"class": "bird", "prob": 0.5492352843284607, "left": 96.72758483886719, "top": 189.0076904296875, "right": 124.62411499023438, "bottom": 201.94290161132812}], "time": 0.8371479511260986}
