{"im": 983, "res": [{"class": "aeroplane", "prob": 0.7903568148612976, "left": 42.285850524902344, "top": 0.0, "right": 216.53164672851562, "bottom": 360.0}], "time": 0.9075620174407959}
