{"im": 2434, "res": [{"class": "bottle", "prob": 0.6782820820808411, "left": 0.0, "top": 104.26329803466797, "right": 500.0, "bottom": 218.2318115234375}], "time": 0.8482270240783691}
