{"im": 4731, "res": [{"class": "bus", "prob": 0.9994548559188843, "left": 0.9664764404296875, "top": 33.262359619140625, "right": 132.04627990722656, "bottom": 334.17681884765625}, {"class": "bus", "prob": 0.9959990382194519, "left": 155.5687255859375, "top": 2.90960693359375, "right": 432.68829345703125, "bottom": 305.462890625}, {"class": "bus", "prob": 0.9977416396141052, "left": 419.3524475097656, "top": 70.95852661132812, "right": 497.8252868652344, "bottom": 327.1916809082031}], "time": 21.37088418006897}
