{"im": 2410, "res": [{"class": "chair", "prob": 0.9143269062042236, "left": 74.94296264648438, "top": 21.852066040039062, "right": 477.8412170410156, "bottom": 240.98155212402344}], "time": 21.465681076049805}
