{"im": 3852, "res": [{"class": "person", "prob": 0.998225212097168, "left": 98.9565658569336, "top": 41.11701202392578, "right": 302.02996826171875, "bottom": 275.2550048828125}], "time": 21.565503120422363}
