{"im": 5279, "res": [{"class": "aeroplane", "prob": 0.9986724853515625, "left": 25.446495056152344, "top": 48.67449951171875, "right": 251.75518798828125, "bottom": 375.0}, {"class": "sheep", "prob": 0.9922629594802856, "left": 177.0930938720703, "top": 2.9461517333984375, "right": 379.64288330078125, "bottom": 375.0}, {"class": "aeroplane", "prob": 0.9876651763916016, "left": 259.80084228515625, "top": 0.0, "right": 497.03668212890625, "bottom": 375.0}], "time": 22.11735773086548}
