{"im": 5798, "res": [{"class": "bicycle", "prob": 0.998998761177063, "left": 38.31329345703125, "top": 23.311325073242188, "right": 460.299560546875, "bottom": 309.73486328125}], "time": 21.336852073669434}
