{"im": 2288, "res": [{"class": "aeroplane", "prob": 0.9941025972366333, "left": 3.8148117065429688, "top": 61.907962799072266, "right": 165.51132202148438, "bottom": 177.5433349609375}, {"class": "aeroplane", "prob": 0.8428056240081787, "left": 225.55445861816406, "top": 99.24867248535156, "right": 440.3082275390625, "bottom": 169.0658721923828}], "time": 21.439595937728882}
