{"im": 3674, "res": [{"class": "bird", "prob": 0.5985262989997864, "left": 27.963607788085938, "top": 131.57089233398438, "right": 432.0, "bottom": 298.8512878417969}], "time": 0.8366000652313232}
