{"im": 4291, "res": [{"class": "aeroplane", "prob": 0.9994951486587524, "left": 134.67648315429688, "top": 128.84954833984375, "right": 244.8468017578125, "bottom": 311.8696594238281}, {"class": "sofa", "prob": 0.9983498454093933, "left": 126.20616149902344, "top": 180.50689697265625, "right": 224.85377502441406, "bottom": 426.1300048828125}], "time": 25.72448706626892}
