{"im": 4084, "res": [{"class": "aeroplane", "prob": 0.8341271281242371, "left": 183.77041625976562, "top": 79.94132995605469, "right": 317.8765869140625, "bottom": 358.57073974609375}], "time": 0.9363861083984375}
