{"im": 4205, "res": [{"class": "aeroplane", "prob": 0.8283331990242004, "left": 192.1812744140625, "top": 9.875274658203125, "right": 473.00762939453125, "bottom": 373.15325927734375}], "time": 21.662242889404297}
