{"im": 152, "res": [{"class": "aeroplane", "prob": 0.8448898196220398, "left": 52.84147644042969, "top": 142.11207580566406, "right": 291.58648681640625, "bottom": 333.0}], "time": 1.2951562404632568}
