{"im": 2656, "res": [{"class": "aeroplane", "prob": 0.9504995942115784, "left": 209.6316375732422, "top": 182.28785705566406, "right": 373.1201171875, "bottom": 472.67486572265625}], "time": 21.458855152130127}
