{"im": 2847, "res": [{"class": "bus", "prob": 0.5098533034324646, "left": 20.58856201171875, "top": 47.76863098144531, "right": 462.95947265625, "bottom": 313.29730224609375}], "time": 0.9207158088684082}
