{"im": 3826, "res": [{"class": "person", "prob": 0.6677854657173157, "left": 121.90239715576172, "top": 126.48143768310547, "right": 266.81817626953125, "bottom": 318.7361145019531}], "time": 0.8265190124511719}
