{"im": 1350, "res": [{"class": "person", "prob": 0.9822105765342712, "left": 27.614776611328125, "top": 52.47235107421875, "right": 413.424072265625, "bottom": 103.42623901367188}], "time": 21.67458987236023}
