{"im": 751, "res": [{"class": "aeroplane", "prob": 0.599053680896759, "left": 130.1024932861328, "top": 18.438690185546875, "right": 453.01312255859375, "bottom": 366.7347106933594}], "time": 0.8412680625915527}
