{"im": 4893, "res": [{"class": "aeroplane", "prob": 0.6774579882621765, "left": 161.175048828125, "top": 138.69183349609375, "right": 215.2197265625, "bottom": 346.040771484375}, {"class": "aeroplane", "prob": 0.5946421027183533, "left": 174.75930786132812, "top": 173.05873107910156, "right": 202.172607421875, "bottom": 302.07122802734375}, {"class": "sheep", "prob": 0.5291531682014465, "left": 142.857421875, "top": 229.44473266601562, "right": 207.06600952148438, "bottom": 339.0506896972656}], "time": 1.1857380867004395}
