{"im": 5713, "res": [{"class": "boat", "prob": 0.5866759419441223, "left": 4.449249267578125, "top": 99.43118286132812, "right": 418.4144287109375, "bottom": 397.2730407714844}], "time": 0.8531880378723145}
