{"im": 5493, "res": [{"class": "aeroplane", "prob": 0.6583331227302551, "left": 308.6717834472656, "top": 204.17318725585938, "right": 317.4563903808594, "bottom": 222.41055297851562}], "time": 0.8386130332946777}
