{"im": 131, "res": [{"class": "person", "prob": 0.6515262126922607, "left": 66.90322875976562, "top": 39.488800048828125, "right": 435.27435302734375, "bottom": 392.4945983886719}], "time": 21.515338897705078}
