{"im": 1762, "res": [{"class": "car", "prob": 0.9996013045310974, "left": 0.0, "top": 0.0, "right": 500.0, "bottom": 375.0}], "time": 21.625223875045776}
