{"im": 4363, "res": [{"class": "aeroplane", "prob": 0.5601428747177124, "left": 47.252044677734375, "top": 0.0, "right": 447.4633483886719, "bottom": 330.87957763671875}, {"class": "aeroplane", "prob": 0.5283673405647278, "left": 2.464324951171875, "top": 0.0, "right": 283.0126647949219, "bottom": 363.31072998046875}], "time": 21.45144486427307}
