{"im": 4710, "res": [{"class": "sofa", "prob": 0.9979830384254456, "left": 103.76411437988281, "top": 26.108245849609375, "right": 408.207763671875, "bottom": 369.4378356933594}], "time": 21.475056171417236}
