{"im": 176, "res": [{"class": "aeroplane", "prob": 0.9758763313293457, "left": 189.4575653076172, "top": 163.44778442382812, "right": 262.23095703125, "bottom": 286.700927734375}, {"class": "aeroplane", "prob": 0.881359875202179, "left": 207.60768127441406, "top": 177.40155029296875, "right": 240.98301696777344, "bottom": 270.40380859375}, {"class": "aeroplane", "prob": 0.8435683250427246, "left": 199.38641357421875, "top": 69.19927978515625, "right": 217.05828857421875, "bottom": 101.70115661621094}], "time": 0.9674410820007324}
