{"im": 4649, "res": [{"class": "pottedplant", "prob": 0.9598401784896851, "left": 237.83633422851562, "top": 99.39053344726562, "right": 316.8099060058594, "bottom": 282.9688720703125}, {"class": "pottedplant", "prob": 0.9340100288391113, "left": 247.95156860351562, "top": 192.0734100341797, "right": 308.4971008300781, "bottom": 277.4170837402344}], "time": 21.392072916030884}
