{"im": 1916, "res": [{"class": "car", "prob": 0.7567198276519775, "left": 158.41500854492188, "top": 158.37026977539062, "right": 204.57244873046875, "bottom": 225.49728393554688}], "time": 0.8259241580963135}
