{"im": 3371, "res": [{"class": "aeroplane", "prob": 0.7535601258277893, "left": 144.09957885742188, "top": 53.69981384277344, "right": 370.2812194824219, "bottom": 237.8101043701172}, {"class": "boat", "prob": 0.5723928809165955, "left": 77.04200744628906, "top": 60.00251770019531, "right": 417.113037109375, "bottom": 292.0}], "time": 1.1196479797363281}
