{"im": 2363, "res": [{"class": "cat", "prob": 0.9618083834648132, "left": 2.0808258056640625, "top": 204.52207946777344, "right": 87.54283905029297, "bottom": 238.2742156982422}, {"class": "bottle", "prob": 0.9859063029289246, "left": 106.92619323730469, "top": 135.07150268554688, "right": 347.0086669921875, "bottom": 236.06622314453125}, {"class": "cat", "prob": 0.7773873209953308, "left": 410.9715576171875, "top": 207.21348571777344, "right": 493.3116455078125, "bottom": 236.1769561767578}], "time": 21.454654216766357}
