{"im": 1406, "res": [{"class": "sheep", "prob": 0.9860330820083618, "left": 0.0, "top": 11.484222412109375, "right": 333.0848388671875, "bottom": 372.72064208984375}], "time": 21.690738916397095}
