{"im": 160, "res": [{"class": "aeroplane", "prob": 0.9979322552680969, "left": 353.0106201171875, "top": 118.33747863769531, "right": 499.4110107421875, "bottom": 409.1417236328125}, {"class": "aeroplane", "prob": 0.997900664806366, "left": 70.14469146728516, "top": 243.17184448242188, "right": 119.0959243774414, "bottom": 373.2513732910156}], "time": 21.708697080612183}
