{"im": 658, "res": [{"class": "aeroplane", "prob": 0.9928240776062012, "left": 243.9427032470703, "top": 288.8189697265625, "right": 262.9043273925781, "bottom": 329.1549072265625}, {"class": "aeroplane", "prob": 0.9897767305374146, "left": 202.44268798828125, "top": 290.75872802734375, "right": 215.7264404296875, "bottom": 330.0032958984375}, {"class": "aeroplane", "prob": 0.9355089068412781, "left": 0.0, "top": 305.94049072265625, "right": 16.714534759521484, "bottom": 372.3817138671875}], "time": 21.7953999042511}
