{"im": 114, "res": [{"class": "bicycle", "prob": 0.524394690990448, "left": 47.40399169921875, "top": 91.35943603515625, "right": 348.733154296875, "bottom": 240.44174194335938}], "time": 23.485194206237793}
