{"im": 4638, "res": [{"class": "sofa", "prob": 0.5340604782104492, "left": 161.4470672607422, "top": 69.34524536132812, "right": 499.846923828125, "bottom": 375.0}], "time": 0.8542060852050781}
