{"im": 961, "res": [{"class": "aeroplane", "prob": 0.5651490688323975, "left": 483.7745666503906, "top": 110.20159149169922, "right": 499.0111999511719, "bottom": 221.44796752929688}], "time": 21.13319230079651}
