{"im": 3217, "res": [{"class": "person", "prob": 0.98309326171875, "left": 152.04798889160156, "top": 109.44485473632812, "right": 284.87738037109375, "bottom": 491.7868957519531}], "time": 21.89930295944214}
