{"im": 2598, "res": [{"class": "aeroplane", "prob": 0.9630066752433777, "left": 283.8240051269531, "top": 114.2403335571289, "right": 474.6050109863281, "bottom": 327.8023376464844}], "time": 21.73498225212097}
