{"im": 637, "res": [{"class": "aeroplane", "prob": 0.9982699155807495, "left": 18.480194091796875, "top": 97.69883728027344, "right": 386.467529296875, "bottom": 375.0}, {"class": "aeroplane", "prob": 0.995749294757843, "left": 265.7165832519531, "top": 21.274749755859375, "right": 500.0, "bottom": 375.0}, {"class": "aeroplane", "prob": 0.8651965856552124, "left": 2.460601806640625, "top": 302.6302795410156, "right": 114.41765594482422, "bottom": 374.3659362792969}], "time": 21.600403308868408}
