{"im": 279, "res": [{"class": "aeroplane", "prob": 0.8774773478507996, "left": 281.482177734375, "top": 63.263671875, "right": 473.2490234375, "bottom": 375.0}, {"class": "aeroplane", "prob": 0.763857901096344, "left": 10.563041687011719, "top": 92.40052795410156, "right": 201.62615966796875, "bottom": 362.92633056640625}, {"class": "aeroplane", "prob": 0.5888896584510803, "left": 178.20298767089844, "top": 79.57192993164062, "right": 322.7930908203125, "bottom": 375.0}], "time": 0.8352830410003662}
