{"im": 3874, "res": [{"class": "aeroplane", "prob": 0.8071359992027283, "left": 290.4335021972656, "top": 83.14797973632812, "right": 309.2757263183594, "bottom": 133.26675415039062}], "time": 0.8726298809051514}
