{"im": 2005, "res": [{"class": "sheep", "prob": 0.7243620157241821, "left": 406.7375793457031, "top": 210.297119140625, "right": 434.4010314941406, "bottom": 251.16159057617188}], "time": 0.8443331718444824}
