{"im": 5802, "res": [{"class": "car", "prob": 0.9474335312843323, "left": 5.7788238525390625, "top": 51.67994689941406, "right": 392.12689208984375, "bottom": 488.95947265625}], "time": 21.38653016090393}
