{"im": 3267, "res": [{"class": "aeroplane", "prob": 0.7376145124435425, "left": 188.7906494140625, "top": 161.9220733642578, "right": 317.4544982910156, "bottom": 321.28240966796875}], "time": 0.845332145690918}
