{"im": 2980, "res": [{"class": "person", "prob": 0.5364521741867065, "left": 175.5867919921875, "top": 165.326416015625, "right": 259.2665710449219, "bottom": 258.0603332519531}, {"class": "person", "prob": 0.5539156794548035, "left": 114.89403533935547, "top": 199.05853271484375, "right": 146.93470764160156, "bottom": 232.79666137695312}], "time": 0.8849837779998779}
