{"im": 4531, "res": [{"class": "train", "prob": 0.9777238965034485, "left": 60.446311950683594, "top": 156.693359375, "right": 193.40264892578125, "bottom": 240.20697021484375}, {"class": "train", "prob": 0.9906546473503113, "left": 332.09820556640625, "top": 171.77603149414062, "right": 443.51971435546875, "bottom": 252.21646118164062}, {"class": "train", "prob": 0.6979938745498657, "left": 30.442073822021484, "top": 115.31665802001953, "right": 132.4086151123047, "bottom": 171.49542236328125}, {"class": "train", "prob": 0.687179446220398, "left": 75.23896789550781, "top": 153.87977600097656, "right": 178.93359375, "bottom": 187.17872619628906}], "time": 21.40051293373108}
