{"im": 2436, "res": [{"class": "aeroplane", "prob": 0.9804267883300781, "left": 331.4090881347656, "top": 6.9264068603515625, "right": 495.1452941894531, "bottom": 364.43231201171875}, {"class": "bird", "prob": 0.8117682337760925, "left": 34.669525146484375, "top": 5.227935791015625, "right": 500.0, "bottom": 321.4837951660156}], "time": 21.485265016555786}
