{"im": 2818, "res": [{"class": "aeroplane", "prob": 0.9924145936965942, "left": 117.45267486572266, "top": 1.483062744140625, "right": 350.7019348144531, "bottom": 500.0}], "time": 21.48570203781128}
