{"im": 4874, "res": [{"class": "bird", "prob": 0.9829052090644836, "left": 2.7812957763671875, "top": 322.53582763671875, "right": 115.28482818603516, "bottom": 375.0}], "time": 21.38678812980652}
