{"im": 2406, "res": [{"class": "sofa", "prob": 0.7700632214546204, "left": 188.81373596191406, "top": 136.1490478515625, "right": 398.80108642578125, "bottom": 251.33877563476562}], "time": 0.8897960186004639}
