{"im": 4793, "res": [{"class": "bird", "prob": 0.9997519850730896, "left": 159.00799560546875, "top": 11.207075119018555, "right": 287.4004211425781, "bottom": 64.33032989501953}, {"class": "aeroplane", "prob": 0.9995195269584656, "left": 99.98854064941406, "top": 20.82870864868164, "right": 152.75613403320312, "bottom": 143.2777557373047}, {"class": "boat", "prob": 0.713645875453949, "left": 174.38595581054688, "top": 62.24252700805664, "right": 325.90325927734375, "bottom": 133.77796936035156}, {"class": "bird", "prob": 0.7066182494163513, "left": 30.435897827148438, "top": 0.8000831604003906, "right": 52.38123321533203, "bottom": 11.757055282592773}], "time": 21.67120385169983}
