{"im": 1551, "res": [{"class": "aeroplane", "prob": 0.8433211445808411, "left": 200.79605102539062, "top": 72.4464340209961, "right": 264.00213623046875, "bottom": 207.64682006835938}, {"class": "aeroplane", "prob": 0.8265982270240784, "left": 219.96603393554688, "top": 91.34847259521484, "right": 245.00262451171875, "bottom": 193.75067138671875}], "time": 0.9879939556121826}
