{"im": 2029, "res": [{"class": "aeroplane", "prob": 0.9993956685066223, "left": 33.65620422363281, "top": 12.60137939453125, "right": 202.76681518554688, "bottom": 309.6962890625}, {"class": "boat", "prob": 0.9036069512367249, "left": 232.49862670898438, "top": 77.2656021118164, "right": 423.5043029785156, "bottom": 301.5076904296875}, {"class": "aeroplane", "prob": 0.8227294683456421, "left": 158.99630737304688, "top": 130.00048828125, "right": 250.69424438476562, "bottom": 296.5335693359375}, {"class": "aeroplane", "prob": 0.8607625365257263, "left": 246.67044067382812, "top": 12.182228088378906, "right": 406.8434143066406, "bottom": 205.71795654296875}], "time": 21.646070957183838}
