{"im": 3197, "res": [{"class": "aeroplane", "prob": 0.9980040788650513, "left": 93.6479263305664, "top": 96.61736297607422, "right": 150.14999389648438, "bottom": 232.51699829101562}, {"class": "aeroplane", "prob": 0.9929416179656982, "left": 341.10528564453125, "top": 97.43183135986328, "right": 419.50537109375, "bottom": 236.35919189453125}, {"class": "motorbike", "prob": 0.5288658142089844, "left": 117.96820068359375, "top": 156.77127075195312, "right": 375.4232482910156, "bottom": 222.05282592773438}], "time": 24.935472011566162}
