{"im": 3579, "res": [{"class": "aeroplane", "prob": 0.8437165021896362, "left": 255.9540557861328, "top": 149.39463806152344, "right": 297.3436279296875, "bottom": 235.4204559326172}, {"class": "aeroplane", "prob": 0.7649386525154114, "left": 232.26589965820312, "top": 142.04583740234375, "right": 322.5648498535156, "bottom": 239.8004150390625}], "time": 0.9539980888366699}
