{"im": 864, "res": [{"class": "bird", "prob": 0.8576108813285828, "left": 169.77879333496094, "top": 143.93235778808594, "right": 185.61109924316406, "bottom": 154.92384338378906}], "time": 0.8398129940032959}
