{"im": 526, "res": [{"class": "aeroplane", "prob": 0.9981628060340881, "left": 12.804656982421875, "top": 0.0, "right": 463.364501953125, "bottom": 360.0}], "time": 21.69737720489502}
