{"im": 4372, "res": [{"class": "tvmonitor", "prob": 0.8878603577613831, "left": 187.3191680908203, "top": 178.35153198242188, "right": 413.48406982421875, "bottom": 287.0550537109375}], "time": 21.41609501838684}
