{"im": 2528, "res": [{"class": "car", "prob": 0.738162100315094, "left": 65.62103271484375, "top": 58.02293395996094, "right": 424.9773864746094, "bottom": 321.12646484375}], "time": 0.882084846496582}
