{"im": 547, "res": [{"class": "aeroplane", "prob": 0.999663770198822, "left": 26.14215087890625, "top": 34.33699035644531, "right": 249.78073120117188, "bottom": 333.0}, {"class": "aeroplane", "prob": 0.9944641590118408, "left": 196.52911376953125, "top": 37.386749267578125, "right": 415.6263427734375, "bottom": 333.0}], "time": 21.66332197189331}
