{"im": 2214, "res": [{"class": "car", "prob": 0.547441303730011, "left": 0.0, "top": 231.7266845703125, "right": 388.57940673828125, "bottom": 316.0}], "time": 0.8842761516571045}
