{"im": 4133, "res": [{"class": "aeroplane", "prob": 0.9998502135276794, "left": 178.81375122070312, "top": 152.5869140625, "right": 357.9046936035156, "bottom": 497.912109375}, {"class": "bicycle", "prob": 0.753334641456604, "left": 0.0, "top": 214.36505126953125, "right": 323.626220703125, "bottom": 496.23931884765625}], "time": 21.680792093276978}
