{"im": 3656, "res": [{"class": "sheep", "prob": 0.9544159770011902, "left": 50.52911376953125, "top": 29.099884033203125, "right": 496.4195556640625, "bottom": 300.2476501464844}], "time": 21.532006978988647}
