{"im": 4188, "res": [{"class": "car", "prob": 0.986185610294342, "left": 80.87263488769531, "top": 16.13140869140625, "right": 471.4794921875, "bottom": 319.5631103515625}], "time": 21.636377096176147}
