{"im": 3627, "res": [{"class": "bird", "prob": 0.7422550916671753, "left": 367.90130615234375, "top": 129.0667724609375, "right": 385.24993896484375, "bottom": 144.41436767578125}], "time": 1.1096971035003662}
