{"im": 1099, "res": [{"class": "aeroplane", "prob": 0.6769941449165344, "left": 63.227935791015625, "top": 25.887237548828125, "right": 486.0296325683594, "bottom": 332.0}, {"class": "aeroplane", "prob": 0.536699116230011, "left": 256.61688232421875, "top": 49.26286315917969, "right": 500.0, "bottom": 332.0}], "time": 21.088080167770386}
