{"im": 3297, "res": [{"class": "pottedplant", "prob": 0.5318615436553955, "left": 77.85636901855469, "top": 27.386276245117188, "right": 499.9478759765625, "bottom": 330.190185546875}], "time": 1.1451160907745361}
