{"im": 1344, "res": [{"class": "aeroplane", "prob": 0.8090329766273499, "left": 221.974365234375, "top": 74.19357299804688, "right": 352.938232421875, "bottom": 263.7828369140625}], "time": 1.1511268615722656}
