{"im": 954, "res": [{"class": "aeroplane", "prob": 0.990131676197052, "left": 53.46728515625, "top": 98.72015380859375, "right": 310.7788391113281, "bottom": 500.0}], "time": 21.168336153030396}
