{"im": 1992, "res": [{"class": "sofa", "prob": 0.998805046081543, "left": 156.7646484375, "top": 13.123031616210938, "right": 480.14666748046875, "bottom": 499.59161376953125}], "time": 21.65566325187683}
