{"im": 3028, "res": [{"class": "pottedplant", "prob": 0.9133558869361877, "left": 0.0, "top": 0.0, "right": 462.8880310058594, "bottom": 482.0}], "time": 21.787177085876465}
