{"im": 1782, "res": [{"class": "bird", "prob": 0.7235205769538879, "left": 53.06657409667969, "top": 102.82667541503906, "right": 370.5067138671875, "bottom": 280.35528564453125}], "time": 0.8419430255889893}
