{"im": 4999, "res": [{"class": "aeroplane", "prob": 0.9989456534385681, "left": 95.37162780761719, "top": 0.0, "right": 500.0, "bottom": 375.0}], "time": 21.39566993713379}
