{"im": 2523, "res": [{"class": "tvmonitor", "prob": 0.8613601326942444, "left": 75.22732543945312, "top": 177.8350830078125, "right": 358.9253234863281, "bottom": 341.685546875}], "time": 0.8377399444580078}
