{"im": 5197, "res": [{"class": "person", "prob": 0.9938774108886719, "left": 157.21241760253906, "top": 40.213287353515625, "right": 256.1889953613281, "bottom": 326.90203857421875}], "time": 21.49156379699707}
