{"im": 1176, "res": [{"class": "sheep", "prob": 0.75721675157547, "left": 27.113311767578125, "top": 49.00901794433594, "right": 379.09381103515625, "bottom": 494.608154296875}], "time": 21.166538953781128}
