{"im": 1432, "res": [{"class": "pottedplant", "prob": 0.9457044005393982, "left": 183.677490234375, "top": 40.76714324951172, "right": 359.236572265625, "bottom": 287.90240478515625}], "time": 21.65503692626953}
