{"im": 776, "res": [{"class": "aeroplane", "prob": 0.9794756174087524, "left": 153.9576416015625, "top": 96.4114990234375, "right": 243.08999633789062, "bottom": 444.53753662109375}, {"class": "sheep", "prob": 0.9334370493888855, "left": 62.05058670043945, "top": 131.27685546875, "right": 167.76702880859375, "bottom": 424.70654296875}], "time": 21.930347681045532}
