{"im": 4454, "res": [{"class": "bottle", "prob": 0.9945011734962463, "left": 77.98098754882812, "top": 0.0, "right": 465.8893127441406, "bottom": 297.7498474121094}], "time": 21.367641925811768}
