{"im": 1464, "res": [{"class": "bus", "prob": 0.8307746052742004, "left": 75.09740447998047, "top": 182.81781005859375, "right": 145.41116333007812, "bottom": 224.24456787109375}, {"class": "bus", "prob": 0.7925889492034912, "left": 24.000900268554688, "top": 174.6914825439453, "right": 196.5494384765625, "bottom": 231.8051300048828}], "time": 0.8321700096130371}
