{"im": 5720, "res": [{"class": "aeroplane", "prob": 0.7184029817581177, "left": 137.20736694335938, "top": 14.180740356445312, "right": 295.7842712402344, "bottom": 375.0}, {"class": "aeroplane", "prob": 0.5450234413146973, "left": 261.8804931640625, "top": 69.93624877929688, "right": 481.17718505859375, "bottom": 365.6241455078125}], "time": 0.9537110328674316}
