{"im": 4368, "res": [{"class": "aeroplane", "prob": 0.9214977025985718, "left": 344.6670227050781, "top": 201.431396484375, "right": 358.7004699707031, "bottom": 229.94992065429688}, {"class": "aeroplane", "prob": 0.7794672846794128, "left": 425.61029052734375, "top": 197.48666381835938, "right": 440.9783935546875, "bottom": 232.20880126953125}, {"class": "chair", "prob": 0.6007977724075317, "left": 339.541259765625, "top": 207.0693817138672, "right": 420.76885986328125, "bottom": 229.78575134277344}], "time": 21.41505002975464}
