{"im": 1030, "res": [{"class": "aeroplane", "prob": 0.7372778058052063, "left": 149.51278686523438, "top": 212.19863891601562, "right": 332.7030334472656, "bottom": 371.4117736816406}], "time": 0.8501377105712891}
