{"im": 3740, "res": [{"class": "bird", "prob": 0.9997668862342834, "left": 139.98001098632812, "top": 211.69532775878906, "right": 318.909423828125, "bottom": 290.625}], "time": 21.63350200653076}
