{"im": 1481, "res": [{"class": "aeroplane", "prob": 0.9592766761779785, "left": 98.27030944824219, "top": 49.935302734375, "right": 224.2860870361328, "bottom": 375.0}], "time": 0.8445749282836914}
