{"im": 5622, "res": [{"class": "aeroplane", "prob": 0.9979449510574341, "left": 101.89491271972656, "top": 65.57052612304688, "right": 300.04229736328125, "bottom": 333.0}], "time": 22.671736001968384}
