{"im": 2429, "res": [{"class": "pottedplant", "prob": 0.9679323434829712, "left": 12.184173583984375, "top": 46.43365478515625, "right": 321.67431640625, "bottom": 406.42120361328125}], "time": 22.962664127349854}
