{"im": 3287, "res": [{"class": "pottedplant", "prob": 0.7908404469490051, "left": 186.45632934570312, "top": 58.97074890136719, "right": 291.2474060058594, "bottom": 325.63299560546875}], "time": 0.8684232234954834}
