{"im": 2976, "res": [{"class": "aeroplane", "prob": 0.8220095634460449, "left": 341.53515625, "top": 54.26167297363281, "right": 463.23602294921875, "bottom": 317.343017578125}, {"class": "bird", "prob": 0.6868082880973816, "left": 0.0, "top": 72.31969451904297, "right": 254.96974182128906, "bottom": 323.0}, {"class": "bird", "prob": 0.518121600151062, "left": 455.6590576171875, "top": 134.31190490722656, "right": 483.3936767578125, "bottom": 245.3284454345703}], "time": 0.8509120941162109}
