{"im": 404, "res": [{"class": "aeroplane", "prob": 0.8580317497253418, "left": 305.5241394042969, "top": 30.428085327148438, "right": 491.0893249511719, "bottom": 339.40618896484375}, {"class": "aeroplane", "prob": 0.8345655798912048, "left": 35.95166778564453, "top": 60.8037109375, "right": 241.68637084960938, "bottom": 336.768798828125}, {"class": "aeroplane", "prob": 0.7856232523918152, "left": 160.16671752929688, "top": 15.403900146484375, "right": 337.7490539550781, "bottom": 340.0}], "time": 0.8294289112091064}
