{"im": 4780, "res": [{"class": "sheep", "prob": 0.965731680393219, "left": 172.032958984375, "top": 140.53297424316406, "right": 332.17633056640625, "bottom": 233.84226989746094}], "time": 21.377280950546265}
