{"im": 5720, "res": [{"class": "aeroplane", "prob": 0.9997947216033936, "left": 277.326904296875, "top": 57.43183898925781, "right": 481.12548828125, "bottom": 371.42279052734375}, {"class": "aeroplane", "prob": 0.9947993159294128, "left": 139.35794067382812, "top": 28.010665893554688, "right": 304.3266906738281, "bottom": 367.215087890625}, {"class": "aeroplane", "prob": 0.9847111701965332, "left": 0.0, "top": 94.37551879882812, "right": 175.97698974609375, "bottom": 374.4551696777344}], "time": 21.157026767730713}
