{"im": 4416, "res": [{"class": "pottedplant", "prob": 0.6379340291023254, "left": 105.2255859375, "top": 4.228057861328125, "right": 474.6925048828125, "bottom": 320.5608215332031}], "time": 1.0650160312652588}
