{"im": 434, "res": [{"class": "aeroplane", "prob": 0.9977170825004578, "left": 172.41946411132812, "top": 128.54296875, "right": 325.75628662109375, "bottom": 463.85650634765625}, {"class": "aeroplane", "prob": 0.9947161078453064, "left": 23.00592803955078, "top": 78.74124145507812, "right": 147.09375, "bottom": 469.1931457519531}, {"class": "aeroplane", "prob": 0.9620855450630188, "left": 128.5413360595703, "top": 105.34820556640625, "right": 243.49766540527344, "bottom": 457.27398681640625}], "time": 21.70994520187378}
