{"im": 711, "res": [{"class": "aeroplane", "prob": 0.9994842410087585, "left": 243.717041015625, "top": 107.3231201171875, "right": 367.201904296875, "bottom": 375.0}, {"class": "aeroplane", "prob": 0.9974934458732605, "left": 80.89728546142578, "top": 94.22283935546875, "right": 211.74362182617188, "bottom": 375.0}, {"class": "aeroplane", "prob": 0.9936025738716125, "left": 175.88772583007812, "top": 105.37496948242188, "right": 267.75701904296875, "bottom": 372.54730224609375}], "time": 23.388468027114868}
