{"im": 2896, "res": [{"class": "bird", "prob": 0.9944071769714355, "left": 138.3896026611328, "top": 55.29541015625, "right": 431.63671875, "bottom": 242.5924072265625}], "time": 21.61441683769226}
