{"im": 549, "res": [{"class": "aeroplane", "prob": 0.9999890327453613, "left": 110.67225646972656, "top": 68.4271240234375, "right": 306.37249755859375, "bottom": 431.7872619628906}, {"class": "aeroplane", "prob": 0.9845983982086182, "left": 107.8061294555664, "top": 110.16217803955078, "right": 136.05848693847656, "bottom": 153.41671752929688}, {"class": "aeroplane", "prob": 0.5251149535179138, "left": 160.2266845703125, "top": 131.70535278320312, "right": 181.23348999023438, "bottom": 155.9759521484375}], "time": 21.7984619140625}
