{"im": 3681, "res": [{"class": "sheep", "prob": 0.9662734270095825, "left": 84.36036682128906, "top": 22.490798950195312, "right": 421.8511962890625, "bottom": 317.26397705078125}], "time": 21.52405095100403}
