{"im": 1946, "res": [{"class": "aeroplane", "prob": 0.632415771484375, "left": 153.45999145507812, "top": 189.9874267578125, "right": 173.2266845703125, "bottom": 221.70382690429688}], "time": 0.8282537460327148}
