{"im": 5667, "res": [{"class": "aeroplane", "prob": 0.9981966614723206, "left": 279.3270263671875, "top": 182.98941040039062, "right": 374.8203125, "bottom": 259.500732421875}, {"class": "aeroplane", "prob": 0.6256001591682434, "left": 0.4715003967285156, "top": 171.60032653808594, "right": 34.059696197509766, "bottom": 372.29266357421875}], "time": 22.398542881011963}
