{"im": 5179, "res": [{"class": "tvmonitor", "prob": 0.9961527585983276, "left": 4.9202880859375, "top": 0.0, "right": 369.824462890625, "bottom": 500.0}], "time": 21.67821478843689}
