{"im": 1980, "res": [{"class": "bicycle", "prob": 0.9946507215499878, "left": 175.35809326171875, "top": 210.5095977783203, "right": 318.4816589355469, "bottom": 428.50433349609375}, {"class": "aeroplane", "prob": 0.9994555711746216, "left": 162.1490478515625, "top": 72.54833984375, "right": 327.84649658203125, "bottom": 370.2459411621094}], "time": 21.77049970626831}
