{"im": 356, "res": [{"class": "aeroplane", "prob": 0.800858736038208, "left": 79.78843688964844, "top": 44.17498779296875, "right": 270.82342529296875, "bottom": 375.0}], "time": 0.8704428672790527}
