{"im": 5336, "res": [{"class": "aeroplane", "prob": 0.9919567704200745, "left": 296.11444091796875, "top": 57.62693786621094, "right": 369.53607177734375, "bottom": 297.06097412109375}, {"class": "aeroplane", "prob": 0.8148133158683777, "left": 151.56869506835938, "top": 68.68498229980469, "right": 283.94140625, "bottom": 359.54705810546875}, {"class": "aeroplane", "prob": 0.6842345595359802, "left": 66.05066680908203, "top": 112.68242645263672, "right": 128.8295440673828, "bottom": 272.1767883300781}], "time": 0.9510650634765625}
