{"im": 4403, "res": [{"class": "aeroplane", "prob": 0.6257062554359436, "left": 65.54383850097656, "top": 110.1729965209961, "right": 285.18328857421875, "bottom": 358.9657287597656}], "time": 0.8678960800170898}
