{"im": 3809, "res": [{"class": "tvmonitor", "prob": 0.7464436888694763, "left": 25.595123291015625, "top": 264.58807373046875, "right": 165.8232421875, "bottom": 352.205322265625}, {"class": "tvmonitor", "prob": 0.6957313418388367, "left": 207.27267456054688, "top": 153.2108917236328, "right": 459.3144226074219, "bottom": 347.51763916015625}, {"class": "tvmonitor", "prob": 0.5764009952545166, "left": 58.174476623535156, "top": 279.6866760253906, "right": 120.48709869384766, "bottom": 340.5426330566406}], "time": 0.8368821144104004}
