{"im": 4947, "res": [{"class": "bird", "prob": 0.9640082716941833, "left": 214.06362915039062, "top": 188.4036865234375, "right": 342.0293884277344, "bottom": 255.4736328125}, {"class": "bird", "prob": 0.9728093147277832, "left": 158.07093811035156, "top": 155.2435760498047, "right": 201.8937225341797, "bottom": 171.5471649169922}, {"class": "bird", "prob": 0.7926782965660095, "left": 260.4950866699219, "top": 161.06700134277344, "right": 287.2760314941406, "bottom": 183.4391632080078}], "time": 21.491676092147827}
