{"im": 2864, "res": [{"class": "tvmonitor", "prob": 0.9169632196426392, "left": 17.301971435546875, "top": 13.352371215820312, "right": 474.5809326171875, "bottom": 255.7975616455078}], "time": 21.507790088653564}
