{"im": 522, "res": [{"class": "aeroplane", "prob": 0.9793310165405273, "left": 15.028701782226562, "top": 18.807449340820312, "right": 183.13546752929688, "bottom": 300.41400146484375}, {"class": "aeroplane", "prob": 0.9212247133255005, "left": 341.7257080078125, "top": 47.972015380859375, "right": 483.76885986328125, "bottom": 325.43280029296875}], "time": 21.598594188690186}
