{"im": 412, "res": [{"class": "aeroplane", "prob": 0.9997010231018066, "left": 51.52317810058594, "top": 2.1255035400390625, "right": 333.31903076171875, "bottom": 375.0}, {"class": "aeroplane", "prob": 0.9903572201728821, "left": 360.127685546875, "top": 0.0, "right": 460.83935546875, "bottom": 295.50531005859375}, {"class": "aeroplane", "prob": 0.511433482170105, "left": 418.8385925292969, "top": 84.72093963623047, "right": 500.0, "bottom": 290.3878173828125}], "time": 21.549524068832397}
