{"im": 899, "res": [{"class": "person", "prob": 0.5936709642410278, "left": 10.502845764160156, "top": 14.229827880859375, "right": 76.94991302490234, "bottom": 150.77549743652344}, {"class": "person", "prob": 0.5902858376502991, "left": 31.401309967041016, "top": 34.29514694213867, "right": 64.57879638671875, "bottom": 129.13128662109375}], "time": 0.8487288951873779}
