{"im": 1445, "res": [{"class": "bottle", "prob": 0.9997972846031189, "left": 0.0, "top": 24.442123413085938, "right": 500.0, "bottom": 363.238037109375}, {"class": "bird", "prob": 0.5007257461547852, "left": 136.1781463623047, "top": 166.02420043945312, "right": 151.38526916503906, "bottom": 178.44970703125}], "time": 21.699491024017334}
