{"im": 3845, "res": [{"class": "aeroplane", "prob": 0.6424551606178284, "left": 0.0, "top": 7.257717132568359, "right": 110.13337707519531, "bottom": 134.5543670654297}, {"class": "aeroplane", "prob": 0.5049697756767273, "left": 83.57954406738281, "top": 0.9899368286132812, "right": 184.1590118408203, "bottom": 114.03462219238281}], "time": 0.8792059421539307}
