{"im": 3400, "res": [{"class": "sheep", "prob": 0.9945168495178223, "left": 72.18180847167969, "top": 228.74569702148438, "right": 229.21751403808594, "bottom": 378.3139343261719}], "time": 21.520944833755493}
