{"im": 4604, "res": [{"class": "train", "prob": 0.876298189163208, "left": 117.39994812011719, "top": 74.05328369140625, "right": 381.32904052734375, "bottom": 349.5228271484375}], "time": 21.433781147003174}
