{"im": 3675, "res": [{"class": "pottedplant", "prob": 0.9905670881271362, "left": 230.0465850830078, "top": 41.22926330566406, "right": 492.2872314453125, "bottom": 365.10986328125}], "time": 21.550062656402588}
