{"im": 4328, "res": [{"class": "aeroplane", "prob": 0.9636629819869995, "left": 178.55154418945312, "top": 187.27206420898438, "right": 192.37350463867188, "bottom": 228.29153442382812}, {"class": "bird", "prob": 0.872535765171051, "left": 269.5643615722656, "top": 197.98880004882812, "right": 339.9717102050781, "bottom": 259.38970947265625}, {"class": "bird", "prob": 0.882533073425293, "left": 213.09695434570312, "top": 185.0032196044922, "right": 395.4473571777344, "bottom": 268.5002746582031}, {"class": "aeroplane", "prob": 0.5883630514144897, "left": 141.37208557128906, "top": 192.1142578125, "right": 157.8313446044922, "bottom": 233.92138671875}], "time": 0.8214950561523438}
