{"im": 2010, "res": [{"class": "aeroplane", "prob": 0.6013803482055664, "left": 269.8230285644531, "top": 73.44023132324219, "right": 494.5751647949219, "bottom": 302.5694580078125}], "time": 21.775024890899658}
