{"im": 1286, "res": [{"class": "aeroplane", "prob": 0.8957716822624207, "left": 317.2044982910156, "top": 161.3078155517578, "right": 495.5129699707031, "bottom": 361.99920654296875}, {"class": "aeroplane", "prob": 0.8757978677749634, "left": 239.87686157226562, "top": 115.34783172607422, "right": 351.8832702636719, "bottom": 255.569091796875}, {"class": "aeroplane", "prob": 0.8421832323074341, "left": 274.2281188964844, "top": 137.896728515625, "right": 320.2251281738281, "bottom": 227.75936889648438}, {"class": "aeroplane", "prob": 0.8027518391609192, "left": 76.45294952392578, "top": 115.1629867553711, "right": 217.67303466796875, "bottom": 272.9689636230469}], "time": 1.1994240283966064}
