{"im": 1262, "res": [{"class": "aeroplane", "prob": 0.9909527897834778, "left": 475.3973388671875, "top": 240.82049560546875, "right": 486.69305419921875, "bottom": 264.0424499511719}, {"class": "car", "prob": 0.9316979050636292, "left": 0.0, "top": 192.251953125, "right": 310.25970458984375, "bottom": 245.71237182617188}], "time": 21.316627979278564}
