{"im": 4693, "res": [{"class": "tvmonitor", "prob": 0.964375376701355, "left": 3.5117340087890625, "top": 64.22624969482422, "right": 192.0376739501953, "bottom": 172.89254760742188}, {"class": "aeroplane", "prob": 0.7203918099403381, "left": 279.0340270996094, "top": 128.6890869140625, "right": 305.1051940917969, "bottom": 161.44552612304688}], "time": 21.46009588241577}
