{"im": 5400, "res": [{"class": "aeroplane", "prob": 0.9995644688606262, "left": 158.66845703125, "top": 131.0391387939453, "right": 347.81890869140625, "bottom": 369.2747802734375}, {"class": "aeroplane", "prob": 0.8836325407028198, "left": 2.3379058837890625, "top": 255.9561767578125, "right": 81.11871337890625, "bottom": 370.3770751953125}], "time": 21.477149963378906}
