{"im": 336, "res": [{"class": "aeroplane", "prob": 0.927424430847168, "left": 317.2418212890625, "top": 123.1222915649414, "right": 499.83441162109375, "bottom": 375.0}, {"class": "aeroplane", "prob": 0.8819196224212646, "left": 8.586013793945312, "top": 132.71803283691406, "right": 205.08587646484375, "bottom": 373.85113525390625}, {"class": "aeroplane", "prob": 0.7773045897483826, "left": 201.46066284179688, "top": 159.01986694335938, "right": 356.3179626464844, "bottom": 375.0}], "time": 0.941626787185669}
