{"im": 3360, "res": [{"class": "bird", "prob": 0.947346031665802, "left": 59.9658203125, "top": 65.1325454711914, "right": 172.09454345703125, "bottom": 112.15691375732422}, {"class": "bird", "prob": 0.9790042042732239, "left": 1.4754905700683594, "top": 70.3289794921875, "right": 81.86090087890625, "bottom": 141.6285400390625}, {"class": "boat", "prob": 0.9865333437919617, "left": 279.1174011230469, "top": 64.07157135009766, "right": 375.8074645996094, "bottom": 213.603759765625}, {"class": "boat", "prob": 0.9608495831489563, "left": 87.55058288574219, "top": 73.12947082519531, "right": 300.38568115234375, "bottom": 302.98187255859375}], "time": 21.526499032974243}
