{"im": 154, "res": [{"class": "aeroplane", "prob": 0.5896258354187012, "left": 122.4194107055664, "top": 93.52738189697266, "right": 374.07818603515625, "bottom": 194.90496826171875}], "time": 1.1616950035095215}
