{"im": 4347, "res": [{"class": "person", "prob": 0.9988884925842285, "left": 178.60604858398438, "top": 125.83258819580078, "right": 387.4486999511719, "bottom": 292.6952819824219}], "time": 21.399350881576538}
