{"im": 5799, "res": [{"class": "bottle", "prob": 0.9931181073188782, "left": 40.52825927734375, "top": 92.83984375, "right": 456.7213439941406, "bottom": 217.19168090820312}, {"class": "bird", "prob": 0.825585126876831, "left": 283.6748352050781, "top": 217.51092529296875, "right": 307.2917175292969, "bottom": 229.89828491210938}, {"class": "bottle", "prob": 0.8268750905990601, "left": 334.4309997558594, "top": 159.41452026367188, "right": 477.3647766113281, "bottom": 226.79788208007812}], "time": 21.948909044265747}
