{"im": 1056, "res": [{"class": "aeroplane", "prob": 0.9939541816711426, "left": 198.39138793945312, "top": 85.41947174072266, "right": 407.8546447753906, "bottom": 312.10174560546875}], "time": 21.09145498275757}
