{"im": 2399, "res": [{"class": "person", "prob": 0.9226330518722534, "left": 132.4091339111328, "top": 0.994415283203125, "right": 479.69970703125, "bottom": 326.3536071777344}], "time": 21.408663034439087}
