{"im": 202, "res": [{"class": "aeroplane", "prob": 0.5663478970527649, "left": 252.3941650390625, "top": 98.70465087890625, "right": 414.6385498046875, "bottom": 361.9904479980469}], "time": 0.9249129295349121}
