{"im": 3898, "res": [{"class": "train", "prob": 0.689979612827301, "left": 106.73779296875, "top": 95.54293060302734, "right": 396.82537841796875, "bottom": 292.8731689453125}], "time": 0.8853740692138672}
