{"im": 2479, "res": [{"class": "bus", "prob": 0.999752938747406, "left": 98.84991455078125, "top": 38.552734375, "right": 487.3831787109375, "bottom": 315.83837890625}, {"class": "diningtable", "prob": 0.9100323915481567, "left": 4.64021110534668, "top": 240.1636962890625, "right": 18.54962158203125, "bottom": 260.0085754394531}, {"class": "aeroplane", "prob": 0.5549078583717346, "left": 247.53887939453125, "top": 146.0970458984375, "right": 272.6025390625, "bottom": 167.89300537109375}], "time": 21.427680015563965}
