{"im": 5518, "res": [{"class": "bottle", "prob": 0.9989537000656128, "left": 4.200347900390625, "top": 92.65010070800781, "right": 500.0, "bottom": 357.62255859375}], "time": 21.05427622795105}
