{"im": 4911, "res": [{"class": "chair", "prob": 0.9287799000740051, "left": 96.03581237792969, "top": 243.43841552734375, "right": 373.98944091796875, "bottom": 413.49566650390625}, {"class": "chair", "prob": 0.5254620909690857, "left": 8.431709289550781, "top": 223.64883422851562, "right": 119.30298614501953, "bottom": 269.80682373046875}], "time": 22.076492071151733}
