{"im": 2191, "res": [{"class": "aeroplane", "prob": 0.9964513778686523, "left": 48.085166931152344, "top": 5.5408477783203125, "right": 192.6474609375, "bottom": 242.76612854003906}, {"class": "bicycle", "prob": 0.9722596406936646, "left": 7.7296142578125, "top": 94.34383392333984, "right": 325.3505554199219, "bottom": 265.9480285644531}], "time": 21.423797845840454}
