{"im": 4460, "res": [{"class": "car", "prob": 0.9993903636932373, "left": 0.0, "top": 0.0, "right": 334.0672912597656, "bottom": 252.869384765625}], "time": 21.397639274597168}
