{"im": 3953, "res": [{"class": "chair", "prob": 0.9859843850135803, "left": 90.41090393066406, "top": 202.58758544921875, "right": 335.0, "bottom": 462.58978271484375}], "time": 21.685699939727783}
