{"im": 5604, "res": [{"class": "bird", "prob": 0.9331756830215454, "left": 10.80450439453125, "top": 65.04734802246094, "right": 494.95562744140625, "bottom": 328.44842529296875}, {"class": "aeroplane", "prob": 0.9903982877731323, "left": 193.24449157714844, "top": 87.338134765625, "right": 477.3271484375, "bottom": 310.6978454589844}], "time": 21.032753944396973}
