{"im": 5033, "res": [{"class": "bird", "prob": 0.9116142392158508, "left": 47.092193603515625, "top": 112.37737274169922, "right": 456.70623779296875, "bottom": 266.58697509765625}, {"class": "aeroplane", "prob": 0.8384970426559448, "left": 230.8438262939453, "top": 133.5261993408203, "right": 262.89654541015625, "bottom": 160.0376434326172}], "time": 21.44763708114624}
