{"im": 5297, "res": [{"class": "cat", "prob": 0.6724004745483398, "left": 35.90376281738281, "top": 121.67762756347656, "right": 134.326171875, "bottom": 188.63221740722656}, {"class": "cat", "prob": 0.5618435740470886, "left": 60.871238708496094, "top": 133.92955017089844, "right": 101.24512481689453, "bottom": 178.52879333496094}], "time": 0.8730576038360596}
