{"im": 4676, "res": [{"class": "bird", "prob": 0.9072339534759521, "left": 3.738616943359375, "top": 92.13957214355469, "right": 497.20819091796875, "bottom": 351.2437744140625}], "time": 21.450738191604614}
