{"im": 5738, "res": [{"class": "pottedplant", "prob": 0.9885215759277344, "left": 128.3595733642578, "top": 11.2127685546875, "right": 375.0, "bottom": 264.751220703125}], "time": 21.104744911193848}
