{"im": 3202, "res": [{"class": "sheep", "prob": 0.8111393451690674, "left": 60.40528869628906, "top": 5.1721038818359375, "right": 485.5794677734375, "bottom": 366.6278076171875}], "time": 22.263664722442627}
