{"im": 492, "res": [{"class": "pottedplant", "prob": 0.6051137447357178, "left": 171.90762329101562, "top": 40.64802551269531, "right": 482.9430236816406, "bottom": 358.5091552734375}], "time": 0.8383691310882568}
