{"im": 5378, "res": [{"class": "bird", "prob": 0.9922935962677002, "left": 28.419158935546875, "top": 56.09324645996094, "right": 470.9644775390625, "bottom": 293.931640625}, {"class": "bird", "prob": 0.9955291748046875, "left": 0.8348331451416016, "top": 39.87007141113281, "right": 44.33733367919922, "bottom": 129.35748291015625}], "time": 21.458669900894165}
