{"im": 4901, "res": [{"class": "train", "prob": 0.9928572773933411, "left": 52.99468994140625, "top": 72.98184204101562, "right": 328.2739562988281, "bottom": 386.312255859375}], "time": 21.42468786239624}
