{"im": 311, "res": [{"class": "aeroplane", "prob": 0.5882312059402466, "left": 59.402679443359375, "top": 16.5509033203125, "right": 487.5537414550781, "bottom": 405.0424499511719}, {"class": "aeroplane", "prob": 0.6342759132385254, "left": 5.353263854980469, "top": 162.2267303466797, "right": 219.94638061523438, "bottom": 418.28961181640625}], "time": 21.516743898391724}
