{"im": 4286, "res": [{"class": "person", "prob": 0.8988133668899536, "left": 277.98590087890625, "top": 190.17550659179688, "right": 294.60882568359375, "bottom": 218.14129638671875}], "time": 22.604384899139404}
