{"im": 4513, "res": [{"class": "aeroplane", "prob": 0.8264908790588379, "left": 290.2152404785156, "top": 163.78201293945312, "right": 456.4944763183594, "bottom": 359.7918395996094}, {"class": "aeroplane", "prob": 0.792463481426239, "left": 375.7923278808594, "top": 167.47451782226562, "right": 490.5049133300781, "bottom": 371.0926208496094}, {"class": "aeroplane", "prob": 0.7729396820068359, "left": 67.64823150634766, "top": 141.80191040039062, "right": 193.79080200195312, "bottom": 375.0}], "time": 0.8164870738983154}
