{"im": 962, "res": [{"class": "aeroplane", "prob": 0.895669162273407, "left": 110.41517639160156, "top": 23.893280029296875, "right": 364.0126953125, "bottom": 286.6882019042969}], "time": 0.823620080947876}
