{"im": 5663, "res": [{"class": "car", "prob": 0.6395556926727295, "left": 156.97218322753906, "top": 257.50213623046875, "right": 322.7996826171875, "bottom": 400.04974365234375}], "time": 22.558947801589966}
