{"im": 1464, "res": [{"class": "bus", "prob": 0.9960391521453857, "left": 20.482948303222656, "top": 174.80044555664062, "right": 210.332275390625, "bottom": 235.92312622070312}], "time": 21.690001726150513}
