{"im": 4688, "res": [{"class": "person", "prob": 0.9691550135612488, "left": 251.2374725341797, "top": 55.81999206542969, "right": 336.9460144042969, "bottom": 88.73069763183594}, {"class": "person", "prob": 0.7362244725227356, "left": 182.4727783203125, "top": 65.44898223876953, "right": 268.5050048828125, "bottom": 118.58919525146484}, {"class": "person", "prob": 0.6966094374656677, "left": 207.4595489501953, "top": 58.216468811035156, "right": 282.8631591796875, "bottom": 97.84319305419922}], "time": 21.38729190826416}
