{"im": 3151, "res": [{"class": "boat", "prob": 0.9861994981765747, "left": 25.737930297851562, "top": 67.2435302734375, "right": 432.13262939453125, "bottom": 279.6850891113281}, {"class": "aeroplane", "prob": 0.6346914768218994, "left": 139.63832092285156, "top": 42.067405700683594, "right": 307.4342041015625, "bottom": 190.208251953125}], "time": 21.842847108840942}
