{"im": 1886, "res": [{"class": "tvmonitor", "prob": 0.9177466630935669, "left": 71.96271514892578, "top": 171.43682861328125, "right": 202.521484375, "bottom": 340.2139892578125}, {"class": "tvmonitor", "prob": 0.8378075957298279, "left": 16.90751075744629, "top": 186.341064453125, "right": 74.75682067871094, "bottom": 298.9207458496094}], "time": 21.700299978256226}
