{"im": 5091, "res": [{"class": "aeroplane", "prob": 0.9973169565200806, "left": 150.86245727539062, "top": 65.24703979492188, "right": 466.6348571777344, "bottom": 362.3603210449219}, {"class": "aeroplane", "prob": 0.9367035627365112, "left": 78.40482330322266, "top": 87.00634765625, "right": 266.8056640625, "bottom": 375.0}], "time": 21.453883171081543}
