{"im": 3767, "res": [{"class": "train", "prob": 0.9888343811035156, "left": 110.10598754882812, "top": 64.10812377929688, "right": 396.4193420410156, "bottom": 322.49871826171875}, {"class": "tvmonitor", "prob": 0.731384813785553, "left": 161.265869140625, "top": 205.79429626464844, "right": 265.6371154785156, "bottom": 331.529296875}], "time": 21.557060956954956}
