{"im": 381, "res": [{"class": "aeroplane", "prob": 0.7002983093261719, "left": 158.56271362304688, "top": 141.07388305664062, "right": 330.4862060546875, "bottom": 327.943115234375}], "time": 0.8563227653503418}
