{"im": 168, "res": [{"class": "aeroplane", "prob": 0.5643592476844788, "left": 164.53680419921875, "top": 85.52925872802734, "right": 234.4541015625, "bottom": 208.80728149414062}], "time": 1.696894884109497}
