{"im": 2035, "res": [{"class": "pottedplant", "prob": 0.9538423418998718, "left": 11.2886962890625, "top": 66.96211242675781, "right": 280.3414306640625, "bottom": 330.38946533203125}], "time": 21.65664315223694}
