{"im": 3889, "res": [{"class": "train", "prob": 0.752649188041687, "left": 41.86560821533203, "top": 187.72463989257812, "right": 172.12799072265625, "bottom": 277.8344421386719}, {"class": "train", "prob": 0.8099813461303711, "left": 79.94224548339844, "top": 194.085693359375, "right": 135.58120727539062, "bottom": 260.55718994140625}, {"class": "sheep", "prob": 0.5113660097122192, "left": 293.60992431640625, "top": 188.43753051757812, "right": 334.6531982421875, "bottom": 241.94894409179688}], "time": 0.8466250896453857}
