{"im": 620, "res": [{"class": "boat", "prob": 0.9813463687896729, "left": 453.8674621582031, "top": 215.1307830810547, "right": 499.0478820800781, "bottom": 257.7154541015625}], "time": 21.871300220489502}
