{"im": 2024, "res": [{"class": "boat", "prob": 0.9907178282737732, "left": 311.11981201171875, "top": 122.5144271850586, "right": 397.92156982421875, "bottom": 267.5798645019531}, {"class": "aeroplane", "prob": 0.9450926184654236, "left": 317.68310546875, "top": 83.57858276367188, "right": 398.71148681640625, "bottom": 198.10946655273438}], "time": 21.671385765075684}
