{"im": 4023, "res": [{"class": "bus", "prob": 0.8569719791412354, "left": 58.72080993652344, "top": 95.42464447021484, "right": 345.41644287109375, "bottom": 226.27316284179688}], "time": 0.83614182472229}
