{"im": 4021, "res": [{"class": "aeroplane", "prob": 0.6933422088623047, "left": 196.60179138183594, "top": 108.10130310058594, "right": 386.01422119140625, "bottom": 367.90618896484375}, {"class": "aeroplane", "prob": 0.6120138168334961, "left": 5.71844482421875, "top": 119.32157135009766, "right": 184.96575927734375, "bottom": 350.8702087402344}], "time": 0.8432600498199463}
