{"im": 606, "res": [{"class": "aeroplane", "prob": 0.997535228729248, "left": 78.43446350097656, "top": 0.0, "right": 240.3003692626953, "bottom": 166.12081909179688}], "time": 21.66950488090515}
