{"im": 4701, "res": [{"class": "person", "prob": 0.5678487420082092, "left": 92.852783203125, "top": 32.226318359375, "right": 460.0, "bottom": 310.218994140625}], "time": 0.8548378944396973}
