{"im": 3838, "res": [{"class": "sheep", "prob": 0.8413567543029785, "left": 41.28669738769531, "top": 15.404830932617188, "right": 244.5974578857422, "bottom": 333.0}, {"class": "tvmonitor", "prob": 0.7642208933830261, "left": 41.28669738769531, "top": 15.404830932617188, "right": 244.5974578857422, "bottom": 333.0}], "time": 0.8337311744689941}
