{"im": 4668, "res": [{"class": "person", "prob": 0.9975348114967346, "left": 102.84297943115234, "top": 211.2314453125, "right": 159.51553344726562, "bottom": 360.26953125}], "time": 21.42396092414856}
