{"im": 4206, "res": [{"class": "pottedplant", "prob": 0.9978109002113342, "left": 136.67214965820312, "top": 63.645179748535156, "right": 426.9120178222656, "bottom": 224.269287109375}], "time": 21.59721279144287}
