{"im": 2000, "res": [{"class": "chair", "prob": 0.704988420009613, "left": 11.063045501708984, "top": 98.6556625366211, "right": 49.48385238647461, "bottom": 117.80596160888672}], "time": 0.8654670715332031}
