{"im": 312, "res": [{"class": "aeroplane", "prob": 0.9982686042785645, "left": 0.0, "top": 107.25105285644531, "right": 125.07703399658203, "bottom": 369.994873046875}, {"class": "aeroplane", "prob": 0.7891172766685486, "left": 279.12139892578125, "top": 118.62359619140625, "right": 382.67437744140625, "bottom": 375.0}], "time": 21.637017250061035}
