{"im": 4645, "res": [{"class": "bus", "prob": 0.9717575907707214, "left": 121.79922485351562, "top": 91.38811492919922, "right": 434.1075744628906, "bottom": 227.4146728515625}, {"class": "cow", "prob": 0.5082129240036011, "left": 26.261394500732422, "top": 107.47992706298828, "right": 33.97239303588867, "bottom": 123.61746978759766}], "time": 0.9328420162200928}
