{"im": 3931, "res": [{"class": "sheep", "prob": 0.6202523708343506, "left": 312.3565979003906, "top": 21.67896270751953, "right": 486.3846130371094, "bottom": 192.0712890625}, {"class": "sheep", "prob": 0.5163868069648743, "left": 326.63336181640625, "top": 75.47332763671875, "right": 409.05609130859375, "bottom": 198.3302001953125}], "time": 0.8323352336883545}
