{"im": 611, "res": [{"class": "sheep", "prob": 0.6085781455039978, "left": 280.85858154296875, "top": 53.181800842285156, "right": 457.54437255859375, "bottom": 184.2803955078125}], "time": 0.8496479988098145}
