{"im": 1097, "res": [{"class": "person", "prob": 0.5229746699333191, "left": 76.19890594482422, "top": 76.09579467773438, "right": 95.33232879638672, "bottom": 93.75111389160156}], "time": 0.9161431789398193}
