{"im": 893, "res": [{"class": "bottle", "prob": 0.9439439177513123, "left": 87.7024917602539, "top": 104.399658203125, "right": 263.9734191894531, "bottom": 153.97882080078125}, {"class": "bottle", "prob": 0.880576491355896, "left": 137.81729125976562, "top": 110.53679656982422, "right": 223.11941528320312, "bottom": 150.43026733398438}, {"class": "bottle", "prob": 0.818239152431488, "left": 11.083011627197266, "top": 64.05818939208984, "right": 133.95126342773438, "bottom": 114.1714859008789}, {"class": "bottle", "prob": 0.7177576422691345, "left": 45.46518325805664, "top": 76.1866226196289, "right": 98.87704467773438, "bottom": 105.17418670654297}], "time": 0.8584451675415039}
