{"im": 4458, "res": [{"class": "sheep", "prob": 0.7947232723236084, "left": 130.1522216796875, "top": 187.9075164794922, "right": 368.41290283203125, "bottom": 379.7994384765625}], "time": 0.8274199962615967}
