{"im": 1658, "res": [{"class": "aeroplane", "prob": 0.9995249509811401, "left": 152.25653076171875, "top": 47.370849609375, "right": 296.3370361328125, "bottom": 445.03985595703125}, {"class": "boat", "prob": 0.9969240427017212, "left": 15.251182556152344, "top": 118.52117919921875, "right": 211.94064331054688, "bottom": 447.6279296875}], "time": 21.68109703063965}
