{"im": 998, "res": [{"class": "bird", "prob": 0.8207799792289734, "left": 75.09017944335938, "top": 145.18133544921875, "right": 167.36997985839844, "bottom": 203.04598999023438}, {"class": "bird", "prob": 0.783799946308136, "left": 97.75354766845703, "top": 155.1184844970703, "right": 141.99630737304688, "bottom": 195.88441467285156}], "time": 0.8742210865020752}
