{"im": 533, "res": [{"class": "aeroplane", "prob": 0.9996711611747742, "left": 73.29255676269531, "top": 116.71881103515625, "right": 273.16070556640625, "bottom": 375.0}, {"class": "aeroplane", "prob": 0.6660109162330627, "left": 83.62356567382812, "top": 104.28318786621094, "right": 96.43878173828125, "bottom": 129.6309814453125}, {"class": "aeroplane", "prob": 0.5628268122673035, "left": 81.95079803466797, "top": 117.79638671875, "right": 92.92963409423828, "bottom": 129.55914306640625}], "time": 21.642827033996582}
