{"im": 4982, "res": [{"class": "pottedplant", "prob": 0.8383174538612366, "left": 222.12466430664062, "top": 174.995849609375, "right": 441.1465148925781, "bottom": 352.54510498046875}], "time": 21.37831425666809}
