{"im": 4589, "res": [{"class": "chair", "prob": 0.5200914740562439, "left": 117.34254455566406, "top": 162.4372100830078, "right": 247.0374298095703, "bottom": 208.2699432373047}], "time": 0.829390287399292}
