{"im": 1778, "res": [{"class": "sheep", "prob": 0.9672344326972961, "left": 124.23693084716797, "top": 81.56818389892578, "right": 338.3012390136719, "bottom": 333.0}], "time": 21.660299062728882}
