{"im": 3804, "res": [{"class": "bicycle", "prob": 0.5021859407424927, "left": 109.4568099975586, "top": 27.71942901611328, "right": 318.81280517578125, "bottom": 211.76104736328125}], "time": 0.8897659778594971}
