{"im": 399, "res": [{"class": "aeroplane", "prob": 0.9994304776191711, "left": 219.0029296875, "top": 153.06179809570312, "right": 345.60198974609375, "bottom": 390.7057800292969}], "time": 21.736788034439087}
