{"im": 793, "res": [{"class": "aeroplane", "prob": 0.9828991889953613, "left": 2.8274612426757812, "top": 72.34620666503906, "right": 207.02487182617188, "bottom": 334.0}, {"class": "aeroplane", "prob": 0.5704735517501831, "left": 169.8937530517578, "top": 69.04107666015625, "right": 487.23175048828125, "bottom": 318.8593444824219}], "time": 0.8685472011566162}
