{"im": 3873, "res": [{"class": "car", "prob": 0.979009747505188, "left": 12.807342529296875, "top": 150.17845153808594, "right": 390.8097229003906, "bottom": 230.4888458251953}, {"class": "aeroplane", "prob": 0.9519088268280029, "left": 98.94232177734375, "top": 185.4115753173828, "right": 118.93429565429688, "bottom": 235.6161651611328}], "time": 21.550868272781372}
