{"im": 1118, "res": [{"class": "aeroplane", "prob": 0.9991016983985901, "left": 101.03057098388672, "top": 90.58428955078125, "right": 250.51409912109375, "bottom": 377.0}], "time": 21.116565942764282}
