{"im": 112, "res": [{"class": "pottedplant", "prob": 0.8761763572692871, "left": 169.80020141601562, "top": 26.664093017578125, "right": 400.5569763183594, "bottom": 339.3782958984375}], "time": 1.2372190952301025}
