{"im": 1935, "res": [{"class": "person", "prob": 0.6537013053894043, "left": 67.57846069335938, "top": 175.02593994140625, "right": 183.6948699951172, "bottom": 348.239990234375}], "time": 0.8593237400054932}
