{"im": 4307, "res": [{"class": "aeroplane", "prob": 0.9905046224594116, "left": 49.34071350097656, "top": 7.926055908203125, "right": 389.300048828125, "bottom": 338.0}], "time": 22.544591903686523}
