{"im": 615, "res": [{"class": "aeroplane", "prob": 0.907744824886322, "left": 15.485023498535156, "top": 61.42254638671875, "right": 206.8907470703125, "bottom": 372.1393737792969}, {"class": "aeroplane", "prob": 0.8542062640190125, "left": 193.94964599609375, "top": 47.46379089355469, "right": 399.126220703125, "bottom": 327.33343505859375}], "time": 0.9013397693634033}
