{"im": 5162, "res": [{"class": "aeroplane", "prob": 0.7778458595275879, "left": 0.0, "top": 56.631195068359375, "right": 270.9456787109375, "bottom": 500.0}], "time": 1.0908010005950928}
