{"im": 3885, "res": [{"class": "bus", "prob": 0.6278192400932312, "left": 65.47198486328125, "top": 90.2115478515625, "right": 407.6582946777344, "bottom": 233.97747802734375}, {"class": "aeroplane", "prob": 0.5314422845840454, "left": 56.68208312988281, "top": 150.70431518554688, "right": 65.07258605957031, "bottom": 172.3857421875}], "time": 0.8609340190887451}
