{"im": 1501, "res": [{"class": "aeroplane", "prob": 0.9991896748542786, "left": 53.71629333496094, "top": 25.29119873046875, "right": 455.66009521484375, "bottom": 364.5738220214844}], "time": 21.66650700569153}
