{"im": 44, "res": [{"class": "pottedplant", "prob": 0.9256067276000977, "left": 239.59732055664062, "top": 327.54339599609375, "right": 324.0117492675781, "bottom": 426.7210693359375}, {"class": "pottedplant", "prob": 0.793185830116272, "left": 256.34521484375, "top": 343.1524353027344, "right": 301.16961669921875, "bottom": 414.2272033691406}], "time": 1.019275188446045}
