{"im": 631, "res": [{"class": "sheep", "prob": 0.9873216152191162, "left": 29.102996826171875, "top": 114.15409851074219, "right": 93.62322998046875, "bottom": 209.43150329589844}, {"class": "train", "prob": 0.9591274857521057, "left": 418.253173828125, "top": 60.604454040527344, "right": 496.9371337890625, "bottom": 257.339599609375}, {"class": "train", "prob": 0.9861140847206116, "left": 374.84698486328125, "top": 103.45805358886719, "right": 422.5037841796875, "bottom": 238.24119567871094}, {"class": "train", "prob": 0.9349955320358276, "left": 301.4277038574219, "top": 55.36895751953125, "right": 375.9302062988281, "bottom": 258.5767822265625}], "time": 21.606991052627563}
