{"im": 3819, "res": [{"class": "aeroplane", "prob": 0.7523008584976196, "left": 92.9791259765625, "top": 91.02706909179688, "right": 404.22686767578125, "bottom": 350.1549987792969}], "time": 0.8365468978881836}
