{"im": 2412, "res": [{"class": "train", "prob": 0.9824339747428894, "left": 348.41241455078125, "top": 178.6911163330078, "right": 414.0552978515625, "bottom": 252.7188262939453}, {"class": "train", "prob": 0.9360314011573792, "left": 28.93730926513672, "top": 151.878662109375, "right": 212.71261596679688, "bottom": 259.583251953125}, {"class": "train", "prob": 0.9049500226974487, "left": 301.91522216796875, "top": 168.81753540039062, "right": 459.341796875, "bottom": 264.47314453125}, {"class": "train", "prob": 0.8449145555496216, "left": 83.95515441894531, "top": 166.16587829589844, "right": 156.28897094726562, "bottom": 235.71348571777344}], "time": 0.8761570453643799}
