{"im": 1372, "res": [{"class": "pottedplant", "prob": 0.9897122383117676, "left": 238.2445526123047, "top": 33.304473876953125, "right": 404.00775146484375, "bottom": 253.44400024414062}, {"class": "pottedplant", "prob": 0.8383288979530334, "left": 215.58880615234375, "top": 16.88189697265625, "right": 494.86944580078125, "bottom": 306.5826416015625}], "time": 21.659704208374023}
