{"im": 3027, "res": [{"class": "pottedplant", "prob": 0.8952189087867737, "left": 355.01300048828125, "top": 32.20771789550781, "right": 417.5382080078125, "bottom": 66.46991729736328}], "time": 21.764588117599487}
