{"im": 1805, "res": [{"class": "train", "prob": 0.9821358919143677, "left": 66.80624389648438, "top": 119.28451538085938, "right": 162.1845245361328, "bottom": 204.68411254882812}, {"class": "train", "prob": 0.9681388735771179, "left": 377.5137634277344, "top": 103.16938018798828, "right": 433.2420959472656, "bottom": 148.88873291015625}, {"class": "train", "prob": 0.9175927042961121, "left": 445.3155517578125, "top": 4.752386093139648, "right": 473.08929443359375, "bottom": 44.18312072753906}, {"class": "train", "prob": 0.7725622653961182, "left": 209.64706420898438, "top": 159.60086059570312, "right": 248.99957275390625, "bottom": 204.16098022460938}], "time": 21.640934228897095}
