{"im": 3950, "res": [{"class": "aeroplane", "prob": 0.7385392189025879, "left": 158.81690979003906, "top": 192.5448455810547, "right": 369.74481201171875, "bottom": 465.53399658203125}, {"class": "aeroplane", "prob": 0.6567010879516602, "left": 178.33969116210938, "top": 0.0, "right": 333.4073791503906, "bottom": 246.42691040039062}], "time": 0.8751790523529053}
