{"im": 3770, "res": [{"class": "car", "prob": 0.8656637668609619, "left": 161.65695190429688, "top": 122.30683135986328, "right": 399.0659484863281, "bottom": 271.5713195800781}], "time": 0.8843660354614258}
