{"im": 883, "res": [{"class": "aeroplane", "prob": 0.749939501285553, "left": 71.58384704589844, "top": 145.1492156982422, "right": 150.9134063720703, "bottom": 380.04632568359375}], "time": 0.8454210758209229}
