{"im": 1239, "res": [{"class": "sheep", "prob": 0.8224229216575623, "left": 36.793365478515625, "top": 221.84133911132812, "right": 250.99856567382812, "bottom": 450.0}], "time": 0.8330841064453125}
