{"im": 4806, "res": [{"class": "person", "prob": 0.9898949265480042, "left": 21.08294677734375, "top": 120.87467193603516, "right": 281.69012451171875, "bottom": 318.16552734375}], "time": 21.426859140396118}
