{"im": 2491, "res": [{"class": "car", "prob": 0.513372540473938, "left": 118.3554916381836, "top": 214.43321228027344, "right": 359.5326232910156, "bottom": 333.4576110839844}], "time": 0.8384749889373779}
