{"im": 4517, "res": [{"class": "boat", "prob": 0.5722832083702087, "left": 1.306060791015625, "top": 109.32208251953125, "right": 500.0, "bottom": 334.7069396972656}], "time": 0.8170769214630127}
