{"im": 5212, "res": [{"class": "aeroplane", "prob": 0.9935230612754822, "left": 173.33914184570312, "top": 165.48486328125, "right": 436.8576354980469, "bottom": 370.00799560546875}], "time": 21.603055000305176}
