{"im": 5221, "res": [{"class": "aeroplane", "prob": 0.8898717761039734, "left": 33.08758544921875, "top": 0.427215576171875, "right": 300.7128601074219, "bottom": 493.2887878417969}], "time": 21.526216983795166}
