{"im": 5394, "res": [{"class": "aeroplane", "prob": 0.8569994568824768, "left": 252.16664123535156, "top": 47.571571350097656, "right": 421.47515869140625, "bottom": 241.8153076171875}, {"class": "aeroplane", "prob": 0.6951895952224731, "left": 0.8986320495605469, "top": 88.06549072265625, "right": 95.337890625, "bottom": 285.0630187988281}], "time": 1.0262877941131592}
