{"im": 792, "res": [{"class": "aeroplane", "prob": 0.997442901134491, "left": 0.0, "top": 88.18478393554688, "right": 163.10926818847656, "bottom": 371.0682373046875}], "time": 21.926018238067627}
