{"im": 126, "res": [{"class": "aeroplane", "prob": 0.5351347327232361, "left": 98.84922790527344, "top": 62.643959045410156, "right": 330.20989990234375, "bottom": 274.13671875}], "time": 1.0547189712524414}
