{"im": 5142, "res": [{"class": "bird", "prob": 0.9906941652297974, "left": 244.865234375, "top": 46.37821578979492, "right": 375.0, "bottom": 75.42903137207031}], "time": 21.55199098587036}
