{"im": 3265, "res": [{"class": "boat", "prob": 0.9988892078399658, "left": 99.35296630859375, "top": 115.43579864501953, "right": 456.89739990234375, "bottom": 275.1430969238281}, {"class": "aeroplane", "prob": 0.9854125380516052, "left": 186.14044189453125, "top": 51.75627899169922, "right": 354.84283447265625, "bottom": 243.12481689453125}], "time": 21.828338861465454}
