{"im": 4448, "res": [{"class": "person", "prob": 0.6554186344146729, "left": 168.71746826171875, "top": 24.568374633789062, "right": 340.9378967285156, "bottom": 324.265625}], "time": 0.840399980545044}
