{"im": 3377, "res": [{"class": "aeroplane", "prob": 0.9992133378982544, "left": 26.19298553466797, "top": 12.491104125976562, "right": 280.9086608886719, "bottom": 499.18792724609375}], "time": 21.957843780517578}
