{"im": 3870, "res": [{"class": "aeroplane", "prob": 0.9795534610748291, "left": 0.0, "top": 24.198272705078125, "right": 324.41986083984375, "bottom": 482.4718322753906}], "time": 21.63336706161499}
