{"im": 5484, "res": [{"class": "sofa", "prob": 0.9974648952484131, "left": 24.913352966308594, "top": 38.380592346191406, "right": 274.753662109375, "bottom": 209.67523193359375}], "time": 21.492177963256836}
