{"im": 1603, "res": [{"class": "boat", "prob": 0.9964707493782043, "left": 108.16688537597656, "top": 109.65171813964844, "right": 270.9293212890625, "bottom": 317.1453857421875}, {"class": "aeroplane", "prob": 0.9943552017211914, "left": 135.35821533203125, "top": 7.550498962402344, "right": 302.15130615234375, "bottom": 222.56155395507812}], "time": 21.699592113494873}
