{"im": 1319, "res": [{"class": "person", "prob": 0.999499499797821, "left": 116.74040222167969, "top": 38.712547302246094, "right": 443.8831787109375, "bottom": 294.2787780761719}], "time": 21.651465892791748}
