{"im": 4621, "res": [{"class": "tvmonitor", "prob": 0.510690450668335, "left": 191.92654418945312, "top": 67.77168273925781, "right": 205.35122680664062, "bottom": 82.69761657714844}], "time": 0.9073381423950195}
