{"im": 1441, "res": [{"class": "chair", "prob": 0.7414064407348633, "left": 148.9733123779297, "top": 91.04037475585938, "right": 432.4188232421875, "bottom": 211.84677124023438}], "time": 0.8542141914367676}
