{"im": 153, "res": [{"class": "sheep", "prob": 0.7572667002677917, "left": 204.52120971679688, "top": 221.83828735351562, "right": 298.9481506347656, "bottom": 329.3568420410156}, {"class": "aeroplane", "prob": 0.5616316199302673, "left": 259.2620849609375, "top": 146.6593017578125, "right": 337.664794921875, "bottom": 273.0125732421875}, {"class": "sheep", "prob": 0.526980459690094, "left": 232.9739532470703, "top": 235.16729736328125, "right": 281.0766296386719, "bottom": 321.21209716796875}], "time": 1.1655197143554688}
