{"im": 2179, "res": [{"class": "bicycle", "prob": 0.9564017653465271, "left": 104.32958984375, "top": 104.6034164428711, "right": 368.3013000488281, "bottom": 292.99493408203125}], "time": 1.069674015045166}
