{"im": 2412, "res": [{"class": "train", "prob": 0.9922626614570618, "left": 34.05615997314453, "top": 158.64512634277344, "right": 198.51119995117188, "bottom": 258.6014404296875}, {"class": "train", "prob": 0.9885249733924866, "left": 312.18402099609375, "top": 160.33023071289062, "right": 450.805419921875, "bottom": 276.9043273925781}], "time": 21.444132804870605}
