{"im": 5227, "res": [{"class": "aeroplane", "prob": 0.8187951445579529, "left": 212.7790069580078, "top": 115.23792266845703, "right": 276.0683288574219, "bottom": 150.56796264648438}], "time": 22.778860092163086}
