{"im": 2154, "res": [{"class": "aeroplane", "prob": 0.9704768061637878, "left": 81.98975372314453, "top": 179.4080352783203, "right": 213.1944580078125, "bottom": 459.91729736328125}], "time": 0.8247838020324707}
