{"im": 557, "res": [{"class": "bottle", "prob": 0.9830406904220581, "left": 9.304153442382812, "top": 87.41043090820312, "right": 423.4635009765625, "bottom": 238.64700317382812}, {"class": "bird", "prob": 0.6657549738883972, "left": 408.09454345703125, "top": 140.5643768310547, "right": 449.1343994140625, "bottom": 170.9934844970703}], "time": 21.74754810333252}
