{"im": 3623, "res": [{"class": "pottedplant", "prob": 0.8772262930870056, "left": 61.81083679199219, "top": 0.0, "right": 440.5338134765625, "bottom": 322.75701904296875}], "time": 21.50740098953247}
