{"im": 2522, "res": [{"class": "person", "prob": 0.998528242111206, "left": 102.99742126464844, "top": 114.42779541015625, "right": 494.40850830078125, "bottom": 404.0}, {"class": "person", "prob": 0.8152904510498047, "left": 21.975357055664062, "top": 34.06031799316406, "right": 220.42169189453125, "bottom": 379.76934814453125}], "time": 21.42280125617981}
