{"im": 1573, "res": [{"class": "bird", "prob": 0.9520561695098877, "left": 0.0, "top": 318.01141357421875, "right": 110.84219360351562, "bottom": 371.2728271484375}, {"class": "bird", "prob": 0.8749890327453613, "left": 30.309131622314453, "top": 329.0130920410156, "right": 76.66032409667969, "bottom": 366.4971008300781}, {"class": "cow", "prob": 0.7537881731987, "left": 455.4791564941406, "top": 156.14251708984375, "right": 464.3443908691406, "bottom": 176.216064453125}, {"class": "bird", "prob": 0.6927493214607239, "left": 400.1784973144531, "top": 330.13690185546875, "right": 421.8276672363281, "bottom": 343.836181640625}], "time": 0.8960049152374268}
