{"im": 4526, "res": [{"class": "person", "prob": 0.5067960619926453, "left": 189.15350341796875, "top": 86.76882934570312, "right": 366.05194091796875, "bottom": 301.8664855957031}], "time": 0.8407046794891357}
