{"im": 4180, "res": [{"class": "tvmonitor", "prob": 0.626132071018219, "left": 191.9302215576172, "top": 49.15789794921875, "right": 500.0, "bottom": 371.03912353515625}, {"class": "tvmonitor", "prob": 0.927233099937439, "left": 120.74742126464844, "top": 177.9755859375, "right": 439.7244873046875, "bottom": 365.48272705078125}], "time": 21.622493028640747}
