{"im": 4312, "res": [{"class": "aeroplane", "prob": 0.6586772799491882, "left": 125.73088073730469, "top": 100.896728515625, "right": 310.95343017578125, "bottom": 365.5061950683594}], "time": 21.669672966003418}
