{"im": 1869, "res": [{"class": "pottedplant", "prob": 0.9317008256912231, "left": 0.272186279296875, "top": 0.0, "right": 375.0, "bottom": 352.3980712890625}], "time": 21.651275157928467}
