{"im": 1628, "res": [{"class": "cat", "prob": 0.8889289498329163, "left": 15.894760131835938, "top": 186.465087890625, "right": 211.22560119628906, "bottom": 282.1925964355469}, {"class": "cat", "prob": 0.6886921525001526, "left": 142.433837890625, "top": 199.42727661132812, "right": 344.30413818359375, "bottom": 279.3649597167969}, {"class": "bird", "prob": 0.6644715070724487, "left": 314.1593933105469, "top": 200.24159240722656, "right": 402.5242004394531, "bottom": 268.54486083984375}, {"class": "bird", "prob": 0.5831372737884521, "left": 367.1065673828125, "top": 200.60177612304688, "right": 450.26739501953125, "bottom": 261.0054931640625}], "time": 21.77425193786621}
