{"im": 438, "res": [{"class": "sofa", "prob": 0.9993027448654175, "left": 145.94482421875, "top": 132.16075134277344, "right": 323.5737609863281, "bottom": 303.32965087890625}], "time": 21.51630997657776}
