{"im": 2243, "res": [{"class": "aeroplane", "prob": 0.7990381717681885, "left": 159.30999755859375, "top": 143.7802734375, "right": 239.49050903320312, "bottom": 429.7998046875}], "time": 0.8926758766174316}
