{"im": 4235, "res": [{"class": "aeroplane", "prob": 0.9933425188064575, "left": 71.69338989257812, "top": 0.0, "right": 426.2992248535156, "bottom": 375.0}], "time": 21.84772562980652}
