{"im": 2467, "res": [{"class": "sheep", "prob": 0.9610756039619446, "left": 122.70896911621094, "top": 124.70735168457031, "right": 324.892822265625, "bottom": 489.63372802734375}], "time": 21.42960786819458}
