{"im": 5615, "res": [{"class": "car", "prob": 0.5409973859786987, "left": 301.3551025390625, "top": 241.99969482421875, "right": 498.426025390625, "bottom": 294.04315185546875}], "time": 21.06384801864624}
