{"im": 1280, "res": [{"class": "aeroplane", "prob": 0.9574000239372253, "left": 24.50281524658203, "top": 76.65254211425781, "right": 239.33029174804688, "bottom": 352.48370361328125}, {"class": "aeroplane", "prob": 0.6070581078529358, "left": 295.2454528808594, "top": 81.6614990234375, "right": 495.8602600097656, "bottom": 369.5428771972656}], "time": 1.0450329780578613}
