{"im": 1336, "res": [{"class": "sheep", "prob": 0.7233282327651978, "left": 168.9850616455078, "top": 153.83828735351562, "right": 280.93408203125, "bottom": 359.5838317871094}], "time": 1.0389881134033203}
