{"im": 4348, "res": [{"class": "aeroplane", "prob": 0.5932660698890686, "left": 2.2037506103515625, "top": 365.6015319824219, "right": 119.11800384521484, "bottom": 496.5929260253906}, {"class": "aeroplane", "prob": 0.5599521994590759, "left": 275.43896484375, "top": 50.774452209472656, "right": 354.83978271484375, "bottom": 227.32376098632812}], "time": 21.452263116836548}
