{"im": 1925, "res": [{"class": "boat", "prob": 0.5369054675102234, "left": 65.10394287109375, "top": 7.5345916748046875, "right": 437.33782958984375, "bottom": 375.0}], "time": 21.675439834594727}
