{"im": 4686, "res": [{"class": "pottedplant", "prob": 0.8839832544326782, "left": 75.07867431640625, "top": 139.64700317382812, "right": 412.1296081542969, "bottom": 375.0}], "time": 21.476670026779175}
