{"im": 4273, "res": [{"class": "aeroplane", "prob": 0.7493591904640198, "left": 245.07861328125, "top": 19.777008056640625, "right": 324.4373779296875, "bottom": 320.746826171875}, {"class": "aeroplane", "prob": 0.5526776313781738, "left": 58.73217010498047, "top": 126.05717468261719, "right": 227.66360473632812, "bottom": 358.68359375}], "time": 0.8784101009368896}
