{"im": 698, "res": [{"class": "person", "prob": 0.9997200965881348, "left": 108.04486083984375, "top": 186.93699645996094, "right": 375.0, "bottom": 476.8265380859375}], "time": 21.78222966194153}
