{"im": 1017, "res": [{"class": "aeroplane", "prob": 0.9993677735328674, "left": 161.9278564453125, "top": 80.67021179199219, "right": 397.3265380859375, "bottom": 356.22314453125}, {"class": "bicycle", "prob": 0.7955262660980225, "left": 0.0, "top": 24.687423706054688, "right": 340.6669921875, "bottom": 359.4033203125}], "time": 21.220553159713745}
