{"im": 2560, "res": [{"class": "person", "prob": 0.9978306293487549, "left": 102.15343475341797, "top": 132.197021484375, "right": 281.94610595703125, "bottom": 315.7633972167969}], "time": 21.426323175430298}
