{"im": 2164, "res": [{"class": "car", "prob": 0.9994339346885681, "left": 302.76824951171875, "top": 81.64022827148438, "right": 474.02740478515625, "bottom": 246.69216918945312}, {"class": "car", "prob": 0.9724785685539246, "left": 22.23816680908203, "top": 150.85704040527344, "right": 115.51607513427734, "bottom": 211.51856994628906}, {"class": "bird", "prob": 0.5452511310577393, "left": 116.66939544677734, "top": 180.69813537597656, "right": 131.10418701171875, "bottom": 191.77989196777344}], "time": 21.479578018188477}
