{"im": 4385, "res": [{"class": "pottedplant", "prob": 0.9994465708732605, "left": 117.57310485839844, "top": 166.2259979248047, "right": 204.61753845214844, "bottom": 378.91351318359375}], "time": 21.45266318321228}
