{"im": 3328, "res": [{"class": "sheep", "prob": 0.9963017702102661, "left": 9.210693359375, "top": 46.314788818359375, "right": 375.0, "bottom": 457.2969055175781}], "time": 21.662132024765015}
