{"im": 3265, "res": [{"class": "aeroplane", "prob": 0.6557915210723877, "left": 156.75762939453125, "top": 56.38947296142578, "right": 344.86785888671875, "bottom": 215.15692138671875}, {"class": "boat", "prob": 0.5538391470909119, "left": 88.83575439453125, "top": 69.1994400024414, "right": 481.4481201171875, "bottom": 277.9671630859375}], "time": 0.970099925994873}
