{"im": 12, "res": [{"class": "bird", "prob": 0.9763173460960388, "left": 292.6589660644531, "top": 196.25494384765625, "right": 328.9871520996094, "bottom": 226.72457885742188}, {"class": "bird", "prob": 0.5253854990005493, "left": 0.0, "top": 174.7406463623047, "right": 500.0, "bottom": 364.49652099609375}], "time": 21.4943790435791}
