{"im": 4181, "res": [{"class": "aeroplane", "prob": 0.9999058246612549, "left": 140.71859741210938, "top": 39.57133483886719, "right": 353.17041015625, "bottom": 325.8253173828125}, {"class": "boat", "prob": 0.7817650437355042, "left": 154.70223999023438, "top": 134.77713012695312, "right": 300.41827392578125, "bottom": 332.0}], "time": 21.617059230804443}
