{"im": 2948, "res": [{"class": "person", "prob": 0.975162923336029, "left": 21.220001220703125, "top": 71.26519775390625, "right": 480.8067932128906, "bottom": 394.34515380859375}, {"class": "person", "prob": 0.8689031004905701, "left": 116.70413208007812, "top": 157.11346435546875, "right": 474.8312072753906, "bottom": 356.15911865234375}], "time": 21.60374402999878}
