{"im": 3793, "res": [{"class": "train", "prob": 0.9969357848167419, "left": 192.97177124023438, "top": 140.06097412109375, "right": 427.7190246582031, "bottom": 291.87847900390625}, {"class": "train", "prob": 0.9558010697364807, "left": 228.02740478515625, "top": 216.31849670410156, "right": 375.20819091796875, "bottom": 300.4162292480469}], "time": 21.803142070770264}
