{"im": 1871, "res": [{"class": "train", "prob": 0.5215073823928833, "left": 0.0, "top": 120.22718811035156, "right": 171.87399291992188, "bottom": 472.86395263671875}], "time": 0.8927559852600098}
