{"im": 939, "res": [{"class": "aeroplane", "prob": 0.9954090118408203, "left": 67.89452362060547, "top": 95.11782836914062, "right": 295.6500244140625, "bottom": 500.0}], "time": 21.153404235839844}
