{"im": 3068, "res": [{"class": "aeroplane", "prob": 0.7844012975692749, "left": 209.23402404785156, "top": 20.1375732421875, "right": 303.99542236328125, "bottom": 245.13510131835938}, {"class": "sofa", "prob": 0.6343070268630981, "left": 213.37213134765625, "top": 120.61692810058594, "right": 374.66107177734375, "bottom": 302.52935791015625}], "time": 0.8362629413604736}
