{"im": 4590, "res": [{"class": "boat", "prob": 0.9522369503974915, "left": 71.32648468017578, "top": 37.52137756347656, "right": 284.4367370605469, "bottom": 241.21873474121094}], "time": 0.8283147811889648}
