{"im": 3797, "res": [{"class": "aeroplane", "prob": 0.68748539686203, "left": 249.8734130859375, "top": 0.0, "right": 387.7589111328125, "bottom": 310.0778503417969}], "time": 0.8240358829498291}
