{"im": 47, "res": [{"class": "bicycle", "prob": 0.9227867126464844, "left": 191.6888427734375, "top": 175.58486938476562, "right": 331.46246337890625, "bottom": 265.58258056640625}, {"class": "bicycle", "prob": 0.7820193767547607, "left": 227.29185485839844, "top": 181.53359985351562, "right": 288.5443115234375, "bottom": 253.97198486328125}, {"class": "aeroplane", "prob": 0.6353808641433716, "left": 240.383544921875, "top": 130.32101440429688, "right": 276.38616943359375, "bottom": 227.89553833007812}, {"class": "aeroplane", "prob": 0.6317261457443237, "left": 210.53817749023438, "top": 110.76361846923828, "right": 303.1786193847656, "bottom": 248.1376953125}], "time": 1.0200519561767578}
