{"im": 5324, "res": [{"class": "car", "prob": 0.7666919231414795, "left": 321.325927734375, "top": 90.75650024414062, "right": 473.424072265625, "bottom": 264.60821533203125}], "time": 0.9229300022125244}
