{"im": 3013, "res": [{"class": "bottle", "prob": 0.8528664708137512, "left": 193.06781005859375, "top": 96.30177307128906, "right": 393.9453125, "bottom": 149.42091369628906}, {"class": "bottle", "prob": 0.6019911170005798, "left": 251.0579071044922, "top": 100.30943298339844, "right": 342.7646179199219, "bottom": 144.40879821777344}], "time": 1.0832908153533936}
