{"im": 831, "res": [{"class": "aeroplane", "prob": 0.9910362958908081, "left": 122.93428802490234, "top": 195.60494995117188, "right": 266.1422424316406, "bottom": 463.5523376464844}], "time": 22.132286071777344}
