{"im": 735, "res": [{"class": "aeroplane", "prob": 0.9841271638870239, "left": 122.91374969482422, "top": 105.58987426757812, "right": 253.76687622070312, "bottom": 425.4401550292969}], "time": 0.8817241191864014}
