{"im": 3386, "res": [{"class": "sofa", "prob": 0.6547307968139648, "left": 160.09364318847656, "top": 119.00482177734375, "right": 272.0062255859375, "bottom": 284.43536376953125}, {"class": "sofa", "prob": 0.5859949588775635, "left": 182.71798706054688, "top": 139.85231018066406, "right": 225.28366088867188, "bottom": 262.57147216796875}], "time": 1.1801080703735352}
