{"im": 1668, "res": [{"class": "bicycle", "prob": 0.9476956725120544, "left": 251.9162139892578, "top": 213.71939086914062, "right": 314.4421081542969, "bottom": 287.4995422363281}, {"class": "aeroplane", "prob": 0.9290968775749207, "left": 247.90487670898438, "top": 138.36546325683594, "right": 311.0185241699219, "bottom": 286.98974609375}, {"class": "bicycle", "prob": 0.8057893514633179, "left": 224.20465087890625, "top": 199.78729248046875, "right": 338.228759765625, "bottom": 290.65057373046875}, {"class": "aeroplane", "prob": 0.6446026563644409, "left": 260.0055236816406, "top": 158.03253173828125, "right": 288.9002990722656, "bottom": 264.8329772949219}], "time": 1.056623935699463}
