{"im": 365, "res": [{"class": "cat", "prob": 0.5730332136154175, "left": 289.6851806640625, "top": 121.42440795898438, "right": 386.4180908203125, "bottom": 200.62921142578125}], "time": 0.8282680511474609}
