{"im": 674, "res": [{"class": "aeroplane", "prob": 0.9997638463973999, "left": 27.329635620117188, "top": 163.9994354248047, "right": 159.2596893310547, "bottom": 369.606201171875}, {"class": "aeroplane", "prob": 0.9980207681655884, "left": 107.76270294189453, "top": 172.92544555664062, "right": 199.33990478515625, "bottom": 375.0}], "time": 21.546905994415283}
