{"im": 1739, "res": [{"class": "aeroplane", "prob": 0.6641509532928467, "left": 165.83877563476562, "top": 153.97525024414062, "right": 488.6969299316406, "bottom": 475.5768737792969}, {"class": "aeroplane", "prob": 0.5897009372711182, "left": 407.310791015625, "top": 223.70205688476562, "right": 500.0, "bottom": 338.2018127441406}], "time": 0.9003539085388184}
