{"im": 3640, "res": [{"class": "bicycle", "prob": 0.9367102980613708, "left": 128.60687255859375, "top": 128.37765502929688, "right": 322.71697998046875, "bottom": 298.8882141113281}], "time": 0.9932911396026611}
