{"im": 2904, "res": [{"class": "boat", "prob": 0.9209959506988525, "left": 41.61604309082031, "top": 19.952743530273438, "right": 455.8037109375, "bottom": 354.2955322265625}], "time": 21.768514156341553}
