{"im": 3946, "res": [{"class": "sheep", "prob": 0.9710085988044739, "left": 31.773834228515625, "top": 0.0, "right": 368.4409484863281, "bottom": 332.5936279296875}], "time": 21.76839804649353}
