{"im": 5057, "res": [{"class": "pottedplant", "prob": 0.9927939772605896, "left": 11.503372192382812, "top": 54.27033996582031, "right": 497.0682373046875, "bottom": 328.34423828125}], "time": 21.477818965911865}
