{"im": 4242, "res": [{"class": "aeroplane", "prob": 0.9963007569313049, "left": 134.56045532226562, "top": 174.10177612304688, "right": 345.1781311035156, "bottom": 352.1192932128906}, {"class": "aeroplane", "prob": 0.5287294983863831, "left": 273.83599853515625, "top": 154.18450927734375, "right": 391.4022216796875, "bottom": 361.0}], "time": 21.65943193435669}
