{"im": 2934, "res": [{"class": "bottle", "prob": 0.9464555382728577, "left": 148.84188842773438, "top": 127.85066223144531, "right": 181.740234375, "bottom": 179.7349090576172}, {"class": "bottle", "prob": 0.9256281852722168, "left": 123.82328796386719, "top": 116.46183013916016, "right": 199.8019561767578, "bottom": 189.60934448242188}], "time": 0.8559567928314209}
