{"im": 468, "res": [{"class": "bottle", "prob": 0.9942584037780762, "left": 0.0, "top": 73.40731811523438, "right": 500.0, "bottom": 298.73687744140625}, {"class": "aeroplane", "prob": 0.9577181935310364, "left": 446.01531982421875, "top": 200.10400390625, "right": 455.89697265625, "bottom": 261.2801513671875}, {"class": "aeroplane", "prob": 0.5791545510292053, "left": 406.3818664550781, "top": 206.9851837158203, "right": 417.7209777832031, "bottom": 241.5747528076172}], "time": 21.605348110198975}
