{"im": 4562, "res": [{"class": "aeroplane", "prob": 0.8851497769355774, "left": 404.33624267578125, "top": 165.54647827148438, "right": 431.9722900390625, "bottom": 258.9514465332031}, {"class": "aeroplane", "prob": 0.860077440738678, "left": 391.2132568359375, "top": 140.003662109375, "right": 447.9259033203125, "bottom": 281.04498291015625}], "time": 0.9806270599365234}
