{"im": 879, "res": [{"class": "aeroplane", "prob": 0.9042336940765381, "left": 321.6715087890625, "top": 14.619171142578125, "right": 490.43353271484375, "bottom": 330.38885498046875}, {"class": "aeroplane", "prob": 0.7897070646286011, "left": 168.21495056152344, "top": 43.93388366699219, "right": 346.44635009765625, "bottom": 333.0}], "time": 0.8318150043487549}
