{"im": 3037, "res": [{"class": "tvmonitor", "prob": 0.906260073184967, "left": 68.36748504638672, "top": 149.74913024902344, "right": 210.77029418945312, "bottom": 412.12139892578125}], "time": 21.698529958724976}
