{"im": 4970, "res": [{"class": "bicycle", "prob": 0.9991734027862549, "left": 86.58224487304688, "top": 5.754852294921875, "right": 458.4749450683594, "bottom": 372.1422424316406}], "time": 21.419804096221924}
