{"im": 1683, "res": [{"class": "aeroplane", "prob": 0.5570379495620728, "left": 239.34609985351562, "top": 36.90986633300781, "right": 399.3692932128906, "bottom": 358.5718994140625}], "time": 1.058617115020752}
