{"im": 5238, "res": [{"class": "bus", "prob": 0.9983078241348267, "left": 89.87800598144531, "top": 74.73908996582031, "right": 421.51470947265625, "bottom": 277.3446044921875}, {"class": "bus", "prob": 0.9892175197601318, "left": 0.321044921875, "top": 94.31735229492188, "right": 48.718509674072266, "bottom": 206.90762329101562}, {"class": "bird", "prob": 0.9806559085845947, "left": 69.54544830322266, "top": 158.26080322265625, "right": 96.83362579345703, "bottom": 206.69857788085938}, {"class": "aeroplane", "prob": 0.8034784197807312, "left": 471.91082763671875, "top": 104.75397491455078, "right": 496.43072509765625, "bottom": 157.64553833007812}], "time": 21.45044994354248}
