{"im": 2696, "res": [{"class": "aeroplane", "prob": 0.761187732219696, "left": 112.83970642089844, "top": 113.4178466796875, "right": 216.6556854248047, "bottom": 203.31866455078125}, {"class": "aeroplane", "prob": 0.7010167837142944, "left": 421.4416809082031, "top": 115.2051010131836, "right": 462.5156555175781, "bottom": 204.56790161132812}, {"class": "aeroplane", "prob": 0.5002277493476868, "left": 133.39303588867188, "top": 120.6419677734375, "right": 192.12612915039062, "bottom": 194.827880859375}], "time": 21.3946270942688}
