{"im": 1085, "res": [{"class": "aeroplane", "prob": 0.9994838237762451, "left": 317.37188720703125, "top": 267.8634338378906, "right": 386.82086181640625, "bottom": 444.5320739746094}, {"class": "aeroplane", "prob": 0.9972938895225525, "left": 36.33888244628906, "top": 85.6734848022461, "right": 89.04948425292969, "bottom": 254.46905517578125}, {"class": "aeroplane", "prob": 0.997134268283844, "left": 92.34046173095703, "top": 99.2154312133789, "right": 152.92825317382812, "bottom": 256.9687194824219}, {"class": "aeroplane", "prob": 0.9219326972961426, "left": 115.67706298828125, "top": 84.20320892333984, "right": 164.10977172851562, "bottom": 173.99380493164062}], "time": 21.12100076675415}
