{"im": 651, "res": [{"class": "aeroplane", "prob": 0.927457869052887, "left": 86.2891616821289, "top": 103.4234390258789, "right": 167.78094482421875, "bottom": 328.45147705078125}, {"class": "aeroplane", "prob": 0.7856195569038391, "left": 280.145263671875, "top": 108.38994598388672, "right": 376.529052734375, "bottom": 328.1975402832031}, {"class": "aeroplane", "prob": 0.5387016534805298, "left": 220.59361267089844, "top": 204.42633056640625, "right": 229.26222229003906, "bottom": 230.22772216796875}], "time": 0.8606669902801514}
