{"im": 676, "res": [{"class": "sheep", "prob": 0.6218475103378296, "left": 91.52250671386719, "top": 164.4579315185547, "right": 350.35101318359375, "bottom": 500.0}], "time": 0.8471927642822266}
