{"im": 4279, "res": [{"class": "chair", "prob": 0.6866632103919983, "left": 103.4715576171875, "top": 46.666481018066406, "right": 453.5006103515625, "bottom": 272.3511657714844}], "time": 21.629348039627075}
