{"im": 2917, "res": [{"class": "tvmonitor", "prob": 0.9965631365776062, "left": 118.07118225097656, "top": 38.91413879394531, "right": 483.6885986328125, "bottom": 363.0}], "time": 21.604743003845215}
