{"im": 3586, "res": [{"class": "boat", "prob": 0.9957143068313599, "left": 5.678680419921875, "top": 56.6883544921875, "right": 322.11273193359375, "bottom": 488.47052001953125}], "time": 21.56485414505005}
