{"im": 1061, "res": [{"class": "aeroplane", "prob": 0.8553134202957153, "left": 110.11841583251953, "top": 17.24462890625, "right": 289.14312744140625, "bottom": 375.0}, {"class": "aeroplane", "prob": 0.6614814400672913, "left": 193.51287841796875, "top": 25.708084106445312, "right": 474.2159423828125, "bottom": 375.0}, {"class": "bicycle", "prob": 0.6326292753219604, "left": 100.01115417480469, "top": 240.64039611816406, "right": 190.6907501220703, "bottom": 375.0}], "time": 1.018496036529541}
