{"im": 2038, "res": [{"class": "car", "prob": 0.9985081553459167, "left": 12.673629760742188, "top": 19.691482543945312, "right": 322.06317138671875, "bottom": 218.4861297607422}, {"class": "bird", "prob": 0.9966192841529846, "left": 421.9355163574219, "top": 187.52879333496094, "right": 499.5602111816406, "bottom": 261.4890441894531}], "time": 21.632479190826416}
