{"im": 315, "res": [{"class": "aeroplane", "prob": 0.7551897168159485, "left": 187.11358642578125, "top": 87.4142074584961, "right": 394.98284912109375, "bottom": 325.2653503417969}], "time": 0.8375847339630127}
