{"im": 2890, "res": [{"class": "person", "prob": 0.9944963455200195, "left": 182.36767578125, "top": 179.7894287109375, "right": 271.4217224121094, "bottom": 275.8246154785156}], "time": 21.415090799331665}
