{"im": 2097, "res": [{"class": "aeroplane", "prob": 0.6727650165557861, "left": 292.1955261230469, "top": 57.80897903442383, "right": 390.5881652832031, "bottom": 151.08621215820312}, {"class": "aeroplane", "prob": 0.8261555433273315, "left": 322.4657897949219, "top": 73.2518310546875, "right": 363.3931579589844, "bottom": 136.06491088867188}, {"class": "aeroplane", "prob": 0.6974952220916748, "left": 40.374168395996094, "top": 46.30038070678711, "right": 159.56973266601562, "bottom": 104.4600830078125}], "time": 0.8416221141815186}
