{"im": 443, "res": [{"class": "aeroplane", "prob": 0.9769807457923889, "left": 123.49774169921875, "top": 181.70376586914062, "right": 216.71282958984375, "bottom": 350.4222717285156}], "time": 21.509214162826538}
