{"im": 1816, "res": [{"class": "person", "prob": 0.9904838800430298, "left": 252.65261840820312, "top": 27.992584228515625, "right": 365.6915588378906, "bottom": 333.0}], "time": 21.685703992843628}
