{"im": 5090, "res": [{"class": "sheep", "prob": 0.587512731552124, "left": 0.0, "top": 0.358367919921875, "right": 469.1213684082031, "bottom": 353.0}], "time": 21.494936227798462}
