{"im": 2862, "res": [{"class": "sofa", "prob": 0.9985730648040771, "left": 102.08792114257812, "top": 81.10023498535156, "right": 441.2824401855469, "bottom": 310.11798095703125}, {"class": "sofa", "prob": 0.8626351356506348, "left": 437.6317138671875, "top": 98.46495056152344, "right": 493.19403076171875, "bottom": 216.27149963378906}], "time": 21.49741220474243}
