{"im": 858, "res": [{"class": "bird", "prob": 0.8042492270469666, "left": 282.90826416015625, "top": 82.09001922607422, "right": 400.0, "bottom": 172.25778198242188}, {"class": "aeroplane", "prob": 0.8592529892921448, "left": 193.64263916015625, "top": 64.44435119628906, "right": 288.18603515625, "bottom": 242.7106170654297}, {"class": "bird", "prob": 0.7914061546325684, "left": 317.78057861328125, "top": 96.48092651367188, "right": 371.3052978515625, "bottom": 157.5207061767578}, {"class": "boat", "prob": 0.5813513994216919, "left": 104.22014617919922, "top": 143.22657775878906, "right": 314.01861572265625, "bottom": 268.3155517578125}], "time": 0.911095142364502}
