{"im": 2742, "res": [{"class": "aeroplane", "prob": 0.999348521232605, "left": 166.55422973632812, "top": 150.27398681640625, "right": 261.08392333984375, "bottom": 334.0}], "time": 22.722735166549683}
