{"im": 3894, "res": [{"class": "aeroplane", "prob": 0.98174649477005, "left": 103.8263168334961, "top": 200.7661590576172, "right": 253.47372436523438, "bottom": 500.0}, {"class": "aeroplane", "prob": 0.5570837259292603, "left": 239.83642578125, "top": 277.0531311035156, "right": 255.70199584960938, "bottom": 318.1930847167969}], "time": 0.8465769290924072}
