{"im": 4702, "res": [{"class": "cat", "prob": 0.9791152477264404, "left": 64.57518005371094, "top": 249.0015106201172, "right": 298.30035400390625, "bottom": 329.3282775878906}], "time": 21.404773950576782}
