{"im": 2795, "res": [{"class": "aeroplane", "prob": 0.6305749416351318, "left": 278.38775634765625, "top": 223.91146850585938, "right": 375.0, "bottom": 490.0849914550781}], "time": 0.8285441398620605}
