{"im": 2387, "res": [{"class": "bicycle", "prob": 0.8817688822746277, "left": 31.885665893554688, "top": 71.16098022460938, "right": 467.8902587890625, "bottom": 321.5516662597656}], "time": 0.8355989456176758}
