{"im": 5794, "res": [{"class": "person", "prob": 0.9873590469360352, "left": 199.20582580566406, "top": 36.79364013671875, "right": 465.2259521484375, "bottom": 171.12997436523438}], "time": 21.358661890029907}
