{"im": 5093, "res": [{"class": "aeroplane", "prob": 0.9878125190734863, "left": 235.75796508789062, "top": 42.766815185546875, "right": 350.9831237792969, "bottom": 358.87213134765625}, {"class": "boat", "prob": 0.7288221716880798, "left": 66.79220581054688, "top": 121.08350372314453, "right": 429.3616943359375, "bottom": 342.38720703125}], "time": 0.874312162399292}
