{"im": 4516, "res": [{"class": "aeroplane", "prob": 0.6744474172592163, "left": 265.20721435546875, "top": 259.6329650878906, "right": 401.7569580078125, "bottom": 370.7312316894531}], "time": 21.358267068862915}
