{"im": 3875, "res": [{"class": "bird", "prob": 0.9133433699607849, "left": 205.9081573486328, "top": 170.381591796875, "right": 500.0, "bottom": 375.458740234375}, {"class": "bird", "prob": 0.9916411638259888, "left": 0.0, "top": 271.5692443847656, "right": 260.0851745605469, "bottom": 371.6591491699219}], "time": 21.59227180480957}
