{"im": 3462, "res": [{"class": "boat", "prob": 0.9570372700691223, "left": 63.54872131347656, "top": 48.70414733886719, "right": 399.028076171875, "bottom": 498.1175537109375}], "time": 21.513449907302856}
