{"im": 1645, "res": [{"class": "sofa", "prob": 0.9978356957435608, "left": 21.166336059570312, "top": 158.73529052734375, "right": 410.64532470703125, "bottom": 436.76275634765625}, {"class": "aeroplane", "prob": 0.9960867166519165, "left": 193.55946350097656, "top": 130.56092834472656, "right": 296.1535949707031, "bottom": 285.32989501953125}], "time": 21.677658319473267}
