{"im": 3733, "res": [{"class": "bus", "prob": 0.9047549962997437, "left": 101.21421813964844, "top": 64.17759704589844, "right": 398.782470703125, "bottom": 290.79461669921875}], "time": 0.831718921661377}
