{"im": 2391, "res": [{"class": "bus", "prob": 0.9981021285057068, "left": 106.80120849609375, "top": 90.16178894042969, "right": 406.19354248046875, "bottom": 235.30003356933594}], "time": 0.8264648914337158}
