{"im": 3840, "res": [{"class": "person", "prob": 0.8551446795463562, "left": 182.77523803710938, "top": 61.128440856933594, "right": 399.3550109863281, "bottom": 242.51885986328125}], "time": 0.902381181716919}
