{"im": 1553, "res": [{"class": "aeroplane", "prob": 0.9989124536514282, "left": 203.38311767578125, "top": 52.72151184082031, "right": 500.0, "bottom": 375.0}], "time": 21.76655912399292}
