{"im": 2310, "res": [{"class": "pottedplant", "prob": 0.6842110753059387, "left": 101.72837829589844, "top": 30.650711059570312, "right": 500.0, "bottom": 500.0}], "time": 21.452779054641724}
