{"im": 2095, "res": [{"class": "bottle", "prob": 0.6481268405914307, "left": 104.06787109375, "top": 233.22714233398438, "right": 476.9669189453125, "bottom": 341.6530456542969}], "time": 0.8703129291534424}
