{"im": 5258, "res": [{"class": "pottedplant", "prob": 0.969739556312561, "left": 166.6313934326172, "top": 66.39414978027344, "right": 437.05255126953125, "bottom": 346.1112060546875}], "time": 21.481024980545044}
