{"im": 1158, "res": [{"class": "sofa", "prob": 0.956107497215271, "left": 150.92337036132812, "top": 153.60775756835938, "right": 311.3846130371094, "bottom": 352.98895263671875}, {"class": "aeroplane", "prob": 0.5524733066558838, "left": 188.79408264160156, "top": 77.28076171875, "right": 277.28936767578125, "bottom": 275.541748046875}], "time": 0.8449130058288574}
