{"im": 2919, "res": [{"class": "car", "prob": 0.9998955726623535, "left": 1.715789794921875, "top": 122.5760269165039, "right": 453.9806213378906, "bottom": 308.9611511230469}], "time": 21.600455045700073}
