{"im": 4436, "res": [{"class": "pottedplant", "prob": 0.9873068332672119, "left": 27.010482788085938, "top": 0.0, "right": 467.92242431640625, "bottom": 275.355712890625}], "time": 21.412637948989868}
