{"im": 634, "res": [{"class": "aeroplane", "prob": 0.9998846054077148, "left": 74.18853759765625, "top": 155.11390686035156, "right": 284.2128601074219, "bottom": 333.0}], "time": 21.75394105911255}
