{"im": 2996, "res": [{"class": "bird", "prob": 0.7309873700141907, "left": 29.063812255859375, "top": 69.6811752319336, "right": 474.5621032714844, "bottom": 309.0950622558594}], "time": 22.513821840286255}
