{"im": 497, "res": [{"class": "bird", "prob": 0.9107092022895813, "left": 189.8199920654297, "top": 319.3714904785156, "right": 229.9880828857422, "bottom": 335.3932189941406}, {"class": "cat", "prob": 0.5340620875358582, "left": 244.4842071533203, "top": 312.4875793457031, "right": 286.7437744140625, "bottom": 327.5661315917969}], "time": 21.68417000770569}
