{"im": 1590, "res": [{"class": "aeroplane", "prob": 0.9977825284004211, "left": 0.0, "top": 163.75341796875, "right": 111.03523254394531, "bottom": 352.865966796875}], "time": 21.7609281539917}
