{"im": 4715, "res": [{"class": "bicycle", "prob": 0.9975971579551697, "left": 34.81709289550781, "top": 60.63990783691406, "right": 500.0, "bottom": 360.08721923828125}], "time": 21.43471908569336}
