{"im": 3306, "res": [{"class": "bus", "prob": 0.9331218600273132, "left": 335.6742858886719, "top": 204.0707244873047, "right": 448.4598083496094, "bottom": 267.1962890625}, {"class": "bus", "prob": 0.9134155511856079, "left": 363.28790283203125, "top": 213.73678588867188, "right": 417.48260498046875, "bottom": 254.208740234375}, {"class": "bus", "prob": 0.7185598015785217, "left": 65.19926452636719, "top": 176.54580688476562, "right": 358.6724853515625, "bottom": 273.9873046875}], "time": 0.8394169807434082}
