{"im": 62, "res": [{"class": "cat", "prob": 0.7049064040184021, "left": 26.251970291137695, "top": 248.26034545898438, "right": 69.6721420288086, "bottom": 300.0554504394531}, {"class": "cat", "prob": 0.5858721733093262, "left": 0.6813583374023438, "top": 233.4836883544922, "right": 98.23064422607422, "bottom": 308.6077880859375}], "time": 0.8459007740020752}
