{"im": 5619, "res": [{"class": "sheep", "prob": 0.9458746910095215, "left": 140.33853149414062, "top": 71.67577362060547, "right": 374.5664978027344, "bottom": 316.5950622558594}], "time": 21.137096881866455}
