{"im": 1673, "res": [{"class": "tvmonitor", "prob": 0.9009324908256531, "left": 122.01293182373047, "top": 106.34402465820312, "right": 309.8746032714844, "bottom": 334.63433837890625}], "time": 1.0467309951782227}
