{"im": 280, "res": [{"class": "pottedplant", "prob": 0.7694779634475708, "left": 15.501869201660156, "top": 201.49618530273438, "right": 248.29794311523438, "bottom": 445.4825744628906}], "time": 21.527615070343018}
