{"im": 3063, "res": [{"class": "bus", "prob": 0.9991906881332397, "left": 51.48573303222656, "top": 154.5246124267578, "right": 338.404052734375, "bottom": 279.0770263671875}, {"class": "aeroplane", "prob": 0.9923297762870789, "left": 325.9172058105469, "top": 213.61842346191406, "right": 348.8675231933594, "bottom": 272.0990295410156}], "time": 21.68264389038086}
