{"im": 1560, "res": [{"class": "sheep", "prob": 0.9984254837036133, "left": 93.69790649414062, "top": 281.4310607910156, "right": 208.77175903320312, "bottom": 375.0}, {"class": "sheep", "prob": 0.9898495078086853, "left": 3.448150634765625, "top": 188.77499389648438, "right": 144.9476776123047, "bottom": 375.0}, {"class": "sheep", "prob": 0.9929301738739014, "left": 136.3033905029297, "top": 34.13323974609375, "right": 313.68011474609375, "bottom": 216.00927734375}, {"class": "aeroplane", "prob": 0.953571617603302, "left": 2.2299251556396484, "top": 71.56830596923828, "right": 61.099761962890625, "bottom": 238.9251708984375}], "time": 21.776386976242065}
