{"im": 607, "res": [{"class": "aeroplane", "prob": 0.9981056451797485, "left": 118.834228515625, "top": 157.7171173095703, "right": 430.6134033203125, "bottom": 488.03692626953125}, {"class": "aeroplane", "prob": 0.9971664547920227, "left": 15.996917724609375, "top": 33.51409912109375, "right": 181.3022918701172, "bottom": 448.75579833984375}], "time": 21.653688192367554}
