{"im": 3073, "res": [{"class": "bus", "prob": 0.9998226761817932, "left": 60.04899597167969, "top": 56.767845153808594, "right": 445.35693359375, "bottom": 290.6531066894531}], "time": 22.79529595375061}
