{"im": 3596, "res": [{"class": "sheep", "prob": 0.9931567311286926, "left": 120.5233154296875, "top": 66.23806762695312, "right": 437.37567138671875, "bottom": 366.0345458984375}], "time": 21.578237295150757}
