{"im": 2282, "res": [{"class": "bird", "prob": 0.8723911643028259, "left": 46.664981842041016, "top": 236.7126007080078, "right": 103.75447082519531, "bottom": 265.8467712402344}, {"class": "bird", "prob": 0.8069058656692505, "left": 4.295886993408203, "top": 233.7423553466797, "right": 56.438560485839844, "bottom": 266.13275146484375}, {"class": "bird", "prob": 0.7633163332939148, "left": 51.538055419921875, "top": 234.8841094970703, "right": 147.09629821777344, "bottom": 265.62860107421875}, {"class": "bird", "prob": 0.5766053795814514, "left": 160.1529998779297, "top": 243.36048889160156, "right": 220.2794952392578, "bottom": 271.28955078125}], "time": 21.453937768936157}
