{"im": 4756, "res": [{"class": "bird", "prob": 0.962461531162262, "left": 191.99398803710938, "top": 18.531917572021484, "right": 321.5610046386719, "bottom": 48.88444900512695}, {"class": "bird", "prob": 0.7396733164787292, "left": 53.82913589477539, "top": 18.46540069580078, "right": 71.19676971435547, "bottom": 32.217262268066406}, {"class": "bird", "prob": 0.6397765278816223, "left": 100.6785659790039, "top": 16.044464111328125, "right": 114.71353912353516, "bottom": 30.316146850585938}, {"class": "bird", "prob": 0.6120810508728027, "left": 114.58026123046875, "top": 13.356422424316406, "right": 134.53558349609375, "bottom": 27.834007263183594}], "time": 0.851870059967041}
