{"im": 3847, "res": [{"class": "person", "prob": 0.7508478164672852, "left": 106.11628723144531, "top": 104.41307830810547, "right": 334.85791015625, "bottom": 246.3236083984375}], "time": 0.861238956451416}
