{"im": 5553, "res": [{"class": "aeroplane", "prob": 0.9909867644309998, "left": 0.0, "top": 3.0264434814453125, "right": 254.26327514648438, "bottom": 375.0}, {"class": "tvmonitor", "prob": 0.5688347816467285, "left": 194.8211212158203, "top": 70.29975128173828, "right": 463.84747314453125, "bottom": 297.1963195800781}], "time": 22.633960008621216}
