{"im": 5075, "res": [{"class": "person", "prob": 0.9995012283325195, "left": 262.2940673828125, "top": 72.67788696289062, "right": 310.16400146484375, "bottom": 140.8829345703125}, {"class": "tvmonitor", "prob": 0.9807934761047363, "left": 68.94448852539062, "top": 83.35305786132812, "right": 485.6588439941406, "bottom": 356.0}], "time": 21.39871311187744}
