{"im": 4275, "res": [{"class": "aeroplane", "prob": 0.8590808510780334, "left": 14.898696899414062, "top": 70.5985107421875, "right": 441.5494384765625, "bottom": 361.7602233886719}], "time": 21.718204021453857}
