{"im": 3520, "res": [{"class": "boat", "prob": 0.8979777097702026, "left": 237.49266052246094, "top": 188.05174255371094, "right": 475.64984130859375, "bottom": 334.68218994140625}, {"class": "bird", "prob": 0.8628751039505005, "left": 422.403564453125, "top": 168.78573608398438, "right": 473.512939453125, "bottom": 224.8017578125}, {"class": "bird", "prob": 0.8341336846351624, "left": 391.82659912109375, "top": 160.1710968017578, "right": 500.0, "bottom": 231.67994689941406}], "time": 0.8772659301757812}
