{"im": 4694, "res": [{"class": "pottedplant", "prob": 0.8480105996131897, "left": 148.8150177001953, "top": 68.32743835449219, "right": 344.53106689453125, "bottom": 242.5584259033203}], "time": 21.412189960479736}
