{"im": 3688, "res": [{"class": "sheep", "prob": 0.7721359133720398, "left": 15.900390625, "top": 63.70832824707031, "right": 354.02716064453125, "bottom": 489.79278564453125}], "time": 22.557414770126343}
