{"im": 2132, "res": [{"class": "person", "prob": 0.9644278883934021, "left": 80.62553405761719, "top": 78.8078842163086, "right": 312.70245361328125, "bottom": 325.78076171875}], "time": 21.63132619857788}
