{"im": 5454, "res": [{"class": "pottedplant", "prob": 0.9089187383651733, "left": 24.380844116210938, "top": 7.407867431640625, "right": 304.74700927734375, "bottom": 488.8725891113281}], "time": 21.809783220291138}
