{"im": 448, "res": [{"class": "aeroplane", "prob": 0.6517067551612854, "left": 301.454345703125, "top": 201.0740509033203, "right": 343.68084716796875, "bottom": 226.3889923095703}, {"class": "aeroplane", "prob": 0.6158705949783325, "left": 217.8677978515625, "top": 191.4123077392578, "right": 253.55499267578125, "bottom": 214.2830047607422}], "time": 0.8832080364227295}
