{"im": 2977, "res": [{"class": "person", "prob": 0.9575928449630737, "left": 99.38032531738281, "top": 58.26251983642578, "right": 383.36859130859375, "bottom": 298.3064270019531}], "time": 21.54611301422119}
