{"im": 4748, "res": [{"class": "pottedplant", "prob": 0.6844306588172913, "left": 84.83821105957031, "top": 7.848236083984375, "right": 461.6107177734375, "bottom": 325.231689453125}], "time": 21.39293384552002}
