{"im": 3276, "res": [{"class": "aeroplane", "prob": 0.6054984927177429, "left": 27.561370849609375, "top": 87.27264404296875, "right": 278.78143310546875, "bottom": 413.50335693359375}], "time": 0.9217212200164795}
