{"im": 4557, "res": [{"class": "bottle", "prob": 0.9956372380256653, "left": 219.96075439453125, "top": 122.76786041259766, "right": 378.764892578125, "bottom": 269.7994079589844}], "time": 21.407332181930542}
