{"im": 22, "res": [{"class": "bus", "prob": 0.9998197555541992, "left": 0.0, "top": 68.03367614746094, "right": 500.0, "bottom": 254.93003845214844}, {"class": "bus", "prob": 0.640863835811615, "left": 1.3169126510620117, "top": 116.82342529296875, "right": 18.697723388671875, "bottom": 191.3446044921875}, {"class": "aeroplane", "prob": 0.6179611682891846, "left": 195.49871826171875, "top": 120.33150482177734, "right": 217.67410278320312, "bottom": 144.68075561523438}], "time": 21.4583158493042}
