{"im": 947, "res": [{"class": "person", "prob": 0.9410693645477295, "left": 290.389404296875, "top": 139.43527221679688, "right": 387.27142333984375, "bottom": 223.71832275390625}], "time": 21.14151406288147}
