{"im": 2905, "res": [{"class": "pottedplant", "prob": 0.7802348732948303, "left": 113.73820495605469, "top": 180.58575439453125, "right": 326.1451416015625, "bottom": 424.09796142578125}], "time": 21.61651921272278}
