{"im": 3851, "res": [{"class": "pottedplant", "prob": 0.8020625114440918, "left": 65.53343200683594, "top": 54.87921142578125, "right": 312.96875, "bottom": 307.49786376953125}], "time": 21.586124897003174}
