{"im": 1450, "res": [{"class": "bottle", "prob": 0.9987844228744507, "left": 72.22441864013672, "top": 138.4908447265625, "right": 324.175537109375, "bottom": 193.10565185546875}, {"class": "aeroplane", "prob": 0.5266479253768921, "left": 251.51834106445312, "top": 147.37228393554688, "right": 256.3957824707031, "bottom": 151.74658203125}], "time": 21.670098066329956}
