{"im": 2537, "res": [{"class": "aeroplane", "prob": 0.7549715042114258, "left": 130.12350463867188, "top": 76.11078643798828, "right": 316.2486877441406, "bottom": 289.42218017578125}], "time": 0.8375668525695801}
