{"im": 1543, "res": [{"class": "cat", "prob": 0.5090562701225281, "left": 8.082351684570312, "top": 33.46112060546875, "right": 488.439208984375, "bottom": 355.0109558105469}], "time": 1.0060980319976807}
