{"im": 1821, "res": [{"class": "chair", "prob": 0.6045271754264832, "left": 357.4165344238281, "top": 176.94859313964844, "right": 371.8077087402344, "bottom": 182.3765106201172}], "time": 21.627933025360107}
