{"im": 3074, "res": [{"class": "aeroplane", "prob": 0.5737988352775574, "left": 297.1592712402344, "top": 150.51950073242188, "right": 330.1545104980469, "bottom": 285.24053955078125}, {"class": "aeroplane", "prob": 0.638431191444397, "left": 272.74981689453125, "top": 134.2362060546875, "right": 352.08294677734375, "bottom": 305.5292053222656}], "time": 0.8620998859405518}
