{"im": 824, "res": [{"class": "chair", "prob": 0.6391906142234802, "left": 239.27622985839844, "top": 104.98487854003906, "right": 269.7246398925781, "bottom": 212.3155059814453}, {"class": "chair", "prob": 0.6438371539115906, "left": 216.12110900878906, "top": 85.25994110107422, "right": 276.0723571777344, "bottom": 240.32821655273438}, {"class": "chair", "prob": 0.5613223314285278, "left": 225.80484008789062, "top": 101.72205352783203, "right": 260.8916015625, "bottom": 210.5947265625}], "time": 0.860867977142334}
