{"im": 3161, "res": [{"class": "car", "prob": 0.9990885853767395, "left": 25.44683837890625, "top": 78.4971923828125, "right": 468.16851806640625, "bottom": 251.16055297851562}], "time": 22.07131600379944}
