{"im": 291, "res": [{"class": "boat", "prob": 0.9097614884376526, "left": 137.84793090820312, "top": 288.718505859375, "right": 178.73733520507812, "bottom": 329.88885498046875}, {"class": "boat", "prob": 0.860950231552124, "left": 115.165771484375, "top": 276.6593933105469, "right": 202.00491333007812, "bottom": 345.2778625488281}], "time": 1.0121231079101562}
