{"im": 608, "res": [{"class": "person", "prob": 0.93910813331604, "left": 364.0390930175781, "top": 130.6983642578125, "right": 493.1643371582031, "bottom": 320.60980224609375}, {"class": "person", "prob": 0.8645287752151489, "left": 9.968154907226562, "top": 126.68093872070312, "right": 205.506103515625, "bottom": 294.1724853515625}], "time": 0.8501851558685303}
