{"im": 1198, "res": [{"class": "bus", "prob": 0.8941900134086609, "left": 0.0, "top": 26.438247680664062, "right": 453.2454833984375, "bottom": 308.56768798828125}], "time": 1.0836689472198486}
