{"im": 2208, "res": [{"class": "aeroplane", "prob": 0.7877029776573181, "left": 19.820926666259766, "top": 301.9034729003906, "right": 97.78762817382812, "bottom": 426.8135681152344}, {"class": "aeroplane", "prob": 0.7006803750991821, "left": 46.540130615234375, "top": 314.1062927246094, "right": 84.01075744628906, "bottom": 403.1978454589844}, {"class": "aeroplane", "prob": 0.6514018177986145, "left": 277.5388488769531, "top": 201.41690063476562, "right": 468.5406188964844, "bottom": 432.8587341308594}], "time": 0.8905410766601562}
