{"im": 3616, "res": [{"class": "sheep", "prob": 0.9957784414291382, "left": 216.5829315185547, "top": 49.54643249511719, "right": 489.33551025390625, "bottom": 323.41278076171875}, {"class": "sheep", "prob": 0.9716066718101501, "left": 11.806015014648438, "top": 5.55804443359375, "right": 328.648193359375, "bottom": 332.2301025390625}], "time": 21.537720203399658}
