{"im": 3508, "res": [{"class": "aeroplane", "prob": 0.9996217489242554, "left": 41.647918701171875, "top": 50.72361755371094, "right": 374.4630126953125, "bottom": 444.4014892578125}], "time": 22.63371992111206}
