{"im": 5230, "res": [{"class": "sofa", "prob": 0.9775840640068054, "left": 58.97760009765625, "top": 37.06463623046875, "right": 498.99560546875, "bottom": 313.0442810058594}], "time": 21.475849866867065}
