{"im": 1474, "res": [{"class": "aeroplane", "prob": 0.9984556436538696, "left": 156.4004364013672, "top": 34.55195617675781, "right": 375.0, "bottom": 468.24407958984375}], "time": 21.761301040649414}
