{"im": 132, "res": [{"class": "person", "prob": 0.5525274276733398, "left": 230.13858032226562, "top": 114.6086654663086, "right": 484.9555969238281, "bottom": 261.5911865234375}], "time": 0.9772799015045166}
