{"im": 2493, "res": [{"class": "aeroplane", "prob": 0.9837089776992798, "left": 101.42792510986328, "top": 42.529197692871094, "right": 208.50149536132812, "bottom": 181.88803100585938}], "time": 21.41891312599182}
