{"im": 2514, "res": [{"class": "bird", "prob": 0.9996325969696045, "left": 82.28567504882812, "top": 44.721092224121094, "right": 424.0522155761719, "bottom": 235.09326171875}, {"class": "bird", "prob": 0.9989217519760132, "left": 50.51548767089844, "top": 8.745223999023438, "right": 222.8157501220703, "bottom": 64.31097412109375}, {"class": "bird", "prob": 0.9871755242347717, "left": 226.9879150390625, "top": 1.5254430770874023, "right": 311.88555908203125, "bottom": 28.176189422607422}], "time": 21.4066801071167}
