{"im": 5069, "res": [{"class": "pottedplant", "prob": 0.9031810164451599, "left": 120.44366455078125, "top": 11.827728271484375, "right": 380.68524169921875, "bottom": 333.0}], "time": 0.9034261703491211}
