{"im": 3082, "res": [{"class": "car", "prob": 0.980978786945343, "left": 10.988311767578125, "top": 157.26779174804688, "right": 313.10137939453125, "bottom": 215.48861694335938}], "time": 22.806999683380127}
