{"im": 281, "res": [{"class": "aeroplane", "prob": 0.9011966586112976, "left": 317.4658203125, "top": 104.33859252929688, "right": 494.77105712890625, "bottom": 375.0}, {"class": "aeroplane", "prob": 0.8247864246368408, "left": 27.834991455078125, "top": 68.85479736328125, "right": 297.19879150390625, "bottom": 365.98388671875}], "time": 0.9552493095397949}
