{"im": 4411, "res": [{"class": "aeroplane", "prob": 0.735897958278656, "left": 232.44317626953125, "top": 40.78504943847656, "right": 472.41070556640625, "bottom": 315.88580322265625}], "time": 0.8183050155639648}
