{"im": 4071, "res": [{"class": "bird", "prob": 0.8069841861724854, "left": 69.36736297607422, "top": 251.6346893310547, "right": 85.75223541259766, "bottom": 266.626953125}], "time": 0.9228448867797852}
