{"im": 1736, "res": [{"class": "sheep", "prob": 0.5764559507369995, "left": 29.248733520507812, "top": 39.93904113769531, "right": 433.80072021484375, "bottom": 451.0}], "time": 21.768287897109985}
