{"im": 4644, "res": [{"class": "pottedplant", "prob": 0.9934426546096802, "left": 301.6080322265625, "top": 64.81375122070312, "right": 498.19622802734375, "bottom": 351.68597412109375}], "time": 21.417134046554565}
