{"im": 4555, "res": [{"class": "pottedplant", "prob": 0.9734477996826172, "left": 0.0, "top": 55.15008544921875, "right": 378.3697509765625, "bottom": 326.406494140625}], "time": 21.375999927520752}
