{"im": 3875, "res": [{"class": "bird", "prob": 0.7325828671455383, "left": 201.76519775390625, "top": 196.73965454101562, "right": 500.0, "bottom": 376.0}], "time": 0.8924679756164551}
