{"im": 388, "res": [{"class": "person", "prob": 0.9771984815597534, "left": 55.543643951416016, "top": 296.24664306640625, "right": 140.36485290527344, "bottom": 358.074462890625}, {"class": "person", "prob": 0.9314778447151184, "left": 129.95602416992188, "top": 132.34426879882812, "right": 304.9439697265625, "bottom": 356.9755859375}, {"class": "person", "prob": 0.7243646383285522, "left": 0.8568706512451172, "top": 312.7835388183594, "right": 59.50743103027344, "bottom": 361.1731872558594}], "time": 21.349620819091797}
