{"im": 2015, "res": [{"class": "bicycle", "prob": 0.8373737335205078, "left": 46.97926330566406, "top": 41.23188781738281, "right": 469.49871826171875, "bottom": 331.79119873046875}], "time": 0.8311688899993896}
