{"im": 3458, "res": [{"class": "boat", "prob": 0.9393358826637268, "left": 23.569580078125, "top": 15.630081176757812, "right": 469.22906494140625, "bottom": 361.1912841796875}], "time": 21.500845193862915}
