{"im": 3431, "res": [{"class": "bus", "prob": 0.906287670135498, "left": 56.9228515625, "top": 75.17619323730469, "right": 420.76739501953125, "bottom": 279.51446533203125}, {"class": "aeroplane", "prob": 0.5355239510536194, "left": 323.3948059082031, "top": 145.66416931152344, "right": 356.4552307128906, "bottom": 173.6454620361328}], "time": 1.1198971271514893}
