{"im": 4936, "res": [{"class": "person", "prob": 0.999535083770752, "left": 225.05661010742188, "top": 14.322525024414062, "right": 440.1307678222656, "bottom": 258.6192626953125}, {"class": "person", "prob": 0.933983325958252, "left": 42.39008331298828, "top": 35.058982849121094, "right": 254.218017578125, "bottom": 234.16827392578125}], "time": 21.599766969680786}
