{"im": 2967, "res": [{"class": "bottle", "prob": 0.9953872561454773, "left": 23.513580322265625, "top": 106.29278564453125, "right": 471.6214294433594, "bottom": 226.89706420898438}], "time": 21.560245037078857}
