{"im": 3500, "res": [{"class": "bottle", "prob": 0.5528454780578613, "left": 270.8886413574219, "top": 184.76226806640625, "right": 346.7032775878906, "bottom": 245.31265258789062}], "time": 21.466925144195557}
