{"im": 3002, "res": [{"class": "tvmonitor", "prob": 0.9969174861907959, "left": 0.0, "top": 57.14253234863281, "right": 282.27880859375, "bottom": 333.0}, {"class": "tvmonitor", "prob": 0.6093863844871521, "left": 220.3572235107422, "top": 45.331512451171875, "right": 499.066162109375, "bottom": 333.0}], "time": 22.710397958755493}
