{"im": 4388, "res": [{"class": "tvmonitor", "prob": 0.9863284230232239, "left": 13.356094360351562, "top": 132.16355895996094, "right": 281.94439697265625, "bottom": 365.13726806640625}, {"class": "aeroplane", "prob": 0.8643436431884766, "left": 4.5402679443359375, "top": 14.116317749023438, "right": 173.6417236328125, "bottom": 214.65951538085938}, {"class": "tvmonitor", "prob": 0.6369985342025757, "left": 228.10565185546875, "top": 105.16389465332031, "right": 344.65814208984375, "bottom": 349.36029052734375}], "time": 21.40007185935974}
