{"im": 4830, "res": [{"class": "sheep", "prob": 0.9918978810310364, "left": 261.3188171386719, "top": 99.48640441894531, "right": 358.4338073730469, "bottom": 209.55833435058594}, {"class": "aeroplane", "prob": 0.5125133991241455, "left": 266.0724182128906, "top": 5.503639221191406, "right": 329.0555725097656, "bottom": 114.14848327636719}], "time": 23.095868349075317}
