{"im": 2138, "res": [{"class": "sofa", "prob": 0.8873690366744995, "left": 11.893646240234375, "top": 4.759796142578125, "right": 320.1638488769531, "bottom": 500.0}], "time": 24.985645055770874}
