{"im": 2344, "res": [{"class": "aeroplane", "prob": 0.8472298383712769, "left": 148.7762451171875, "top": 46.59844970703125, "right": 370.89691162109375, "bottom": 444.9413146972656}, {"class": "bicycle", "prob": 0.5884600281715393, "left": 18.035675048828125, "top": 187.98736572265625, "right": 455.5643005371094, "bottom": 479.74688720703125}], "time": 0.8376772403717041}
