{"im": 1304, "res": [{"class": "aeroplane", "prob": 0.9952622652053833, "left": 122.70085906982422, "top": 1.2880477905273438, "right": 254.39520263671875, "bottom": 229.40924072265625}, {"class": "aeroplane", "prob": 0.9823817014694214, "left": 74.82861328125, "top": 116.57135009765625, "right": 230.88436889648438, "bottom": 495.637939453125}], "time": 21.362415075302124}
