{"im": 3648, "res": [{"class": "bird", "prob": 0.8645176887512207, "left": 11.577194213867188, "top": 0.0, "right": 492.1580810546875, "bottom": 439.0}], "time": 21.78442072868347}
