{"im": 275, "res": [{"class": "aeroplane", "prob": 0.9986117482185364, "left": 19.474578857421875, "top": 38.07051086425781, "right": 484.7652282714844, "bottom": 326.6341552734375}], "time": 21.552794933319092}
