{"im": 907, "res": [{"class": "aeroplane", "prob": 0.9975847601890564, "left": 58.126609802246094, "top": 76.12138366699219, "right": 235.79763793945312, "bottom": 365.38189697265625}, {"class": "aeroplane", "prob": 0.9832577109336853, "left": 137.26687622070312, "top": 45.100189208984375, "right": 372.20013427734375, "bottom": 375.0}], "time": 21.062330961227417}
