{"im": 4068, "res": [{"class": "aeroplane", "prob": 0.639249861240387, "left": 78.42862701416016, "top": 110.1463851928711, "right": 98.42325592041016, "bottom": 153.69168090820312}, {"class": "aeroplane", "prob": 0.6265938878059387, "left": 114.50506591796875, "top": 118.40399169921875, "right": 128.4532012939453, "bottom": 157.24267578125}, {"class": "aeroplane", "prob": 0.6051673889160156, "left": 97.55479431152344, "top": 115.8194580078125, "right": 116.02082824707031, "bottom": 156.44808959960938}, {"class": "aeroplane", "prob": 0.5403087139129639, "left": 39.57813262939453, "top": 104.12136840820312, "right": 58.823509216308594, "bottom": 142.75909423828125}], "time": 0.9981098175048828}
