{"im": 3439, "res": [{"class": "sheep", "prob": 0.5838325619697571, "left": 224.718505859375, "top": 168.89918518066406, "right": 294.59906005859375, "bottom": 265.16937255859375}], "time": 21.53502106666565}
