{"im": 953, "res": [{"class": "aeroplane", "prob": 0.999767541885376, "left": 197.96142578125, "top": 84.26136779785156, "right": 360.89190673828125, "bottom": 500.0}, {"class": "aeroplane", "prob": 0.998367428779602, "left": 62.07184600830078, "top": 0.0, "right": 273.2674255371094, "bottom": 500.0}], "time": 21.18616008758545}
