{"im": 4840, "res": [{"class": "pottedplant", "prob": 0.9060789942741394, "left": 217.39987182617188, "top": 78.72108459472656, "right": 373.4635925292969, "bottom": 167.56443786621094}, {"class": "pottedplant", "prob": 0.7332989573478699, "left": 255.69998168945312, "top": 90.66690063476562, "right": 337.9101257324219, "bottom": 153.1576385498047}], "time": 0.8771729469299316}
