{"im": 2183, "res": [{"class": "aeroplane", "prob": 0.9307447075843811, "left": 13.290557861328125, "top": 15.940338134765625, "right": 169.46250915527344, "bottom": 333.0}, {"class": "aeroplane", "prob": 0.9203965663909912, "left": 281.7876892089844, "top": 21.480270385742188, "right": 450.6734924316406, "bottom": 321.474365234375}], "time": 1.2042357921600342}
