{"im": 1812, "res": [{"class": "sheep", "prob": 0.9448739290237427, "left": 214.048095703125, "top": 213.0672607421875, "right": 353.91864013671875, "bottom": 330.803955078125}], "time": 21.659602880477905}
