{"im": 1720, "res": [{"class": "car", "prob": 0.9976356029510498, "left": 5.1136932373046875, "top": 83.51547241210938, "right": 297.15765380859375, "bottom": 312.0035705566406}], "time": 21.70008897781372}
