{"im": 2491, "res": [{"class": "car", "prob": 0.9998188018798828, "left": 115.90692138671875, "top": 220.18626403808594, "right": 346.9841613769531, "bottom": 325.33184814453125}], "time": 21.431771993637085}
