{"im": 2253, "res": [{"class": "bus", "prob": 0.9990902543067932, "left": 176.49595642089844, "top": 115.07804107666016, "right": 409.5517578125, "bottom": 223.79153442382812}, {"class": "bird", "prob": 0.991105318069458, "left": 406.23388671875, "top": 155.7451934814453, "right": 473.74798583984375, "bottom": 175.5882110595703}, {"class": "bird", "prob": 0.9875543117523193, "left": 33.2851676940918, "top": 160.69859313964844, "right": 130.092041015625, "bottom": 196.03062438964844}], "time": 21.411349058151245}
