{"im": 1011, "res": [{"class": "aeroplane", "prob": 0.8276879191398621, "left": 288.46728515625, "top": 189.45944213867188, "right": 367.37664794921875, "bottom": 279.84625244140625}, {"class": "aeroplane", "prob": 0.8235390186309814, "left": 243.24884033203125, "top": 202.9042510986328, "right": 270.08642578125, "bottom": 254.6187286376953}, {"class": "aeroplane", "prob": 0.6670345664024353, "left": 316.59356689453125, "top": 196.92889404296875, "right": 351.14886474609375, "bottom": 267.8299255371094}], "time": 0.9012422561645508}
