{"im": 3445, "res": [{"class": "aeroplane", "prob": 0.9776912927627563, "left": 59.70393371582031, "top": 18.029281616210938, "right": 434.86712646484375, "bottom": 369.0430908203125}], "time": 21.470428943634033}
