{"im": 546, "res": [{"class": "aeroplane", "prob": 0.8545495271682739, "left": 355.1585388183594, "top": 24.240829467773438, "right": 481.9190368652344, "bottom": 372.1090087890625}], "time": 0.8669629096984863}
