{"im": 645, "res": [{"class": "aeroplane", "prob": 0.9912545084953308, "left": 93.23800659179688, "top": 35.49674987792969, "right": 355.9393005371094, "bottom": 357.774658203125}, {"class": "aeroplane", "prob": 0.990743100643158, "left": 256.4039306640625, "top": 1.736236572265625, "right": 500.0, "bottom": 375.0}], "time": 22.35714888572693}
