{"im": 3149, "res": [{"class": "cat", "prob": 0.7802008986473083, "left": 13.887802124023438, "top": 91.52349853515625, "right": 490.8150634765625, "bottom": 292.96807861328125}], "time": 1.0321149826049805}
