{"im": 260, "res": [{"class": "chair", "prob": 0.9324269890785217, "left": 142.0330810546875, "top": 29.299209594726562, "right": 340.2565002441406, "bottom": 301.8814697265625}, {"class": "aeroplane", "prob": 0.8456624150276184, "left": 331.6537780761719, "top": 303.5246276855469, "right": 347.1454162597656, "bottom": 325.1730651855469}], "time": 21.47056794166565}
