{"im": 180, "res": [{"class": "aeroplane", "prob": 0.9950294494628906, "left": 201.95700073242188, "top": 59.76795959472656, "right": 500.0, "bottom": 375.0}, {"class": "aeroplane", "prob": 0.9940542578697205, "left": 0.0, "top": 9.1756591796875, "right": 294.4277648925781, "bottom": 374.02587890625}, {"class": "aeroplane", "prob": 0.9598107933998108, "left": 241.15652465820312, "top": 201.67694091796875, "right": 293.3809509277344, "bottom": 316.95782470703125}], "time": 21.516669273376465}
