{"im": 1096, "res": [{"class": "aeroplane", "prob": 0.9853671789169312, "left": 139.99447631835938, "top": 113.52149963378906, "right": 334.9305114746094, "bottom": 492.55780029296875}, {"class": "aeroplane", "prob": 0.8943691849708557, "left": 24.123046875, "top": 130.53164672851562, "right": 185.0430145263672, "bottom": 489.7267150878906}], "time": 21.090410232543945}
