{"im": 3955, "res": [{"class": "bottle", "prob": 0.9688951373100281, "left": 21.401824951171875, "top": 55.76800537109375, "right": 500.0, "bottom": 310.2695617675781}], "time": 21.533233880996704}
