{"im": 4335, "res": [{"class": "tvmonitor", "prob": 0.5996399521827698, "left": 59.64190673828125, "top": 153.16400146484375, "right": 290.65234375, "bottom": 371.2818603515625}, {"class": "aeroplane", "prob": 0.508460283279419, "left": 58.52335739135742, "top": 34.065673828125, "right": 133.974609375, "bottom": 172.86744689941406}], "time": 0.8323829174041748}
