{"im": 4084, "res": [{"class": "aeroplane", "prob": 0.9375813603401184, "left": 188.02220153808594, "top": 51.222320556640625, "right": 314.29644775390625, "bottom": 375.0}], "time": 21.66830015182495}
