{"im": 5729, "res": [{"class": "aeroplane", "prob": 0.8254169821739197, "left": 438.4986572265625, "top": 47.20696258544922, "right": 473.42242431640625, "bottom": 73.11894226074219}], "time": 0.9574320316314697}
