{"im": 4833, "res": [{"class": "person", "prob": 0.9865976572036743, "left": 151.51620483398438, "top": 145.64144897460938, "right": 259.35223388671875, "bottom": 208.04238891601562}], "time": 22.66089129447937}
