{"im": 3941, "res": [{"class": "bird", "prob": 0.6504254341125488, "left": 0.0, "top": 115.38134002685547, "right": 422.2803649902344, "bottom": 323.0000915527344}, {"class": "aeroplane", "prob": 0.6242222189903259, "left": 206.83694458007812, "top": 158.85409545898438, "right": 245.92474365234375, "bottom": 188.01419067382812}], "time": 0.8505527973175049}
