{"im": 5084, "res": [{"class": "pottedplant", "prob": 0.7466808557510376, "left": 0.0, "top": 288.3885803222656, "right": 282.6485900878906, "bottom": 497.2350769042969}], "time": 0.8424692153930664}
