{"im": 2871, "res": [{"class": "bus", "prob": 0.9926993250846863, "left": 98.63812255859375, "top": 57.76545715332031, "right": 391.6078796386719, "bottom": 295.298095703125}], "time": 0.8513431549072266}
