{"im": 3976, "res": [{"class": "aeroplane", "prob": 0.739873468875885, "left": 47.56231689453125, "top": 17.189102172851562, "right": 293.4176330566406, "bottom": 251.7996063232422}], "time": 0.9265978336334229}
