{"im": 1237, "res": [{"class": "aeroplane", "prob": 0.9982271790504456, "left": 2.9936065673828125, "top": 19.329910278320312, "right": 322.45947265625, "bottom": 483.49407958984375}], "time": 25.61281394958496}
