{"im": 5438, "res": [{"class": "tvmonitor", "prob": 0.7007608413696289, "left": 241.3724822998047, "top": 223.7028045654297, "right": 267.87322998046875, "bottom": 250.0258331298828}, {"class": "tvmonitor", "prob": 0.5232858061790466, "left": 218.0090789794922, "top": 188.75228881835938, "right": 232.68760681152344, "bottom": 205.26400756835938}], "time": 0.8516988754272461}
