{"im": 149, "res": [{"class": "sofa", "prob": 0.8880736231803894, "left": 5.4028778076171875, "top": 65.22250366210938, "right": 306.31634521484375, "bottom": 434.0606994628906}], "time": 21.52784299850464}
