{"im": 5050, "res": [{"class": "aeroplane", "prob": 0.9997959733009338, "left": 27.278175354003906, "top": 8.513191223144531, "right": 240.43496704101562, "bottom": 264.2930603027344}, {"class": "aeroplane", "prob": 0.9934960603713989, "left": 315.6318359375, "top": 30.557601928710938, "right": 500.0, "bottom": 287.77215576171875}], "time": 21.686872959136963}
