{"im": 4344, "res": [{"class": "sheep", "prob": 0.654703676700592, "left": 37.457763671875, "top": 15.913375854492188, "right": 300.50445556640625, "bottom": 322.0174560546875}], "time": 21.397066831588745}
