{"im": 3364, "res": [{"class": "bird", "prob": 0.7791547179222107, "left": 16.44580078125, "top": 119.48065185546875, "right": 489.2035827636719, "bottom": 277.57086181640625}, {"class": "bird", "prob": 0.702726423740387, "left": 385.039794921875, "top": 133.72845458984375, "right": 497.50543212890625, "bottom": 183.0631103515625}, {"class": "bird", "prob": 0.6038387417793274, "left": 398.2905578613281, "top": 137.1035614013672, "right": 499.4322204589844, "bottom": 219.7863311767578}], "time": 0.8753211498260498}
