{"im": 3515, "res": [{"class": "boat", "prob": 0.9039502739906311, "left": 124.69233703613281, "top": 114.27027893066406, "right": 366.65826416015625, "bottom": 257.7120361328125}], "time": 0.8759989738464355}
