{"im": 4987, "res": [{"class": "aeroplane", "prob": 0.9012006521224976, "left": 8.413162231445312, "top": 105.00656127929688, "right": 189.85809326171875, "bottom": 372.1240539550781}], "time": 0.8246698379516602}
