{"im": 3815, "res": [{"class": "aeroplane", "prob": 0.990788459777832, "left": 103.25645446777344, "top": 263.88360595703125, "right": 129.81640625, "bottom": 304.9276123046875}, {"class": "boat", "prob": 0.9643822312355042, "left": 97.31836700439453, "top": 276.4127502441406, "right": 152.71701049804688, "bottom": 320.7401428222656}, {"class": "cat", "prob": 0.7941874265670776, "left": 20.801651000976562, "top": 372.0882568359375, "right": 311.50958251953125, "bottom": 429.62322998046875}], "time": 21.614824056625366}
