{"im": 2216, "res": [{"class": "aeroplane", "prob": 0.9995186924934387, "left": 114.28590393066406, "top": 239.8298797607422, "right": 144.22901916503906, "bottom": 343.5697326660156}, {"class": "aeroplane", "prob": 0.992821455001831, "left": 142.97817993164062, "top": 231.81039428710938, "right": 179.66311645507812, "bottom": 340.6611633300781}, {"class": "bicycle", "prob": 0.9605180621147156, "left": 138.6484375, "top": 280.6633605957031, "right": 163.68701171875, "bottom": 345.3669128417969}], "time": 21.45268487930298}
