{"im": 5313, "res": [{"class": "aeroplane", "prob": 0.9984343647956848, "left": 269.33935546875, "top": 104.69850158691406, "right": 387.1263427734375, "bottom": 264.44415283203125}, {"class": "aeroplane", "prob": 0.9907612800598145, "left": 0.0, "top": 121.62750244140625, "right": 146.62266540527344, "bottom": 347.22210693359375}, {"class": "aeroplane", "prob": 0.844948947429657, "left": 278.6583251953125, "top": 150.66888427734375, "right": 365.99163818359375, "bottom": 245.54959106445312}, {"class": "aeroplane", "prob": 0.9112941026687622, "left": 195.46536254882812, "top": 99.43233489990234, "right": 288.1813049316406, "bottom": 287.6988830566406}], "time": 21.55004906654358}
