{"im": 3330, "res": [{"class": "pottedplant", "prob": 0.9926514029502869, "left": 177.59909057617188, "top": 67.047119140625, "right": 426.2444763183594, "bottom": 330.56646728515625}], "time": 21.57904291152954}
