{"im": 3164, "res": [{"class": "car", "prob": 0.9870656728744507, "left": 42.279144287109375, "top": 138.21795654296875, "right": 500.0, "bottom": 296.0682067871094}, {"class": "aeroplane", "prob": 0.9550883173942566, "left": 483.9364318847656, "top": 173.264404296875, "right": 498.7913513183594, "bottom": 239.68264770507812}, {"class": "aeroplane", "prob": 0.9461778402328491, "left": 416.1733093261719, "top": 180.8186492919922, "right": 431.4836730957031, "bottom": 205.16871643066406}], "time": 22.16450810432434}
