{"im": 5726, "res": [{"class": "aeroplane", "prob": 0.7944187521934509, "left": 55.22290802001953, "top": 78.08900451660156, "right": 286.40478515625, "bottom": 375.0}], "time": 0.9023308753967285}
