{"im": 4660, "res": [{"class": "pottedplant", "prob": 0.9873426556587219, "left": 196.855224609375, "top": 174.63821411132812, "right": 460.0377197265625, "bottom": 345.7995910644531}], "time": 21.40830898284912}
