{"im": 135, "res": [{"class": "aeroplane", "prob": 0.9941004514694214, "left": 212.93495178222656, "top": 172.24217224121094, "right": 379.0355224609375, "bottom": 370.4365234375}, {"class": "aeroplane", "prob": 0.9961674213409424, "left": 13.419548034667969, "top": 176.72677612304688, "right": 160.35092163085938, "bottom": 364.0573425292969}, {"class": "aeroplane", "prob": 0.9963756203651428, "left": 95.55292510986328, "top": 171.3775634765625, "right": 248.56393432617188, "bottom": 370.24090576171875}, {"class": "aeroplane", "prob": 0.9692461490631104, "left": 299.1763916015625, "top": 289.10809326171875, "right": 429.61181640625, "bottom": 375.0}], "time": 21.758397102355957}
