{"im": 1742, "res": [{"class": "sheep", "prob": 0.9996588826179504, "left": 161.54803466796875, "top": 73.60415649414062, "right": 238.41778564453125, "bottom": 136.90357971191406}, {"class": "aeroplane", "prob": 0.9951397776603699, "left": 214.95289611816406, "top": 54.49325180053711, "right": 304.2216796875, "bottom": 140.42967224121094}, {"class": "chair", "prob": 0.9832265973091125, "left": 25.736053466796875, "top": 125.6310043334961, "right": 431.1092834472656, "bottom": 167.601318359375}], "time": 21.60383915901184}
