{"im": 896, "res": [{"class": "bird", "prob": 0.8240643739700317, "left": 0.0, "top": 74.65620422363281, "right": 136.55581665039062, "bottom": 226.15403747558594}, {"class": "bird", "prob": 0.6825867295265198, "left": 232.82171630859375, "top": 102.77049255371094, "right": 375.0, "bottom": 299.21807861328125}, {"class": "boat", "prob": 0.5722267031669617, "left": 51.20502471923828, "top": 190.41473388671875, "right": 251.74038696289062, "bottom": 469.5458984375}], "time": 0.8543951511383057}
