{"im": 3587, "res": [{"class": "sheep", "prob": 0.9984984397888184, "left": 71.43463134765625, "top": 14.968597412109375, "right": 390.96478271484375, "bottom": 318.3104248046875}], "time": 21.505359172821045}
