{"im": 5404, "res": [{"class": "car", "prob": 0.9058800935745239, "left": 3.0757293701171875, "top": 55.98036193847656, "right": 200.1634521484375, "bottom": 334.0}, {"class": "aeroplane", "prob": 0.894768238067627, "left": 196.27249145507812, "top": 222.04702758789062, "right": 203.54904174804688, "bottom": 249.52056884765625}], "time": 0.928419828414917}
