{"im": 2435, "res": [{"class": "aeroplane", "prob": 0.9999033212661743, "left": 161.65078735351562, "top": 81.53036499023438, "right": 310.44580078125, "bottom": 273.80938720703125}, {"class": "bicycle", "prob": 0.9983109831809998, "left": 145.93344116210938, "top": 174.62744140625, "right": 373.5573425292969, "bottom": 300.9334716796875}], "time": 21.69406795501709}
