{"im": 4914, "res": [{"class": "pottedplant", "prob": 0.9980177879333496, "left": 30.577926635742188, "top": 18.44171142578125, "right": 327.2315673828125, "bottom": 205.0151824951172}, {"class": "pottedplant", "prob": 0.9899789094924927, "left": 23.763809204101562, "top": 154.24627685546875, "right": 430.21099853515625, "bottom": 370.36505126953125}], "time": 21.418288230895996}
