{"im": 1333, "res": [{"class": "bicycle", "prob": 0.9811505079269409, "left": 110.42312622070312, "top": 59.84431457519531, "right": 455.6595764160156, "bottom": 277.259765625}], "time": 21.670501947402954}
