{"im": 2016, "res": [{"class": "sheep", "prob": 0.998831033706665, "left": 305.76434326171875, "top": 107.166259765625, "right": 403.202392578125, "bottom": 204.15213012695312}, {"class": "aeroplane", "prob": 0.9825752973556519, "left": 96.0157699584961, "top": 25.082626342773438, "right": 248.69296264648438, "bottom": 294.712646484375}], "time": 21.635518789291382}
