{"im": 4886, "res": [{"class": "pottedplant", "prob": 0.8873167037963867, "left": 282.7021789550781, "top": 212.06448364257812, "right": 341.1520690917969, "bottom": 285.20098876953125}, {"class": "aeroplane", "prob": 0.8595824837684631, "left": 106.2877426147461, "top": 40.36603546142578, "right": 250.72064208984375, "bottom": 271.11700439453125}], "time": 21.391086101531982}
