{"im": 5024, "res": [{"class": "tvmonitor", "prob": 0.9387661814689636, "left": 170.37060546875, "top": 37.76774597167969, "right": 396.56427001953125, "bottom": 258.50518798828125}, {"class": "train", "prob": 0.831956148147583, "left": 231.5430145263672, "top": 146.0104522705078, "right": 337.1733093261719, "bottom": 258.8149719238281}], "time": 21.45290184020996}
