{"im": 2488, "res": [{"class": "person", "prob": 0.983364462852478, "left": 135.41290283203125, "top": 61.36680603027344, "right": 299.2510070800781, "bottom": 309.51708984375}], "time": 21.468122005462646}
