{"im": 287, "res": [{"class": "chair", "prob": 0.5548761487007141, "left": 319.9342956542969, "top": 149.4324493408203, "right": 463.3794250488281, "bottom": 214.58338928222656}], "time": 0.979205846786499}
