{"im": 1512, "res": [{"class": "aeroplane", "prob": 0.9736897945404053, "left": 68.05205535888672, "top": 252.28208923339844, "right": 85.34741973876953, "bottom": 302.2336730957031}, {"class": "aeroplane", "prob": 0.9573354125022888, "left": 6.299574851989746, "top": 254.1794891357422, "right": 17.289505004882812, "bottom": 283.6566162109375}, {"class": "chair", "prob": 0.8493508100509644, "left": 382.49554443359375, "top": 248.25843811035156, "right": 399.2938232421875, "bottom": 266.00921630859375}, {"class": "chair", "prob": 0.7591056823730469, "left": 411.5168762207031, "top": 226.10438537597656, "right": 423.9870300292969, "bottom": 263.52764892578125}], "time": 21.894996881484985}
