{"im": 4601, "res": [{"class": "bird", "prob": 0.9530248641967773, "left": 126.11065673828125, "top": 125.51408386230469, "right": 484.090087890625, "bottom": 322.9071044921875}], "time": 21.36224603652954}
