{"im": 3826, "res": [{"class": "person", "prob": 0.9996038675308228, "left": 129.7240447998047, "top": 130.5154571533203, "right": 253.27415466308594, "bottom": 314.12689208984375}], "time": 23.206066131591797}
