{"im": 410, "res": [{"class": "aeroplane", "prob": 0.9996359944343567, "left": 128.87216186523438, "top": 52.87059020996094, "right": 484.1340637207031, "bottom": 375.0}], "time": 21.601136922836304}
