{"im": 5360, "res": [{"class": "aeroplane", "prob": 0.9996999502182007, "left": 22.298316955566406, "top": 62.081817626953125, "right": 194.013427734375, "bottom": 448.45538330078125}, {"class": "sheep", "prob": 0.8820828199386597, "left": 64.18600463867188, "top": 194.96377563476562, "right": 484.2023620605469, "bottom": 456.0581970214844}], "time": 21.518875122070312}
