{"im": 2600, "res": [{"class": "aeroplane", "prob": 0.9085778594017029, "left": 293.0389404296875, "top": 92.32000732421875, "right": 417.20733642578125, "bottom": 285.65130615234375}, {"class": "aeroplane", "prob": 0.6046416759490967, "left": 57.623756408691406, "top": 131.5768280029297, "right": 274.2628173828125, "bottom": 370.50048828125}], "time": 0.8460800647735596}
