{"im": 4269, "res": [{"class": "person", "prob": 0.9754986763000488, "left": 0.0, "top": 0.0, "right": 288.8004150390625, "bottom": 500.0}], "time": 22.161762952804565}
