{"im": 4813, "res": [{"class": "sheep", "prob": 0.9373319149017334, "left": 106.6007080078125, "top": 81.04884338378906, "right": 500.0, "bottom": 346.75872802734375}], "time": 21.407232999801636}
