{"im": 1388, "res": [{"class": "aeroplane", "prob": 0.9010329246520996, "left": 161.8652801513672, "top": 177.2873992919922, "right": 219.1973419189453, "bottom": 360.0}, {"class": "aeroplane", "prob": 0.7753539681434631, "left": 46.759605407714844, "top": 218.91107177734375, "right": 80.78349304199219, "bottom": 335.6319580078125}, {"class": "aeroplane", "prob": 0.7712360620498657, "left": 180.4674835205078, "top": 215.43368530273438, "right": 206.6209259033203, "bottom": 337.7189636230469}, {"class": "aeroplane", "prob": 0.7435210347175598, "left": 22.277141571044922, "top": 198.10916137695312, "right": 98.21232604980469, "bottom": 357.9174499511719}], "time": 0.8543369770050049}
