{"im": 4996, "res": [{"class": "aeroplane", "prob": 0.9998135566711426, "left": 21.404312133789062, "top": 0.1395416259765625, "right": 379.0643310546875, "bottom": 375.0}], "time": 22.494735956192017}
