{"im": 880, "res": [{"class": "aeroplane", "prob": 0.876697838306427, "left": 293.16314697265625, "top": 82.22784423828125, "right": 480.58197021484375, "bottom": 252.85125732421875}], "time": 21.68239998817444}
