{"im": 3283, "res": [{"class": "aeroplane", "prob": 0.9742022752761841, "left": 141.1828155517578, "top": 221.59341430664062, "right": 249.67543029785156, "bottom": 495.2623596191406}], "time": 0.9233579635620117}
