{"im": 4044, "res": [{"class": "sheep", "prob": 0.9799136519432068, "left": 181.58326721191406, "top": 109.5945816040039, "right": 333.2716064453125, "bottom": 269.9178466796875}], "time": 23.064738035202026}
