{"im": 21, "res": [{"class": "sheep", "prob": 0.5994271039962769, "left": 41.590423583984375, "top": 193.349365234375, "right": 267.0814208984375, "bottom": 296.3307189941406}], "time": 22.712105989456177}
