{"im": 4484, "res": [{"class": "car", "prob": 0.9974588751792908, "left": 28.290069580078125, "top": 101.97434997558594, "right": 415.3156433105469, "bottom": 311.16973876953125}], "time": 21.412534952163696}
