{"im": 1325, "res": [{"class": "person", "prob": 0.5386747121810913, "left": 86.75666046142578, "top": 78.52494812011719, "right": 316.6289978027344, "bottom": 368.01361083984375}, {"class": "pottedplant", "prob": 0.6630349159240723, "left": 86.75666046142578, "top": 78.52494812011719, "right": 316.6289978027344, "bottom": 368.01361083984375}], "time": 21.630655765533447}
