{"im": 3844, "res": [{"class": "pottedplant", "prob": 0.7216682434082031, "left": 77.675048828125, "top": 30.818466186523438, "right": 311.35858154296875, "bottom": 477.19659423828125}], "time": 21.526526927947998}
