{"im": 4860, "res": [{"class": "train", "prob": 0.9854607582092285, "left": 8.325645446777344, "top": 179.78404235839844, "right": 200.96786499023438, "bottom": 306.37274169921875}, {"class": "train", "prob": 0.8441103100776672, "left": 195.03244018554688, "top": 169.01129150390625, "right": 308.92626953125, "bottom": 287.2176208496094}, {"class": "train", "prob": 0.568634033203125, "left": 335.55859375, "top": 179.66600036621094, "right": 370.31549072265625, "bottom": 254.42918395996094}], "time": 0.8291950225830078}
