{"im": 2912, "res": [{"class": "sheep", "prob": 0.7313091158866882, "left": 70.71223449707031, "top": 14.070632934570312, "right": 374.97265625, "bottom": 306.17852783203125}], "time": 21.636712074279785}
