{"im": 5759, "res": [{"class": "bottle", "prob": 0.9936464428901672, "left": 14.420486450195312, "top": 21.277481079101562, "right": 465.1539306640625, "bottom": 313.53741455078125}], "time": 22.797479152679443}
