{"im": 1247, "res": [{"class": "sheep", "prob": 0.5938246250152588, "left": 130.49771118164062, "top": 261.46881103515625, "right": 288.4541320800781, "bottom": 338.82855224609375}], "time": 0.8291957378387451}
