{"im": 3358, "res": [{"class": "pottedplant", "prob": 0.7888361215591431, "left": 4.56591796875, "top": 1.4247589111328125, "right": 366.7957458496094, "bottom": 486.17364501953125}], "time": 21.50641393661499}
