{"im": 3381, "res": [{"class": "bottle", "prob": 0.6111313104629517, "left": 58.01853942871094, "top": 146.79249572753906, "right": 393.60302734375, "bottom": 256.1947021484375}], "time": 1.2266571521759033}
