{"im": 2902, "res": [{"class": "boat", "prob": 0.6270579099655151, "left": 178.35511779785156, "top": 97.46226501464844, "right": 394.0751953125, "bottom": 287.3511962890625}], "time": 0.8385982513427734}
