{"im": 3105, "res": [{"class": "sofa", "prob": 0.9780192971229553, "left": 337.9361877441406, "top": 153.3698272705078, "right": 382.6540832519531, "bottom": 173.5041046142578}, {"class": "sofa", "prob": 0.8756656050682068, "left": 126.58578491210938, "top": 154.86253356933594, "right": 186.57516479492188, "bottom": 184.1536102294922}, {"class": "sofa", "prob": 0.6603361368179321, "left": 55.77352523803711, "top": 182.20443725585938, "right": 166.97328186035156, "bottom": 260.38861083984375}, {"class": "sofa", "prob": 0.9262562394142151, "left": 339.13983154296875, "top": 168.49998474121094, "right": 419.62542724609375, "bottom": 209.7075958251953}], "time": 22.10562801361084}
