{"im": 5070, "res": [{"class": "sofa", "prob": 0.9915283918380737, "left": 213.04220581054688, "top": 212.471923828125, "right": 282.0359802246094, "bottom": 260.63018798828125}], "time": 21.414137840270996}
