{"im": 306, "res": [{"class": "sheep", "prob": 0.9095073938369751, "left": 0.0, "top": 100.19119262695312, "right": 294.293701171875, "bottom": 456.9244689941406}], "time": 21.458950996398926}
