{"im": 3091, "res": [{"class": "bird", "prob": 0.8284937143325806, "left": 3.2345657348632812, "top": 95.44955444335938, "right": 84.96121215820312, "bottom": 186.78677368164062}], "time": 21.83003520965576}
