{"im": 3274, "res": [{"class": "sheep", "prob": 0.9843171238899231, "left": 112.84623718261719, "top": 34.41802978515625, "right": 432.17889404296875, "bottom": 251.06854248046875}, {"class": "sheep", "prob": 0.5562933683395386, "left": 296.4568786621094, "top": 208.2425079345703, "right": 414.9353332519531, "bottom": 329.87750244140625}], "time": 21.832761764526367}
