{"im": 2337, "res": [{"class": "person", "prob": 0.9931989908218384, "left": 45.80207824707031, "top": 0.0, "right": 181.0423583984375, "bottom": 462.05975341796875}], "time": 21.455065965652466}
