{"im": 1977, "res": [{"class": "aeroplane", "prob": 0.7024268507957458, "left": 241.07620239257812, "top": 15.20269775390625, "right": 411.1873474121094, "bottom": 329.0513610839844}], "time": 0.8962118625640869}
