{"im": 4012, "res": [{"class": "aeroplane", "prob": 0.9561135172843933, "left": 142.83782958984375, "top": 281.5397644042969, "right": 157.55514526367188, "bottom": 313.4566345214844}, {"class": "aeroplane", "prob": 0.6420905590057373, "left": 9.871667861938477, "top": 303.79888916015625, "right": 32.604148864746094, "bottom": 353.4422607421875}, {"class": "aeroplane", "prob": 0.6334295868873596, "left": 141.65342712402344, "top": 280.931640625, "right": 150.7521514892578, "bottom": 312.879150390625}, {"class": "car", "prob": 0.5636759996414185, "left": 189.45555114746094, "top": 216.59353637695312, "right": 334.8870849609375, "bottom": 311.5007629394531}], "time": 0.8667068481445312}
