{"im": 244, "res": [{"class": "aeroplane", "prob": 0.9811623692512512, "left": 137.34629821777344, "top": 282.1142578125, "right": 152.40953063964844, "bottom": 325.67138671875}, {"class": "aeroplane", "prob": 0.9338380098342896, "left": 195.5679473876953, "top": 283.2441101074219, "right": 211.89170837402344, "bottom": 322.8666076660156}, {"class": "aeroplane", "prob": 0.8211183547973633, "left": 163.08612060546875, "top": 279.98388671875, "right": 180.46566772460938, "bottom": 322.06390380859375}], "time": 1.1080341339111328}
