{"im": 2321, "res": [{"class": "person", "prob": 0.9942634105682373, "left": 350.38848876953125, "top": 29.470571517944336, "right": 424.18017578125, "bottom": 63.70713806152344}, {"class": "person", "prob": 0.9822450280189514, "left": 232.05206298828125, "top": 57.868621826171875, "right": 300.6859130859375, "bottom": 104.57688903808594}, {"class": "person", "prob": 0.9587448835372925, "left": 134.30560302734375, "top": 58.540130615234375, "right": 211.111328125, "bottom": 96.63896179199219}], "time": 21.411964893341064}
