{"im": 3576, "res": [{"class": "pottedplant", "prob": 0.7874745726585388, "left": 12.800369262695312, "top": 36.87055969238281, "right": 500.0, "bottom": 343.7918701171875}], "time": 21.55619478225708}
