{"im": 4303, "res": [{"class": "person", "prob": 0.9996834397315979, "left": 60.96470642089844, "top": 143.66143798828125, "right": 370.24432373046875, "bottom": 246.53497314453125}], "time": 21.52962303161621}
