{"im": 1463, "res": [{"class": "aeroplane", "prob": 0.9756929278373718, "left": 300.5284729003906, "top": 212.35220336914062, "right": 320.5075988769531, "bottom": 231.63015747070312}, {"class": "aeroplane", "prob": 0.8951787352561951, "left": 238.86387634277344, "top": 214.4655303955078, "right": 251.01866149902344, "bottom": 232.9087371826172}, {"class": "chair", "prob": 0.8234390616416931, "left": 190.1632537841797, "top": 226.88986206054688, "right": 330.37298583984375, "bottom": 237.4444580078125}], "time": 21.692013025283813}
