{"im": 3695, "res": [{"class": "aeroplane", "prob": 0.8411988615989685, "left": 137.21189880371094, "top": 97.664794921875, "right": 196.3555145263672, "bottom": 291.7441711425781}, {"class": "bicycle", "prob": 0.6974137425422668, "left": 79.04703521728516, "top": 164.8974609375, "right": 262.6259460449219, "bottom": 306.0821838378906}, {"class": "aeroplane", "prob": 0.5942857265472412, "left": 148.0232696533203, "top": 131.8739776611328, "right": 177.1332550048828, "bottom": 254.2238311767578}], "time": 0.8727431297302246}
