{"im": 4210, "res": [{"class": "pottedplant", "prob": 0.9194740653038025, "left": 63.82170104980469, "top": 52.724021911621094, "right": 494.1473388671875, "bottom": 260.7170104980469}], "time": 21.650346040725708}
