{"im": 1214, "res": [{"class": "sheep", "prob": 0.9852285385131836, "left": 15.598785400390625, "top": 0.0, "right": 371.6767883300781, "bottom": 500.0}, {"class": "sheep", "prob": 0.9861087799072266, "left": 69.09170532226562, "top": 276.2535705566406, "right": 355.1329650878906, "bottom": 496.1384582519531}], "time": 21.075784921646118}
