{"im": 1749, "res": [{"class": "aeroplane", "prob": 0.7310007810592651, "left": 357.2585144042969, "top": 155.18753051757812, "right": 450.4781799316406, "bottom": 346.11993408203125}], "time": 0.9476420879364014}
