{"im": 2121, "res": [{"class": "person", "prob": 0.549045205116272, "left": 0.0, "top": 69.78974914550781, "right": 316.682373046875, "bottom": 485.0093994140625}], "time": 21.676239728927612}
