{"im": 1390, "res": [{"class": "sofa", "prob": 0.8229712843894958, "left": 0.0, "top": 0.0, "right": 295.93585205078125, "bottom": 374.4178466796875}], "time": 0.8323750495910645}
