{"im": 162, "res": [{"class": "aeroplane", "prob": 0.9883255362510681, "left": 9.899795532226562, "top": 28.435516357421875, "right": 320.0, "bottom": 480.0}], "time": 21.622514009475708}
