{"im": 3477, "res": [{"class": "aeroplane", "prob": 0.7415356636047363, "left": 191.30886840820312, "top": 118.05599975585938, "right": 445.7606506347656, "bottom": 375.0}, {"class": "aeroplane", "prob": 0.5902858972549438, "left": 399.7552185058594, "top": 134.05731201171875, "right": 500.0, "bottom": 375.0}], "time": 0.836543083190918}
