{"im": 5809, "res": [{"class": "aeroplane", "prob": 0.9335032105445862, "left": 48.52178955078125, "top": 101.27401733398438, "right": 352.02294921875, "bottom": 368.8878479003906}, {"class": "aeroplane", "prob": 0.8727614879608154, "left": 109.87380981445312, "top": 179.1961669921875, "right": 281.0076599121094, "bottom": 357.3818359375}], "time": 21.477222204208374}
