{"im": 130, "res": [{"class": "aeroplane", "prob": 0.7598530650138855, "left": 18.561630249023438, "top": 69.5359878540039, "right": 422.15606689453125, "bottom": 317.1827087402344}], "time": 21.605164051055908}
