{"im": 2645, "res": [{"class": "boat", "prob": 0.679406464099884, "left": 0.0, "top": 0.0, "right": 269.0, "bottom": 361.842041015625}], "time": 0.8794729709625244}
