{"im": 4438, "res": [{"class": "bird", "prob": 0.9984307289123535, "left": 10.12186050415039, "top": 102.9087142944336, "right": 122.54817199707031, "bottom": 185.772705078125}, {"class": "aeroplane", "prob": 0.9981507658958435, "left": 186.17636108398438, "top": 109.75747680664062, "right": 266.5693664550781, "bottom": 232.25869750976562}, {"class": "bicycle", "prob": 0.9477721452713013, "left": 149.63182067871094, "top": 160.64324951171875, "right": 346.2042236328125, "bottom": 262.5229187011719}, {"class": "bird", "prob": 0.9570704698562622, "left": 107.89312744140625, "top": 104.68290710449219, "right": 242.88668823242188, "bottom": 169.4597625732422}], "time": 21.357194185256958}
