{"im": 4274, "res": [{"class": "aeroplane", "prob": 0.9978806972503662, "left": 3.05841064453125, "top": 85.467529296875, "right": 333.0, "bottom": 467.05059814453125}, {"class": "bicycle", "prob": 0.9343055486679077, "left": 7.7455902099609375, "top": 349.52490234375, "right": 324.6788330078125, "bottom": 481.493408203125}], "time": 21.640056133270264}
