{"im": 554, "res": [{"class": "aeroplane", "prob": 0.9997272491455078, "left": 14.425994873046875, "top": 13.844573974609375, "right": 259.0602111816406, "bottom": 342.05059814453125}, {"class": "cat", "prob": 0.9624096155166626, "left": 246.4000244140625, "top": 2.7306976318359375, "right": 479.18292236328125, "bottom": 301.7615966796875}], "time": 21.751043796539307}
