{"im": 4456, "res": [{"class": "pottedplant", "prob": 0.9237855672836304, "left": 151.65013122558594, "top": 111.62738037109375, "right": 284.8848876953125, "bottom": 247.50003051757812}], "time": 21.40231704711914}
