{"im": 3860, "res": [{"class": "pottedplant", "prob": 0.9915501475334167, "left": 15.291549682617188, "top": 9.131195068359375, "right": 480.0401611328125, "bottom": 327.32177734375}], "time": 21.70054292678833}
