{"im": 1472, "res": [{"class": "chair", "prob": 0.5225755572319031, "left": 114.1187744140625, "top": 44.988807678222656, "right": 388.2404479980469, "bottom": 255.85104370117188}], "time": 21.675467014312744}
