{"im": 361, "res": [{"class": "aeroplane", "prob": 0.9997504949569702, "left": 176.3854522705078, "top": 175.0498046875, "right": 359.44390869140625, "bottom": 372.8323974609375}], "time": 21.583503246307373}
