{"im": 2159, "res": [{"class": "cat", "prob": 0.9799020290374756, "left": 155.0226593017578, "top": 160.67471313476562, "right": 270.46807861328125, "bottom": 225.86798095703125}, {"class": "cat", "prob": 0.8571808338165283, "left": 185.78387451171875, "top": 168.31185913085938, "right": 243.98495483398438, "bottom": 221.63992309570312}], "time": 0.8263068199157715}
