{"im": 5323, "res": [{"class": "sheep", "prob": 0.8590810894966125, "left": 205.61529541015625, "top": 119.12554931640625, "right": 437.97998046875, "bottom": 274.90472412109375}], "time": 21.45548677444458}
