{"im": 515, "res": [{"class": "bottle", "prob": 0.8494792580604553, "left": 100.18028259277344, "top": 123.92491149902344, "right": 418.99725341796875, "bottom": 192.12355041503906}, {"class": "bottle", "prob": 0.6238167881965637, "left": 191.82217407226562, "top": 132.77227783203125, "right": 328.5282897949219, "bottom": 179.89669799804688}], "time": 0.853985071182251}
