{"im": 3244, "res": [{"class": "bus", "prob": 0.5582601428031921, "left": 164.1224365234375, "top": 111.40689086914062, "right": 361.65594482421875, "bottom": 178.00192260742188}], "time": 21.884188175201416}
