{"im": 4124, "res": [{"class": "person", "prob": 0.9953485727310181, "left": 152.8529510498047, "top": 61.38653564453125, "right": 461.57244873046875, "bottom": 236.1236572265625}], "time": 21.68597722053528}
