{"im": 5040, "res": [{"class": "bicycle", "prob": 0.9975392818450928, "left": 228.510986328125, "top": 206.28146362304688, "right": 473.70343017578125, "bottom": 341.1350402832031}], "time": 21.48306894302368}
