{"im": 1848, "res": [{"class": "aeroplane", "prob": 0.9688501358032227, "left": 4.682328224182129, "top": 347.716552734375, "right": 25.46247100830078, "bottom": 397.8052978515625}, {"class": "aeroplane", "prob": 0.8460108041763306, "left": 336.4444885253906, "top": 342.1994323730469, "right": 352.9457702636719, "bottom": 383.4316101074219}, {"class": "aeroplane", "prob": 0.5934977531433105, "left": 308.90948486328125, "top": 323.5409240722656, "right": 316.56512451171875, "bottom": 342.7867736816406}], "time": 0.8612027168273926}
