{"im": 2516, "res": [{"class": "person", "prob": 0.9949333071708679, "left": 316.02044677734375, "top": 246.0635986328125, "right": 428.84564208984375, "bottom": 370.1126708984375}], "time": 21.537555932998657}
