{"im": 3806, "res": [{"class": "bicycle", "prob": 0.8918315172195435, "left": 80.13876342773438, "top": 37.82420349121094, "right": 500.0, "bottom": 309.58062744140625}], "time": 0.8789899349212646}
