{"im": 875, "res": [{"class": "bird", "prob": 0.5449521541595459, "left": 350.984130859375, "top": 108.416015625, "right": 409.42413330078125, "bottom": 139.24725341796875}], "time": 0.8916170597076416}
