{"im": 2287, "res": [{"class": "person", "prob": 0.9782857894897461, "left": 98.82820129394531, "top": 33.312644958496094, "right": 450.28106689453125, "bottom": 287.8132019042969}], "time": 21.432921171188354}
