{"im": 5208, "res": [{"class": "bird", "prob": 0.9967067241668701, "left": 153.96310424804688, "top": 157.59439086914062, "right": 385.8869323730469, "bottom": 340.58905029296875}, {"class": "cat", "prob": 0.6203190088272095, "left": 403.5840759277344, "top": 118.0381851196289, "right": 427.5842590332031, "bottom": 145.28346252441406}], "time": 21.52124524116516}
