{"im": 1097, "res": [{"class": "person", "prob": 0.9904192686080933, "left": 61.86888885498047, "top": 71.2611312866211, "right": 130.984130859375, "bottom": 100.38957977294922}], "time": 21.20139789581299}
