{"im": 5318, "res": [{"class": "aeroplane", "prob": 0.5332427620887756, "left": 238.74163818359375, "top": 93.04185485839844, "right": 315.54010009765625, "bottom": 219.6135711669922}, {"class": "aeroplane", "prob": 0.5343050360679626, "left": 247.97909545898438, "top": 107.98198699951172, "right": 281.9905700683594, "bottom": 204.52206420898438}], "time": 1.0016169548034668}
