{"im": 639, "res": [{"class": "car", "prob": 0.6652741432189941, "left": 174.2183380126953, "top": 24.846725463867188, "right": 220.20545959472656, "bottom": 92.64998626708984}, {"class": "car", "prob": 0.6443020701408386, "left": 151.562255859375, "top": 17.65526580810547, "right": 248.65313720703125, "bottom": 97.78165435791016}], "time": 0.8819479942321777}
