{"im": 1916, "res": [{"class": "car", "prob": 0.9942964911460876, "left": 134.97659301757812, "top": 152.90823364257812, "right": 248.01327514648438, "bottom": 238.91897583007812}], "time": 21.666066884994507}
