{"im": 3076, "res": [{"class": "pottedplant", "prob": 0.9735496044158936, "left": 274.06005859375, "top": 72.78500366210938, "right": 495.80352783203125, "bottom": 290.9112548828125}], "time": 21.731045961380005}
