{"im": 4496, "res": [{"class": "bird", "prob": 0.5932127833366394, "left": 6.6811981201171875, "top": 17.759620666503906, "right": 16.073965072631836, "bottom": 35.25218200683594}, {"class": "bird", "prob": 0.5895040035247803, "left": 245.93211364746094, "top": 50.0375862121582, "right": 306.2669982910156, "bottom": 77.05741882324219}, {"class": "bird", "prob": 0.5347583889961243, "left": 380.42535400390625, "top": 43.396873474121094, "right": 413.0751953125, "bottom": 55.38671875}, {"class": "bird", "prob": 0.5152086019515991, "left": 82.35557556152344, "top": 63.76579284667969, "right": 495.966064453125, "bottom": 266.92205810546875}], "time": 0.8482508659362793}
