{"im": 4432, "res": [{"class": "aeroplane", "prob": 0.889391303062439, "left": 221.6735076904297, "top": 187.20321655273438, "right": 293.74676513671875, "bottom": 342.8876647949219}, {"class": "aeroplane", "prob": 0.7203302383422852, "left": 241.3828582763672, "top": 204.48452758789062, "right": 273.37591552734375, "bottom": 314.2758483886719}, {"class": "aeroplane", "prob": 0.5132619142532349, "left": 152.6199188232422, "top": 175.98275756835938, "right": 213.38954162597656, "bottom": 299.7312927246094}], "time": 0.868074893951416}
