{"im": 5268, "res": [{"class": "aeroplane", "prob": 0.8014865517616272, "left": 210.70339965820312, "top": 93.40849304199219, "right": 226.08538818359375, "bottom": 131.63841247558594}, {"class": "aeroplane", "prob": 0.6166942119598389, "left": 91.0518569946289, "top": 53.532257080078125, "right": 113.68990325927734, "bottom": 93.85360717773438}], "time": 0.8330049514770508}
