{"im": 214, "res": [{"class": "boat", "prob": 0.6206095814704895, "left": 276.8106689453125, "top": 24.690475463867188, "right": 457.611572265625, "bottom": 180.52671813964844}], "time": 0.9906530380249023}
