{"im": 4750, "res": [{"class": "aeroplane", "prob": 0.9289239645004272, "left": 104.56124114990234, "top": 47.454795837402344, "right": 218.2789306640625, "bottom": 292.0296630859375}], "time": 0.8666701316833496}
