{"im": 5752, "res": [{"class": "aeroplane", "prob": 0.9847593903541565, "left": 52.30165100097656, "top": 47.83940124511719, "right": 495.76190185546875, "bottom": 375.0}], "time": 21.53362512588501}
