{"im": 200, "res": [{"class": "bottle", "prob": 0.9892343282699585, "left": 51.54963684082031, "top": 93.04055786132812, "right": 493.403564453125, "bottom": 285.6172180175781}], "time": 21.513447999954224}
