{"im": 1144, "res": [{"class": "aeroplane", "prob": 0.7374196648597717, "left": 13.2969970703125, "top": 12.620407104492188, "right": 481.14227294921875, "bottom": 331.7919921875}], "time": 21.078182220458984}
