{"im": 5724, "res": [{"class": "train", "prob": 0.7079335451126099, "left": 59.195953369140625, "top": 2.6625823974609375, "right": 401.4903564453125, "bottom": 307.03009033203125}], "time": 21.26050090789795}
