{"im": 1836, "res": [{"class": "aeroplane", "prob": 0.9183346033096313, "left": 171.9989776611328, "top": 133.2371826171875, "right": 431.33795166015625, "bottom": 375.0}], "time": 0.8966689109802246}
