{"im": 2427, "res": [{"class": "sheep", "prob": 0.9786670207977295, "left": 87.73640441894531, "top": 6.2863616943359375, "right": 377.623779296875, "bottom": 449.41949462890625}], "time": 22.936413049697876}
