{"im": 5349, "res": [{"class": "bottle", "prob": 0.9984387755393982, "left": 80.47822570800781, "top": 122.81050109863281, "right": 432.71734619140625, "bottom": 207.57579040527344}], "time": 21.470855951309204}
