{"im": 5798, "res": [{"class": "bicycle", "prob": 0.8825526833534241, "left": 64.8707275390625, "top": 14.173294067382812, "right": 447.0088806152344, "bottom": 332.5233154296875}], "time": 0.965850830078125}
