{"im": 296, "res": [{"class": "aeroplane", "prob": 0.9965111017227173, "left": 406.39288330078125, "top": 77.70314025878906, "right": 477.78851318359375, "bottom": 298.91864013671875}, {"class": "chair", "prob": 0.7890657782554626, "left": 0.0, "top": 103.79013061523438, "right": 500.0, "bottom": 365.0}, {"class": "chair", "prob": 0.6569429039955139, "left": 49.79420471191406, "top": 55.38541030883789, "right": 70.53852844238281, "bottom": 68.10505676269531}], "time": 21.602869033813477}
