{"im": 379, "res": [{"class": "aeroplane", "prob": 0.9922580122947693, "left": 103.4941635131836, "top": 93.64884948730469, "right": 345.1199645996094, "bottom": 368.96856689453125}, {"class": "aeroplane", "prob": 0.9602299928665161, "left": 344.8586730957031, "top": 98.00164794921875, "right": 477.2574768066406, "bottom": 375.0}, {"class": "aeroplane", "prob": 0.7617589235305786, "left": 272.9444580078125, "top": 112.49934387207031, "right": 379.63421630859375, "bottom": 368.77386474609375}, {"class": "aeroplane", "prob": 0.5801595449447632, "left": 192.2230682373047, "top": 92.09599304199219, "right": 411.4608154296875, "bottom": 372.705810546875}], "time": 22.00030779838562}
