{"im": 3111, "res": [{"class": "chair", "prob": 0.9057638049125671, "left": 19.181961059570312, "top": 193.45840454101562, "right": 99.526123046875, "bottom": 212.89657592773438}, {"class": "aeroplane", "prob": 0.7103996276855469, "left": 480.3854064941406, "top": 217.13414001464844, "right": 491.5312194824219, "bottom": 241.5902862548828}], "time": 22.117013216018677}
