{"im": 2612, "res": [{"class": "tvmonitor", "prob": 0.7536002993583679, "left": 125.54930114746094, "top": 56.94097900390625, "right": 460.00421142578125, "bottom": 330.3134460449219}], "time": 0.8358190059661865}
