{"im": 1007, "res": [{"class": "person", "prob": 0.9828469753265381, "left": 26.84405517578125, "top": 56.9986572265625, "right": 473.52764892578125, "bottom": 320.21063232421875}], "time": 22.4571750164032}
