{"im": 6, "res": [{"class": "aeroplane", "prob": 0.9994898438453674, "left": 123.78217315673828, "top": 8.548660278320312, "right": 365.67181396484375, "bottom": 365.971435546875}], "time": 21.47005796432495}
