{"im": 2620, "res": [{"class": "aeroplane", "prob": 0.9996390342712402, "left": 389.591552734375, "top": 93.0720443725586, "right": 435.68511962890625, "bottom": 243.389892578125}, {"class": "aeroplane", "prob": 0.9994907379150391, "left": 215.64048767089844, "top": 73.81086730957031, "right": 295.7196044921875, "bottom": 282.37799072265625}, {"class": "sofa", "prob": 0.9961546063423157, "left": 76.05705261230469, "top": 128.77334594726562, "right": 422.087646484375, "bottom": 368.0409240722656}, {"class": "aeroplane", "prob": 0.9965912699699402, "left": 127.6199722290039, "top": 97.66445922851562, "right": 180.35133361816406, "bottom": 155.21482849121094}], "time": 21.47721028327942}
