{"im": 1851, "res": [{"class": "boat", "prob": 0.6810540556907654, "left": 9.788711547851562, "top": 36.76734924316406, "right": 493.2681884765625, "bottom": 345.43328857421875}], "time": 0.8330979347229004}
