{"im": 2723, "res": [{"class": "boat", "prob": 0.9678048491477966, "left": 5.1047515869140625, "top": 0.25860595703125, "right": 489.7974853515625, "bottom": 446.0}, {"class": "bicycle", "prob": 0.9330717921257019, "left": 368.5816650390625, "top": 1.9087715148925781, "right": 494.02490234375, "bottom": 84.02484130859375}], "time": 21.531615018844604}
