{"im": 2079, "res": [{"class": "bottle", "prob": 0.6903608441352844, "left": 47.283058166503906, "top": 60.05927276611328, "right": 291.14593505859375, "bottom": 136.51177978515625}], "time": 0.825897216796875}
