{"im": 299, "res": [{"class": "aeroplane", "prob": 0.9661872982978821, "left": 295.2207946777344, "top": 115.58747100830078, "right": 344.3539733886719, "bottom": 185.63345336914062}, {"class": "boat", "prob": 0.9596697092056274, "left": 213.73797607421875, "top": 152.7166748046875, "right": 345.81146240234375, "bottom": 277.33563232421875}], "time": 21.526040077209473}
