{"im": 5032, "res": [{"class": "sheep", "prob": 0.9779893159866333, "left": 13.889236450195312, "top": 24.921524047851562, "right": 326.45574951171875, "bottom": 285.428955078125}], "time": 21.423532962799072}
