{"im": 235, "res": [{"class": "aeroplane", "prob": 0.9990739822387695, "left": 122.57328796386719, "top": 151.628173828125, "right": 265.70135498046875, "bottom": 471.61383056640625}, {"class": "aeroplane", "prob": 0.9982067346572876, "left": 45.1487922668457, "top": 290.55767822265625, "right": 131.2501220703125, "bottom": 455.85943603515625}, {"class": "aeroplane", "prob": 0.9735984206199646, "left": 335.4613342285156, "top": 140.53958129882812, "right": 374.6810607910156, "bottom": 295.7072448730469}], "time": 21.604851007461548}
