{"im": 231, "res": [{"class": "sheep", "prob": 0.6360383033752441, "left": 60.144744873046875, "top": 50.820335388183594, "right": 432.5343017578125, "bottom": 259.66131591796875}], "time": 0.9085090160369873}
