{"im": 414, "res": [{"class": "aeroplane", "prob": 0.9618770480155945, "left": 32.132537841796875, "top": 76.57539367675781, "right": 247.72760009765625, "bottom": 417.31829833984375}], "time": 21.58488416671753}
