{"im": 3255, "res": [{"class": "sheep", "prob": 0.8445587158203125, "left": 56.40812683105469, "top": 30.36456298828125, "right": 450.8837890625, "bottom": 333.0}], "time": 21.729433059692383}
