{"im": 194, "res": [{"class": "aeroplane", "prob": 0.8732584118843079, "left": 253.16635131835938, "top": 24.0146484375, "right": 348.9779357910156, "bottom": 245.64019775390625}], "time": 1.1481199264526367}
