{"im": 3718, "res": [{"class": "bottle", "prob": 0.6096975803375244, "left": 134.32431030273438, "top": 30.595138549804688, "right": 298.70318603515625, "bottom": 307.70965576171875}], "time": 0.8555259704589844}
