{"im": 948, "res": [{"class": "pottedplant", "prob": 0.9536569118499756, "left": 65.8408203125, "top": 9.858047485351562, "right": 484.65643310546875, "bottom": 389.6767578125}, {"class": "pottedplant", "prob": 0.7456161975860596, "left": 423.68212890625, "top": 92.36630249023438, "right": 500.0, "bottom": 202.01397705078125}], "time": 21.108876705169678}
