{"im": 4698, "res": [{"class": "aeroplane", "prob": 0.9729151129722595, "left": 156.61033630371094, "top": 49.60760498046875, "right": 495.0030517578125, "bottom": 330.71917724609375}], "time": 21.391446113586426}
