{"im": 5727, "res": [{"class": "sheep", "prob": 0.9803466200828552, "left": 45.10188293457031, "top": 37.34074401855469, "right": 401.4208984375, "bottom": 333.0}], "time": 21.188225984573364}
