{"im": 1800, "res": [{"class": "aeroplane", "prob": 0.8441769480705261, "left": 395.42193603515625, "top": 335.3717346191406, "right": 403.4095458984375, "bottom": 366.7733459472656}, {"class": "aeroplane", "prob": 0.6332666277885437, "left": 402.361083984375, "top": 335.70269775390625, "right": 408.71453857421875, "bottom": 364.6820068359375}], "time": 0.8577570915222168}
