{"im": 3165, "res": [{"class": "pottedplant", "prob": 0.8253584504127502, "left": 34.50578308105469, "top": 98.51750183105469, "right": 327.0, "bottom": 498.2884521484375}], "time": 21.875994205474854}
