{"im": 4318, "res": [{"class": "bottle", "prob": 0.9994140863418579, "left": 55.794525146484375, "top": 47.60429382324219, "right": 496.3882141113281, "bottom": 184.8621063232422}], "time": 21.397085905075073}
