{"im": 1871, "res": [{"class": "train", "prob": 0.9990527033805847, "left": 1.0349349975585938, "top": 149.63607788085938, "right": 167.0655517578125, "bottom": 462.3988342285156}, {"class": "aeroplane", "prob": 0.9985018372535706, "left": 112.49671936035156, "top": 64.93470764160156, "right": 281.81488037109375, "bottom": 446.3299560546875}], "time": 21.815261363983154}
