{"im": 3983, "res": [{"class": "car", "prob": 0.9959091544151306, "left": 8.486236572265625, "top": 105.62254333496094, "right": 491.5270080566406, "bottom": 217.4754180908203}, {"class": "motorbike", "prob": 0.7590176463127136, "left": 365.3965148925781, "top": 179.5107879638672, "right": 405.4372253417969, "bottom": 211.07752990722656}, {"class": "motorbike", "prob": 0.5417022705078125, "left": 390.1215515136719, "top": 177.1911163330078, "right": 438.5920715332031, "bottom": 207.06687927246094}, {"class": "motorbike", "prob": 0.5195005536079407, "left": 423.32940673828125, "top": 178.7424774169922, "right": 450.47467041015625, "bottom": 205.0131072998047}], "time": 23.27919101715088}
