{"im": 3861, "res": [{"class": "aeroplane", "prob": 0.9066041707992554, "left": 236.401611328125, "top": 0.0, "right": 470.69500732421875, "bottom": 334.48388671875}], "time": 21.5679988861084}
