{"im": 3332, "res": [{"class": "aeroplane", "prob": 0.9599776864051819, "left": 37.62702941894531, "top": 21.559600830078125, "right": 350.59771728515625, "bottom": 500.0}, {"class": "aeroplane", "prob": 0.9648993015289307, "left": 1.6984443664550781, "top": 0.0, "right": 123.24208068847656, "bottom": 238.62867736816406}, {"class": "aeroplane", "prob": 0.7455915212631226, "left": 320.50689697265625, "top": 1.0243759155273438, "right": 375.0, "bottom": 124.49886322021484}], "time": 21.68621587753296}
