{"im": 2835, "res": [{"class": "aeroplane", "prob": 0.983536958694458, "left": 137.48532104492188, "top": 83.29948425292969, "right": 421.6209411621094, "bottom": 333.0}, {"class": "aeroplane", "prob": 0.9697958827018738, "left": 142.3501739501953, "top": 40.229034423828125, "right": 255.96434020996094, "bottom": 333.0}], "time": 21.54703116416931}
