{"im": 454, "res": [{"class": "aeroplane", "prob": 0.9849331378936768, "left": 0.0, "top": 162.8727264404297, "right": 30.643054962158203, "bottom": 267.2482604980469}], "time": 21.80671000480652}
