{"im": 4012, "res": [{"class": "car", "prob": 0.9962037205696106, "left": 187.4561767578125, "top": 165.76766967773438, "right": 332.4112548828125, "bottom": 320.7471008300781}, {"class": "aeroplane", "prob": 0.9982790946960449, "left": 0.23582077026367188, "top": 276.223876953125, "right": 42.94020462036133, "bottom": 373.6693115234375}, {"class": "aeroplane", "prob": 0.997180163860321, "left": 134.36148071289062, "top": 267.8104553222656, "right": 157.66619873046875, "bottom": 331.3517150878906}, {"class": "bird", "prob": 0.6253558993339539, "left": 346.970947265625, "top": 278.61822509765625, "right": 369.95745849609375, "bottom": 289.36492919921875}], "time": 21.620555877685547}
