{"im": 3923, "res": [{"class": "aeroplane", "prob": 0.9621604681015015, "left": 379.06103515625, "top": 182.975830078125, "right": 399.2354736328125, "bottom": 228.57342529296875}, {"class": "chair", "prob": 0.6992374658584595, "left": 264.7161560058594, "top": 197.41488647460938, "right": 400.4147644042969, "bottom": 233.92208862304688}], "time": 21.560489892959595}
