{"im": 3624, "res": [{"class": "aeroplane", "prob": 0.9989569783210754, "left": 150.39268493652344, "top": 212.08009338378906, "right": 201.0907440185547, "bottom": 290.87347412109375}], "time": 21.501716136932373}
