{"im": 1307, "res": [{"class": "aeroplane", "prob": 0.7660858035087585, "left": 0.0, "top": 124.811279296875, "right": 201.12252807617188, "bottom": 336.15142822265625}], "time": 1.1606547832489014}
