{"im": 2049, "res": [{"class": "car", "prob": 0.9984874129295349, "left": 282.4148864746094, "top": 182.36317443847656, "right": 426.9753112792969, "bottom": 265.8292541503906}, {"class": "car", "prob": 0.8903069496154785, "left": 3.781475067138672, "top": 176.561767578125, "right": 113.54595947265625, "bottom": 256.81414794921875}], "time": 21.637619972229004}
