{"im": 5818, "res": [{"class": "aeroplane", "prob": 0.9113041162490845, "left": 129.00657653808594, "top": 210.955322265625, "right": 183.15513610839844, "bottom": 303.59637451171875}, {"class": "bicycle", "prob": 0.8953531384468079, "left": 135.4156951904297, "top": 243.05685424804688, "right": 175.0498809814453, "bottom": 326.2806091308594}], "time": 21.856739044189453}
