{"im": 1309, "res": [{"class": "bird", "prob": 0.5310123562812805, "left": 422.12176513671875, "top": 99.0849609375, "right": 473.6392822265625, "bottom": 173.588134765625}, {"class": "bird", "prob": 0.6337812542915344, "left": 389.2358093261719, "top": 85.55720520019531, "right": 500.0, "bottom": 193.3076934814453}], "time": 0.8553998470306396}
