{"im": 304, "res": [{"class": "aeroplane", "prob": 0.9771273136138916, "left": 341.65716552734375, "top": 41.01942443847656, "right": 493.50640869140625, "bottom": 354.599853515625}, {"class": "aeroplane", "prob": 0.5522314310073853, "left": 30.380661010742188, "top": 75.22785949707031, "right": 247.84083557128906, "bottom": 375.0}, {"class": "aeroplane", "prob": 0.5193721055984497, "left": 7.433010101318359, "top": 70.99382019042969, "right": 104.48504638671875, "bottom": 374.35089111328125}], "time": 1.1252081394195557}
