{"im": 473, "res": [{"class": "aeroplane", "prob": 0.9975296854972839, "left": 261.59661865234375, "top": 230.3125457763672, "right": 293.89471435546875, "bottom": 343.3427734375}], "time": 21.747653245925903}
