{"im": 4225, "res": [{"class": "sheep", "prob": 0.6686614155769348, "left": 201.86648559570312, "top": 99.66763305664062, "right": 427.7817687988281, "bottom": 303.9998474121094}], "time": 0.8623192310333252}
