{"im": 2838, "res": [{"class": "sofa", "prob": 0.997209370136261, "left": 139.02923583984375, "top": 177.88755798339844, "right": 321.1659240722656, "bottom": 274.93304443359375}], "time": 21.418838024139404}
