{"im": 4653, "res": [{"class": "sheep", "prob": 0.9836542010307312, "left": 1.0269317626953125, "top": 0.0, "right": 455.0438232421875, "bottom": 375.0}], "time": 21.37664294242859}
