{"im": 2962, "res": [{"class": "car", "prob": 0.9875733852386475, "left": 219.28936767578125, "top": 7.922538757324219, "right": 495.2203369140625, "bottom": 176.23068237304688}], "time": 21.580224990844727}
