{"im": 2003, "res": [{"class": "person", "prob": 0.5793535113334656, "left": 266.71343994140625, "top": 221.15347290039062, "right": 468.9993896484375, "bottom": 414.2847595214844}], "time": 0.8412222862243652}
