{"im": 676, "res": [{"class": "aeroplane", "prob": 0.9983918070793152, "left": 51.77986145019531, "top": 3.2725677490234375, "right": 375.0, "bottom": 500.0}, {"class": "sheep", "prob": 0.5233688950538635, "left": 101.40533447265625, "top": 200.6921844482422, "right": 323.0479736328125, "bottom": 500.0}, {"class": "aeroplane", "prob": 0.9905313849449158, "left": 0.5822677612304688, "top": 77.55059814453125, "right": 91.13676452636719, "bottom": 500.0}], "time": 21.650869846343994}
