{"im": 4492, "res": [{"class": "sofa", "prob": 0.995122492313385, "left": 197.3990020751953, "top": 162.94725036621094, "right": 284.63140869140625, "bottom": 251.5591278076172}, {"class": "aeroplane", "prob": 0.9783810377120972, "left": 224.7203369140625, "top": 138.7585906982422, "right": 251.37661743164062, "bottom": 205.23460388183594}, {"class": "cat", "prob": 0.8483738899230957, "left": 78.53337097167969, "top": 166.3266143798828, "right": 202.58763122558594, "bottom": 214.71824645996094}, {"class": "bus", "prob": 0.717532753944397, "left": 187.086669921875, "top": 134.6036376953125, "right": 358.86248779296875, "bottom": 205.15408325195312}], "time": 21.400853157043457}
