{"im": 735, "res": [{"class": "aeroplane", "prob": 0.9986370205879211, "left": 123.40153503417969, "top": 99.14556884765625, "right": 253.6720428466797, "bottom": 421.81671142578125}], "time": 21.680756092071533}
