{"im": 3325, "res": [{"class": "bird", "prob": 0.9989860653877258, "left": 148.86712646484375, "top": 66.36897277832031, "right": 390.3154296875, "bottom": 209.64430236816406}], "time": 22.276083946228027}
