{"im": 1647, "res": [{"class": "aeroplane", "prob": 0.8458718657493591, "left": 162.85067749023438, "top": 185.7613983154297, "right": 199.45211791992188, "bottom": 216.43006896972656}, {"class": "aeroplane", "prob": 0.5177564024925232, "left": 265.2220153808594, "top": 159.9180908203125, "right": 289.6649475097656, "bottom": 192.80691528320312}], "time": 0.9721598625183105}
