{"im": 1778, "res": [{"class": "sheep", "prob": 0.9053854942321777, "left": 132.3660888671875, "top": 72.04580688476562, "right": 346.13885498046875, "bottom": 333.0}], "time": 1.020259141921997}
