{"im": 182, "res": [{"class": "aeroplane", "prob": 0.999812662601471, "left": 21.263076782226562, "top": 10.359039306640625, "right": 288.5550537109375, "bottom": 424.1864013671875}, {"class": "aeroplane", "prob": 0.9889819025993347, "left": 256.9590759277344, "top": 131.49395751953125, "right": 315.6116027832031, "bottom": 210.61721801757812}, {"class": "aeroplane", "prob": 0.6604747772216797, "left": 134.43148803710938, "top": 213.07818603515625, "right": 312.4042663574219, "bottom": 400.75665283203125}, {"class": "aeroplane", "prob": 0.5850543975830078, "left": 8.373052597045898, "top": 191.7645263671875, "right": 28.16017723083496, "bottom": 210.167724609375}], "time": 21.486629009246826}
