{"im": 4722, "res": [{"class": "bus", "prob": 0.9991641044616699, "left": 95.38433837890625, "top": 36.32948303222656, "right": 450.95037841796875, "bottom": 324.52325439453125}, {"class": "aeroplane", "prob": 0.9990212917327881, "left": 439.893310546875, "top": 170.34405517578125, "right": 499.8470458984375, "bottom": 367.20245361328125}], "time": 21.435420989990234}
