{"im": 957, "res": [{"class": "bottle", "prob": 0.6619028449058533, "left": 102.751220703125, "top": 161.03399658203125, "right": 485.85406494140625, "bottom": 294.58819580078125}], "time": 0.8352320194244385}
