{"im": 4220, "res": [{"class": "aeroplane", "prob": 0.5626243352890015, "left": 315.46392822265625, "top": 20.1025390625, "right": 500.0, "bottom": 354.5084228515625}], "time": 0.8847470283508301}
