{"im": 1220, "res": [{"class": "person", "prob": 0.997702419757843, "left": 203.8751220703125, "top": 68.90452575683594, "right": 304.362060546875, "bottom": 153.8007354736328}], "time": 21.108460187911987}
