{"im": 5026, "res": [{"class": "sheep", "prob": 0.6468725800514221, "left": 16.441940307617188, "top": 0.0, "right": 451.59912109375, "bottom": 500.0}], "time": 21.431851148605347}
