{"im": 773, "res": [{"class": "aeroplane", "prob": 0.941349446773529, "left": 284.7909240722656, "top": 316.0922546386719, "right": 344.1661682128906, "bottom": 492.7228088378906}, {"class": "aeroplane", "prob": 0.8644536137580872, "left": 302.00994873046875, "top": 345.49072265625, "right": 329.29315185546875, "bottom": 472.84600830078125}], "time": 0.8355629444122314}
