{"im": 3519, "res": [{"class": "pottedplant", "prob": 0.9894693493843079, "left": 210.65237426757812, "top": 136.00155639648438, "right": 280.7430725097656, "bottom": 183.70126342773438}], "time": 21.467025995254517}
