{"im": 5414, "res": [{"class": "aeroplane", "prob": 0.9978643655776978, "left": 266.7930603027344, "top": 75.82307434082031, "right": 459.8506774902344, "bottom": 368.97235107421875}], "time": 21.504189252853394}
