{"im": 1740, "res": [{"class": "pottedplant", "prob": 0.6873818635940552, "left": 213.220458984375, "top": 115.6836929321289, "right": 361.0589599609375, "bottom": 219.071533203125}], "time": 0.8553681373596191}
