{"im": 916, "res": [{"class": "sheep", "prob": 0.9931609630584717, "left": 156.66629028320312, "top": 90.13543701171875, "right": 286.64239501953125, "bottom": 208.6767578125}], "time": 21.103946924209595}
