{"im": 2602, "res": [{"class": "bicycle", "prob": 0.8778456449508667, "left": 32.19197082519531, "top": 76.23072052001953, "right": 469.09423828125, "bottom": 314.909912109375}], "time": 0.8642699718475342}
