{"im": 2731, "res": [{"class": "aeroplane", "prob": 0.9911512732505798, "left": 66.48193359375, "top": 225.33950805664062, "right": 88.99560546875, "bottom": 305.6468200683594}, {"class": "aeroplane", "prob": 0.96314936876297, "left": 109.65609741210938, "top": 229.79112243652344, "right": 134.77706909179688, "bottom": 303.7438049316406}, {"class": "aeroplane", "prob": 0.964180052280426, "left": 148.07916259765625, "top": 228.50291442871094, "right": 166.07254028320312, "bottom": 284.6338195800781}], "time": 21.486695051193237}
