{"im": 425, "res": [{"class": "pottedplant", "prob": 0.917536199092865, "left": 162.24887084960938, "top": 15.45916748046875, "right": 398.7274475097656, "bottom": 207.75408935546875}], "time": 0.8302888870239258}
