{"im": 1358, "res": [{"class": "boat", "prob": 0.6928555369377136, "left": 54.86334991455078, "top": 223.45420837402344, "right": 285.0962829589844, "bottom": 370.05181884765625}, {"class": "aeroplane", "prob": 0.6820418834686279, "left": 182.47491455078125, "top": 117.38330078125, "right": 266.93505859375, "bottom": 298.30914306640625}, {"class": "boat", "prob": 0.6263023614883423, "left": 300.76434326171875, "top": 176.360595703125, "right": 326.52069091796875, "bottom": 224.03573608398438}], "time": 0.9506480693817139}
