{"im": 4048, "res": [{"class": "pottedplant", "prob": 0.961326003074646, "left": 2.001739501953125, "top": 71.79348754882812, "right": 327.8253173828125, "bottom": 476.5658874511719}], "time": 23.07142400741577}
