{"im": 2691, "res": [{"class": "aeroplane", "prob": 0.9992865920066833, "left": 179.56375122070312, "top": 168.46493530273438, "right": 228.48684692382812, "bottom": 375.0}, {"class": "bus", "prob": 0.991008460521698, "left": 38.97776794433594, "top": 3.9248046875, "right": 456.05291748046875, "bottom": 355.49237060546875}, {"class": "aeroplane", "prob": 0.7861368060112, "left": 90.36556243896484, "top": 180.8448944091797, "right": 129.58804321289062, "bottom": 223.4992218017578}], "time": 21.439337015151978}
