{"im": 4218, "res": [{"class": "bus", "prob": 0.9859676361083984, "left": 48.763580322265625, "top": 95.03936004638672, "right": 371.1319580078125, "bottom": 293.3832702636719}, {"class": "bus", "prob": 0.8916834592819214, "left": 359.4288635253906, "top": 108.2694320678711, "right": 497.1907653808594, "bottom": 317.2540588378906}], "time": 0.8286049365997314}
