{"im": 2385, "res": [{"class": "car", "prob": 0.6679884195327759, "left": 88.83756256103516, "top": 137.58380126953125, "right": 317.8009338378906, "bottom": 325.2875671386719}], "time": 0.8359291553497314}
