{"im": 3322, "res": [{"class": "bus", "prob": 0.9993981122970581, "left": 51.68287658691406, "top": 41.914825439453125, "right": 461.275634765625, "bottom": 293.8479309082031}, {"class": "bird", "prob": 0.9800214171409607, "left": 0.29009437561035156, "top": 171.11680603027344, "right": 60.0062255859375, "bottom": 197.32652282714844}, {"class": "aeroplane", "prob": 0.8554516434669495, "left": 98.07091522216797, "top": 116.47164916992188, "right": 144.03062438964844, "bottom": 186.58184814453125}], "time": 23.551783800125122}
