{"im": 4114, "res": [{"class": "pottedplant", "prob": 0.8179311156272888, "left": 163.41958618164062, "top": 193.85670471191406, "right": 282.80096435546875, "bottom": 303.11212158203125}], "time": 0.8951809406280518}
