{"im": 5020, "res": [{"class": "bottle", "prob": 0.9805020689964294, "left": 206.81044006347656, "top": 142.19384765625, "right": 327.037841796875, "bottom": 187.89337158203125}, {"class": "bottle", "prob": 0.8893024921417236, "left": 236.91650390625, "top": 146.28456115722656, "right": 291.13446044921875, "bottom": 181.12339782714844}], "time": 0.8527817726135254}
