{"im": 3698, "res": [{"class": "sheep", "prob": 0.9927806258201599, "left": 120.00271606445312, "top": 131.36285400390625, "right": 337.4303283691406, "bottom": 356.77899169921875}, {"class": "aeroplane", "prob": 0.9583746790885925, "left": 0.0, "top": 0.0, "right": 125.18397521972656, "bottom": 232.2903289794922}], "time": 21.609721660614014}
