{"im": 4753, "res": [{"class": "sheep", "prob": 0.546489953994751, "left": 212.72109985351562, "top": 127.25475311279297, "right": 457.0169372558594, "bottom": 345.82684326171875}], "time": 0.817986011505127}
