{"im": 5671, "res": [{"class": "person", "prob": 0.9708073139190674, "left": 246.23915100097656, "top": 39.170318603515625, "right": 350.7032470703125, "bottom": 126.73942565917969}, {"class": "person", "prob": 0.9487364292144775, "left": 269.8766174316406, "top": 52.76111602783203, "right": 318.6875915527344, "bottom": 116.48177337646484}, {"class": "person", "prob": 0.6718320846557617, "left": 459.64691162109375, "top": 172.281005859375, "right": 478.89190673828125, "bottom": 211.34591674804688}, {"class": "person", "prob": 0.5101898908615112, "left": 297.2088317871094, "top": 185.81761169433594, "right": 389.6031799316406, "bottom": 238.39466857910156}], "time": 0.999284029006958}
