{"im": 2743, "res": [{"class": "aeroplane", "prob": 0.665052592754364, "left": 153.35702514648438, "top": 102.45120239257812, "right": 263.7237854003906, "bottom": 470.7538146972656}], "time": 1.0307469367980957}
