{"im": 2421, "res": [{"class": "bicycle", "prob": 0.5957313776016235, "left": 1.0833282470703125, "top": 44.2626953125, "right": 426.34710693359375, "bottom": 308.1095275878906}], "time": 0.8308627605438232}
