{"im": 5358, "res": [{"class": "aeroplane", "prob": 0.9981409907341003, "left": 208.93128967285156, "top": 144.38363647460938, "right": 249.3206024169922, "bottom": 274.67919921875}, {"class": "car", "prob": 0.9979068040847778, "left": 47.04017639160156, "top": 22.301742553710938, "right": 498.332275390625, "bottom": 320.83349609375}], "time": 23.059634923934937}
