{"im": 2335, "res": [{"class": "bus", "prob": 0.5054206848144531, "left": 213.9534912109375, "top": 86.48355865478516, "right": 434.3004150390625, "bottom": 242.5367431640625}], "time": 0.8504641056060791}
