{"im": 4081, "res": [{"class": "aeroplane", "prob": 0.8237281441688538, "left": 327.5707702636719, "top": 104.33419799804688, "right": 500.0, "bottom": 332.2655029296875}], "time": 0.90482497215271}
