{"im": 4827, "res": [{"class": "boat", "prob": 0.9485492706298828, "left": 0.0, "top": 43.67170715332031, "right": 298.07672119140625, "bottom": 454.30157470703125}], "time": 21.43731999397278}
