{"im": 4896, "res": [{"class": "aeroplane", "prob": 0.9982367157936096, "left": 282.2181091308594, "top": 169.55364990234375, "right": 370.7304992675781, "bottom": 272.5260009765625}, {"class": "boat", "prob": 0.983110785484314, "left": 0.0, "top": 148.6369171142578, "right": 245.4871826171875, "bottom": 275.8284912109375}, {"class": "aeroplane", "prob": 0.9675636291503906, "left": 366.0467529296875, "top": 171.36038208007812, "right": 440.4676513671875, "bottom": 250.78826904296875}, {"class": "chair", "prob": 0.9253585934638977, "left": 348.7736511230469, "top": 202.5234832763672, "right": 500.0, "bottom": 347.9189453125}], "time": 21.40198802947998}
