{"im": 789, "res": [{"class": "pottedplant", "prob": 0.5555556416511536, "left": 4.47705078125, "top": 5.3819732666015625, "right": 495.996337890625, "bottom": 364.4056396484375}, {"class": "pottedplant", "prob": 0.7673929333686829, "left": 88.5697021484375, "top": 0.335174560546875, "right": 461.12725830078125, "bottom": 223.20179748535156}], "time": 21.766060829162598}
