{"im": 1618, "res": [{"class": "aeroplane", "prob": 0.9176141023635864, "left": 102.21070861816406, "top": 61.55772399902344, "right": 225.5497283935547, "bottom": 365.9954833984375}, {"class": "aeroplane", "prob": 0.8568755984306335, "left": 189.76080322265625, "top": 82.59947204589844, "right": 328.7926025390625, "bottom": 368.767333984375}, {"class": "aeroplane", "prob": 0.7595080733299255, "left": 306.61474609375, "top": 64.56234741210938, "right": 419.24725341796875, "bottom": 366.34442138671875}], "time": 1.1571547985076904}
