{"im": 477, "res": [{"class": "aeroplane", "prob": 0.5322272181510925, "left": 0.0, "top": 64.72532653808594, "right": 354.71832275390625, "bottom": 375.0}], "time": 0.8620479106903076}
