{"im": 4272, "res": [{"class": "bus", "prob": 0.999466061592102, "left": 53.44212341308594, "top": 44.199180603027344, "right": 453.88482666015625, "bottom": 295.9080810546875}], "time": 21.69941210746765}
