{"im": 5337, "res": [{"class": "bus", "prob": 0.999441921710968, "left": 86.96279907226562, "top": 124.64163970947266, "right": 459.0338439941406, "bottom": 291.97998046875}, {"class": "bus", "prob": 0.84968101978302, "left": 469.957763671875, "top": 163.05096435546875, "right": 499.895263671875, "bottom": 247.79049682617188}], "time": 21.46634602546692}
