{"im": 4374, "res": [{"class": "pottedplant", "prob": 0.9639090895652771, "left": 97.89157104492188, "top": 49.462730407714844, "right": 457.5426330566406, "bottom": 273.9322814941406}], "time": 21.448902130126953}
