{"im": 4138, "res": [{"class": "sheep", "prob": 0.9931606650352478, "left": 4.91845703125, "top": 90.57174682617188, "right": 312.0053405761719, "bottom": 471.1908874511719}], "time": 21.75671887397766}
