{"im": 3254, "res": [{"class": "aeroplane", "prob": 0.9147382378578186, "left": 194.0706787109375, "top": 109.062744140625, "right": 392.943359375, "bottom": 348.52532958984375}, {"class": "aeroplane", "prob": 0.5368680953979492, "left": 9.389439582824707, "top": 283.63153076171875, "right": 33.97700500488281, "bottom": 339.3092041015625}], "time": 0.8764519691467285}
