{"im": 5053, "res": [{"class": "bottle", "prob": 0.997087299823761, "left": 124.53617858886719, "top": 138.1559295654297, "right": 282.25531005859375, "bottom": 277.16033935546875}], "time": 21.408441066741943}
