{"im": 5574, "res": [{"class": "car", "prob": 0.9991984963417053, "left": 88.11802673339844, "top": 136.5306396484375, "right": 412.87091064453125, "bottom": 239.03677368164062}, {"class": "car", "prob": 0.871096670627594, "left": 0.0, "top": 135.21435546875, "right": 101.77507019042969, "bottom": 230.94778442382812}], "time": 21.116986989974976}
