{"im": 4058, "res": [{"class": "pottedplant", "prob": 0.9992160797119141, "left": 302.74530029296875, "top": 73.53138732910156, "right": 470.2330322265625, "bottom": 222.67054748535156}, {"class": "pottedplant", "prob": 0.9651686549186707, "left": 11.224117279052734, "top": 184.64857482910156, "right": 63.63331985473633, "bottom": 260.8620910644531}], "time": 21.708343982696533}
