{"im": 536, "res": [{"class": "aeroplane", "prob": 0.9990549087524414, "left": 148.20420837402344, "top": 126.45268249511719, "right": 213.38890075683594, "bottom": 328.73162841796875}, {"class": "aeroplane", "prob": 0.9985710382461548, "left": 288.8744201660156, "top": 119.17645263671875, "right": 326.1455383300781, "bottom": 261.6247863769531}, {"class": "aeroplane", "prob": 0.9973466992378235, "left": 90.94168853759766, "top": 132.13671875, "right": 134.99761962890625, "bottom": 250.35714721679688}, {"class": "aeroplane", "prob": 0.7120286226272583, "left": 23.54728126525879, "top": 121.38970947265625, "right": 31.386781692504883, "bottom": 134.90408325195312}], "time": 21.92610001564026}
