{"im": 728, "res": [{"class": "sofa", "prob": 0.8699963688850403, "left": 86.97758483886719, "top": 98.59766387939453, "right": 329.3314208984375, "bottom": 288.8583984375}], "time": 1.0064420700073242}
