{"im": 5549, "res": [{"class": "bicycle", "prob": 0.9463514089584351, "left": 336.181396484375, "top": 0.0, "right": 497.22161865234375, "bottom": 285.00018310546875}], "time": 22.83237910270691}
