{"im": 1822, "res": [{"class": "sheep", "prob": 0.8878335356712341, "left": 181.69305419921875, "top": 170.94570922851562, "right": 373.21661376953125, "bottom": 423.2302551269531}], "time": 0.8308250904083252}
