{"im": 4518, "res": [{"class": "sheep", "prob": 0.9865374565124512, "left": 24.048721313476562, "top": 67.29786682128906, "right": 357.37664794921875, "bottom": 489.1048583984375}, {"class": "bird", "prob": 0.9159578680992126, "left": 0.0, "top": 78.7301025390625, "right": 128.9035186767578, "bottom": 178.4080810546875}], "time": 21.49809694290161}
