{"im": 3003, "res": [{"class": "sheep", "prob": 0.9967884421348572, "left": 261.605224609375, "top": 206.5675506591797, "right": 352.0086669921875, "bottom": 271.709716796875}, {"class": "sheep", "prob": 0.932881236076355, "left": 18.1099853515625, "top": 134.79364013671875, "right": 216.15252685546875, "bottom": 272.2587890625}], "time": 23.2635760307312}
