{"im": 4330, "res": [{"class": "boat", "prob": 0.9786868691444397, "left": 193.87481689453125, "top": 330.8903503417969, "right": 384.3892822265625, "bottom": 485.4808654785156}], "time": 22.385520219802856}
