{"im": 4947, "res": [{"class": "bird", "prob": 0.7440999746322632, "left": 219.29681396484375, "top": 180.16061401367188, "right": 346.8800048828125, "bottom": 247.67636108398438}, {"class": "cat", "prob": 0.5777373909950256, "left": 219.29681396484375, "top": 180.16061401367188, "right": 346.8800048828125, "bottom": 247.67636108398438}, {"class": "bird", "prob": 0.6098388433456421, "left": 249.85096740722656, "top": 189.2674102783203, "right": 312.27783203125, "bottom": 244.9368438720703}], "time": 0.9298989772796631}
