{"im": 3575, "res": [{"class": "bird", "prob": 0.550146758556366, "left": 28.046783447265625, "top": 199.57058715820312, "right": 352.6359558105469, "bottom": 382.1227722167969}, {"class": "cat", "prob": 0.5180053114891052, "left": 28.046783447265625, "top": 199.57058715820312, "right": 352.6359558105469, "bottom": 382.1227722167969}], "time": 0.9848198890686035}
