{"im": 2803, "res": [{"class": "person", "prob": 0.5641160607337952, "left": 216.1957550048828, "top": 103.59794616699219, "right": 342.1026611328125, "bottom": 205.79054260253906}], "time": 0.8976869583129883}
