{"im": 3344, "res": [{"class": "tvmonitor", "prob": 0.9952645897865295, "left": 82.23687744140625, "top": 69.25283813476562, "right": 387.8548583984375, "bottom": 294.1875305175781}], "time": 21.68620204925537}
