{"im": 5703, "res": [{"class": "bicycle", "prob": 0.9963029623031616, "left": 15.64111328125, "top": 52.102081298828125, "right": 444.2142333984375, "bottom": 316.52935791015625}], "time": 21.221532106399536}
