{"im": 800, "res": [{"class": "aeroplane", "prob": 0.8253999352455139, "left": 42.32389831542969, "top": 41.19389343261719, "right": 308.35723876953125, "bottom": 488.34173583984375}], "time": 22.766823291778564}
