{"im": 5757, "res": [{"class": "sofa", "prob": 0.5104795694351196, "left": 240.42501831054688, "top": 198.5074005126953, "right": 265.0737609863281, "bottom": 233.1638641357422}], "time": 0.8529782295227051}
