{"im": 2085, "res": [{"class": "aeroplane", "prob": 0.9998112916946411, "left": 0.0, "top": 165.41123962402344, "right": 76.74673461914062, "bottom": 326.0}, {"class": "car", "prob": 0.9995365142822266, "left": 10.175399780273438, "top": 44.713462829589844, "right": 470.38580322265625, "bottom": 282.26165771484375}], "time": 21.646338939666748}
