{"im": 4230, "res": [{"class": "aeroplane", "prob": 0.8465789556503296, "left": 112.39707946777344, "top": 81.70989990234375, "right": 496.36187744140625, "bottom": 362.2840270996094}], "time": 21.655022859573364}
