{"im": 3021, "res": [{"class": "aeroplane", "prob": 0.9969881772994995, "left": 25.729461669921875, "top": 153.6492156982422, "right": 375.45123291015625, "bottom": 367.340576171875}, {"class": "bird", "prob": 0.9527859687805176, "left": 0.0, "top": 184.36207580566406, "right": 33.863548278808594, "bottom": 210.9287872314453}], "time": 21.695717811584473}
