{"im": 184, "res": [{"class": "aeroplane", "prob": 0.968288242816925, "left": 6.2953948974609375, "top": 46.59062194824219, "right": 271.95782470703125, "bottom": 450.59210205078125}, {"class": "aeroplane", "prob": 0.7080168724060059, "left": 112.21822357177734, "top": 39.72254943847656, "right": 300.5392761230469, "bottom": 371.66259765625}], "time": 21.48566699028015}
