{"im": 956, "res": [{"class": "car", "prob": 0.971513032913208, "left": 44.232421875, "top": 149.6133270263672, "right": 106.58589172363281, "bottom": 191.6134490966797}], "time": 21.03789520263672}
