{"im": 3617, "res": [{"class": "bird", "prob": 0.9836409091949463, "left": 21.73541259765625, "top": 20.618179321289062, "right": 481.0222473144531, "bottom": 356.97802734375}, {"class": "bird", "prob": 0.6199043989181519, "left": 0.0, "top": 24.545799255371094, "right": 153.1580810546875, "bottom": 194.86248779296875}], "time": 21.546769857406616}
