{"im": 4896, "res": [{"class": "bicycle", "prob": 0.5253036618232727, "left": 0.0, "top": 152.52903747558594, "right": 257.7725830078125, "bottom": 278.272216796875}, {"class": "aeroplane", "prob": 0.7437548041343689, "left": 293.874267578125, "top": 168.74896240234375, "right": 369.6573486328125, "bottom": 274.69854736328125}, {"class": "aeroplane", "prob": 0.5670703649520874, "left": 303.775634765625, "top": 182.26080322265625, "right": 337.6533203125, "bottom": 256.2857971191406}], "time": 1.0809011459350586}
