{"im": 1188, "res": [{"class": "aeroplane", "prob": 0.6293924450874329, "left": 7.431610107421875, "top": 91.67318725585938, "right": 203.8141326904297, "bottom": 320.0472717285156}], "time": 1.2791340351104736}
