{"im": 1010, "res": [{"class": "aeroplane", "prob": 0.9994787573814392, "left": 297.7250061035156, "top": 48.44757080078125, "right": 480.0, "bottom": 357.37933349609375}, {"class": "aeroplane", "prob": 0.9950925707817078, "left": 0.0, "top": 60.92535400390625, "right": 222.98507690429688, "bottom": 355.60272216796875}, {"class": "aeroplane", "prob": 0.9932534098625183, "left": 112.85250091552734, "top": 47.677001953125, "right": 362.1755065917969, "bottom": 353.4826354980469}], "time": 21.196418046951294}
