{"im": 5416, "res": [{"class": "pottedplant", "prob": 0.985659122467041, "left": 11.42864990234375, "top": 0.9224395751953125, "right": 485.84771728515625, "bottom": 370.77459716796875}], "time": 21.448187112808228}
