{"im": 2742, "res": [{"class": "aeroplane", "prob": 0.9186720848083496, "left": 170.3522491455078, "top": 157.68365478515625, "right": 249.03709411621094, "bottom": 322.9889221191406}, {"class": "aeroplane", "prob": 0.6631744503974915, "left": 189.21316528320312, "top": 183.3803253173828, "right": 226.10629272460938, "bottom": 295.2928466796875}], "time": 0.9172229766845703}
