{"im": 2573, "res": [{"class": "sofa", "prob": 0.9943165183067322, "left": 190.32464599609375, "top": 293.1617126464844, "right": 330.640625, "bottom": 401.6639099121094}], "time": 21.496503829956055}
