{"im": 2734, "res": [{"class": "sheep", "prob": 0.6159717440605164, "left": 0.0, "top": 18.5762939453125, "right": 500.0, "bottom": 357.0057067871094}], "time": 21.44050097465515}
