{"im": 5688, "res": [{"class": "aeroplane", "prob": 0.9910240173339844, "left": 199.28140258789062, "top": 143.10987854003906, "right": 412.7594909667969, "bottom": 373.88323974609375}, {"class": "aeroplane", "prob": 0.9841734766960144, "left": 114.13015747070312, "top": 149.92051696777344, "right": 278.28192138671875, "bottom": 375.0}], "time": 21.43544101715088}
