{"im": 1003, "res": [{"class": "aeroplane", "prob": 0.998633623123169, "left": 248.95652770996094, "top": 98.76089477539062, "right": 373.89837646484375, "bottom": 368.2524108886719}, {"class": "aeroplane", "prob": 0.9970592260360718, "left": 170.4171142578125, "top": 160.88868713378906, "right": 280.8638916015625, "bottom": 363.63909912109375}, {"class": "aeroplane", "prob": 0.8939459323883057, "left": 158.88009643554688, "top": 94.29855346679688, "right": 280.3688049316406, "bottom": 276.6089172363281}], "time": 21.056092977523804}
