{"im": 2307, "res": [{"class": "person", "prob": 0.6899442076683044, "left": 199.28689575195312, "top": 111.5628662109375, "right": 278.88226318359375, "bottom": 236.80792236328125}, {"class": "person", "prob": 0.6821671724319458, "left": 218.25244140625, "top": 132.82623291015625, "right": 259.7723388671875, "bottom": 214.42266845703125}], "time": 0.8961930274963379}
