{"im": 2946, "res": [{"class": "aeroplane", "prob": 0.8505645990371704, "left": 3.3038330078125, "top": 0.0, "right": 256.92901611328125, "bottom": 333.0}, {"class": "pottedplant", "prob": 0.6551569700241089, "left": 302.86297607421875, "top": 29.879501342773438, "right": 423.59320068359375, "bottom": 84.28219604492188}, {"class": "pottedplant", "prob": 0.5450345277786255, "left": 342.5596008300781, "top": 36.41328430175781, "right": 397.2686462402344, "bottom": 76.50745391845703}], "time": 0.8419277667999268}
