{"im": 2770, "res": [{"class": "sheep", "prob": 0.6824154853820801, "left": 111.42337799072266, "top": 137.17813110351562, "right": 339.0018310546875, "bottom": 288.94464111328125}], "time": 23.023871898651123}
