{"im": 5459, "res": [{"class": "aeroplane", "prob": 0.9299387335777283, "left": 382.98211669921875, "top": 252.61019897460938, "right": 447.80792236328125, "bottom": 286.4136047363281}, {"class": "chair", "prob": 0.8969857692718506, "left": 201.3379669189453, "top": 130.75880432128906, "right": 298.32501220703125, "bottom": 183.85362243652344}, {"class": "aeroplane", "prob": 0.8101237416267395, "left": 379.50146484375, "top": 261.3560791015625, "right": 429.3515625, "bottom": 284.3077392578125}, {"class": "aeroplane", "prob": 0.772300660610199, "left": 419.1190490722656, "top": 250.010009765625, "right": 459.4972839355469, "bottom": 284.9136962890625}], "time": 21.417760848999023}
