{"im": 862, "res": [{"class": "aeroplane", "prob": 0.8199140429496765, "left": 39.440208435058594, "top": 63.96754455566406, "right": 178.32760620117188, "bottom": 460.7088623046875}], "time": 0.8578572273254395}
