{"im": 2097, "res": [{"class": "person", "prob": 0.9935439229011536, "left": 306.43035888671875, "top": 56.19690704345703, "right": 399.2425537109375, "bottom": 153.34967041015625}, {"class": "sheep", "prob": 0.7494542598724365, "left": 32.11564636230469, "top": 45.234100341796875, "right": 166.84226989746094, "bottom": 108.95225524902344}, {"class": "person", "prob": 0.9783117175102234, "left": 356.3206481933594, "top": 241.47738647460938, "right": 466.6833190917969, "bottom": 312.5989074707031}], "time": 21.67909002304077}
