{"im": 3315, "res": [{"class": "sheep", "prob": 0.5005331039428711, "left": 142.74490356445312, "top": 10.904144287109375, "right": 330.293701171875, "bottom": 375.0}], "time": 0.8706860542297363}
