{"im": 5356, "res": [{"class": "bus", "prob": 0.9985671043395996, "left": 43.56146240234375, "top": 25.462005615234375, "right": 460.1217956542969, "bottom": 313.45501708984375}, {"class": "bus", "prob": 0.9909226298332214, "left": 464.7555847167969, "top": 118.45509338378906, "right": 500.0, "bottom": 167.1431427001953}, {"class": "bus", "prob": 0.794317901134491, "left": 0.10795402526855469, "top": 56.300071716308594, "right": 38.646018981933594, "bottom": 285.85272216796875}], "time": 21.462116241455078}
