{"im": 3927, "res": [{"class": "pottedplant", "prob": 0.8692135214805603, "left": 99.0132827758789, "top": 102.13362121582031, "right": 323.92608642578125, "bottom": 338.7882080078125}], "time": 0.8718411922454834}
