{"im": 2128, "res": [{"class": "person", "prob": 0.9424108862876892, "left": 75.73945617675781, "top": 137.7988739013672, "right": 264.34820556640625, "bottom": 261.64935302734375}], "time": 0.8305680751800537}
