{"im": 4800, "res": [{"class": "bird", "prob": 0.9842693209648132, "left": 13.653335571289062, "top": 116.1307601928711, "right": 429.23876953125, "bottom": 313.69256591796875}, {"class": "aeroplane", "prob": 0.9141272306442261, "left": 96.37779235839844, "top": 111.32988739013672, "right": 182.9422149658203, "bottom": 362.5399475097656}, {"class": "bird", "prob": 0.6598743796348572, "left": 0.268157958984375, "top": 112.0169448852539, "right": 182.1790771484375, "bottom": 258.0075988769531}], "time": 21.421115159988403}
