{"im": 1241, "res": [{"class": "aeroplane", "prob": 0.7512494325637817, "left": 278.01715087890625, "top": 91.80010986328125, "right": 347.736083984375, "bottom": 312.7961730957031}], "time": 0.8376789093017578}
