{"im": 2167, "res": [{"class": "person", "prob": 0.7765139937400818, "left": 205.29022216796875, "top": 172.89617919921875, "right": 279.7206726074219, "bottom": 241.32955932617188}], "time": 21.541413068771362}
