{"im": 4410, "res": [{"class": "aeroplane", "prob": 0.9940378665924072, "left": 0.0, "top": 12.79376220703125, "right": 197.42526245117188, "bottom": 349.0677490234375}, {"class": "sheep", "prob": 0.9587872624397278, "left": 130.8739013671875, "top": 113.54469299316406, "right": 243.5380859375, "bottom": 278.90057373046875}], "time": 21.418445110321045}
