{"im": 4069, "res": [{"class": "sheep", "prob": 0.9680535793304443, "left": 14.32232666015625, "top": 2.0063323974609375, "right": 339.35870361328125, "bottom": 455.6617431640625}], "time": 21.623409032821655}
