{"im": 4264, "res": [{"class": "pottedplant", "prob": 0.5547214150428772, "left": 20.918106079101562, "top": 68.30545043945312, "right": 310.9228515625, "bottom": 309.6237487792969}], "time": 0.8300797939300537}
