{"im": 4919, "res": [{"class": "aeroplane", "prob": 0.9992409944534302, "left": 182.86929321289062, "top": 81.81896209716797, "right": 324.37530517578125, "bottom": 274.95526123046875}, {"class": "aeroplane", "prob": 0.9990715384483337, "left": 0.6480941772460938, "top": 75.56361389160156, "right": 143.29522705078125, "bottom": 356.0198974609375}, {"class": "aeroplane", "prob": 0.9981716871261597, "left": 366.25445556640625, "top": 81.30471801757812, "right": 500.0, "bottom": 350.104248046875}], "time": 21.40735936164856}
