{"im": 2483, "res": [{"class": "bicycle", "prob": 0.9309741258621216, "left": 31.158584594726562, "top": 34.969329833984375, "right": 478.564453125, "bottom": 272.3575134277344}], "time": 0.8298671245574951}
