{"im": 390, "res": [{"class": "aeroplane", "prob": 0.9544587731361389, "left": 146.7048797607422, "top": 18.87908935546875, "right": 343.74896240234375, "bottom": 239.82284545898438}], "time": 0.9671108722686768}
