{"im": 599, "res": [{"class": "aeroplane", "prob": 0.8787075281143188, "left": 151.92230224609375, "top": 77.9726333618164, "right": 292.8371887207031, "bottom": 292.0}], "time": 0.8449931144714355}
