{"im": 1405, "res": [{"class": "aeroplane", "prob": 0.9036614298820496, "left": 137.237060546875, "top": 67.85484313964844, "right": 235.8870849609375, "bottom": 274.85205078125}], "time": 0.8515651226043701}
