{"im": 865, "res": [{"class": "aeroplane", "prob": 0.763962984085083, "left": 286.19549560546875, "top": 54.918975830078125, "right": 314.6387939453125, "bottom": 193.96656799316406}, {"class": "aeroplane", "prob": 0.646887481212616, "left": 268.7396240234375, "top": 43.08361053466797, "right": 334.934814453125, "bottom": 224.82171630859375}], "time": 0.8554527759552002}
