{"im": 1807, "res": [{"class": "pottedplant", "prob": 0.9590536952018738, "left": 21.703582763671875, "top": 16.120208740234375, "right": 307.8884582519531, "bottom": 238.296142578125}, {"class": "pottedplant", "prob": 0.9641494750976562, "left": 161.36102294921875, "top": 70.15961456298828, "right": 485.3460693359375, "bottom": 268.8022766113281}], "time": 21.626335859298706}
