{"im": 4632, "res": [{"class": "sheep", "prob": 0.997503936290741, "left": 87.01107788085938, "top": 103.4225845336914, "right": 321.7007141113281, "bottom": 274.4639587402344}], "time": 21.37879490852356}
