{"im": 4006, "res": [{"class": "aeroplane", "prob": 0.9963696002960205, "left": 233.00411987304688, "top": 98.27186584472656, "right": 432.4087219238281, "bottom": 364.38140869140625}], "time": 21.644816160202026}
