{"im": 4247, "res": [{"class": "car", "prob": 0.999804675579071, "left": 99.66810607910156, "top": 79.19752502441406, "right": 397.750732421875, "bottom": 267.71502685546875}], "time": 23.28864097595215}
