{"im": 3049, "res": [{"class": "bicycle", "prob": 0.9975758194923401, "left": 16.628219604492188, "top": 21.986419677734375, "right": 429.90765380859375, "bottom": 363.42022705078125}], "time": 21.965663194656372}
