{"im": 5542, "res": [{"class": "aeroplane", "prob": 0.9700667858123779, "left": 193.49864196777344, "top": 100.07916259765625, "right": 472.14654541015625, "bottom": 441.072021484375}, {"class": "aeroplane", "prob": 0.9111738204956055, "left": 9.573257446289062, "top": 99.85739135742188, "right": 440.5701904296875, "bottom": 406.10797119140625}], "time": 22.740839958190918}
