{"im": 3985, "res": [{"class": "aeroplane", "prob": 0.5145308375358582, "left": 3.3683319091796875, "top": 12.602386474609375, "right": 275.75225830078125, "bottom": 500.0}], "time": 0.9425737857818604}
