{"im": 1308, "res": [{"class": "boat", "prob": 0.9922114610671997, "left": 104.3897476196289, "top": 178.0167236328125, "right": 325.7854919433594, "bottom": 339.87548828125}], "time": 26.086522817611694}
