{"im": 623, "res": [{"class": "train", "prob": 0.746965765953064, "left": 94.39522552490234, "top": 118.85549926757812, "right": 327.1284484863281, "bottom": 265.4866638183594}], "time": 0.8517210483551025}
