{"im": 569, "res": [{"class": "aeroplane", "prob": 0.9993901252746582, "left": 246.86085510253906, "top": 63.545570373535156, "right": 463.63531494140625, "bottom": 290.30133056640625}, {"class": "aeroplane", "prob": 0.9992700219154358, "left": 19.71759033203125, "top": 38.965087890625, "right": 307.2385559082031, "bottom": 294.0}], "time": 21.508334159851074}
