{"im": 3905, "res": [{"class": "aeroplane", "prob": 0.7418673038482666, "left": 269.8402404785156, "top": 25.080062866210938, "right": 465.6540222167969, "bottom": 213.63050842285156}, {"class": "aeroplane", "prob": 0.7617340683937073, "left": 48.256431579589844, "top": 22.276397705078125, "right": 236.95623779296875, "bottom": 332.0}], "time": 0.8547918796539307}
