{"im": 2939, "res": [{"class": "chair", "prob": 0.7920945286750793, "left": 134.50323486328125, "top": 179.1838836669922, "right": 301.5605773925781, "bottom": 209.6317596435547}, {"class": "chair", "prob": 0.6939457654953003, "left": 181.4954376220703, "top": 183.5294952392578, "right": 253.3745880126953, "bottom": 207.7584991455078}], "time": 0.8866519927978516}
