{"im": 5045, "res": [{"class": "sheep", "prob": 0.9668352007865906, "left": 101.14100646972656, "top": 7.5286102294921875, "right": 454.40655517578125, "bottom": 315.35198974609375}], "time": 21.434882879257202}
