{"im": 3857, "res": [{"class": "bird", "prob": 0.9964905977249146, "left": 43.295867919921875, "top": 116.24077606201172, "right": 500.0, "bottom": 362.39794921875}], "time": 21.60618281364441}
