{"im": 1401, "res": [{"class": "pottedplant", "prob": 0.998682975769043, "left": 10.92803955078125, "top": 88.73977661132812, "right": 321.65130615234375, "bottom": 300.8240966796875}], "time": 21.729285955429077}
