{"im": 4465, "res": [{"class": "sofa", "prob": 0.987510621547699, "left": 81.55587768554688, "top": 60.209197998046875, "right": 420.9694519042969, "bottom": 356.5845031738281}, {"class": "sofa", "prob": 0.8593815565109253, "left": 5.921356201171875, "top": 12.686065673828125, "right": 137.95120239257812, "bottom": 192.85723876953125}], "time": 21.404491186141968}
