{"im": 4295, "res": [{"class": "pottedplant", "prob": 0.5492520332336426, "left": 26.7833251953125, "top": 24.035430908203125, "right": 474.85650634765625, "bottom": 362.98406982421875}], "time": 0.8122379779815674}
