{"im": 3550, "res": [{"class": "aeroplane", "prob": 0.9734772443771362, "left": 313.83868408203125, "top": 0.0, "right": 375.0, "bottom": 344.9446716308594}], "time": 21.54978585243225}
