{"im": 3321, "res": [{"class": "car", "prob": 0.9998851418495178, "left": 48.4970703125, "top": 83.77864074707031, "right": 366.8247985839844, "bottom": 427.0902099609375}], "time": 25.402518033981323}
