{"im": 1433, "res": [{"class": "aeroplane", "prob": 0.5746574401855469, "left": 7.0628204345703125, "top": 63.71405029296875, "right": 213.36631774902344, "bottom": 371.93902587890625}], "time": 0.8341081142425537}
