{"im": 4634, "res": [{"class": "sheep", "prob": 0.9828171133995056, "left": 250.36251831054688, "top": 61.987464904785156, "right": 388.1630554199219, "bottom": 293.2436218261719}], "time": 21.406999111175537}
