{"im": 2409, "res": [{"class": "boat", "prob": 0.9992075562477112, "left": 83.86143493652344, "top": 112.83763885498047, "right": 424.41180419921875, "bottom": 316.0387268066406}, {"class": "boat", "prob": 0.9433794617652893, "left": 33.620086669921875, "top": 116.18051147460938, "right": 209.90679931640625, "bottom": 275.4154357910156}, {"class": "aeroplane", "prob": 0.9540654420852661, "left": 246.3399200439453, "top": 30.855117797851562, "right": 345.7008056640625, "bottom": 245.14466857910156}, {"class": "aeroplane", "prob": 0.9215938448905945, "left": 161.5239715576172, "top": 56.55585479736328, "right": 227.8546600341797, "bottom": 159.96038818359375}], "time": 21.42239999771118}
