{"im": 3786, "res": [{"class": "sheep", "prob": 0.9781039953231812, "left": 25.888626098632812, "top": 85.83358001708984, "right": 361.8192138671875, "bottom": 282.2989807128906}], "time": 21.839977025985718}
