{"im": 1324, "res": [{"class": "aeroplane", "prob": 0.5587905645370483, "left": 64.98643493652344, "top": 163.21875, "right": 375.0, "bottom": 490.65008544921875}], "time": 0.8353078365325928}
