{"im": 886, "res": [{"class": "aeroplane", "prob": 0.9997191429138184, "left": 217.04949951171875, "top": 60.42610168457031, "right": 377.52850341796875, "bottom": 376.93408203125}, {"class": "boat", "prob": 0.973137617111206, "left": 130.06712341308594, "top": 178.46070861816406, "right": 386.5255126953125, "bottom": 392.60430908203125}], "time": 21.12909197807312}
