{"im": 3535, "res": [{"class": "sheep", "prob": 0.8367800116539001, "left": 68.37873840332031, "top": 154.7028350830078, "right": 361.84698486328125, "bottom": 299.71044921875}], "time": 0.9636669158935547}
