{"im": 428, "res": [{"class": "aeroplane", "prob": 0.502297580242157, "left": 154.42623901367188, "top": 60.747894287109375, "right": 347.5603332519531, "bottom": 364.6141052246094}], "time": 0.8761029243469238}
