{"im": 825, "res": [{"class": "bottle", "prob": 0.9185730218887329, "left": 7.329315185546875, "top": 77.08997344970703, "right": 445.5058288574219, "bottom": 304.4776916503906}], "time": 22.146832942962646}
