{"im": 3455, "res": [{"class": "sheep", "prob": 0.6636855006217957, "left": 195.15127563476562, "top": 61.4820556640625, "right": 378.2158508300781, "bottom": 359.2374267578125}], "time": 1.0539100170135498}
