{"im": 5006, "res": [{"class": "motorbike", "prob": 0.7544976472854614, "left": 357.55670166015625, "top": 362.472900390625, "right": 386.21160888671875, "bottom": 394.4669189453125}], "time": 21.466399908065796}
