{"im": 1541, "res": [{"class": "bicycle", "prob": 0.9984594583511353, "left": 69.40509033203125, "top": 238.13677978515625, "right": 196.62265014648438, "bottom": 485.72430419921875}, {"class": "aeroplane", "prob": 0.9643484950065613, "left": 51.36083221435547, "top": 73.16519165039062, "right": 222.75933837890625, "bottom": 373.6268005371094}], "time": 21.78117084503174}
