{"im": 3654, "res": [{"class": "aeroplane", "prob": 0.722118079662323, "left": 363.7334289550781, "top": 229.09532165527344, "right": 391.7577819824219, "bottom": 327.4453430175781}, {"class": "aeroplane", "prob": 0.519282341003418, "left": 346.6412658691406, "top": 206.80609130859375, "right": 407.7041320800781, "bottom": 342.9580078125}], "time": 1.5696361064910889}
