{"im": 2136, "res": [{"class": "aeroplane", "prob": 0.9996832013130188, "left": 235.07965087890625, "top": 71.28939819335938, "right": 302.4251708984375, "bottom": 264.6455993652344}, {"class": "sofa", "prob": 0.998049259185791, "left": 102.802978515625, "top": 137.84732055664062, "right": 462.4727783203125, "bottom": 351.2475891113281}], "time": 27.597655057907104}
