{"im": 1899, "res": [{"class": "aeroplane", "prob": 0.7656882405281067, "left": 33.55999755859375, "top": 26.697647094726562, "right": 338.02142333984375, "bottom": 480.95794677734375}], "time": 21.73288917541504}
