{"im": 570, "res": [{"class": "bus", "prob": 0.9946898221969604, "left": 28.75726318359375, "top": 78.37327575683594, "right": 353.4715270996094, "bottom": 349.41900634765625}, {"class": "cow", "prob": 0.9642834067344666, "left": 462.304443359375, "top": 61.233646392822266, "right": 476.7664794921875, "bottom": 101.02084350585938}, {"class": "bicycle", "prob": 0.8494217395782471, "left": 260.1805114746094, "top": 14.594770431518555, "right": 312.1677551269531, "bottom": 51.545433044433594}, {"class": "aeroplane", "prob": 0.7629476189613342, "left": 24.66881561279297, "top": 0.0, "right": 38.95918655395508, "bottom": 40.18437957763672}], "time": 21.47343897819519}
