{"im": 4122, "res": [{"class": "boat", "prob": 0.9968957304954529, "left": 17.645065307617188, "top": 22.150283813476562, "right": 500.0, "bottom": 316.62939453125}, {"class": "aeroplane", "prob": 0.9947327971458435, "left": 419.2348327636719, "top": 6.2561492919921875, "right": 496.6214904785156, "bottom": 157.7246551513672}, {"class": "aeroplane", "prob": 0.9680681228637695, "left": 220.14791870117188, "top": 0.0, "right": 300.7143859863281, "bottom": 104.80059051513672}, {"class": "aeroplane", "prob": 0.702526867389679, "left": 0.0, "top": 8.498775482177734, "right": 32.59190368652344, "bottom": 68.32546997070312}], "time": 22.607024908065796}
