{"im": 5637, "res": [{"class": "bottle", "prob": 0.9278053641319275, "left": 146.9826202392578, "top": 151.26229858398438, "right": 500.0, "bottom": 300.34442138671875}], "time": 21.277419090270996}
