{"im": 5588, "res": [{"class": "sofa", "prob": 0.6412627696990967, "left": 104.166748046875, "top": 137.71939086914062, "right": 310.5238037109375, "bottom": 374.5599670410156}], "time": 0.8968932628631592}
