{"im": 5094, "res": [{"class": "car", "prob": 0.9839618802070618, "left": 199.51150512695312, "top": 155.59707641601562, "right": 423.8457336425781, "bottom": 290.3473205566406}], "time": 21.423621892929077}
