{"im": 166, "res": [{"class": "sheep", "prob": 0.9994001984596252, "left": 202.50315856933594, "top": 96.88734436035156, "right": 436.75384521484375, "bottom": 291.7882080078125}, {"class": "aeroplane", "prob": 0.9801477789878845, "left": 3.4072494506835938, "top": 49.709228515625, "right": 242.73321533203125, "bottom": 262.3833923339844}], "time": 21.591722011566162}
