{"im": 4378, "res": [{"class": "boat", "prob": 0.9991012811660767, "left": 22.163726806640625, "top": 94.01116180419922, "right": 230.77012634277344, "bottom": 348.0152587890625}], "time": 21.463002920150757}
