{"im": 1931, "res": [{"class": "aeroplane", "prob": 0.8692731857299805, "left": 67.6574935913086, "top": 79.14186096191406, "right": 280.0986633300781, "bottom": 345.3646240234375}, {"class": "aeroplane", "prob": 0.6179277300834656, "left": 197.3245391845703, "top": 39.85694885253906, "right": 455.01593017578125, "bottom": 358.56573486328125}], "time": 0.842430830001831}
