{"im": 802, "res": [{"class": "aeroplane", "prob": 0.9916914105415344, "left": 170.06552124023438, "top": 77.12222290039062, "right": 335.20550537109375, "bottom": 310.5174255371094}], "time": 22.07594871520996}
