{"im": 3107, "res": [{"class": "aeroplane", "prob": 0.8693628907203674, "left": 56.91276550292969, "top": 222.73414611816406, "right": 127.248291015625, "bottom": 329.3568115234375}, {"class": "aeroplane", "prob": 0.7486817836761475, "left": 72.29634094238281, "top": 236.046630859375, "right": 108.71412658691406, "bottom": 312.7291259765625}], "time": 1.2370350360870361}
