{"im": 3714, "res": [{"class": "bird", "prob": 0.939525306224823, "left": 30.021881103515625, "top": 0.0, "right": 500.0, "bottom": 375.0}], "time": 21.51752519607544}
