{"im": 866, "res": [{"class": "aeroplane", "prob": 0.9784952402114868, "left": 103.5863265991211, "top": 101.57719421386719, "right": 266.7548828125, "bottom": 375.0}], "time": 0.8391797542572021}
