{"im": 4607, "res": [{"class": "aeroplane", "prob": 0.8602518439292908, "left": 0.17868804931640625, "top": 150.23048400878906, "right": 137.35989379882812, "bottom": 500.0}], "time": 0.8266401290893555}
