{"im": 3674, "res": [{"class": "bird", "prob": 0.9974341988563538, "left": 15.902603149414062, "top": 119.04500579833984, "right": 425.78582763671875, "bottom": 299.4467468261719}, {"class": "bird", "prob": 0.8715880513191223, "left": 292.8574523925781, "top": 125.83953857421875, "right": 424.2090759277344, "bottom": 182.28564453125}], "time": 21.4860520362854}
