{"im": 3654, "res": [{"class": "bottle", "prob": 0.9992594122886658, "left": 0.0, "top": 74.56583404541016, "right": 500.0, "bottom": 299.48541259765625}, {"class": "aeroplane", "prob": 0.9988631010055542, "left": 347.9126892089844, "top": 190.58297729492188, "right": 403.4981994628906, "bottom": 363.8020935058594}], "time": 21.493860244750977}
