{"im": 2924, "res": [{"class": "pottedplant", "prob": 0.8203995823860168, "left": 1.3795623779296875, "top": 0.0, "right": 497.50860595703125, "bottom": 450.0}], "time": 22.586272954940796}
