{"im": 269, "res": [{"class": "aeroplane", "prob": 0.9999525547027588, "left": 17.023880004882812, "top": 112.0172119140625, "right": 288.0703125, "bottom": 491.67376708984375}], "time": 21.62876319885254}
