{"im": 5288, "res": [{"class": "pottedplant", "prob": 0.8825005888938904, "left": 100.65493774414062, "top": 230.38720703125, "right": 368.598388671875, "bottom": 424.03607177734375}], "time": 21.51621389389038}
