{"im": 2958, "res": [{"class": "bus", "prob": 0.9986544847488403, "left": 32.435760498046875, "top": 55.769561767578125, "right": 473.7493591308594, "bottom": 335.53179931640625}, {"class": "bus", "prob": 0.963576078414917, "left": 452.5094299316406, "top": 79.6968765258789, "right": 500.0, "bottom": 234.15689086914062}, {"class": "bird", "prob": 0.7329140305519104, "left": 0.10837078094482422, "top": 182.07225036621094, "right": 11.722986221313477, "bottom": 213.7253875732422}, {"class": "bird", "prob": 0.5320373773574829, "left": 8.14563274383545, "top": 181.9312744140625, "right": 35.5967903137207, "bottom": 199.31005859375}], "time": 21.587918996810913}
