{"im": 3730, "res": [{"class": "sheep", "prob": 0.6890115141868591, "left": 25.592575073242188, "top": 47.03050231933594, "right": 500.0, "bottom": 372.74786376953125}], "time": 21.603036880493164}
