{"im": 4076, "res": [{"class": "person", "prob": 0.9920614361763, "left": 97.59138488769531, "top": 0.0, "right": 342.96575927734375, "bottom": 233.54893493652344}], "time": 21.59647512435913}
