{"im": 3684, "res": [{"class": "bicycle", "prob": 0.9946185946464539, "left": 115.07389831542969, "top": 113.29183959960938, "right": 424.259033203125, "bottom": 321.2250671386719}, {"class": "cow", "prob": 0.877798855304718, "left": 90.36968231201172, "top": 3.374866485595703, "right": 114.7532730102539, "bottom": 56.374114990234375}, {"class": "cow", "prob": 0.8192139863967896, "left": 41.647037506103516, "top": 7.568042755126953, "right": 71.652587890625, "bottom": 72.30662536621094}, {"class": "cow", "prob": 0.8153863549232483, "left": 84.01910400390625, "top": 141.75770568847656, "right": 90.18888854980469, "bottom": 156.82334899902344}], "time": 21.513769388198853}
