{"im": 538, "res": [{"class": "sheep", "prob": 0.9065282940864563, "left": 0.0, "top": 25.92510986328125, "right": 357.85797119140625, "bottom": 282.9734802246094}, {"class": "sheep", "prob": 0.980312168598175, "left": 137.4530029296875, "top": 129.05331420898438, "right": 477.91162109375, "bottom": 355.769287109375}], "time": 21.69842505455017}
