{"im": 4847, "res": [{"class": "train", "prob": 0.9174326062202454, "left": 189.71096801757812, "top": 55.91607666015625, "right": 310.91796875, "bottom": 261.1805419921875}, {"class": "bird", "prob": 0.9276944994926453, "left": 0.0, "top": 4.211456298828125, "right": 55.517757415771484, "bottom": 39.45691680908203}], "time": 21.47245693206787}
