{"im": 3142, "res": [{"class": "sofa", "prob": 0.9996419548988342, "left": 31.642852783203125, "top": 78.05894470214844, "right": 353.6096496582031, "bottom": 359.04901123046875}], "time": 21.89361000061035}
