{"im": 5187, "res": [{"class": "aeroplane", "prob": 0.9989975690841675, "left": 237.64183044433594, "top": 132.91665649414062, "right": 283.3040466308594, "bottom": 222.46939086914062}, {"class": "bicycle", "prob": 0.9941121339797974, "left": 208.98342895507812, "top": 176.4011993408203, "right": 307.3976135253906, "bottom": 230.1873016357422}, {"class": "aeroplane", "prob": 0.7321820259094238, "left": 0.0, "top": 135.8012237548828, "right": 14.748629570007324, "bottom": 227.04139709472656}], "time": 21.928324937820435}
