{"im": 1340, "res": [{"class": "sheep", "prob": 0.9993639588356018, "left": 176.88070678710938, "top": 253.08876037597656, "right": 431.5963439941406, "bottom": 373.4549865722656}, {"class": "pottedplant", "prob": 0.9790077209472656, "left": 106.99575805664062, "top": 27.213626861572266, "right": 190.09991455078125, "bottom": 123.31683349609375}, {"class": "motorbike", "prob": 0.946170449256897, "left": 0.0, "top": 84.87673950195312, "right": 498.14349365234375, "bottom": 375.0}], "time": 21.64220905303955}
