{"im": 1563, "res": [{"class": "aeroplane", "prob": 0.9778643846511841, "left": 163.88197326660156, "top": 154.51373291015625, "right": 311.29827880859375, "bottom": 375.0}, {"class": "aeroplane", "prob": 0.9522072076797485, "left": 323.8580322265625, "top": 148.09860229492188, "right": 401.526123046875, "bottom": 368.9806213378906}], "time": 0.8412771224975586}
