{"im": 249, "res": [{"class": "aeroplane", "prob": 0.8774235248565674, "left": 138.97390747070312, "top": 23.00189208984375, "right": 424.1754455566406, "bottom": 328.9096374511719}], "time": 1.136112928390503}
