{"im": 5714, "res": [{"class": "aeroplane", "prob": 0.5077021718025208, "left": 178.90203857421875, "top": 56.570068359375, "right": 470.815185546875, "bottom": 500.0}], "time": 0.9555761814117432}
