{"im": 43, "res": [{"class": "sofa", "prob": 0.9736225605010986, "left": 0.0, "top": 2.9338226318359375, "right": 411.60223388671875, "bottom": 500.0}], "time": 21.76566982269287}
