{"im": 5129, "res": [{"class": "aeroplane", "prob": 0.653160810470581, "left": 146.79946899414062, "top": 4.1579437255859375, "right": 500.0, "bottom": 313.4940185546875}], "time": 0.8296360969543457}
