{"im": 2434, "res": [{"class": "bottle", "prob": 0.9859904646873474, "left": 56.14833068847656, "top": 59.825225830078125, "right": 461.112548828125, "bottom": 226.04620361328125}], "time": 21.457309246063232}
