{"im": 1769, "res": [{"class": "aeroplane", "prob": 0.9958589673042297, "left": 9.562606811523438, "top": 25.054229736328125, "right": 432.1416015625, "bottom": 375.0}], "time": 21.640619039535522}
