{"im": 2211, "res": [{"class": "car", "prob": 0.999962568283081, "left": 110.14695739746094, "top": 109.53546905517578, "right": 389.8531494140625, "bottom": 312.0693359375}], "time": 21.4216251373291}
