{"im": 5124, "res": [{"class": "aeroplane", "prob": 0.998662531375885, "left": 265.9431457519531, "top": 165.26104736328125, "right": 500.0, "bottom": 352.697509765625}, {"class": "aeroplane", "prob": 0.8732402920722961, "left": 48.66529846191406, "top": 50.1094970703125, "right": 146.46669006347656, "bottom": 347.302001953125}], "time": 21.402129888534546}
