{"im": 869, "res": [{"class": "sheep", "prob": 0.9850267767906189, "left": 4.669414520263672, "top": 23.196847915649414, "right": 105.20503234863281, "bottom": 81.56676483154297}], "time": 21.07600736618042}
