{"im": 820, "res": [{"class": "person", "prob": 0.9938405156135559, "left": 90.86393737792969, "top": 32.30046081542969, "right": 462.58642578125, "bottom": 324.1727294921875}], "time": 21.979262113571167}
