{"im": 1686, "res": [{"class": "bottle", "prob": 0.9387937188148499, "left": 1.449188232421875, "top": 67.18254089355469, "right": 486.1603088378906, "bottom": 368.14678955078125}], "time": 21.82031011581421}
