{"im": 5758, "res": [{"class": "aeroplane", "prob": 0.8494457006454468, "left": 172.29644775390625, "top": 0.0, "right": 485.26446533203125, "bottom": 368.7351989746094}], "time": 0.8677759170532227}
