{"im": 3083, "res": [{"class": "aeroplane", "prob": 0.9872255325317383, "left": 232.75833129882812, "top": 250.7795867919922, "right": 271.6469421386719, "bottom": 346.224853515625}, {"class": "bottle", "prob": 0.8058872222900391, "left": 26.531631469726562, "top": 104.85986328125, "right": 500.0, "bottom": 326.3649597167969}, {"class": "aeroplane", "prob": 0.7614020705223083, "left": 62.98002624511719, "top": 243.4482879638672, "right": 75.57186889648438, "bottom": 279.7764892578125}, {"class": "aeroplane", "prob": 0.7495221495628357, "left": 49.36241149902344, "top": 242.09730529785156, "right": 62.84100341796875, "bottom": 280.0403137207031}], "time": 24.05826497077942}
