{"im": 1052, "res": [{"class": "aeroplane", "prob": 0.9998247027397156, "left": 37.60862731933594, "top": 42.12144470214844, "right": 456.1502685546875, "bottom": 363.368408203125}, {"class": "aeroplane", "prob": 0.5214470028877258, "left": 428.90606689453125, "top": 133.6316680908203, "right": 447.46044921875, "bottom": 178.85292053222656}], "time": 21.141478061676025}
