{"im": 605, "res": [{"class": "aeroplane", "prob": 0.9923311471939087, "left": 257.3885498046875, "top": 66.59413146972656, "right": 440.97381591796875, "bottom": 370.34417724609375}, {"class": "aeroplane", "prob": 0.9925119280815125, "left": 26.58594512939453, "top": 101.9236831665039, "right": 145.291748046875, "bottom": 283.0278015136719}, {"class": "aeroplane", "prob": 0.9827390909194946, "left": 59.2025146484375, "top": 88.91969299316406, "right": 291.091552734375, "bottom": 356.448974609375}], "time": 22.0151789188385}
