{"im": 2707, "res": [{"class": "bottle", "prob": 0.9856428503990173, "left": 240.24383544921875, "top": 150.92393493652344, "right": 341.9200439453125, "bottom": 178.84339904785156}], "time": 21.392827033996582}
