{"im": 161, "res": [{"class": "aeroplane", "prob": 0.9681974053382874, "left": 10.798286437988281, "top": 3.9045791625976562, "right": 241.8885498046875, "bottom": 210.73199462890625}], "time": 21.46723508834839}
