{"im": 2280, "res": [{"class": "aeroplane", "prob": 0.9324238300323486, "left": 86.9632797241211, "top": 49.21245574951172, "right": 253.05184936523438, "bottom": 229.19387817382812}], "time": 0.8305830955505371}
