{"im": 1011, "res": [{"class": "aeroplane", "prob": 0.9996137022972107, "left": 206.59970092773438, "top": 178.2450714111328, "right": 291.9978942871094, "bottom": 281.6138000488281}, {"class": "aeroplane", "prob": 0.9993096590042114, "left": 285.317626953125, "top": 185.24398803710938, "right": 373.681396484375, "bottom": 282.3428649902344}, {"class": "aeroplane", "prob": 0.9984821677207947, "left": 138.72348022460938, "top": 178.683837890625, "right": 223.66824340820312, "bottom": 280.0972900390625}], "time": 21.08823013305664}
