{"im": 2440, "res": [{"class": "chair", "prob": 0.9906207919120789, "left": 164.97654724121094, "top": 114.83523559570312, "right": 445.05059814453125, "bottom": 271.2136535644531}], "time": 21.38121223449707}
