{"im": 1477, "res": [{"class": "cat", "prob": 0.6178443431854248, "left": 294.9176330566406, "top": 361.6573791503906, "right": 354.1449890136719, "bottom": 374.0}], "time": 21.645652055740356}
