{"im": 3888, "res": [{"class": "sheep", "prob": 0.993805468082428, "left": 178.72293090820312, "top": 109.5818099975586, "right": 367.5011291503906, "bottom": 278.1233215332031}], "time": 21.646225214004517}
