{"im": 5775, "res": [{"class": "tvmonitor", "prob": 0.5739867091178894, "left": 245.03280639648438, "top": 0.2432403564453125, "right": 394.5389099121094, "bottom": 349.62847900390625}], "time": 1.2688360214233398}
