{"im": 2395, "res": [{"class": "tvmonitor", "prob": 0.7751173377037048, "left": 207.03350830078125, "top": 320.004638671875, "right": 275.813720703125, "bottom": 420.134033203125}, {"class": "tvmonitor", "prob": 0.8090575337409973, "left": 89.35380554199219, "top": 282.0867004394531, "right": 169.8133087158203, "bottom": 421.3876037597656}], "time": 21.436625957489014}
