{"im": 3894, "res": [{"class": "aeroplane", "prob": 0.9996302723884583, "left": 101.64418029785156, "top": 217.80096435546875, "right": 254.2960968017578, "bottom": 496.49713134765625}, {"class": "aeroplane", "prob": 0.9815356731414795, "left": 225.94012451171875, "top": 253.02755737304688, "right": 260.86700439453125, "bottom": 341.1174621582031}, {"class": "aeroplane", "prob": 0.9418411254882812, "left": 98.11492919921875, "top": 268.2420959472656, "right": 125.43780517578125, "bottom": 322.3519592285156}], "time": 21.79807209968567}
