{"im": 4526, "res": [{"class": "person", "prob": 0.9857383370399475, "left": 166.68142700195312, "top": 78.9883804321289, "right": 371.6499328613281, "bottom": 310.2623291015625}], "time": 21.41494083404541}
