{"im": 2810, "res": [{"class": "boat", "prob": 0.5057888627052307, "left": 99.95637512207031, "top": 57.46282196044922, "right": 396.381591796875, "bottom": 267.5704650878906}], "time": 0.9636039733886719}
