{"im": 4513, "res": [{"class": "aeroplane", "prob": 0.9980209469795227, "left": 242.20538330078125, "top": 168.66555786132812, "right": 459.5753173828125, "bottom": 370.7117614746094}, {"class": "aeroplane", "prob": 0.9836341142654419, "left": 0.0, "top": 113.39932250976562, "right": 177.50253295898438, "bottom": 373.3479919433594}, {"class": "aeroplane", "prob": 0.9732150435447693, "left": 71.37703704833984, "top": 152.4930419921875, "right": 211.67379760742188, "bottom": 371.25775146484375}, {"class": "aeroplane", "prob": 0.7742022275924683, "left": 321.1798095703125, "top": 199.75503540039062, "right": 500.0, "bottom": 372.7955627441406}], "time": 21.367427825927734}
