{"im": 2942, "res": [{"class": "aeroplane", "prob": 0.999927818775177, "left": 275.61553955078125, "top": 95.9171371459961, "right": 427.04339599609375, "bottom": 329.600341796875}, {"class": "aeroplane", "prob": 0.99880051612854, "left": 155.4430694580078, "top": 81.11190795898438, "right": 256.45916748046875, "bottom": 188.49185180664062}], "time": 21.580838918685913}
