{"im": 680, "res": [{"class": "aeroplane", "prob": 0.988940417766571, "left": 152.84756469726562, "top": 69.2389907836914, "right": 206.43521118164062, "bottom": 259.31671142578125}, {"class": "sheep", "prob": 0.8828129768371582, "left": 302.5664978027344, "top": 212.11407470703125, "right": 394.1916198730469, "bottom": 263.4602355957031}, {"class": "aeroplane", "prob": 0.9186607003211975, "left": 190.06597900390625, "top": 134.41073608398438, "right": 305.20611572265625, "bottom": 258.538818359375}, {"class": "chair", "prob": 0.8641769289970398, "left": 34.86070251464844, "top": 169.70858764648438, "right": 311.09356689453125, "bottom": 244.8836669921875}], "time": 21.65294098854065}
