{"im": 5396, "res": [{"class": "bird", "prob": 0.5223971605300903, "left": 247.5010986328125, "top": 359.8670349121094, "right": 272.7960205078125, "bottom": 369.7553405761719}], "time": 0.9894430637359619}
