{"im": 4128, "res": [{"class": "pottedplant", "prob": 0.9798160195350647, "left": 11.6456298828125, "top": 71.19578552246094, "right": 331.99029541015625, "bottom": 354.462646484375}], "time": 21.666030168533325}
