{"im": 4966, "res": [{"class": "aeroplane", "prob": 0.7641672492027283, "left": 309.0140075683594, "top": 145.08523559570312, "right": 333.8277282714844, "bottom": 175.08432006835938}, {"class": "bicycle", "prob": 0.6491958498954773, "left": 9.195941925048828, "top": 160.09307861328125, "right": 116.0361328125, "bottom": 279.9384765625}], "time": 0.8601322174072266}
