{"im": 329, "res": [{"class": "aeroplane", "prob": 0.8231443762779236, "left": 255.622802734375, "top": 60.223907470703125, "right": 475.76190185546875, "bottom": 375.0}, {"class": "aeroplane", "prob": 0.6955140829086304, "left": 32.82502746582031, "top": 56.42529296875, "right": 304.6915283203125, "bottom": 372.714599609375}], "time": 1.1543080806732178}
