{"im": 2021, "res": [{"class": "aeroplane", "prob": 0.7444996237754822, "left": 66.99282836914062, "top": 51.0295295715332, "right": 119.80683898925781, "bottom": 141.94496154785156}], "time": 21.605310201644897}
