{"im": 5527, "res": [{"class": "pottedplant", "prob": 0.6205054521560669, "left": 105.46884155273438, "top": 30.195968627929688, "right": 435.8050231933594, "bottom": 394.470947265625}, {"class": "aeroplane", "prob": 0.829667329788208, "left": 0.0, "top": 0.0, "right": 235.600341796875, "bottom": 109.85518646240234}, {"class": "aeroplane", "prob": 0.5988367795944214, "left": 384.8442077636719, "top": 97.54180908203125, "right": 500.0, "bottom": 423.0}], "time": 21.130433082580566}
