{"im": 5531, "res": [{"class": "aeroplane", "prob": 0.8156238198280334, "left": 155.75857543945312, "top": 22.5111083984375, "right": 346.56243896484375, "bottom": 363.09326171875}], "time": 0.9400739669799805}
