{"im": 3701, "res": [{"class": "sheep", "prob": 0.8273937106132507, "left": 86.18354797363281, "top": 53.399261474609375, "right": 194.9003448486328, "bottom": 351.42425537109375}], "time": 0.8845770359039307}
