{"im": 3705, "res": [{"class": "train", "prob": 0.8083181977272034, "left": 199.23080444335938, "top": 156.2519989013672, "right": 243.94461059570312, "bottom": 213.8830108642578}, {"class": "train", "prob": 0.8376930952072144, "left": 215.51242065429688, "top": 196.1096649169922, "right": 319.7352600097656, "bottom": 269.4023132324219}, {"class": "train", "prob": 0.8287869691848755, "left": 187.48544311523438, "top": 211.9110107421875, "right": 237.32232666015625, "bottom": 264.9374694824219}], "time": 21.54860281944275}
