{"im": 1211, "res": [{"class": "bicycle", "prob": 0.9983530640602112, "left": 66.23330688476562, "top": 202.68740844726562, "right": 170.80235290527344, "bottom": 458.1645812988281}, {"class": "aeroplane", "prob": 0.9047427773475647, "left": 48.178993225097656, "top": 45.651824951171875, "right": 296.7018127441406, "bottom": 349.7411193847656}], "time": 21.114417791366577}
