{"im": 3360, "res": [{"class": "bird", "prob": 0.6108781695365906, "left": 24.624713897705078, "top": 90.4506607055664, "right": 66.07502746582031, "bottom": 137.58502197265625}, {"class": "boat", "prob": 0.5761274695396423, "left": 287.0960693359375, "top": 63.403282165527344, "right": 372.84033203125, "bottom": 199.41995239257812}], "time": 0.8674509525299072}
