{"im": 2169, "res": [{"class": "aeroplane", "prob": 0.9995119571685791, "left": 186.42904663085938, "top": 28.494911193847656, "right": 329.8567199707031, "bottom": 276.0620422363281}, {"class": "boat", "prob": 0.9937624931335449, "left": 53.50666809082031, "top": 105.8922348022461, "right": 458.69171142578125, "bottom": 326.3011779785156}], "time": 21.43270492553711}
