{"im": 111, "res": [{"class": "bird", "prob": 0.8720800280570984, "left": 55.398250579833984, "top": 276.0018310546875, "right": 72.73193359375, "bottom": 290.59033203125}, {"class": "bird", "prob": 0.6259568333625793, "left": 10.266613960266113, "top": 275.34515380859375, "right": 38.22965621948242, "bottom": 294.1558837890625}, {"class": "bird", "prob": 0.6291956901550293, "left": 70.26699829101562, "top": 274.89849853515625, "right": 83.58784484863281, "bottom": 288.0537109375}], "time": 1.5846450328826904}
