{"im": 299, "res": [{"class": "boat", "prob": 0.5803821086883545, "left": 220.33677673339844, "top": 161.18006896972656, "right": 347.2000427246094, "bottom": 257.8981628417969}], "time": 0.9324500560760498}
