{"im": 4540, "res": [{"class": "pottedplant", "prob": 0.9494601488113403, "left": 49.941741943359375, "top": 94.9645004272461, "right": 462.0585021972656, "bottom": 242.4266357421875}], "time": 21.415953159332275}
