{"im": 723, "res": [{"class": "aeroplane", "prob": 0.8071672320365906, "left": 201.35208129882812, "top": 109.5860595703125, "right": 290.2911376953125, "bottom": 197.83627319335938}], "time": 21.534440994262695}
