{"im": 1323, "res": [{"class": "sofa", "prob": 0.5098875761032104, "left": 68.62361145019531, "top": 105.33200073242188, "right": 354.58843994140625, "bottom": 363.63031005859375}, {"class": "tvmonitor", "prob": 0.561567485332489, "left": 68.62361145019531, "top": 105.33200073242188, "right": 354.58843994140625, "bottom": 363.63031005859375}], "time": 0.8399159908294678}
