{"im": 4151, "res": [{"class": "sofa", "prob": 0.9991955757141113, "left": 37.39411926269531, "top": 12.0660400390625, "right": 500.0, "bottom": 430.266845703125}], "time": 23.172587156295776}
