{"im": 2317, "res": [{"class": "pottedplant", "prob": 0.984965980052948, "left": 132.49716186523438, "top": 147.2960968017578, "right": 324.61572265625, "bottom": 334.1414794921875}], "time": 21.42925786972046}
