{"im": 540, "res": [{"class": "aeroplane", "prob": 0.9475086331367493, "left": 441.7568054199219, "top": 212.68849182128906, "right": 466.4131164550781, "bottom": 251.4296417236328}, {"class": "boat", "prob": 0.8670768737792969, "left": 99.32781982421875, "top": 205.63523864746094, "right": 114.66583251953125, "bottom": 224.8435821533203}, {"class": "aeroplane", "prob": 0.6820995807647705, "left": 41.64989471435547, "top": 133.45352172851562, "right": 296.0882568359375, "bottom": 368.991943359375}], "time": 0.8593168258666992}
