{"im": 830, "res": [{"class": "person", "prob": 0.5807918310165405, "left": 68.00935363769531, "top": 53.958099365234375, "right": 376.971435546875, "bottom": 434.5141296386719}], "time": 0.8377368450164795}
