{"im": 5551, "res": [{"class": "person", "prob": 0.9978975057601929, "left": 214.4677276611328, "top": 72.8662109375, "right": 328.2031555175781, "bottom": 352.724853515625}], "time": 21.967851638793945}
