{"im": 5386, "res": [{"class": "aeroplane", "prob": 0.991937518119812, "left": 69.15737915039062, "top": 166.87124633789062, "right": 224.04232788085938, "bottom": 370.7615051269531}, {"class": "aeroplane", "prob": 0.9864768981933594, "left": 326.77392578125, "top": 159.54379272460938, "right": 492.43646240234375, "bottom": 319.2948913574219}], "time": 21.594543933868408}
