{"im": 484, "res": [{"class": "bottle", "prob": 0.6627732515335083, "left": 0.0, "top": 10.699813842773438, "right": 500.0, "bottom": 334.0}, {"class": "car", "prob": 0.6465932130813599, "left": 0.0, "top": 10.699813842773438, "right": 500.0, "bottom": 334.0}], "time": 21.948209285736084}
