{"im": 5777, "res": [{"class": "bird", "prob": 0.8780102729797363, "left": 38.19012451171875, "top": 44.619659423828125, "right": 472.6197814941406, "bottom": 346.8660583496094}], "time": 21.994208097457886}
