{"im": 1712, "res": [{"class": "cat", "prob": 0.5396825671195984, "left": 74.74853515625, "top": 24.920791625976562, "right": 500.0, "bottom": 290.86712646484375}, {"class": "bird", "prob": 0.518932044506073, "left": 9.434831619262695, "top": 71.04454040527344, "right": 44.085693359375, "bottom": 97.35057067871094}], "time": 0.8680930137634277}
