{"im": 3310, "res": [{"class": "pottedplant", "prob": 0.9987014532089233, "left": 98.73332977294922, "top": 103.60099029541016, "right": 258.79278564453125, "bottom": 297.6850280761719}], "time": 21.77052617073059}
