{"im": 5450, "res": [{"class": "chair", "prob": 0.7414567470550537, "left": 153.57122802734375, "top": 127.89400482177734, "right": 332.9152526855469, "bottom": 184.19012451171875}, {"class": "chair", "prob": 0.5749056339263916, "left": 202.20545959472656, "top": 132.61349487304688, "right": 281.9307861328125, "bottom": 174.10098266601562}], "time": 0.8694982528686523}
