{"im": 2127, "res": [{"class": "bottle", "prob": 0.9958436489105225, "left": 8.5428466796875, "top": 91.02438354492188, "right": 489.1130676269531, "bottom": 228.02587890625}], "time": 21.664278030395508}
