{"im": 5545, "res": [{"class": "train", "prob": 0.5957686901092529, "left": 16.35748291015625, "top": 33.05718994140625, "right": 490.5637512207031, "bottom": 311.9106750488281}], "time": 21.19148898124695}
