{"im": 3638, "res": [{"class": "bird", "prob": 0.890272319316864, "left": 254.37680053710938, "top": 30.501541137695312, "right": 498.7477722167969, "bottom": 294.9754638671875}, {"class": "bird", "prob": 0.6017982363700867, "left": 19.416336059570312, "top": 20.775543212890625, "right": 378.896484375, "bottom": 226.8660888671875}, {"class": "cat", "prob": 0.7271280288696289, "left": 19.416336059570312, "top": 20.775543212890625, "right": 378.896484375, "bottom": 226.8660888671875}, {"class": "cat", "prob": 0.672531008720398, "left": 1.9182510375976562, "top": 3.8958740234375, "right": 247.68917846679688, "bottom": 175.35653686523438}], "time": 21.507209300994873}
