{"im": 1285, "res": [{"class": "person", "prob": 0.9996114373207092, "left": 45.8673095703125, "top": 70.70722961425781, "right": 256.72454833984375, "bottom": 241.7632598876953}, {"class": "person", "prob": 0.9967527985572815, "left": 203.7095489501953, "top": 144.43260192871094, "right": 492.1666259765625, "bottom": 317.55181884765625}], "time": 21.319716930389404}
