{"im": 3846, "res": [{"class": "chair", "prob": 0.9931163191795349, "left": 163.19778442382812, "top": 167.2716827392578, "right": 342.8160400390625, "bottom": 277.35113525390625}, {"class": "aeroplane", "prob": 0.9931240677833557, "left": 246.82029724121094, "top": 162.18728637695312, "right": 284.0960998535156, "bottom": 223.5283203125}], "time": 21.55080485343933}
