{"im": 4105, "res": [{"class": "aeroplane", "prob": 0.9995424151420593, "left": 34.27842712402344, "top": 22.96502685546875, "right": 451.0, "bottom": 500.0}], "time": 21.66255283355713}
