{"im": 1192, "res": [{"class": "bicycle", "prob": 0.9914141297340393, "left": 35.63165283203125, "top": 22.554779052734375, "right": 466.468994140625, "bottom": 291.10784912109375}], "time": 21.124897003173828}
