{"im": 1121, "res": [{"class": "aeroplane", "prob": 0.8169753551483154, "left": 264.7333068847656, "top": 92.54953002929688, "right": 400.7296447753906, "bottom": 375.0}], "time": 0.9125938415527344}
