{"im": 2527, "res": [{"class": "person", "prob": 0.998843789100647, "left": 33.472312927246094, "top": 128.8346710205078, "right": 162.392578125, "bottom": 433.82098388671875}], "time": 21.461291790008545}
