{"im": 3524, "res": [{"class": "bicycle", "prob": 0.9267035722732544, "left": 75.56278991699219, "top": 74.66738891601562, "right": 414.68499755859375, "bottom": 355.4037170410156}], "time": 21.519504070281982}
