{"im": 5151, "res": [{"class": "pottedplant", "prob": 0.5226570963859558, "left": 3.686187744140625, "top": 131.31301879882812, "right": 372.6216125488281, "bottom": 481.7617492675781}], "time": 21.503705739974976}
