{"im": 1141, "res": [{"class": "bird", "prob": 0.9141947627067566, "left": 30.354415893554688, "top": 81.62068176269531, "right": 459.98565673828125, "bottom": 347.21484375}, {"class": "bird", "prob": 0.8158953785896301, "left": 423.2287902832031, "top": 65.73603820800781, "right": 451.0610656738281, "bottom": 78.3875732421875}, {"class": "bird", "prob": 0.920928418636322, "left": 392.4806823730469, "top": 68.01313018798828, "right": 429.5105285644531, "bottom": 81.1713638305664}], "time": 21.06925082206726}
