{"im": 4373, "res": [{"class": "sheep", "prob": 0.988795816898346, "left": 110.01194763183594, "top": 0.0, "right": 492.55767822265625, "bottom": 233.23626708984375}], "time": 21.44923686981201}
