{"im": 227, "res": [{"class": "aeroplane", "prob": 0.9110320210456848, "left": 400.3918151855469, "top": 197.89215087890625, "right": 417.1009826660156, "bottom": 243.12167358398438}, {"class": "aeroplane", "prob": 0.8152642846107483, "left": 274.0217590332031, "top": 174.26089477539062, "right": 283.0815124511719, "bottom": 193.23818969726562}, {"class": "aeroplane", "prob": 0.7759965658187866, "left": 359.57318115234375, "top": 203.07943725585938, "right": 378.708984375, "bottom": 243.91217041015625}, {"class": "aeroplane", "prob": 0.5681772232055664, "left": 443.47833251953125, "top": 205.40281677246094, "right": 465.95562744140625, "bottom": 238.80528259277344}], "time": 0.9713361263275146}
