{"im": 3774, "res": [{"class": "aeroplane", "prob": 0.9747701287269592, "left": 219.28790283203125, "top": 114.44090270996094, "right": 276.0025939941406, "bottom": 305.2279052734375}, {"class": "aeroplane", "prob": 0.9665570855140686, "left": 234.52761840820312, "top": 143.44558715820312, "right": 260.2821044921875, "bottom": 278.7199401855469}], "time": 0.8326780796051025}
