{"im": 2107, "res": [{"class": "bus", "prob": 0.9985408186912537, "left": 0.0, "top": 75.40812683105469, "right": 500.0, "bottom": 246.00865173339844}], "time": 21.66629719734192}
