{"im": 5772, "res": [{"class": "bird", "prob": 0.6635822057723999, "left": 21.504043579101562, "top": 15.281829833984375, "right": 481.47705078125, "bottom": 364.2918395996094}], "time": 22.027004957199097}
