{"im": 3671, "res": [{"class": "aeroplane", "prob": 0.9993730783462524, "left": 9.563926696777344, "top": 98.48329162597656, "right": 98.77102661132812, "bottom": 251.64161682128906}, {"class": "aeroplane", "prob": 0.997724175453186, "left": 78.41602325439453, "top": 107.64464569091797, "right": 199.06097412109375, "bottom": 283.3951416015625}, {"class": "aeroplane", "prob": 0.9877059459686279, "left": 248.50584411621094, "top": 63.80609130859375, "right": 480.0, "bottom": 341.3747253417969}, {"class": "aeroplane", "prob": 0.9165917634963989, "left": 0.9878749847412109, "top": 131.69532775878906, "right": 37.17454528808594, "bottom": 209.4903106689453}], "time": 21.514694929122925}
