{"im": 1021, "res": [{"class": "aeroplane", "prob": 0.9335949420928955, "left": 239.42059326171875, "top": 91.33197784423828, "right": 426.9945068359375, "bottom": 322.0}, {"class": "aeroplane", "prob": 0.9374588131904602, "left": 90.19043731689453, "top": 96.32745361328125, "right": 233.13504028320312, "bottom": 290.7454833984375}], "time": 21.082108974456787}
