{"im": 515, "res": [{"class": "bottle", "prob": 0.9959924817085266, "left": 141.5216522216797, "top": 125.27361297607422, "right": 399.00982666015625, "bottom": 186.99278259277344}], "time": 21.656667232513428}
