{"im": 1221, "res": [{"class": "sheep", "prob": 0.5034127831459045, "left": 0.0, "top": 154.1617431640625, "right": 283.81494140625, "bottom": 388.98638916015625}], "time": 0.9212007522583008}
