{"im": 2154, "res": [{"class": "aeroplane", "prob": 0.9992960095405579, "left": 82.65926361083984, "top": 175.8722381591797, "right": 227.71575927734375, "bottom": 463.27325439453125}, {"class": "bus", "prob": 0.9878174066543579, "left": 0.981658935546875, "top": 29.184234619140625, "right": 341.8853454589844, "bottom": 410.4629211425781}], "time": 21.63113784790039}
