{"im": 387, "res": [{"class": "aeroplane", "prob": 0.9035215377807617, "left": 62.13093566894531, "top": 225.44203186035156, "right": 379.89422607421875, "bottom": 481.759521484375}], "time": 1.1416780948638916}
