{"im": 4056, "res": [{"class": "aeroplane", "prob": 0.5450072288513184, "left": 0.9281768798828125, "top": 0.0, "right": 273.3485107421875, "bottom": 331.0}], "time": 1.086427927017212}
