{"im": 5582, "res": [{"class": "bottle", "prob": 0.9939532279968262, "left": 130.1833953857422, "top": 104.2962417602539, "right": 356.96502685546875, "bottom": 238.54397583007812}], "time": 21.07676386833191}
