{"im": 5266, "res": [{"class": "sheep", "prob": 0.9946284890174866, "left": 0.0, "top": 4.6410369873046875, "right": 286.70635986328125, "bottom": 358.7191162109375}], "time": 21.53453493118286}
