{"im": 4887, "res": [{"class": "bottle", "prob": 0.998748779296875, "left": 22.28411865234375, "top": 240.93592834472656, "right": 285.6531066894531, "bottom": 327.2560729980469}, {"class": "bottle", "prob": 0.998451292514801, "left": 139.06768798828125, "top": 22.84386444091797, "right": 186.666015625, "bottom": 59.707618713378906}], "time": 21.388438940048218}
