{"im": 1646, "res": [{"class": "pottedplant", "prob": 0.6075229048728943, "left": 194.89187622070312, "top": 56.46061706542969, "right": 372.2009582519531, "bottom": 314.47216796875}], "time": 0.9754300117492676}
