{"im": 4247, "res": [{"class": "car", "prob": 0.9726871848106384, "left": 106.16130065917969, "top": 77.5329818725586, "right": 390.830810546875, "bottom": 256.7046203613281}], "time": 0.8248777389526367}
