{"im": 2590, "res": [{"class": "tvmonitor", "prob": 0.8463085293769836, "left": 331.0496826171875, "top": 61.99988555908203, "right": 496.35894775390625, "bottom": 260.28887939453125}], "time": 0.8390488624572754}
