{"im": 2876, "res": [{"class": "aeroplane", "prob": 0.9991858601570129, "left": 172.75079345703125, "top": 86.53524017333984, "right": 374.64324951171875, "bottom": 333.0}, {"class": "aeroplane", "prob": 0.9933977723121643, "left": 74.03926086425781, "top": 71.62565612792969, "right": 168.23670959472656, "bottom": 330.45574951171875}], "time": 22.420353174209595}
