{"im": 2274, "res": [{"class": "bus", "prob": 0.9996639490127563, "left": 108.11825561523438, "top": 115.50131225585938, "right": 447.7866516113281, "bottom": 292.7918395996094}], "time": 21.70675301551819}
