{"im": 2899, "res": [{"class": "car", "prob": 0.9989520907402039, "left": 26.660186767578125, "top": 86.02325439453125, "right": 478.44976806640625, "bottom": 326.8761901855469}, {"class": "bird", "prob": 0.8873149752616882, "left": 466.06365966796875, "top": 207.5230712890625, "right": 500.0, "bottom": 255.50469970703125}], "time": 21.581334829330444}
