{"im": 1907, "res": [{"class": "bottle", "prob": 0.9692530035972595, "left": 0.0, "top": 20.757553100585938, "right": 470.0431823730469, "bottom": 299.67266845703125}, {"class": "cat", "prob": 0.9604311585426331, "left": 239.69613647460938, "top": 266.57061767578125, "right": 362.1946105957031, "bottom": 332.0}], "time": 21.679112195968628}
