{"im": 4809, "res": [{"class": "bottle", "prob": 0.9702050089836121, "left": 295.02813720703125, "top": 188.63177490234375, "right": 371.7646484375, "bottom": 265.3959045410156}, {"class": "bottle", "prob": 0.9660646319389343, "left": 317.97259521484375, "top": 204.535888671875, "right": 347.14642333984375, "bottom": 249.01254272460938}], "time": 0.9990158081054688}
