{"im": 5059, "res": [{"class": "pottedplant", "prob": 0.974999725818634, "left": 29.84088134765625, "top": 24.40338134765625, "right": 421.6647033691406, "bottom": 318.8191223144531}, {"class": "pottedplant", "prob": 0.5437475442886353, "left": 0.0, "top": 259.6472473144531, "right": 280.42108154296875, "bottom": 329.0983581542969}], "time": 21.437226057052612}
