{"im": 3692, "res": [{"class": "boat", "prob": 0.6658820509910583, "left": 34.910682678222656, "top": 44.50822448730469, "right": 236.7069091796875, "bottom": 309.6363525390625}], "time": 0.8398220539093018}
