{"im": 83, "res": [{"class": "person", "prob": 0.9983147382736206, "left": 31.065580368041992, "top": 219.60252380371094, "right": 77.4229736328125, "bottom": 312.1744689941406}, {"class": "person", "prob": 0.9965337514877319, "left": 90.62020874023438, "top": 298.77801513671875, "right": 143.93603515625, "bottom": 355.22296142578125}], "time": 22.56839609146118}
