{"im": 2778, "res": [{"class": "bottle", "prob": 0.8257972598075867, "left": 28.970077514648438, "top": 245.81700134277344, "right": 251.18531799316406, "bottom": 309.3702392578125}, {"class": "bottle", "prob": 0.6556788682937622, "left": 216.49908447265625, "top": 46.60879135131836, "right": 458.9359130859375, "bottom": 101.67848205566406}, {"class": "bottle", "prob": 0.5906243324279785, "left": 265.1983337402344, "top": 53.692771911621094, "right": 403.8648986816406, "bottom": 95.3876724243164}], "time": 0.8251221179962158}
