{"im": 5262, "res": [{"class": "aeroplane", "prob": 0.7847276926040649, "left": 287.0344543457031, "top": 193.8798828125, "right": 450.7737121582031, "bottom": 342.6568603515625}, {"class": "aeroplane", "prob": 0.5496265888214111, "left": 10.914176940917969, "top": 195.88499450683594, "right": 193.22857666015625, "bottom": 289.2240295410156}], "time": 0.9716348648071289}
