{"im": 5407, "res": [{"class": "train", "prob": 0.9783917665481567, "left": 181.27626037597656, "top": 136.9266357421875, "right": 464.409423828125, "bottom": 339.0046691894531}, {"class": "train", "prob": 0.9905775785446167, "left": 246.50665283203125, "top": 250.54075622558594, "right": 404.03424072265625, "bottom": 338.96466064453125}], "time": 21.484606981277466}
