{"im": 3308, "res": [{"class": "aeroplane", "prob": 0.642793595790863, "left": 407.6282653808594, "top": 244.05776977539062, "right": 499.4847717285156, "bottom": 393.0}, {"class": "aeroplane", "prob": 0.5036479234695435, "left": 3.1457061767578125, "top": 277.7873840332031, "right": 123.01415252685547, "bottom": 393.0}], "time": 0.8407261371612549}
