{"im": 109, "res": [{"class": "aeroplane", "prob": 0.9996588230133057, "left": 30.053314208984375, "top": 145.87135314941406, "right": 194.249755859375, "bottom": 439.5201416015625}, {"class": "aeroplane", "prob": 0.999865710735321, "left": 185.91517639160156, "top": 100.3135986328125, "right": 335.0, "bottom": 443.748779296875}, {"class": "aeroplane", "prob": 0.8695778250694275, "left": 114.74805450439453, "top": 166.02236938476562, "right": 210.8890380859375, "bottom": 425.7709045410156}], "time": 21.478255033493042}
