{"im": 3951, "res": [{"class": "aeroplane", "prob": 0.9993373155593872, "left": 0.694671630859375, "top": 14.03472900390625, "right": 281.3032531738281, "bottom": 357.0}], "time": 21.641000032424927}
