{"im": 1545, "res": [{"class": "bird", "prob": 0.8823230266571045, "left": 85.68972778320312, "top": 125.14996337890625, "right": 388.2738037109375, "bottom": 252.42025756835938}], "time": 1.0043282508850098}
