{"im": 5301, "res": [{"class": "bus", "prob": 0.9961622357368469, "left": 66.38111877441406, "top": 13.820404052734375, "right": 475.1337890625, "bottom": 306.4282531738281}], "time": 21.47874116897583}
