{"im": 3738, "res": [{"class": "chair", "prob": 0.5599930882453918, "left": 27.681045532226562, "top": 133.02243041992188, "right": 351.05609130859375, "bottom": 257.30584716796875}], "time": 21.609771728515625}
