{"im": 1932, "res": [{"class": "aeroplane", "prob": 0.9952153563499451, "left": 271.5960693359375, "top": 68.31536865234375, "right": 445.39556884765625, "bottom": 375.0}, {"class": "tvmonitor", "prob": 0.5022283792495728, "left": 102.84689331054688, "top": 131.51463317871094, "right": 253.18511962890625, "bottom": 321.7408447265625}], "time": 0.8287332057952881}
