{"im": 988, "res": [{"class": "aeroplane", "prob": 0.9770480990409851, "left": 18.959007263183594, "top": 104.72651672363281, "right": 43.32422637939453, "bottom": 160.08778381347656}, {"class": "bird", "prob": 0.8801058530807495, "left": 4.194477081298828, "top": 110.21436309814453, "right": 59.48505401611328, "bottom": 144.6687469482422}, {"class": "aeroplane", "prob": 0.8460942506790161, "left": 0.7698755264282227, "top": 105.09490966796875, "right": 14.269582748413086, "bottom": 170.68069458007812}], "time": 21.11022400856018}
