{"im": 1413, "res": [{"class": "pottedplant", "prob": 0.9950235486030579, "left": 77.27035522460938, "top": 0.0, "right": 368.8799743652344, "bottom": 375.0}], "time": 21.646546840667725}
