{"im": 2565, "res": [{"class": "bus", "prob": 0.9705510139465332, "left": 72.25263977050781, "top": 80.4996566772461, "right": 439.83648681640625, "bottom": 291.1776428222656}, {"class": "aeroplane", "prob": 0.6779731512069702, "left": 39.8935546875, "top": 193.3439178466797, "right": 46.92186737060547, "bottom": 223.4897918701172}], "time": 0.8374106884002686}
