{"im": 2821, "res": [{"class": "pottedplant", "prob": 0.8761167526245117, "left": 76.68742370605469, "top": 6.1284942626953125, "right": 478.07611083984375, "bottom": 316.267822265625}], "time": 21.517604112625122}
