{"im": 3626, "res": [{"class": "bottle", "prob": 0.9686839580535889, "left": 13.614730834960938, "top": 69.6124038696289, "right": 485.21966552734375, "bottom": 294.7426452636719}], "time": 21.532633066177368}
