{"im": 1257, "res": [{"class": "person", "prob": 0.9310840368270874, "left": 71.10762023925781, "top": 48.14775085449219, "right": 486.16278076171875, "bottom": 291.00885009765625}], "time": 21.358002185821533}
