{"im": 1378, "res": [{"class": "aeroplane", "prob": 0.7075710296630859, "left": 229.5953369140625, "top": 157.59677124023438, "right": 327.46478271484375, "bottom": 303.61602783203125}, {"class": "aeroplane", "prob": 0.5650169849395752, "left": 258.7189636230469, "top": 183.92491149902344, "right": 302.5396423339844, "bottom": 279.2520446777344}], "time": 0.8440656661987305}
