{"im": 1502, "res": [{"class": "pottedplant", "prob": 0.963479220867157, "left": 0.0, "top": 27.29486083984375, "right": 500.0, "bottom": 356.1957702636719}], "time": 21.680812120437622}
