{"im": 4570, "res": [{"class": "aeroplane", "prob": 0.9948842525482178, "left": 0.0, "top": 20.394821166992188, "right": 461.667724609375, "bottom": 351.30133056640625}, {"class": "sheep", "prob": 0.960869550704956, "left": 280.2247619628906, "top": 1.7169189453125, "right": 487.8053894042969, "bottom": 370.54132080078125}], "time": 21.40544104576111}
