{"im": 1874, "res": [{"class": "boat", "prob": 0.5194167494773865, "left": 342.0990905761719, "top": 124.61912536621094, "right": 462.2667541503906, "bottom": 334.45379638671875}], "time": 0.8295972347259521}
