{"im": 3238, "res": [{"class": "bottle", "prob": 0.9964624047279358, "left": 0.048614501953125, "top": 82.81832122802734, "right": 487.9342041015625, "bottom": 217.04428100585938}, {"class": "bird", "prob": 0.6023959517478943, "left": 121.54589080810547, "top": 301.784912109375, "right": 132.87290954589844, "bottom": 307.58587646484375}], "time": 23.592554092407227}
