{"im": 53, "res": [{"class": "sheep", "prob": 0.8827216029167175, "left": 383.3919677734375, "top": 155.97274780273438, "right": 466.3765869140625, "bottom": 226.16961669921875}, {"class": "sofa", "prob": 0.9944950342178345, "left": 84.91123962402344, "top": 146.3531494140625, "right": 234.1392364501953, "bottom": 241.09295654296875}], "time": 21.601411819458008}
