{"im": 5134, "res": [{"class": "train", "prob": 0.7794005870819092, "left": 132.49493408203125, "top": 326.85400390625, "right": 154.593017578125, "bottom": 344.6317138671875}, {"class": "train", "prob": 0.6527863144874573, "left": 128.00927734375, "top": 331.837646484375, "right": 161.4144287109375, "bottom": 348.295166015625}, {"class": "train", "prob": 0.6502083539962769, "left": 266.7276611328125, "top": 325.132568359375, "right": 306.3111572265625, "bottom": 342.72509765625}, {"class": "train", "prob": 0.5479424595832825, "left": 67.04708862304688, "top": 330.2436828613281, "right": 84.08552551269531, "bottom": 350.0169372558594}], "time": 0.8834280967712402}
