{"im": 209, "res": [{"class": "aeroplane", "prob": 0.9984686970710754, "left": 64.9483413696289, "top": 0.0, "right": 258.39093017578125, "bottom": 490.0}, {"class": "sheep", "prob": 0.990959107875824, "left": 177.68643188476562, "top": 182.8319854736328, "right": 296.1912536621094, "bottom": 474.44598388671875}, {"class": "aeroplane", "prob": 0.9321979284286499, "left": 281.8787536621094, "top": 45.22541809082031, "right": 326.5840759277344, "bottom": 331.52691650390625}], "time": 21.47939682006836}
