{"im": 1167, "res": [{"class": "sheep", "prob": 0.8357082009315491, "left": 147.33331298828125, "top": 146.5721435546875, "right": 178.61224365234375, "bottom": 192.95632934570312}], "time": 21.09808897972107}
