{"im": 1995, "res": [{"class": "aeroplane", "prob": 0.9988001585006714, "left": 60.84198760986328, "top": 90.58148193359375, "right": 206.77743530273438, "bottom": 286.038818359375}, {"class": "aeroplane", "prob": 0.9981048703193665, "left": 263.1698913574219, "top": 66.51715087890625, "right": 385.2755432128906, "bottom": 203.83071899414062}], "time": 21.69344997406006}
