{"im": 4657, "res": [{"class": "aeroplane", "prob": 0.5695132613182068, "left": 40.059326171875, "top": 67.57282257080078, "right": 375.3763427734375, "bottom": 322.11529541015625}], "time": 0.9403738975524902}
