{"im": 326, "res": [{"class": "aeroplane", "prob": 0.9988139867782593, "left": 33.8804931640625, "top": 0.205810546875, "right": 353.7396240234375, "bottom": 452.0}, {"class": "aeroplane", "prob": 0.9737890362739563, "left": 274.88519287109375, "top": 114.6593017578125, "right": 500.0, "bottom": 452.0}, {"class": "aeroplane", "prob": 0.812036395072937, "left": 0.0, "top": 179.4449920654297, "right": 92.23214721679688, "bottom": 441.37451171875}], "time": 21.707463264465332}
