{"im": 140, "res": [{"class": "aeroplane", "prob": 0.9720438718795776, "left": 391.82562255859375, "top": 197.03433227539062, "right": 410.17041015625, "bottom": 237.5577392578125}], "time": 0.9914031028747559}
