{"im": 1142, "res": [{"class": "aeroplane", "prob": 0.9945474863052368, "left": 317.9420166015625, "top": 87.05104064941406, "right": 398.64654541015625, "bottom": 319.3021240234375}, {"class": "aeroplane", "prob": 0.994394063949585, "left": 1.2449836730957031, "top": 77.8056640625, "right": 103.09934997558594, "bottom": 349.46826171875}, {"class": "aeroplane", "prob": 0.9576980471611023, "left": 227.29525756835938, "top": 76.88616943359375, "right": 301.3116149902344, "bottom": 326.7301330566406}], "time": 0.8737180233001709}
