{"im": 5684, "res": [{"class": "aeroplane", "prob": 0.9156404733657837, "left": 319.21270751953125, "top": 125.77490234375, "right": 494.6751708984375, "bottom": 324.8031005859375}, {"class": "aeroplane", "prob": 0.8570154905319214, "left": 384.68682861328125, "top": 31.863903045654297, "right": 475.2603759765625, "bottom": 140.45370483398438}], "time": 22.29167103767395}
