{"im": 5781, "res": [{"class": "sofa", "prob": 0.7596049904823303, "left": 168.37351989746094, "top": 182.11602783203125, "right": 203.42726135253906, "bottom": 244.59906005859375}, {"class": "sofa", "prob": 0.655956506729126, "left": 152.3824462890625, "top": 176.1524200439453, "right": 252.04171752929688, "bottom": 259.252685546875}], "time": 1.18802809715271}
