{"im": 1496, "res": [{"class": "aeroplane", "prob": 0.8059914112091064, "left": 251.26126098632812, "top": 84.86383056640625, "right": 305.4786682128906, "bottom": 284.3289794921875}, {"class": "aeroplane", "prob": 0.600628674030304, "left": 262.8932800292969, "top": 124.63053894042969, "right": 292.2939147949219, "bottom": 245.30418395996094}], "time": 0.8648178577423096}
