{"im": 5732, "res": [{"class": "tvmonitor", "prob": 0.8754944801330566, "left": 0.0, "top": 9.259201049804688, "right": 500.0, "bottom": 309.9659423828125}], "time": 21.094291925430298}
