{"im": 5373, "res": [{"class": "tvmonitor", "prob": 0.9971256256103516, "left": 22.195816040039062, "top": 26.547378540039062, "right": 477.02105712890625, "bottom": 286.0455322265625}], "time": 21.558991193771362}
