{"im": 1119, "res": [{"class": "aeroplane", "prob": 0.9970859885215759, "left": 163.58795166015625, "top": 144.97360229492188, "right": 351.5574951171875, "bottom": 375.0}, {"class": "aeroplane", "prob": 0.9590298533439636, "left": 21.925735473632812, "top": 82.271484375, "right": 204.3072967529297, "bottom": 367.2361145019531}], "time": 21.065669059753418}
