{"im": 4369, "res": [{"class": "car", "prob": 0.9980199337005615, "left": 30.967788696289062, "top": 110.77937316894531, "right": 477.3570556640625, "bottom": 300.20269775390625}, {"class": "aeroplane", "prob": 0.9729627966880798, "left": 119.34027099609375, "top": 148.06463623046875, "right": 146.9659423828125, "bottom": 227.3284912109375}, {"class": "aeroplane", "prob": 0.8762702941894531, "left": 89.4757080078125, "top": 128.83251953125, "right": 130.25132751464844, "bottom": 169.57608032226562}], "time": 21.421329975128174}
