{"im": 4154, "res": [{"class": "train", "prob": 0.7867740988731384, "left": 0.0, "top": 0.0, "right": 306.54022216796875, "bottom": 285.8773193359375}], "time": 21.6306471824646}
