{"im": 1410, "res": [{"class": "car", "prob": 0.9990159869194031, "left": 77.84536743164062, "top": 92.49278259277344, "right": 375.85675048828125, "bottom": 279.6197509765625}, {"class": "bird", "prob": 0.9428575038909912, "left": 457.900634765625, "top": 209.8679656982422, "right": 495.96484375, "bottom": 229.3570098876953}], "time": 21.76665997505188}
