{"im": 1282, "res": [{"class": "pottedplant", "prob": 0.9201825261116028, "left": 4.40618896484375, "top": 0.0, "right": 477.9258117675781, "bottom": 369.1408386230469}], "time": 21.296784162521362}
