{"im": 2081, "res": [{"class": "car", "prob": 0.9988635182380676, "left": 93.63589477539062, "top": 11.8302001953125, "right": 490.8429870605469, "bottom": 355.11859130859375}], "time": 21.73699188232422}
