{"im": 1527, "res": [{"class": "aeroplane", "prob": 0.8522742986679077, "left": 170.81448364257812, "top": 143.37710571289062, "right": 335.9261474609375, "bottom": 271.39447021484375}], "time": 21.77078127861023}
