{"im": 3078, "res": [{"class": "aeroplane", "prob": 0.9998814463615417, "left": 159.2655029296875, "top": 191.66659545898438, "right": 214.2596435546875, "bottom": 367.1577453613281}, {"class": "sofa", "prob": 0.9859374761581421, "left": 227.546630859375, "top": 173.46253967285156, "right": 337.61083984375, "bottom": 484.51361083984375}], "time": 21.727707147598267}
