{"im": 2789, "res": [{"class": "pottedplant", "prob": 0.9924665689468384, "left": 25.707611083984375, "top": 18.426406860351562, "right": 287.5166015625, "bottom": 482.95257568359375}], "time": 21.46734595298767}
