{"im": 1247, "res": [{"class": "aeroplane", "prob": 0.9956182837486267, "left": 46.84849548339844, "top": 110.12832641601562, "right": 137.2015838623047, "bottom": 281.0001525878906}, {"class": "sheep", "prob": 0.9607611298561096, "left": 235.20260620117188, "top": 263.3717041015625, "right": 318.0736999511719, "bottom": 331.94671630859375}, {"class": "sheep", "prob": 0.9289664626121521, "left": 93.54061889648438, "top": 240.59811401367188, "right": 171.43170166015625, "bottom": 314.9291687011719}], "time": 21.389899969100952}
