{"im": 3954, "res": [{"class": "aeroplane", "prob": 0.9994145631790161, "left": 65.01150512695312, "top": 66.97926330566406, "right": 149.32015991210938, "bottom": 327.28253173828125}, {"class": "car", "prob": 0.9876535534858704, "left": 0.0, "top": 0.0, "right": 500.0, "bottom": 122.74681091308594}], "time": 21.6139178276062}
