{"im": 2610, "res": [{"class": "train", "prob": 0.550004780292511, "left": 302.6046142578125, "top": 79.67045593261719, "right": 496.7333984375, "bottom": 362.5570068359375}, {"class": "train", "prob": 0.971784234046936, "left": 167.2686767578125, "top": 161.0325927734375, "right": 345.35455322265625, "bottom": 364.93218994140625}, {"class": "train", "prob": 0.5315981507301331, "left": 0.4346771240234375, "top": 43.72625732421875, "right": 39.923133850097656, "bottom": 156.14625549316406}], "time": 21.48624897003174}
