{"im": 4177, "res": [{"class": "aeroplane", "prob": 0.6229062080383301, "left": 111.4329605102539, "top": 104.42208862304688, "right": 259.843994140625, "bottom": 310.1214599609375}], "time": 0.8248767852783203}
