{"im": 3621, "res": [{"class": "pottedplant", "prob": 0.9935140609741211, "left": 333.0599670410156, "top": 98.61668395996094, "right": 419.4642028808594, "bottom": 263.9302978515625}, {"class": "pottedplant", "prob": 0.950472354888916, "left": 161.51678466796875, "top": 135.50033569335938, "right": 292.4555358886719, "bottom": 219.53762817382812}], "time": 21.496612787246704}
