{"im": 5691, "res": [{"class": "aeroplane", "prob": 0.9184910655021667, "left": 72.28972625732422, "top": 98.53140258789062, "right": 279.3580322265625, "bottom": 436.3686218261719}, {"class": "aeroplane", "prob": 0.7677325010299683, "left": 245.0569305419922, "top": 56.249755859375, "right": 458.950927734375, "bottom": 437.0844421386719}], "time": 0.8815701007843018}
