{"im": 2866, "res": [{"class": "aeroplane", "prob": 0.8042491674423218, "left": 174.62818908691406, "top": 246.356689453125, "right": 257.4406433105469, "bottom": 359.3800048828125}, {"class": "aeroplane", "prob": 0.672582745552063, "left": 87.55757141113281, "top": 241.32754516601562, "right": 174.26414489746094, "bottom": 366.8757629394531}, {"class": "aeroplane", "prob": 0.6215072274208069, "left": 204.68572998046875, "top": 252.0441131591797, "right": 236.5146484375, "bottom": 335.31439208984375}], "time": 0.8437061309814453}
