{"im": 1239, "res": [{"class": "aeroplane", "prob": 0.9428133368492126, "left": 69.51380920410156, "top": 1.9174346923828125, "right": 432.59466552734375, "bottom": 440.789794921875}, {"class": "sheep", "prob": 0.9563679695129395, "left": 26.491897583007812, "top": 232.31500244140625, "right": 264.6822509765625, "bottom": 446.2783203125}, {"class": "sheep", "prob": 0.6246482133865356, "left": 334.2123718261719, "top": 160.4219207763672, "right": 436.4514465332031, "bottom": 247.58033752441406}, {"class": "sheep", "prob": 0.579378068447113, "left": 308.741943359375, "top": 115.66858673095703, "right": 444.522216796875, "bottom": 243.98724365234375}], "time": 21.473812103271484}
