{"im": 2260, "res": [{"class": "bicycle", "prob": 0.9985408782958984, "left": 0.0, "top": 146.9994354248047, "right": 267.59796142578125, "bottom": 452.97601318359375}, {"class": "aeroplane", "prob": 0.9969990253448486, "left": 224.31021118164062, "top": 170.79373168945312, "right": 321.4349060058594, "bottom": 272.4348449707031}, {"class": "motorbike", "prob": 0.8083771467208862, "left": 218.65643310546875, "top": 215.88351440429688, "right": 333.0, "bottom": 288.0274353027344}], "time": 21.4423611164093}
