{"im": 4336, "res": [{"class": "sheep", "prob": 0.8815025687217712, "left": 5.260162353515625, "top": 25.774307250976562, "right": 500.0, "bottom": 363.5213623046875}], "time": 21.413995027542114}
