{"im": 2823, "res": [{"class": "sheep", "prob": 0.9639968872070312, "left": 41.47123718261719, "top": 26.562652587890625, "right": 452.37957763671875, "bottom": 320.5502014160156}], "time": 21.49506402015686}
