{"im": 3122, "res": [{"class": "cat", "prob": 0.8828990459442139, "left": 26.640060424804688, "top": 6.1571502685546875, "right": 424.71282958984375, "bottom": 326.3128662109375}], "time": 22.35890030860901}
