{"im": 1839, "res": [{"class": "bird", "prob": 0.9174846410751343, "left": 7.911163330078125, "top": 78.64441680908203, "right": 316.0105285644531, "bottom": 246.95068359375}], "time": 21.77825117111206}
