{"im": 2673, "res": [{"class": "boat", "prob": 0.9987315535545349, "left": 128.6902618408203, "top": 163.07154846191406, "right": 263.76995849609375, "bottom": 377.82183837890625}, {"class": "aeroplane", "prob": 0.9990397095680237, "left": 107.75048065185547, "top": 72.35235595703125, "right": 284.7645263671875, "bottom": 335.9686279296875}], "time": 21.455893993377686}
