{"im": 5607, "res": [{"class": "aeroplane", "prob": 0.6482117772102356, "left": 9.344818115234375, "top": 163.81781005859375, "right": 97.3338394165039, "bottom": 251.84002685546875}], "time": 0.8598480224609375}
