{"im": 816, "res": [{"class": "aeroplane", "prob": 0.9986673593521118, "left": 260.2356872558594, "top": 29.328155517578125, "right": 434.8623962402344, "bottom": 358.9051818847656}, {"class": "boat", "prob": 0.9219849705696106, "left": 32.37724304199219, "top": 77.73625183105469, "right": 365.149169921875, "bottom": 358.36181640625}], "time": 21.888635873794556}
