{"im": 1283, "res": [{"class": "bottle", "prob": 0.9950567483901978, "left": 426.99444580078125, "top": 165.80764770507812, "right": 469.36065673828125, "bottom": 184.70431518554688}, {"class": "bottle", "prob": 0.9915735125541687, "left": 87.39659118652344, "top": 130.52008056640625, "right": 134.36294555664062, "bottom": 148.44229125976562}, {"class": "bottle", "prob": 0.9853236675262451, "left": 222.0824432373047, "top": 128.00538635253906, "right": 265.9822082519531, "bottom": 146.17604064941406}], "time": 21.278723001480103}
