{"im": 1227, "res": [{"class": "aeroplane", "prob": 0.9674981832504272, "left": 24.89257049560547, "top": 46.724853515625, "right": 221.08712768554688, "bottom": 329.4480895996094}, {"class": "aeroplane", "prob": 0.8867759108543396, "left": 211.28128051757812, "top": 57.90437316894531, "right": 392.6841735839844, "bottom": 321.61907958984375}], "time": 0.8897383213043213}
