{"im": 4981, "res": [{"class": "sheep", "prob": 0.9023528695106506, "left": 178.38186645507812, "top": 126.88009643554688, "right": 366.7776184082031, "bottom": 309.3851013183594}, {"class": "aeroplane", "prob": 0.8849878311157227, "left": 0.0, "top": 114.6063461303711, "right": 348.8577880859375, "bottom": 367.3715515136719}], "time": 21.414379119873047}
