{"im": 1674, "res": [{"class": "aeroplane", "prob": 0.5539160370826721, "left": 133.83538818359375, "top": 180.7939453125, "right": 185.76547241210938, "bottom": 207.18203735351562}], "time": 1.046875}
