{"im": 3791, "res": [{"class": "bicycle", "prob": 0.9996607303619385, "left": 32.32661437988281, "top": 30.994003295898438, "right": 469.938720703125, "bottom": 338.97259521484375}], "time": 21.918131828308105}
