{"im": 4937, "res": [{"class": "bird", "prob": 0.9750582575798035, "left": 46.58299255371094, "top": 67.64102935791016, "right": 489.55133056640625, "bottom": 323.36322021484375}], "time": 21.42229390144348}
