{"im": 4869, "res": [{"class": "aeroplane", "prob": 0.7120802998542786, "left": 117.9745101928711, "top": 157.85171508789062, "right": 211.47235107421875, "bottom": 290.98150634765625}], "time": 0.866844892501831}
