{"im": 4470, "res": [{"class": "bottle", "prob": 0.9881842732429504, "left": 48.961578369140625, "top": 145.13287353515625, "right": 489.3204040527344, "bottom": 291.8570861816406}], "time": 21.4129798412323}
