{"im": 400, "res": [{"class": "aeroplane", "prob": 0.8851543664932251, "left": 0.0, "top": 91.78445434570312, "right": 192.79736328125, "bottom": 375.0}, {"class": "aeroplane", "prob": 0.85853111743927, "left": 326.4432373046875, "top": 137.7692413330078, "right": 477.09869384765625, "bottom": 375.0}, {"class": "aeroplane", "prob": 0.5426902174949646, "left": 212.3651123046875, "top": 135.10191345214844, "right": 358.71343994140625, "bottom": 374.510986328125}, {"class": "aeroplane", "prob": 0.5150092244148254, "left": 138.4732666015625, "top": 102.93647766113281, "right": 289.84771728515625, "bottom": 366.16339111328125}], "time": 0.905817985534668}
