{"im": 308, "res": [{"class": "sheep", "prob": 0.8761633038520813, "left": 50.81950378417969, "top": 34.980255126953125, "right": 451.3720703125, "bottom": 371.0}, {"class": "sheep", "prob": 0.9435895085334778, "left": 313.03875732421875, "top": 13.602951049804688, "right": 483.81005859375, "bottom": 293.35040283203125}], "time": 21.909291982650757}
