{"im": 4961, "res": [{"class": "bus", "prob": 0.9982126355171204, "left": 123.60722351074219, "top": 125.3223876953125, "right": 342.22723388671875, "bottom": 247.3043212890625}, {"class": "aeroplane", "prob": 0.9546881914138794, "left": 26.49291229248047, "top": 187.80856323242188, "right": 36.051700592041016, "bottom": 212.255615234375}, {"class": "aeroplane", "prob": 0.8883678913116455, "left": 465.85272216796875, "top": 200.4535675048828, "right": 484.7508544921875, "bottom": 242.33189392089844}, {"class": "aeroplane", "prob": 0.8712792992591858, "left": 45.33673858642578, "top": 192.47879028320312, "right": 53.46003723144531, "bottom": 214.29052734375}], "time": 0.8864989280700684}
