{"im": 3668, "res": [{"class": "aeroplane", "prob": 0.5938397645950317, "left": 147.8301544189453, "top": 26.14179229736328, "right": 355.341796875, "bottom": 189.78948974609375}], "time": 21.48539400100708}
