{"im": 2830, "res": [{"class": "bottle", "prob": 0.9303714632987976, "left": 216.93365478515625, "top": 94.73401641845703, "right": 335.9619140625, "bottom": 132.8775634765625}, {"class": "bottle", "prob": 0.8644729256629944, "left": 251.27188110351562, "top": 102.96556091308594, "right": 302.3805847167969, "bottom": 131.64356994628906}], "time": 0.8840169906616211}
