{"im": 3143, "res": [{"class": "bus", "prob": 0.9999058842658997, "left": 69.09269714355469, "top": 138.76377868652344, "right": 413.24609375, "bottom": 302.48486328125}, {"class": "bird", "prob": 0.8207225203514099, "left": 19.417236328125, "top": 190.53407287597656, "right": 50.389678955078125, "bottom": 202.99864196777344}, {"class": "aeroplane", "prob": 0.7391131520271301, "left": 108.4659194946289, "top": 196.47145080566406, "right": 121.48497772216797, "bottom": 216.0480194091797}, {"class": "aeroplane", "prob": 0.7352029085159302, "left": 127.77235412597656, "top": 190.17408752441406, "right": 141.01365661621094, "bottom": 216.6515350341797}], "time": 21.86049199104309}
