{"im": 959, "res": [{"class": "aeroplane", "prob": 0.8008864521980286, "left": 29.135643005371094, "top": 92.58869171142578, "right": 160.17266845703125, "bottom": 314.759765625}, {"class": "aeroplane", "prob": 0.6624463796615601, "left": 48.136383056640625, "top": 78.26609802246094, "right": 394.00604248046875, "bottom": 310.6661376953125}], "time": 0.885613203048706}
