{"im": 4008, "res": [{"class": "pottedplant", "prob": 0.9480331540107727, "left": 106.20148468017578, "top": 159.55348205566406, "right": 339.6197509765625, "bottom": 365.35211181640625}], "time": 21.637490034103394}
