{"im": 1272, "res": [{"class": "motorbike", "prob": 0.9520849585533142, "left": 203.44644165039062, "top": 59.73326873779297, "right": 418.4878234863281, "bottom": 310.1539306640625}], "time": 21.315510988235474}
