{"im": 2839, "res": [{"class": "bottle", "prob": 0.998717725276947, "left": 26.245956420898438, "top": 56.21149444580078, "right": 477.67059326171875, "bottom": 215.74606323242188}], "time": 21.496657133102417}
