{"im": 3236, "res": [{"class": "car", "prob": 0.8918251991271973, "left": 72.18228149414062, "top": 102.27490234375, "right": 378.61602783203125, "bottom": 225.96469116210938}], "time": 21.707077026367188}
