{"im": 3708, "res": [{"class": "pottedplant", "prob": 0.8119484782218933, "left": 211.34124755859375, "top": 54.98741149902344, "right": 446.482177734375, "bottom": 329.0159912109375}], "time": 0.8594119548797607}
