{"im": 4555, "res": [{"class": "pottedplant", "prob": 0.6873607635498047, "left": 0.0, "top": 54.46437072753906, "right": 280.2506103515625, "bottom": 336.492431640625}], "time": 0.8276221752166748}
