{"im": 791, "res": [{"class": "sofa", "prob": 0.9971342086791992, "left": 283.1924133300781, "top": 20.3424072265625, "right": 396.0389709472656, "bottom": 311.4248352050781}, {"class": "sofa", "prob": 0.9971634149551392, "left": 63.85564422607422, "top": 62.600341796875, "right": 289.2682800292969, "bottom": 368.61273193359375}], "time": 21.91170907020569}
