{"im": 430, "res": [{"class": "aeroplane", "prob": 0.5342023372650146, "left": 59.18214416503906, "top": 73.17047119140625, "right": 371.3038330078125, "bottom": 371.0}], "time": 0.906743049621582}
