{"im": 3618, "res": [{"class": "aeroplane", "prob": 0.9832993745803833, "left": 0.0, "top": 0.0, "right": 407.2203369140625, "bottom": 437.0}, {"class": "aeroplane", "prob": 0.9355822801589966, "left": 151.13491821289062, "top": 0.0, "right": 500.0, "bottom": 437.0}], "time": 21.553344011306763}
