{"im": 4903, "res": [{"class": "sheep", "prob": 0.9424213171005249, "left": 13.792800903320312, "top": 0.0, "right": 475.7113037109375, "bottom": 334.0}], "time": 21.408256769180298}
