{"im": 4211, "res": [{"class": "pottedplant", "prob": 0.607391357421875, "left": 9.973922729492188, "top": 87.71322631835938, "right": 321.68536376953125, "bottom": 332.0}, {"class": "sheep", "prob": 0.642815351486206, "left": 9.973922729492188, "top": 87.71322631835938, "right": 321.68536376953125, "bottom": 332.0}], "time": 21.63876700401306}
