{"im": 664, "res": [{"class": "sheep", "prob": 0.9838785529136658, "left": 29.503868103027344, "top": 141.5701904296875, "right": 221.74520874023438, "bottom": 222.18942260742188}, {"class": "train", "prob": 0.9887242913246155, "left": 241.080078125, "top": 31.88775634765625, "right": 367.90130615234375, "bottom": 196.15586853027344}, {"class": "train", "prob": 0.7240636348724365, "left": 363.07666015625, "top": 72.82218933105469, "right": 489.84490966796875, "bottom": 188.7330780029297}], "time": 21.97343111038208}
