{"im": 206, "res": [{"class": "aeroplane", "prob": 0.5902299284934998, "left": 115.38456726074219, "top": 102.35990142822266, "right": 233.7974395751953, "bottom": 245.46688842773438}], "time": 0.8935599327087402}
