{"im": 1129, "res": [{"class": "car", "prob": 0.9961449503898621, "left": 0.0, "top": 83.88459014892578, "right": 500.0, "bottom": 304.0098876953125}], "time": 21.07774782180786}
