{"im": 2744, "res": [{"class": "bottle", "prob": 0.7254083156585693, "left": 123.27661895751953, "top": 93.85807037353516, "right": 378.9444885253906, "bottom": 234.50302124023438}], "time": 1.0531690120697021}
