{"im": 3038, "res": [{"class": "aeroplane", "prob": 0.9997894167900085, "left": 44.66680908203125, "top": 126.55625915527344, "right": 337.25225830078125, "bottom": 483.91754150390625}], "time": 21.715049266815186}
