{"im": 1169, "res": [{"class": "bird", "prob": 0.9895811080932617, "left": 147.6866455078125, "top": 124.28840637207031, "right": 187.9779052734375, "bottom": 150.62913513183594}], "time": 21.053966999053955}
