{"im": 406, "res": [{"class": "chair", "prob": 0.7325078845024109, "left": 83.375244140625, "top": 120.68255615234375, "right": 427.1312561035156, "bottom": 206.67584228515625}], "time": 21.585931062698364}
