{"im": 1516, "res": [{"class": "aeroplane", "prob": 0.986004650592804, "left": 353.4736633300781, "top": 216.65069580078125, "right": 500.0, "bottom": 370.146728515625}, {"class": "aeroplane", "prob": 0.9439499378204346, "left": 46.65776824951172, "top": 119.29263305664062, "right": 184.9281005859375, "bottom": 265.3672180175781}], "time": 21.655497074127197}
