{"im": 288, "res": [{"class": "aeroplane", "prob": 0.9989889860153198, "left": 103.55618286132812, "top": 30.971481323242188, "right": 328.5752868652344, "bottom": 500.0}], "time": 21.615255117416382}
