{"im": 3968, "res": [{"class": "pottedplant", "prob": 0.9950171709060669, "left": 71.24675750732422, "top": 153.98670959472656, "right": 314.2671813964844, "bottom": 500.0}], "time": 21.60158109664917}
