{"im": 1495, "res": [{"class": "aeroplane", "prob": 0.9992771148681641, "left": 161.5027313232422, "top": 71.02654266357422, "right": 255.51487731933594, "bottom": 235.0975341796875}, {"class": "sofa", "prob": 0.8802855610847473, "left": 99.89335632324219, "top": 123.09247589111328, "right": 423.76177978515625, "bottom": 311.16851806640625}], "time": 21.627079963684082}
