{"im": 3432, "res": [{"class": "boat", "prob": 0.9956151843070984, "left": 201.54473876953125, "top": 84.67745208740234, "right": 472.18121337890625, "bottom": 234.3431396484375}, {"class": "aeroplane", "prob": 0.9468671679496765, "left": 298.213134765625, "top": 26.808155059814453, "right": 459.96893310546875, "bottom": 151.3290557861328}], "time": 21.52304220199585}
