{"im": 5692, "res": [{"class": "aeroplane", "prob": 0.9968451261520386, "left": 44.75774383544922, "top": 130.18984985351562, "right": 185.795654296875, "bottom": 318.74835205078125}, {"class": "aeroplane", "prob": 0.9934341907501221, "left": 345.76727294921875, "top": 106.00855255126953, "right": 451.6549072265625, "bottom": 291.19561767578125}, {"class": "aeroplane", "prob": 0.9121103882789612, "left": 130.919921875, "top": 123.90757751464844, "right": 219.446044921875, "bottom": 258.49609375}], "time": 21.227296829223633}
