{"im": 5338, "res": [{"class": "aeroplane", "prob": 0.9985837340354919, "left": 0.0, "top": 0.0, "right": 375.0, "bottom": 500.0}], "time": 21.47394824028015}
