{"im": 1001, "res": [{"class": "aeroplane", "prob": 0.5070769190788269, "left": 164.6260986328125, "top": 29.580520629882812, "right": 345.12152099609375, "bottom": 336.0}], "time": 0.9374439716339111}
