{"im": 2409, "res": [{"class": "boat", "prob": 0.8733231425285339, "left": 69.68937683105469, "top": 94.28844451904297, "right": 433.88043212890625, "bottom": 310.1210021972656}], "time": 0.8323860168457031}
