{"im": 359, "res": [{"class": "sheep", "prob": 0.9962266683578491, "left": 209.6063690185547, "top": 136.54676818847656, "right": 303.1354675292969, "bottom": 199.21690368652344}, {"class": "aeroplane", "prob": 0.7034111618995667, "left": 377.7178955078125, "top": 0.0, "right": 407.99285888671875, "bottom": 42.77730941772461}], "time": 21.796526193618774}
