{"im": 4734, "res": [{"class": "bottle", "prob": 0.9081124067306519, "left": 192.66123962402344, "top": 139.269775390625, "right": 268.3079528808594, "bottom": 169.34429931640625}], "time": 21.38270092010498}
