{"im": 2706, "res": [{"class": "sofa", "prob": 0.998387336730957, "left": 119.7743148803711, "top": 103.70999145507812, "right": 275.3582458496094, "bottom": 223.57656860351562}, {"class": "aeroplane", "prob": 0.9984475374221802, "left": 189.54803466796875, "top": 86.21052551269531, "right": 225.6832275390625, "bottom": 174.29331970214844}], "time": 21.448559999465942}
