{"im": 2938, "res": [{"class": "aeroplane", "prob": 0.9994832277297974, "left": 67.11962890625, "top": 141.49029541015625, "right": 131.4276885986328, "bottom": 341.3368225097656}, {"class": "bicycle", "prob": 0.9887933135032654, "left": 118.08137512207031, "top": 208.7545166015625, "right": 397.0006103515625, "bottom": 375.0}, {"class": "aeroplane", "prob": 0.9881999492645264, "left": 197.28660583496094, "top": 138.2805938720703, "right": 244.18418884277344, "bottom": 250.2496795654297}], "time": 21.594227075576782}
