{"im": 1045, "res": [{"class": "aeroplane", "prob": 0.9998359680175781, "left": 207.57127380371094, "top": 136.94161987304688, "right": 280.0228271484375, "bottom": 296.9434509277344}, {"class": "aeroplane", "prob": 0.9984618425369263, "left": 301.6269836425781, "top": 145.55734252929688, "right": 350.7143859863281, "bottom": 289.35748291015625}, {"class": "bicycle", "prob": 0.9952068328857422, "left": 274.3042297363281, "top": 205.18560791015625, "right": 399.7266540527344, "bottom": 294.4209899902344}, {"class": "bicycle", "prob": 0.9173550009727478, "left": 213.88204956054688, "top": 192.07273864746094, "right": 265.3228759765625, "bottom": 291.31072998046875}], "time": 21.11060905456543}
