{"im": 1326, "res": [{"class": "cat", "prob": 0.9953901767730713, "left": 150.39224243164062, "top": 143.67678833007812, "right": 403.9371032714844, "bottom": 292.1291198730469}, {"class": "aeroplane", "prob": 0.9995127320289612, "left": 103.76343536376953, "top": 145.52403259277344, "right": 153.54513549804688, "bottom": 262.34552001953125}], "time": 21.663663864135742}
