{"im": 2508, "res": [{"class": "sheep", "prob": 0.7895461320877075, "left": 161.7388458251953, "top": 36.88114929199219, "right": 494.39630126953125, "bottom": 341.7200927734375}, {"class": "sheep", "prob": 0.6955820322036743, "left": 57.72950744628906, "top": 156.45144653320312, "right": 488.0994873046875, "bottom": 375.0}], "time": 21.405574798583984}
