{"im": 480, "res": [{"class": "cat", "prob": 0.9927462935447693, "left": 288.9041442871094, "top": 152.39755249023438, "right": 490.9242858886719, "bottom": 332.6026611328125}, {"class": "cat", "prob": 0.9470393061637878, "left": 130.5933837890625, "top": 154.5888671875, "right": 302.1000061035156, "bottom": 225.57577514648438}, {"class": "cat", "prob": 0.7251771092414856, "left": 0.3231029510498047, "top": 158.0945281982422, "right": 49.91912078857422, "bottom": 193.25975036621094}], "time": 21.62023401260376}
