{"im": 4738, "res": [{"class": "sheep", "prob": 0.9450637698173523, "left": 116.71575164794922, "top": 265.15301513671875, "right": 228.57928466796875, "bottom": 384.38629150390625}, {"class": "sofa", "prob": 0.6704716682434082, "left": 226.3231964111328, "top": 265.7159729003906, "right": 275.0483703613281, "bottom": 348.5502014160156}], "time": 21.410038232803345}
