{"im": 582, "res": [{"class": "car", "prob": 0.9589341878890991, "left": 154.15469360351562, "top": 90.97827911376953, "right": 342.893310546875, "bottom": 285.83294677734375}, {"class": "aeroplane", "prob": 0.7095847129821777, "left": 16.545146942138672, "top": 170.8095703125, "right": 104.0006103515625, "bottom": 375.0}], "time": 0.8366143703460693}
