{"im": 205, "res": [{"class": "aeroplane", "prob": 0.9279493689537048, "left": 101.2676773071289, "top": 26.163360595703125, "right": 307.57672119140625, "bottom": 476.6517028808594}], "time": 0.8928060531616211}
