{"im": 600, "res": [{"class": "aeroplane", "prob": 0.976080596446991, "left": 229.82858276367188, "top": 12.433029174804688, "right": 358.6688537597656, "bottom": 334.0}, {"class": "aeroplane", "prob": 0.9596318602561951, "left": 70.50965881347656, "top": 0.0, "right": 199.2665252685547, "bottom": 334.0}, {"class": "aeroplane", "prob": 0.8647783398628235, "left": 338.8302001953125, "top": 12.42523193359375, "right": 459.4765625, "bottom": 334.0}, {"class": "aeroplane", "prob": 0.6852273344993591, "left": 51.56976318359375, "top": 73.96561431884766, "right": 58.278106689453125, "bottom": 97.67554473876953}], "time": 0.869704008102417}
