{"im": 2013, "res": [{"class": "aeroplane", "prob": 0.678753137588501, "left": 248.6466827392578, "top": 85.4850845336914, "right": 331.87158203125, "bottom": 294.3371276855469}], "time": 0.8768548965454102}
