{"im": 2161, "res": [{"class": "person", "prob": 0.9964680075645447, "left": 161.67538452148438, "top": 101.56822967529297, "right": 264.645263671875, "bottom": 294.1998291015625}], "time": 21.47549271583557}
