{"im": 4430, "res": [{"class": "aeroplane", "prob": 0.5677768588066101, "left": 0.0, "top": 105.2140884399414, "right": 289.61151123046875, "bottom": 323.5084228515625}], "time": 0.8198080062866211}
