{"im": 4549, "res": [{"class": "aeroplane", "prob": 0.9741081595420837, "left": 137.77992248535156, "top": 140.38064575195312, "right": 183.9925994873047, "bottom": 235.63424682617188}, {"class": "aeroplane", "prob": 0.9570943117141724, "left": 112.34928131103516, "top": 124.67178344726562, "right": 205.63876342773438, "bottom": 251.64016723632812}, {"class": "aeroplane", "prob": 0.8277788758277893, "left": 287.40692138671875, "top": 45.852294921875, "right": 338.79779052734375, "bottom": 254.7225341796875}, {"class": "aeroplane", "prob": 0.8142486810684204, "left": 301.1166076660156, "top": 80.17471313476562, "right": 327.8489074707031, "bottom": 223.65994262695312}], "time": 0.9331748485565186}
