{"im": 4845, "res": [{"class": "train", "prob": 0.5758029222488403, "left": 114.77885437011719, "top": 406.6494445800781, "right": 150.51817321777344, "bottom": 425.6289978027344}], "time": 0.858126163482666}
