{"im": 947, "res": [{"class": "person", "prob": 0.8324447870254517, "left": 288.9173889160156, "top": 150.0036163330078, "right": 388.2849426269531, "bottom": 219.64793395996094}, {"class": "person", "prob": 0.6423033475875854, "left": 313.76287841796875, "top": 160.83348083496094, "right": 361.0047607421875, "bottom": 213.8318634033203}], "time": 0.96694016456604}
