{"im": 1431, "res": [{"class": "bird", "prob": 0.8333811163902283, "left": 150.79751586914062, "top": 88.35490417480469, "right": 412.0774841308594, "bottom": 245.7685089111328}, {"class": "aeroplane", "prob": 0.5267531871795654, "left": 280.69378662109375, "top": 135.86387634277344, "right": 303.927001953125, "bottom": 154.3478240966797}], "time": 21.719919204711914}
