{"im": 4362, "res": [{"class": "pottedplant", "prob": 0.6118188500404358, "left": 54.904266357421875, "top": 8.250030517578125, "right": 448.89642333984375, "bottom": 373.8661804199219}], "time": 21.43945002555847}
