{"im": 1938, "res": [{"class": "chair", "prob": 0.998787522315979, "left": 57.49925231933594, "top": 82.5787353515625, "right": 434.09454345703125, "bottom": 287.00006103515625}], "time": 21.6446750164032}
