{"im": 1510, "res": [{"class": "pottedplant", "prob": 0.9968043565750122, "left": 8.5682373046875, "top": 80.05155181884766, "right": 301.137939453125, "bottom": 291.6039733886719}], "time": 21.87208318710327}
