{"im": 1785, "res": [{"class": "aeroplane", "prob": 0.8597692251205444, "left": 217.29647827148438, "top": 0.0, "right": 327.0321960449219, "bottom": 224.0540313720703}, {"class": "sofa", "prob": 0.5999802350997925, "left": 81.31268310546875, "top": 0.0, "right": 332.0, "bottom": 472.855712890625}], "time": 0.8377647399902344}
