{"im": 1156, "res": [{"class": "aeroplane", "prob": 0.9996399879455566, "left": 135.91644287109375, "top": 161.69895935058594, "right": 280.71697998046875, "bottom": 406.60870361328125}, {"class": "bird", "prob": 0.9926532506942749, "left": 331.83642578125, "top": 104.97988891601562, "right": 375.66595458984375, "bottom": 150.27113342285156}, {"class": "bird", "prob": 0.6564055681228638, "left": 0.0, "top": 101.21086120605469, "right": 218.9696502685547, "bottom": 399.763427734375}], "time": 21.170610904693604}
