{"im": 4738, "res": [{"class": "sheep", "prob": 0.7593147158622742, "left": 127.27278137207031, "top": 274.7720947265625, "right": 238.0098114013672, "bottom": 380.49078369140625}, {"class": "sheep", "prob": 0.6953771114349365, "left": 152.21356201171875, "top": 295.23431396484375, "right": 200.99557495117188, "bottom": 369.54522705078125}], "time": 0.8879601955413818}
