{"im": 1660, "res": [{"class": "bicycle", "prob": 0.5641725063323975, "left": 55.99131774902344, "top": 114.90606689453125, "right": 351.71563720703125, "bottom": 304.60235595703125}], "time": 1.0556550025939941}
