{"im": 3302, "res": [{"class": "car", "prob": 0.9973993897438049, "left": 63.09190368652344, "top": 100.2921371459961, "right": 452.3433837890625, "bottom": 271.1260070800781}], "time": 22.159800052642822}
