{"im": 1249, "res": [{"class": "aeroplane", "prob": 0.645617663860321, "left": 179.92739868164062, "top": 76.93898010253906, "right": 223.04110717773438, "bottom": 169.8234100341797}, {"class": "bicycle", "prob": 0.5458900928497314, "left": 177.25425720214844, "top": 138.48712158203125, "right": 245.5566864013672, "bottom": 302.3199768066406}], "time": 0.8756017684936523}
