{"im": 2433, "res": [{"class": "person", "prob": 0.9859592914581299, "left": 246.29196166992188, "top": 153.05801391601562, "right": 283.2096252441406, "bottom": 190.62628173828125}], "time": 21.399147987365723}
