{"im": 3229, "res": [{"class": "aeroplane", "prob": 0.9986129999160767, "left": 314.783447265625, "top": 7.330207824707031, "right": 500.0, "bottom": 244.65032958984375}, {"class": "bicycle", "prob": 0.9139232635498047, "left": 90.62881469726562, "top": 0.0, "right": 410.4851989746094, "bottom": 371.5445556640625}], "time": 21.89588689804077}
