{"im": 3397, "res": [{"class": "aeroplane", "prob": 0.9982259273529053, "left": 0.0, "top": 6.2733612060546875, "right": 339.6072998046875, "bottom": 500.0}, {"class": "aeroplane", "prob": 0.9774634838104248, "left": 238.4300537109375, "top": 240.67225646972656, "right": 400.0, "bottom": 500.0}], "time": 23.31220507621765}
