{"im": 3722, "res": [{"class": "pottedplant", "prob": 0.9176440238952637, "left": 46.13844299316406, "top": 3.0749359130859375, "right": 492.35821533203125, "bottom": 363.8916015625}], "time": 21.494843006134033}
