{"im": 224, "res": [{"class": "aeroplane", "prob": 0.9967136979103088, "left": 76.73115539550781, "top": 109.47518920898438, "right": 231.68785095214844, "bottom": 311.72369384765625}, {"class": "aeroplane", "prob": 0.998869776725769, "left": 217.370849609375, "top": 110.16497802734375, "right": 403.0628662109375, "bottom": 318.061279296875}], "time": 21.854783058166504}
