{"im": 5369, "res": [{"class": "aeroplane", "prob": 0.8938106298446655, "left": 0.0, "top": 198.81382751464844, "right": 177.13278198242188, "bottom": 450.0}], "time": 0.8761627674102783}
