{"im": 3897, "res": [{"class": "boat", "prob": 0.6495792269706726, "left": 56.043365478515625, "top": 75.33601379394531, "right": 447.9859619140625, "bottom": 375.0}], "time": 0.8593761920928955}
