{"im": 2210, "res": [{"class": "car", "prob": 0.9989721179008484, "left": 168.1418914794922, "top": 159.12974548339844, "right": 488.16070556640625, "bottom": 271.5198974609375}], "time": 21.473413228988647}
