{"im": 5379, "res": [{"class": "bottle", "prob": 0.9968454241752625, "left": 177.58078002929688, "top": 41.409324645996094, "right": 392.7793273925781, "bottom": 101.53716278076172}, {"class": "bottle", "prob": 0.9901115894317627, "left": 30.179962158203125, "top": 270.39007568359375, "right": 122.45623779296875, "bottom": 306.33465576171875}], "time": 21.48183798789978}
