{"im": 4432, "res": [{"class": "aeroplane", "prob": 0.9919872283935547, "left": 228.19529724121094, "top": 176.4945068359375, "right": 288.62548828125, "bottom": 338.1517333984375}, {"class": "aeroplane", "prob": 0.9903157353401184, "left": 149.01123046875, "top": 183.07400512695312, "right": 212.29702758789062, "bottom": 287.31048583984375}, {"class": "aeroplane", "prob": 0.8522652387619019, "left": 173.90293884277344, "top": 169.42709350585938, "right": 190.1217803955078, "bottom": 218.34213256835938}], "time": 21.3862202167511}
