{"im": 4343, "res": [{"class": "pottedplant", "prob": 0.997800886631012, "left": 178.83642578125, "top": 92.3890609741211, "right": 328.3869934082031, "bottom": 253.14138793945312}], "time": 21.37927770614624}
