{"im": 4170, "res": [{"class": "pottedplant", "prob": 0.764145016670227, "left": 92.67313385009766, "top": 38.065216064453125, "right": 333.0, "bottom": 500.0}], "time": 21.594577312469482}
