{"im": 5027, "res": [{"class": "chair", "prob": 0.6341769695281982, "left": 171.318115234375, "top": 155.1582794189453, "right": 459.2796630859375, "bottom": 273.1251525878906}], "time": 0.8910839557647705}
