{"im": 3450, "res": [{"class": "boat", "prob": 0.9973540306091309, "left": 260.8578796386719, "top": 154.10855102539062, "right": 356.8881530761719, "bottom": 219.50234985351562}], "time": 21.454211235046387}
