{"im": 4095, "res": [{"class": "aeroplane", "prob": 0.8366920948028564, "left": 40.523765563964844, "top": 210.9184112548828, "right": 181.26251220703125, "bottom": 500.0}], "time": 0.8620579242706299}
