{"im": 3489, "res": [{"class": "bus", "prob": 0.5571168065071106, "left": 51.84855651855469, "top": 68.25053405761719, "right": 346.82489013671875, "bottom": 276.8870849609375}], "time": 0.8398351669311523}
