{"im": 639, "res": [{"class": "car", "prob": 0.9972163438796997, "left": 147.32620239257812, "top": 1.969696044921875, "right": 238.71890258789062, "bottom": 102.67390441894531}, {"class": "aeroplane", "prob": 0.6679125428199768, "left": 79.48773193359375, "top": 62.57892990112305, "right": 89.03266906738281, "bottom": 87.40036010742188}], "time": 23.396568059921265}
