{"im": 5574, "res": [{"class": "car", "prob": 0.8678883910179138, "left": 75.58915710449219, "top": 134.9354248046875, "right": 430.3929443359375, "bottom": 240.44952392578125}, {"class": "car", "prob": 0.7622225284576416, "left": 0.0, "top": 139.84219360351562, "right": 103.28306579589844, "bottom": 231.76141357421875}, {"class": "car", "prob": 0.6267078518867493, "left": 26.16160011291504, "top": 146.958984375, "right": 74.20550537109375, "bottom": 211.19949340820312}], "time": 0.9239611625671387}
