{"im": 492, "res": [{"class": "pottedplant", "prob": 0.9017828106880188, "left": 188.6370086669922, "top": 42.44630432128906, "right": 476.347900390625, "bottom": 367.873046875}], "time": 21.683229207992554}
