{"im": 2329, "res": [{"class": "sofa", "prob": 0.9963138699531555, "left": 300.438232421875, "top": 76.5763168334961, "right": 500.0, "bottom": 279.34442138671875}, {"class": "sofa", "prob": 0.9935146570205688, "left": 1.1140289306640625, "top": 45.69194030761719, "right": 229.3828582763672, "bottom": 297.0308837890625}, {"class": "sofa", "prob": 0.9888023138046265, "left": 159.99432373046875, "top": 42.73553466796875, "right": 440.8580322265625, "bottom": 313.9598388671875}], "time": 21.41783118247986}
