{"im": 2685, "res": [{"class": "aeroplane", "prob": 0.9990110993385315, "left": 273.63885498046875, "top": 62.93537902832031, "right": 431.85797119140625, "bottom": 331.3404541015625}, {"class": "aeroplane", "prob": 0.9872195720672607, "left": 195.70127868652344, "top": 83.44218444824219, "right": 287.2021484375, "bottom": 217.70726013183594}, {"class": "aeroplane", "prob": 0.7941576242446899, "left": 218.87387084960938, "top": 151.14125061035156, "right": 276.28955078125, "bottom": 230.1826934814453}], "time": 21.488555908203125}
