{"im": 1903, "res": [{"class": "sheep", "prob": 0.9933155179023743, "left": 20.047836303710938, "top": 22.750686645507812, "right": 484.3270263671875, "bottom": 324.5118408203125}], "time": 21.682968854904175}
