{"im": 5751, "res": [{"class": "sofa", "prob": 0.8029237985610962, "left": 13.85113525390625, "top": 129.31735229492188, "right": 326.3691101074219, "bottom": 292.8741149902344}, {"class": "aeroplane", "prob": 0.5369601249694824, "left": 461.61383056640625, "top": 184.48574829101562, "right": 489.96282958984375, "bottom": 239.02606201171875}, {"class": "sofa", "prob": 0.5365616679191589, "left": 219.59959411621094, "top": 116.14936065673828, "right": 447.23046875, "bottom": 276.285400390625}], "time": 0.8527312278747559}
