{"im": 4561, "res": [{"class": "bottle", "prob": 0.9971576929092407, "left": 0.0, "top": 57.365745544433594, "right": 500.0, "bottom": 283.2702331542969}], "time": 21.380373001098633}
