{"im": 3752, "res": [{"class": "pottedplant", "prob": 0.7038863897323608, "left": 18.1243896484375, "top": 146.85443115234375, "right": 372.76611328125, "bottom": 328.7679138183594}, {"class": "pottedplant", "prob": 0.9488487243652344, "left": 270.8423767089844, "top": 43.65570068359375, "right": 494.6709289550781, "bottom": 292.7901916503906}, {"class": "pottedplant", "prob": 0.8914310932159424, "left": 0.0, "top": 27.91844940185547, "right": 340.0244140625, "bottom": 182.47500610351562}], "time": 21.504703998565674}
