{"im": 1286, "res": [{"class": "aeroplane", "prob": 0.9966511726379395, "left": 248.00579833984375, "top": 121.24467468261719, "right": 349.658203125, "bottom": 251.9889678955078}, {"class": "aeroplane", "prob": 0.9953554272651672, "left": 93.36066436767578, "top": 110.31584930419922, "right": 215.38955688476562, "bottom": 262.70965576171875}, {"class": "aeroplane", "prob": 0.9929438829421997, "left": 296.3134765625, "top": 158.93350219726562, "right": 478.07647705078125, "bottom": 359.8856506347656}, {"class": "aeroplane", "prob": 0.950410008430481, "left": 366.1923522949219, "top": 291.07159423828125, "right": 500.0, "bottom": 375.0}], "time": 21.339065074920654}
