{"im": 1433, "res": [{"class": "aeroplane", "prob": 0.9990983605384827, "left": 0.0, "top": 32.73707580566406, "right": 339.37542724609375, "bottom": 500.0}, {"class": "aeroplane", "prob": 0.7522523403167725, "left": 53.5888671875, "top": 173.75399780273438, "right": 368.9335632324219, "bottom": 487.0408020019531}], "time": 21.80011487007141}
