{"im": 1862, "res": [{"class": "chair", "prob": 0.8292797803878784, "left": 59.62578582763672, "top": 242.3589324951172, "right": 221.62551879882812, "bottom": 305.7356872558594}], "time": 21.66574192047119}
