{"im": 4471, "res": [{"class": "cat", "prob": 0.8135753273963928, "left": 18.648391723632812, "top": 116.82838439941406, "right": 333.0, "bottom": 379.1400146484375}], "time": 21.38492512702942}
