{"im": 4670, "res": [{"class": "sheep", "prob": 0.8794044852256775, "left": 160.29293823242188, "top": 55.47306823730469, "right": 395.2515563964844, "bottom": 324.10601806640625}, {"class": "aeroplane", "prob": 0.7235859632492065, "left": 354.0895690917969, "top": 15.450916290283203, "right": 398.3197326660156, "bottom": 65.93197631835938}, {"class": "aeroplane", "prob": 0.6774239540100098, "left": 329.4437255859375, "top": 5.728908538818359, "right": 419.1072998046875, "bottom": 83.61897277832031}], "time": 0.828078031539917}
