{"im": 3663, "res": [{"class": "train", "prob": 0.6223856806755066, "left": 297.6748046875, "top": 290.0765075683594, "right": 343.0303955078125, "bottom": 315.0833435058594}], "time": 1.08799409866333}
