{"im": 5685, "res": [{"class": "sofa", "prob": 0.7033067941665649, "left": 119.13592529296875, "top": 208.5457763671875, "right": 258.9198303222656, "bottom": 359.12078857421875}], "time": 0.8524069786071777}
