{"im": 3896, "res": [{"class": "bird", "prob": 0.85216224193573, "left": 431.685302734375, "top": 228.31539916992188, "right": 447.82330322265625, "bottom": 241.20944213867188}], "time": 0.8423862457275391}
