{"im": 3551, "res": [{"class": "bottle", "prob": 0.9940762519836426, "left": 6.015228271484375, "top": 87.41109466552734, "right": 479.486572265625, "bottom": 235.7080078125}], "time": 21.48118233680725}
