{"im": 232, "res": [{"class": "aeroplane", "prob": 0.976370096206665, "left": 131.85879516601562, "top": 99.80809783935547, "right": 306.51446533203125, "bottom": 282.12640380859375}, {"class": "aeroplane", "prob": 0.6257611513137817, "left": 26.792465209960938, "top": 361.97662353515625, "right": 217.7163848876953, "bottom": 447.0}], "time": 21.73342490196228}
