{"im": 2036, "res": [{"class": "aeroplane", "prob": 0.9989998936653137, "left": 50.04878234863281, "top": 56.46558380126953, "right": 243.2212677001953, "bottom": 306.7899475097656}, {"class": "boat", "prob": 0.8617602586746216, "left": 69.40376281738281, "top": 120.16726684570312, "right": 430.606689453125, "bottom": 401.1052551269531}], "time": 21.646252155303955}
