{"im": 3323, "res": [{"class": "sofa", "prob": 0.8760404586791992, "left": 196.68505859375, "top": 9.275070190429688, "right": 464.32586669921875, "bottom": 332.41375732421875}], "time": 24.19982099533081}
