{"im": 5693, "res": [{"class": "aeroplane", "prob": 0.9920457601547241, "left": 0.0, "top": 73.44864654541016, "right": 209.4374542236328, "bottom": 262.0}, {"class": "aeroplane", "prob": 0.8336468935012817, "left": 162.4407501220703, "top": 126.70216369628906, "right": 294.43487548828125, "bottom": 239.8517608642578}], "time": 21.711440086364746}
