{"im": 4995, "res": [{"class": "aeroplane", "prob": 0.6572643518447876, "left": 123.26161193847656, "top": 126.22158813476562, "right": 212.24314880371094, "bottom": 374.7027282714844}, {"class": "aeroplane", "prob": 0.5417971611022949, "left": 74.800048828125, "top": 117.80719757080078, "right": 144.73663330078125, "bottom": 354.6962890625}, {"class": "aeroplane", "prob": 0.528588593006134, "left": 206.92703247070312, "top": 137.65594482421875, "right": 289.770263671875, "bottom": 235.23837280273438}], "time": 0.8583760261535645}
