{"im": 2471, "res": [{"class": "sofa", "prob": 0.9981426000595093, "left": 364.01898193359375, "top": 84.75114440917969, "right": 496.7884521484375, "bottom": 197.7090606689453}, {"class": "sofa", "prob": 0.9964265823364258, "left": 175.40362548828125, "top": 67.8154067993164, "right": 316.2666015625, "bottom": 191.12338256835938}], "time": 21.484023094177246}
