{"im": 5762, "res": [{"class": "aeroplane", "prob": 0.9943792223930359, "left": 164.02142333984375, "top": 115.42193603515625, "right": 344.94012451171875, "bottom": 375.0}], "time": 21.377429962158203}
