{"im": 2602, "res": [{"class": "bicycle", "prob": 0.9997410178184509, "left": 19.060546875, "top": 38.209320068359375, "right": 491.4875183105469, "bottom": 333.0}], "time": 21.450121879577637}
