{"im": 736, "res": [{"class": "aeroplane", "prob": 0.57362300157547, "left": 173.62884521484375, "top": 76.81037902832031, "right": 485.951904296875, "bottom": 332.0}], "time": 0.8803298473358154}
