{"im": 3630, "res": [{"class": "car", "prob": 0.9934138655662537, "left": 30.156967163085938, "top": 120.9045639038086, "right": 467.3841552734375, "bottom": 270.7858581542969}], "time": 21.527666807174683}
