{"im": 5169, "res": [{"class": "bus", "prob": 0.9872229695320129, "left": 81.13807678222656, "top": 75.62957763671875, "right": 400.62872314453125, "bottom": 301.5098876953125}], "time": 0.8269293308258057}
