{"im": 4623, "res": [{"class": "bicycle", "prob": 0.9992707371711731, "left": 5.5644683837890625, "top": 53.2957763671875, "right": 487.4937744140625, "bottom": 325.77459716796875}], "time": 21.409498929977417}
