{"im": 3717, "res": [{"class": "car", "prob": 0.6174464225769043, "left": 183.30221557617188, "top": 209.5189666748047, "right": 263.2083435058594, "bottom": 254.8599395751953}], "time": 0.8703081607818604}
