{"im": 3199, "res": [{"class": "sofa", "prob": 0.9907333850860596, "left": 123.84225463867188, "top": 98.55082702636719, "right": 322.7134094238281, "bottom": 436.6082763671875}], "time": 22.02292013168335}
