{"im": 4393, "res": [{"class": "bicycle", "prob": 0.9436327219009399, "left": 22.245956420898438, "top": 52.36750793457031, "right": 485.65887451171875, "bottom": 336.15673828125}], "time": 0.8271219730377197}
