{"im": 2809, "res": [{"class": "aeroplane", "prob": 0.9984098076820374, "left": 163.61778259277344, "top": 140.1019287109375, "right": 328.79901123046875, "bottom": 448.02471923828125}], "time": 22.155706882476807}
