{"im": 5042, "res": [{"class": "pottedplant", "prob": 0.9895176887512207, "left": 46.61993408203125, "top": 0.0, "right": 296.5132141113281, "bottom": 436.0852355957031}], "time": 21.471280813217163}
