{"im": 5050, "res": [{"class": "aeroplane", "prob": 0.9893376231193542, "left": 31.700401306152344, "top": 10.753562927246094, "right": 234.6229248046875, "bottom": 253.90338134765625}, {"class": "aeroplane", "prob": 0.7104052305221558, "left": 384.62994384765625, "top": 26.85186767578125, "right": 495.85003662109375, "bottom": 290.4457702636719}], "time": 0.8435828685760498}
