{"im": 4955, "res": [{"class": "boat", "prob": 0.9987480640411377, "left": 112.1553955078125, "top": 84.70602416992188, "right": 347.9684143066406, "bottom": 288.6245422363281}, {"class": "bird", "prob": 0.9984641075134277, "left": 146.14804077148438, "top": 7.18145751953125, "right": 500.0, "bottom": 197.4874267578125}], "time": 21.411252975463867}
