{"im": 1770, "res": [{"class": "boat", "prob": 0.9989562034606934, "left": 102.88909912109375, "top": 153.15670776367188, "right": 413.39263916015625, "bottom": 318.5941467285156}, {"class": "aeroplane", "prob": 0.9984712600708008, "left": 190.07728576660156, "top": 101.828369140625, "right": 298.6160888671875, "bottom": 310.21240234375}, {"class": "aeroplane", "prob": 0.8011317253112793, "left": 239.2427520751953, "top": 89.74937438964844, "right": 291.0845947265625, "bottom": 169.16563415527344}], "time": 21.614036083221436}
