{"im": 5237, "res": [{"class": "aeroplane", "prob": 0.867957592010498, "left": 342.57086181640625, "top": 27.615394592285156, "right": 373.17852783203125, "bottom": 94.13333892822266}, {"class": "aeroplane", "prob": 0.7640560269355774, "left": 365.7686767578125, "top": 0.0, "right": 422.63287353515625, "bottom": 128.0187530517578}], "time": 0.8711550235748291}
