{"im": 1484, "res": [{"class": "aeroplane", "prob": 0.7626633644104004, "left": 152.98886108398438, "top": 208.54129028320312, "right": 267.0885314941406, "bottom": 456.0686340332031}], "time": 0.9104399681091309}
