{"im": 2819, "res": [{"class": "aeroplane", "prob": 0.9996116757392883, "left": 224.9973602294922, "top": 216.23910522460938, "right": 323.7410888671875, "bottom": 500.0}, {"class": "bicycle", "prob": 0.955164909362793, "left": 0.0, "top": 330.5645446777344, "right": 125.16316223144531, "bottom": 444.2724304199219}, {"class": "bicycle", "prob": 0.5960766673088074, "left": 83.4655532836914, "top": 333.54925537109375, "right": 181.08596801757812, "bottom": 497.52972412109375}], "time": 21.458493947982788}
