{"im": 3064, "res": [{"class": "bottle", "prob": 0.9761745929718018, "left": 38.175689697265625, "top": 61.78382110595703, "right": 490.5008239746094, "bottom": 266.177734375}], "time": 21.694061756134033}
