{"im": 4193, "res": [{"class": "pottedplant", "prob": 0.7756428122520447, "left": 4.486358642578125, "top": 2.92230224609375, "right": 482.7798767089844, "bottom": 375.0}], "time": 21.66668176651001}
