{"im": 3266, "res": [{"class": "person", "prob": 0.9968708753585815, "left": 30.58416748046875, "top": 27.333847045898438, "right": 253.2843017578125, "bottom": 297.28594970703125}], "time": 23.428579092025757}
