{"im": 1408, "res": [{"class": "aeroplane", "prob": 0.6382291316986084, "left": 160.7528076171875, "top": 148.16404724121094, "right": 248.74249267578125, "bottom": 242.42515563964844}, {"class": "aeroplane", "prob": 0.6253815293312073, "left": 183.5489959716797, "top": 161.94985961914062, "right": 224.43128967285156, "bottom": 229.616943359375}], "time": 0.8484349250793457}
