{"im": 1194, "res": [{"class": "bottle", "prob": 0.994222104549408, "left": 14.156814575195312, "top": 42.50458526611328, "right": 490.40350341796875, "bottom": 217.42416381835938}], "time": 21.042935132980347}
