{"im": 4530, "res": [{"class": "pottedplant", "prob": 0.5463952422142029, "left": 5.0587005615234375, "top": 98.22208404541016, "right": 268.86651611328125, "bottom": 280.3763427734375}], "time": 0.8111541271209717}
