{"im": 5457, "res": [{"class": "aeroplane", "prob": 0.9998598694801331, "left": 90.2921142578125, "top": 128.46043395996094, "right": 358.4026184082031, "bottom": 346.3358154296875}, {"class": "sheep", "prob": 0.9121774435043335, "left": 372.6008605957031, "top": 185.5854034423828, "right": 497.5562438964844, "bottom": 354.11309814453125}], "time": 21.528215885162354}
