{"im": 5210, "res": [{"class": "train", "prob": 0.860988199710846, "left": 171.28189086914062, "top": 125.26763153076172, "right": 300.8836364746094, "bottom": 204.48699951171875}, {"class": "train", "prob": 0.7603549361228943, "left": 204.98629760742188, "top": 136.77406311035156, "right": 264.171142578125, "bottom": 195.9534454345703}], "time": 0.8325400352478027}
