{"im": 3166, "res": [{"class": "aeroplane", "prob": 0.8521282076835632, "left": 478.4736328125, "top": 306.06475830078125, "right": 493.44451904296875, "bottom": 344.99395751953125}, {"class": "aeroplane", "prob": 0.7345495223999023, "left": 445.39471435546875, "top": 317.12322998046875, "right": 468.80108642578125, "bottom": 354.08935546875}, {"class": "aeroplane", "prob": 0.5046856999397278, "left": 140.0659942626953, "top": 321.7753601074219, "right": 150.90077209472656, "bottom": 341.2563781738281}], "time": 0.837583065032959}
