{"im": 3268, "res": [{"class": "pottedplant", "prob": 0.7155991792678833, "left": 91.86874389648438, "top": 72.05891418457031, "right": 415.28094482421875, "bottom": 363.87640380859375}], "time": 0.8993029594421387}
