{"im": 2685, "res": [{"class": "aeroplane", "prob": 0.7962859272956848, "left": 273.93914794921875, "top": 71.18478393554688, "right": 441.6956787109375, "bottom": 328.8908996582031}], "time": 0.9607758522033691}
