{"im": 1304, "res": [{"class": "aeroplane", "prob": 0.6431497931480408, "left": 116.37276458740234, "top": 0.0, "right": 252.85977172851562, "bottom": 257.1199951171875}], "time": 1.0687487125396729}
