{"im": 5711, "res": [{"class": "bottle", "prob": 0.9640379548072815, "left": 19.121139526367188, "top": 5.00762939453125, "right": 485.80126953125, "bottom": 271.7352600097656}], "time": 21.161171913146973}
