{"im": 2133, "res": [{"class": "aeroplane", "prob": 0.8572251796722412, "left": 0.0, "top": 45.00105285644531, "right": 92.345458984375, "bottom": 341.12298583984375}, {"class": "aeroplane", "prob": 0.7242992520332336, "left": 161.32186889648438, "top": 32.95360565185547, "right": 233.59780883789062, "bottom": 242.6591796875}, {"class": "aeroplane", "prob": 0.5310009717941284, "left": 59.97095489501953, "top": 184.6363525390625, "right": 207.34420776367188, "bottom": 366.98919677734375}, {"class": "aeroplane", "prob": 0.5095778703689575, "left": 185.05148315429688, "top": 51.229522705078125, "right": 216.44900512695312, "bottom": 197.33023071289062}], "time": 0.8378450870513916}
