{"im": 3295, "res": [{"class": "pottedplant", "prob": 0.9017852544784546, "left": 203.26612854003906, "top": 168.75387573242188, "right": 500.0, "bottom": 373.8316345214844}, {"class": "sheep", "prob": 0.976718008518219, "left": 17.65301513671875, "top": 0.0, "right": 323.9685974121094, "bottom": 179.2504425048828}], "time": 21.92949104309082}
