{"im": 3262, "res": [{"class": "chair", "prob": 0.9637789726257324, "left": 131.89796447753906, "top": 135.4615020751953, "right": 195.46531677246094, "bottom": 187.49195861816406}], "time": 21.874500036239624}
