{"im": 4566, "res": [{"class": "car", "prob": 0.9989659786224365, "left": 0.0, "top": 0.0, "right": 440.3511657714844, "bottom": 372.6908874511719}, {"class": "aeroplane", "prob": 0.9991503357887268, "left": 417.2380676269531, "top": 123.7203369140625, "right": 466.4311218261719, "bottom": 247.41067504882812}, {"class": "aeroplane", "prob": 0.9503701329231262, "left": 452.83551025390625, "top": 107.5071792602539, "right": 499.8558349609375, "bottom": 355.6783752441406}], "time": 21.388655185699463}
