{"im": 5776, "res": [{"class": "aeroplane", "prob": 0.5769965052604675, "left": 301.7803955078125, "top": 0.0, "right": 500.0, "bottom": 167.51473999023438}], "time": 0.9658091068267822}
