{"im": 2148, "res": [{"class": "bottle", "prob": 0.9891234040260315, "left": 221.0072784423828, "top": 77.24664306640625, "right": 310.2872619628906, "bottom": 156.99374389648438}], "time": 21.53306293487549}
