{"im": 2849, "res": [{"class": "person", "prob": 0.9362422227859497, "left": 265.0285949707031, "top": 21.408397674560547, "right": 280.2585754394531, "bottom": 45.80068588256836}, {"class": "person", "prob": 0.9052087664604187, "left": 118.52133178710938, "top": 202.8890380859375, "right": 142.30804443359375, "bottom": 213.36761474609375}, {"class": "person", "prob": 0.8135573267936707, "left": 27.888877868652344, "top": 45.798683166503906, "right": 43.35797119140625, "bottom": 65.31549835205078}], "time": 21.460591793060303}
