{"im": 5486, "res": [{"class": "car", "prob": 0.8977181315422058, "left": 107.52191162109375, "top": 99.93849182128906, "right": 385.04156494140625, "bottom": 343.39874267578125}], "time": 0.8291420936584473}
