{"im": 3918, "res": [{"class": "pottedplant", "prob": 0.7365130186080933, "left": 3.277069091796875, "top": 89.05683135986328, "right": 304.150390625, "bottom": 339.8608093261719}], "time": 21.570951223373413}
