{"im": 1724, "res": [{"class": "bird", "prob": 0.9979650974273682, "left": 26.47698974609375, "top": 107.18404388427734, "right": 473.2637023925781, "bottom": 298.06011962890625}], "time": 21.72875213623047}
