{"im": 1320, "res": [{"class": "person", "prob": 0.9801352024078369, "left": 131.07859802246094, "top": 110.57762145996094, "right": 276.81390380859375, "bottom": 213.21009826660156}], "time": 21.711289167404175}
