{"im": 705, "res": [{"class": "bicycle", "prob": 0.9835637807846069, "left": 12.782791137695312, "top": 232.2774200439453, "right": 319.1229248046875, "bottom": 490.261474609375}, {"class": "aeroplane", "prob": 0.9613431692123413, "left": 5.857147216796875, "top": 0.0, "right": 325.7498474121094, "bottom": 459.6949462890625}], "time": 21.7139310836792}
