{"im": 4017, "res": [{"class": "pottedplant", "prob": 0.9947360754013062, "left": 218.01766967773438, "top": 49.25213623046875, "right": 496.6542053222656, "bottom": 280.3609619140625}, {"class": "sheep", "prob": 0.6313406229019165, "left": 26.817214965820312, "top": 142.4152069091797, "right": 256.34173583984375, "bottom": 292.21923828125}], "time": 24.964823722839355}
