{"im": 974, "res": [{"class": "person", "prob": 0.7655025124549866, "left": 80.94837188720703, "top": 0.0, "right": 296.1999816894531, "bottom": 500.0}], "time": 21.07497501373291}
