{"im": 2922, "res": [{"class": "aeroplane", "prob": 0.9902270436286926, "left": 113.54171752929688, "top": 9.137054443359375, "right": 437.5447082519531, "bottom": 320.37237548828125}], "time": 21.59342622756958}
