{"im": 2952, "res": [{"class": "pottedplant", "prob": 0.5888425707817078, "left": 156.12281799316406, "top": 71.72148132324219, "right": 354.34222412109375, "bottom": 344.8924560546875}, {"class": "sheep", "prob": 0.5285608172416687, "left": 156.12281799316406, "top": 71.72148132324219, "right": 354.34222412109375, "bottom": 344.8924560546875}], "time": 21.556102991104126}
