{"im": 5079, "res": [{"class": "sofa", "prob": 0.6089186072349548, "left": 224.97439575195312, "top": 196.63919067382812, "right": 324.6252136230469, "bottom": 257.9836730957031}], "time": 0.9259588718414307}
