{"im": 5328, "res": [{"class": "aeroplane", "prob": 0.9972571730613708, "left": 52.19151306152344, "top": 103.47859191894531, "right": 454.61236572265625, "bottom": 364.0}], "time": 21.51536202430725}
