{"im": 1934, "res": [{"class": "aeroplane", "prob": 0.612737774848938, "left": 86.28721618652344, "top": 15.78773021697998, "right": 116.69729614257812, "bottom": 40.40707778930664}], "time": 0.8293871879577637}
