{"im": 2876, "res": [{"class": "aeroplane", "prob": 0.831246018409729, "left": 78.40837097167969, "top": 93.21137237548828, "right": 178.91600036621094, "bottom": 326.96417236328125}], "time": 0.8299660682678223}
