{"im": 4785, "res": [{"class": "bottle", "prob": 0.8072410225868225, "left": 13.580856323242188, "top": 216.4320831298828, "right": 222.2195281982422, "bottom": 314.5704650878906}, {"class": "bottle", "prob": 0.6912548542022705, "left": 60.20927810668945, "top": 233.20648193359375, "right": 175.096923828125, "bottom": 298.6407470703125}], "time": 0.8197429180145264}
