{"im": 4107, "res": [{"class": "sheep", "prob": 0.9840065240859985, "left": 29.544326782226562, "top": 60.59960174560547, "right": 316.57928466796875, "bottom": 216.10305786132812}, {"class": "sheep", "prob": 0.5142449736595154, "left": 189.07473754882812, "top": 83.74456024169922, "right": 322.00982666015625, "bottom": 222.75198364257812}], "time": 21.634843111038208}
