{"im": 3990, "res": [{"class": "bus", "prob": 0.9975477457046509, "left": 277.2055358886719, "top": 26.933441162109375, "right": 484.6609802246094, "bottom": 286.68499755859375}, {"class": "bus", "prob": 0.9867104291915894, "left": 182.02215576171875, "top": 116.964111328125, "right": 228.23785400390625, "bottom": 211.77810668945312}, {"class": "bus", "prob": 0.9814908504486084, "left": 11.607269287109375, "top": 79.96695709228516, "right": 138.34347534179688, "bottom": 238.91400146484375}, {"class": "bus", "prob": 0.9492682218551636, "left": 159.12017822265625, "top": 105.15983581542969, "right": 257.3985290527344, "bottom": 221.23643493652344}], "time": 0.9242749214172363}
