{"im": 3856, "res": [{"class": "train", "prob": 0.9273184537887573, "left": 161.38778686523438, "top": 117.19534301757812, "right": 288.9394226074219, "bottom": 203.3631591796875}, {"class": "train", "prob": 0.9730315208435059, "left": 162.05404663085938, "top": 227.92111206054688, "right": 289.3959045410156, "bottom": 316.0993347167969}, {"class": "train", "prob": 0.7290188074111938, "left": 159.04640197753906, "top": 58.959922790527344, "right": 206.2940216064453, "bottom": 102.39826202392578}, {"class": "train", "prob": 0.8779540657997131, "left": 325.5937805175781, "top": 123.10919189453125, "right": 431.3710632324219, "bottom": 211.21530151367188}], "time": 22.48759388923645}
