{"im": 2793, "res": [{"class": "bird", "prob": 0.6244431138038635, "left": 387.9524230957031, "top": 190.23374938964844, "right": 500.0, "bottom": 279.94281005859375}, {"class": "bird", "prob": 0.5079030990600586, "left": 419.0954895019531, "top": 204.65139770507812, "right": 472.1515808105469, "bottom": 260.60595703125}], "time": 0.8508808612823486}
