{"im": 77, "res": [{"class": "bird", "prob": 0.5533155798912048, "left": 462.31158447265625, "top": 164.6238555908203, "right": 491.66497802734375, "bottom": 197.2726287841797}, {"class": "bird", "prob": 0.5856194496154785, "left": 9.127070426940918, "top": 164.37416076660156, "right": 20.320919036865234, "bottom": 179.27626037597656}], "time": 0.8404107093811035}
