{"im": 2867, "res": [{"class": "person", "prob": 0.9275890588760376, "left": 191.79351806640625, "top": 137.9241943359375, "right": 270.2012634277344, "bottom": 284.5879211425781}], "time": 21.474682807922363}
