{"im": 1717, "res": [{"class": "sheep", "prob": 0.7469179630279541, "left": 65.64459228515625, "top": 110.33689880371094, "right": 323.5471496582031, "bottom": 494.7181396484375}], "time": 22.015114068984985}
