{"im": 3158, "res": [{"class": "aeroplane", "prob": 0.9998961091041565, "left": 291.74212646484375, "top": 56.39097595214844, "right": 419.10101318359375, "bottom": 375.0}, {"class": "aeroplane", "prob": 0.9982215762138367, "left": 91.33560180664062, "top": 87.30733489990234, "right": 229.8541259765625, "bottom": 273.0465393066406}, {"class": "cat", "prob": 0.5395355820655823, "left": 401.5955505371094, "top": 85.898681640625, "right": 500.0, "bottom": 122.87916564941406}], "time": 22.55463409423828}
