{"im": 579, "res": [{"class": "person", "prob": 0.9700640439987183, "left": 439.97393798828125, "top": 32.541053771972656, "right": 491.7772216796875, "bottom": 73.67884826660156}, {"class": "person", "prob": 0.6801072359085083, "left": 246.2969512939453, "top": 175.65036010742188, "right": 301.619140625, "bottom": 216.7996826171875}], "time": 21.554110050201416}
