{"im": 4640, "res": [{"class": "person", "prob": 0.988663375377655, "left": 334.38995361328125, "top": 14.527259826660156, "right": 368.8890380859375, "bottom": 55.90746307373047}, {"class": "chair", "prob": 0.9841564893722534, "left": 53.12840270996094, "top": 162.19139099121094, "right": 474.80609130859375, "bottom": 287.0}, {"class": "person", "prob": 0.9621846079826355, "left": 43.384422302246094, "top": 139.57220458984375, "right": 96.15753936767578, "bottom": 166.22421264648438}, {"class": "aeroplane", "prob": 0.9176785349845886, "left": 390.42437744140625, "top": 159.00137329101562, "right": 429.517333984375, "bottom": 189.17416381835938}], "time": 21.481493949890137}
