{"im": 2232, "res": [{"class": "person", "prob": 0.9996368288993835, "left": 161.12796020507812, "top": 118.41552734375, "right": 293.5210876464844, "bottom": 285.3714904785156}], "time": 21.44507884979248}
