{"im": 250, "res": [{"class": "aeroplane", "prob": 0.9916386604309082, "left": 267.53692626953125, "top": 58.06950378417969, "right": 500.0, "bottom": 333.0}, {"class": "aeroplane", "prob": 0.997705340385437, "left": 5.1655426025390625, "top": 75.33247375488281, "right": 280.57061767578125, "bottom": 333.0}], "time": 21.63685917854309}
