{"im": 2524, "res": [{"class": "sheep", "prob": 0.9434602856636047, "left": 131.78160095214844, "top": 19.700332641601562, "right": 331.33636474609375, "bottom": 367.3778076171875}], "time": 21.44819211959839}
