{"im": 1138, "res": [{"class": "aeroplane", "prob": 0.9975784420967102, "left": 1.0861740112304688, "top": 282.018798828125, "right": 125.01348876953125, "bottom": 372.211669921875}, {"class": "aeroplane", "prob": 0.7074108123779297, "left": 48.25337219238281, "top": 27.760910034179688, "right": 491.3909912109375, "bottom": 350.501708984375}], "time": 21.122607231140137}
