{"im": 1154, "res": [{"class": "aeroplane", "prob": 0.9560025930404663, "left": 92.050048828125, "top": 53.30204772949219, "right": 362.21624755859375, "bottom": 375.0}], "time": 21.111081838607788}
