{"im": 5118, "res": [{"class": "tvmonitor", "prob": 0.9905941486358643, "left": 49.6920166015625, "top": 35.667633056640625, "right": 335.59234619140625, "bottom": 342.3692626953125}, {"class": "tvmonitor", "prob": 0.9554218649864197, "left": 259.1011962890625, "top": 66.52757263183594, "right": 490.48077392578125, "bottom": 349.01531982421875}], "time": 21.49318814277649}
