{"im": 1904, "res": [{"class": "cat", "prob": 0.9161909818649292, "left": 61.92694091796875, "top": 160.81976318359375, "right": 426.5775146484375, "bottom": 294.4504699707031}], "time": 21.65298318862915}
