{"im": 1300, "res": [{"class": "tvmonitor", "prob": 0.599869966506958, "left": 70.3177490234375, "top": 53.48274230957031, "right": 350.4869689941406, "bottom": 375.0}, {"class": "tvmonitor", "prob": 0.5404248237609863, "left": 6.569281578063965, "top": 158.5179443359375, "right": 26.62097930908203, "bottom": 195.11187744140625}, {"class": "tvmonitor", "prob": 0.6322327256202698, "left": 362.8126525878906, "top": 84.11953735351562, "right": 452.1636047363281, "bottom": 187.591064453125}, {"class": "tvmonitor", "prob": 0.5875136852264404, "left": 388.1141662597656, "top": 80.42697143554688, "right": 496.0335388183594, "bottom": 192.30020141601562}], "time": 0.9466922283172607}
