{"im": 5406, "res": [{"class": "aeroplane", "prob": 0.9868057370185852, "left": 230.67453002929688, "top": 155.49427795410156, "right": 322.6645812988281, "bottom": 252.6115264892578}], "time": 21.477168083190918}
