{"im": 5310, "res": [{"class": "aeroplane", "prob": 0.997177004814148, "left": 287.0185241699219, "top": 11.527267456054688, "right": 406.8932189941406, "bottom": 352.2979736328125}, {"class": "bicycle", "prob": 0.7931704521179199, "left": 74.26715087890625, "top": 156.6400909423828, "right": 317.026611328125, "bottom": 371.695068359375}], "time": 21.471377849578857}
