{"im": 2206, "res": [{"class": "bicycle", "prob": 0.9983201622962952, "left": 6.0842742919921875, "top": 36.20237731933594, "right": 486.5419921875, "bottom": 334.6474609375}], "time": 21.46199607849121}
