{"im": 937, "res": [{"class": "aeroplane", "prob": 0.9999765753746033, "left": 65.76190185546875, "top": 76.1011962890625, "right": 324.65234375, "bottom": 381.68682861328125}], "time": 21.106759786605835}
