{"im": 1751, "res": [{"class": "car", "prob": 0.5023245215415955, "left": 15.51443862915039, "top": 15.18231201171875, "right": 95.68048095703125, "bottom": 312.55218505859375}], "time": 21.630756855010986}
