{"im": 215, "res": [{"class": "sheep", "prob": 0.9965664744377136, "left": 239.50714111328125, "top": 84.18753814697266, "right": 384.32928466796875, "bottom": 254.271728515625}], "time": 21.704505920410156}
