{"im": 4574, "res": [{"class": "pottedplant", "prob": 0.9843047261238098, "left": 114.95307922363281, "top": 47.87017822265625, "right": 381.79071044921875, "bottom": 369.7732238769531}], "time": 21.408069133758545}
