{"im": 1509, "res": [{"class": "aeroplane", "prob": 0.999498724937439, "left": 146.69937133789062, "top": 130.97030639648438, "right": 265.711669921875, "bottom": 482.9222106933594}], "time": 21.77733302116394}
