{"im": 1354, "res": [{"class": "pottedplant", "prob": 0.9995275139808655, "left": 105.29449462890625, "top": 127.32136535644531, "right": 253.64306640625, "bottom": 384.4268798828125}, {"class": "aeroplane", "prob": 0.8791980743408203, "left": 1.1552925109863281, "top": 0.0, "right": 98.87376403808594, "bottom": 422.7569580078125}], "time": 21.682725191116333}
