{"im": 486, "res": [{"class": "sheep", "prob": 0.9926806688308716, "left": 135.29722595214844, "top": 0.0, "right": 276.71246337890625, "bottom": 218.24647521972656}, {"class": "aeroplane", "prob": 0.9892880320549011, "left": 326.44830322265625, "top": 0.0, "right": 374.01470947265625, "bottom": 161.0125732421875}], "time": 21.50015377998352}
