{"im": 133, "res": [{"class": "aeroplane", "prob": 0.794577419757843, "left": 88.76214599609375, "top": 82.8582763671875, "right": 180.52487182617188, "bottom": 304.1127014160156}, {"class": "aeroplane", "prob": 0.7129887342453003, "left": 217.8270263671875, "top": 9.06158447265625, "right": 302.48797607421875, "bottom": 273.4974365234375}], "time": 0.9843258857727051}
