{"im": 2609, "res": [{"class": "bottle", "prob": 0.9956806898117065, "left": 16.531570434570312, "top": 89.13695526123047, "right": 485.69610595703125, "bottom": 256.5797119140625}], "time": 21.42803406715393}
