{"im": 2156, "res": [{"class": "aeroplane", "prob": 0.8648108839988708, "left": 344.4540100097656, "top": 142.9593963623047, "right": 474.1341857910156, "bottom": 318.555419921875}], "time": 0.8372879028320312}
