{"im": 3364, "res": [{"class": "bird", "prob": 0.9888896346092224, "left": 39.02937316894531, "top": 104.78450775146484, "right": 471.29052734375, "bottom": 284.6985168457031}, {"class": "bird", "prob": 0.8920319080352783, "left": 435.29296875, "top": 133.857421875, "right": 497.42059326171875, "bottom": 226.81866455078125}], "time": 21.47449803352356}
