{"im": 1009, "res": [{"class": "bottle", "prob": 0.9927895665168762, "left": 7.7237396240234375, "top": 69.36064147949219, "right": 493.46502685546875, "bottom": 257.171630859375}, {"class": "cow", "prob": 0.7525480389595032, "left": 107.55884552001953, "top": 291.8570251464844, "right": 113.74341583251953, "bottom": 301.5572814941406}, {"class": "cow", "prob": 0.5741892457008362, "left": 97.13674926757812, "top": 292.458984375, "right": 104.07745361328125, "bottom": 302.930419921875}], "time": 21.107924938201904}
