{"im": 115, "res": [{"class": "aeroplane", "prob": 0.9977455735206604, "left": 409.679931640625, "top": 91.7247543334961, "right": 443.55047607421875, "bottom": 182.21231079101562}, {"class": "aeroplane", "prob": 0.9835380911827087, "left": 253.5891571044922, "top": 121.66755676269531, "right": 286.2235107421875, "bottom": 184.50355529785156}, {"class": "bicycle", "prob": 0.9336423277854919, "left": 257.0346374511719, "top": 151.33914184570312, "right": 281.1147155761719, "bottom": 198.92697143554688}, {"class": "cat", "prob": 0.5834304094314575, "left": 331.1766357421875, "top": 101.11090087890625, "right": 381.156982421875, "bottom": 163.25823974609375}], "time": 23.28257417678833}
