{"im": 4030, "res": [{"class": "tvmonitor", "prob": 0.9857965111732483, "left": 277.016845703125, "top": 202.2086181640625, "right": 383.958251953125, "bottom": 275.705078125}, {"class": "tvmonitor", "prob": 0.9811051487922668, "left": 187.49002075195312, "top": 200.38438415527344, "right": 278.6043395996094, "bottom": 276.9286804199219}, {"class": "tvmonitor", "prob": 0.9631277918815613, "left": 373.5804443359375, "top": 205.867919921875, "right": 478.4200439453125, "bottom": 275.1048278808594}], "time": 23.099498987197876}
