{"im": 2516, "res": [{"class": "person", "prob": 0.5234649777412415, "left": 338.1177062988281, "top": 260.6873779296875, "right": 378.8563537597656, "bottom": 340.087158203125}, {"class": "person", "prob": 0.5047241449356079, "left": 314.92425537109375, "top": 248.4293212890625, "right": 414.29705810546875, "bottom": 350.51611328125}], "time": 0.8920648097991943}
