{"im": 1989, "res": [{"class": "train", "prob": 0.9616743326187134, "left": 22.44536590576172, "top": 42.4437255859375, "right": 148.0472412109375, "bottom": 273.3735656738281}, {"class": "train", "prob": 0.8357546925544739, "left": 195.21035766601562, "top": 65.35784912109375, "right": 233.29107666015625, "bottom": 121.68241882324219}], "time": 21.7029709815979}
