{"im": 2798, "res": [{"class": "car", "prob": 0.9995178580284119, "left": 42.0543212890625, "top": 12.911834716796875, "right": 356.312744140625, "bottom": 309.55023193359375}], "time": 21.505023956298828}
