{"im": 2756, "res": [{"class": "aeroplane", "prob": 0.7764350771903992, "left": 276.12139892578125, "top": 103.34180450439453, "right": 380.6678466796875, "bottom": 347.61993408203125}], "time": 0.826848030090332}
