{"im": 3615, "res": [{"class": "person", "prob": 0.9974486231803894, "left": 97.58377075195312, "top": 234.89517211914062, "right": 232.12985229492188, "bottom": 373.0278625488281}], "time": 21.5403470993042}
