{"im": 999, "res": [{"class": "bird", "prob": 0.9691726565361023, "left": 304.2638244628906, "top": 145.92648315429688, "right": 500.0, "bottom": 288.6195373535156}, {"class": "aeroplane", "prob": 0.9104659557342529, "left": 129.01119995117188, "top": 108.66422271728516, "right": 304.9690246582031, "bottom": 325.10845947265625}], "time": 1.065746784210205}
