{"im": 5098, "res": [{"class": "aeroplane", "prob": 0.9941020607948303, "left": 2.5006103515625, "top": 108.34805297851562, "right": 314.1546936035156, "bottom": 486.2602233886719}, {"class": "aeroplane", "prob": 0.9683874249458313, "left": 266.6552429199219, "top": 283.7402038574219, "right": 374.2941589355469, "bottom": 485.8824768066406}, {"class": "aeroplane", "prob": 0.9266936182975769, "left": 0.0, "top": 237.08648681640625, "right": 75.67861938476562, "bottom": 377.73388671875}], "time": 21.480573892593384}
