{"im": 5726, "res": [{"class": "aeroplane", "prob": 0.9997913241386414, "left": 34.98759460449219, "top": 88.56863403320312, "right": 295.03179931640625, "bottom": 375.0}, {"class": "aeroplane", "prob": 0.9983558654785156, "left": 270.73394775390625, "top": 49.700592041015625, "right": 499.1304931640625, "bottom": 367.9800109863281}], "time": 21.107903003692627}
