{"im": 3563, "res": [{"class": "bottle", "prob": 0.8891413807868958, "left": 31.438827514648438, "top": 68.80707550048828, "right": 462.047119140625, "bottom": 323.7152404785156}], "time": 21.622557878494263}
