{"im": 1064, "res": [{"class": "pottedplant", "prob": 0.9657720923423767, "left": 5.2677764892578125, "top": 32.91912841796875, "right": 451.47283935546875, "bottom": 309.5408630371094}], "time": 21.06538701057434}
