{"im": 2941, "res": [{"class": "bicycle", "prob": 0.9926900267601013, "left": 356.6000061035156, "top": 20.620651245117188, "right": 469.4623107910156, "bottom": 102.31888580322266}, {"class": "bicycle", "prob": 0.9765403866767883, "left": 380.28900146484375, "top": 26.051097869873047, "right": 437.6690673828125, "bottom": 91.57807922363281}, {"class": "bicycle", "prob": 0.8430904746055603, "left": 9.894515991210938, "top": 13.586372375488281, "right": 169.20901489257812, "bottom": 153.39639282226562}], "time": 0.8666722774505615}
