{"im": 1927, "res": [{"class": "aeroplane", "prob": 0.9621938467025757, "left": 130.55271911621094, "top": 58.979583740234375, "right": 484.0343017578125, "bottom": 356.49462890625}, {"class": "aeroplane", "prob": 0.8553298115730286, "left": 263.8800964355469, "top": 42.17094802856445, "right": 349.5931091308594, "bottom": 130.19204711914062}, {"class": "aeroplane", "prob": 0.6691898703575134, "left": 32.535064697265625, "top": 90.08109283447266, "right": 249.78414916992188, "bottom": 337.0201416015625}], "time": 21.742398977279663}
