{"im": 4416, "res": [{"class": "pottedplant", "prob": 0.8300591707229614, "left": 71.33718872070312, "top": 0.0, "right": 476.7164611816406, "bottom": 334.0}], "time": 21.384307146072388}
