{"im": 822, "res": [{"class": "aeroplane", "prob": 0.99461829662323, "left": 220.494140625, "top": 81.02867126464844, "right": 484.66363525390625, "bottom": 407.909423828125}, {"class": "aeroplane", "prob": 0.9963049292564392, "left": 34.33819580078125, "top": 24.677627563476562, "right": 297.8291931152344, "bottom": 414.27459716796875}], "time": 25.32110619544983}
