{"im": 1777, "res": [{"class": "pottedplant", "prob": 0.8971056342124939, "left": 109.44470977783203, "top": 40.344886779785156, "right": 257.6550598144531, "bottom": 237.44378662109375}, {"class": "pottedplant", "prob": 0.6292988061904907, "left": 251.79983520507812, "top": 85.48382568359375, "right": 426.0203552246094, "bottom": 294.4049987792969}], "time": 0.9948639869689941}
