{"im": 1607, "res": [{"class": "sofa", "prob": 0.5776215195655823, "left": 238.18844604492188, "top": 113.15888214111328, "right": 323.3647155761719, "bottom": 335.86505126953125}, {"class": "sofa", "prob": 0.9346864819526672, "left": 84.82714080810547, "top": 130.22402954101562, "right": 228.55319213867188, "bottom": 299.66558837890625}], "time": 1.2025740146636963}
