{"im": 3074, "res": [{"class": "sofa", "prob": 0.9962238073348999, "left": 279.36956787109375, "top": 135.77410888671875, "right": 357.4920654296875, "bottom": 319.14178466796875}], "time": 21.84230399131775}
