{"im": 478, "res": [{"class": "chair", "prob": 0.6299499273300171, "left": 41.98930358886719, "top": 43.1162223815918, "right": 102.37663269042969, "bottom": 66.57177734375}, {"class": "chair", "prob": 0.5726302862167358, "left": 464.3276672363281, "top": 63.50679016113281, "right": 467.4316101074219, "bottom": 65.81576538085938}], "time": 21.634238958358765}
