{"im": 5580, "res": [{"class": "aeroplane", "prob": 0.6908419132232666, "left": 335.72125244140625, "top": 126.9271469116211, "right": 403.8790283203125, "bottom": 301.53271484375}, {"class": "aeroplane", "prob": 0.5183461308479309, "left": 354.94451904296875, "top": 148.25831604003906, "right": 384.369873046875, "bottom": 275.0201721191406}], "time": 0.8185818195343018}
