{"im": 2202, "res": [{"class": "aeroplane", "prob": 0.9484253525733948, "left": 193.8172607421875, "top": 102.65987396240234, "right": 319.09478759765625, "bottom": 211.98153686523438}], "time": 21.470425128936768}
