{"im": 3607, "res": [{"class": "pottedplant", "prob": 0.9321661591529846, "left": 40.90742492675781, "top": 40.256439208984375, "right": 404.6480712890625, "bottom": 378.85430908203125}], "time": 21.571919679641724}
