{"im": 689, "res": [{"class": "aeroplane", "prob": 0.9440310001373291, "left": 259.186767578125, "top": 73.2628173828125, "right": 372.467041015625, "bottom": 398.0}, {"class": "aeroplane", "prob": 0.8654102087020874, "left": 103.3425064086914, "top": 128.610595703125, "right": 234.41995239257812, "bottom": 396.31890869140625}], "time": 0.8405351638793945}
