{"im": 1056, "res": [{"class": "aeroplane", "prob": 0.8914316296577454, "left": 192.87139892578125, "top": 59.01177978515625, "right": 382.43731689453125, "bottom": 332.44549560546875}], "time": 0.8437309265136719}
