{"im": 5222, "res": [{"class": "car", "prob": 0.9539555311203003, "left": 179.87490844726562, "top": 3.0014190673828125, "right": 480.9996643066406, "bottom": 375.0}], "time": 21.464969873428345}
