{"im": 2001, "res": [{"class": "sofa", "prob": 0.6270548105239868, "left": 259.0935974121094, "top": 163.28317260742188, "right": 288.6159973144531, "bottom": 188.2493896484375}], "time": 0.8788158893585205}
