{"im": 5293, "res": [{"class": "aeroplane", "prob": 0.6400160789489746, "left": 56.41265106201172, "top": 227.89874267578125, "right": 258.20947265625, "bottom": 495.0606689453125}], "time": 21.598269939422607}
