{"im": 1341, "res": [{"class": "person", "prob": 0.9957544803619385, "left": 254.453125, "top": 31.615020751953125, "right": 464.728759765625, "bottom": 179.70623779296875}, {"class": "aeroplane", "prob": 0.9094244241714478, "left": 100.11637878417969, "top": 115.8961181640625, "right": 114.4105224609375, "bottom": 172.94284057617188}, {"class": "aeroplane", "prob": 0.7993282079696655, "left": 87.5640869140625, "top": 118.27342224121094, "right": 103.5330810546875, "bottom": 172.5603790283203}], "time": 21.66834282875061}
