{"im": 1979, "res": [{"class": "bottle", "prob": 0.5279037952423096, "left": 191.71780395507812, "top": 123.66387939453125, "right": 327.7835388183594, "bottom": 182.22433471679688}], "time": 0.8329179286956787}
