{"im": 893, "res": [{"class": "bottle", "prob": 0.9959529638290405, "left": 86.57963562011719, "top": 109.60929107666016, "right": 272.28125, "bottom": 152.23052978515625}, {"class": "bottle", "prob": 0.9963549375534058, "left": 26.65618896484375, "top": 80.46097564697266, "right": 122.05032348632812, "bottom": 103.70679473876953}], "time": 21.136422157287598}
