{"im": 566, "res": [{"class": "aeroplane", "prob": 0.8072347044944763, "left": 0.0, "top": 10.744873046875, "right": 372.94964599609375, "bottom": 331.69110107421875}], "time": 0.8647680282592773}
