{"im": 582, "res": [{"class": "car", "prob": 0.9999058246612549, "left": 154.126708984375, "top": 90.58654022216797, "right": 345.8175354003906, "bottom": 273.1803283691406}, {"class": "aeroplane", "prob": 0.9773790836334229, "left": 31.67620849609375, "top": 191.9798126220703, "right": 110.3157958984375, "bottom": 372.76983642578125}, {"class": "aeroplane", "prob": 0.9377685785293579, "left": 120.49366760253906, "top": 186.22837829589844, "right": 136.4331817626953, "bottom": 233.7075958251953}], "time": 21.789950132369995}
