{"im": 2394, "res": [{"class": "person", "prob": 0.9822497963905334, "left": 90.88301849365234, "top": 147.72015380859375, "right": 179.71124267578125, "bottom": 463.92413330078125}, {"class": "person", "prob": 0.9648098945617676, "left": 203.957763671875, "top": 59.62724304199219, "right": 310.1085205078125, "bottom": 387.31182861328125}], "time": 21.467354774475098}
