{"im": 234, "res": [{"class": "aeroplane", "prob": 0.7145018577575684, "left": 116.53631591796875, "top": 76.76565551757812, "right": 386.97259521484375, "bottom": 370.6315002441406}], "time": 1.046607255935669}
