{"im": 1450, "res": [{"class": "bottle", "prob": 0.9198638796806335, "left": 53.737762451171875, "top": 132.63238525390625, "right": 344.0147705078125, "bottom": 204.379150390625}, {"class": "bottle", "prob": 0.7368174195289612, "left": 139.67039489746094, "top": 145.833984375, "right": 260.0647888183594, "bottom": 199.01409912109375}], "time": 0.8420727252960205}
