{"im": 1521, "res": [{"class": "person", "prob": 0.983903169631958, "left": 98.79122161865234, "top": 122.47373962402344, "right": 353.6859130859375, "bottom": 182.6618194580078}], "time": 21.72142720222473}
