{"im": 3119, "res": [{"class": "aeroplane", "prob": 0.9884589314460754, "left": 130.90367126464844, "top": 2.8406829833984375, "right": 292.571044921875, "bottom": 442.26324462890625}], "time": 21.672879695892334}
