{"im": 714, "res": [{"class": "aeroplane", "prob": 0.9997803568840027, "left": 84.47989654541016, "top": 65.13346862792969, "right": 263.4194030761719, "bottom": 332.70721435546875}], "time": 21.661702156066895}
