{"im": 3258, "res": [{"class": "pottedplant", "prob": 0.9564241170883179, "left": 0.11968994140625, "top": 15.622268676757812, "right": 284.8712158203125, "bottom": 238.63404846191406}, {"class": "pottedplant", "prob": 0.8922335505485535, "left": 222.58950805664062, "top": 48.91535949707031, "right": 476.8758239746094, "bottom": 275.86328125}], "time": 21.902637243270874}
