{"im": 4640, "res": [{"class": "person", "prob": 0.6171294450759888, "left": 403.9880676269531, "top": 169.60739135742188, "right": 419.0148010253906, "bottom": 181.37750244140625}, {"class": "aeroplane", "prob": 0.6354960799217224, "left": 78.8983154296875, "top": 145.63880920410156, "right": 92.087890625, "bottom": 161.5259552001953}], "time": 0.874431848526001}
