{"im": 2443, "res": [{"class": "train", "prob": 0.587610125541687, "left": 103.06675720214844, "top": 77.74337005615234, "right": 469.2646484375, "bottom": 321.5813903808594}], "time": 0.8442749977111816}
