{"im": 1037, "res": [{"class": "pottedplant", "prob": 0.9404003620147705, "left": 0.0, "top": 0.0, "right": 500.0, "bottom": 375.0}], "time": 21.089729070663452}
