{"im": 1841, "res": [{"class": "aeroplane", "prob": 0.9966170787811279, "left": 63.093017578125, "top": 0.0, "right": 494.62591552734375, "bottom": 374.8594970703125}], "time": 21.808588981628418}
