{"im": 1073, "res": [{"class": "aeroplane", "prob": 0.9996297359466553, "left": 3.0226287841796875, "top": 87.45541381835938, "right": 260.91461181640625, "bottom": 479.2745056152344}, {"class": "aeroplane", "prob": 0.7194478511810303, "left": 119.60953521728516, "top": 101.38067626953125, "right": 257.2165222167969, "bottom": 358.06512451171875}], "time": 21.076092004776}
