{"im": 1190, "res": [{"class": "pottedplant", "prob": 0.9965764880180359, "left": 175.50833129882812, "top": 48.462982177734375, "right": 444.4289855957031, "bottom": 343.0181579589844}, {"class": "pottedplant", "prob": 0.9933524131774902, "left": 4.9947052001953125, "top": 31.738449096679688, "right": 282.456787109375, "bottom": 373.4515380859375}], "time": 21.360875844955444}
