{"im": 5725, "res": [{"class": "aeroplane", "prob": 0.9309228658676147, "left": 25.269439697265625, "top": 65.90682983398438, "right": 176.42929077148438, "bottom": 366.6990051269531}, {"class": "aeroplane", "prob": 0.7751013040542603, "left": 305.12213134765625, "top": 27.875015258789062, "right": 441.16357421875, "bottom": 366.06158447265625}, {"class": "aeroplane", "prob": 0.7085509896278381, "left": 190.86099243164062, "top": 48.71830749511719, "right": 309.6193542480469, "bottom": 354.7978515625}, {"class": "aeroplane", "prob": 0.506410539150238, "left": 150.78579711914062, "top": 56.80577087402344, "right": 217.19625854492188, "bottom": 345.985107421875}], "time": 0.9399640560150146}
