{"im": 4871, "res": [{"class": "boat", "prob": 0.6927232146263123, "left": 329.33612060546875, "top": 137.019775390625, "right": 476.37969970703125, "bottom": 328.9611511230469}, {"class": "boat", "prob": 0.6826494336128235, "left": 108.96229553222656, "top": 125.46233367919922, "right": 304.29541015625, "bottom": 332.45623779296875}], "time": 0.8196170330047607}
