{"im": 4452, "res": [{"class": "sofa", "prob": 0.5310032367706299, "left": 182.0548858642578, "top": 144.82034301757812, "right": 314.27569580078125, "bottom": 194.93630981445312}], "time": 21.434256076812744}
