{"im": 4941, "res": [{"class": "person", "prob": 0.9991507530212402, "left": 154.35556030273438, "top": 41.15962600708008, "right": 224.927001953125, "bottom": 140.68600463867188}, {"class": "sofa", "prob": 0.9963124990463257, "left": 97.68161010742188, "top": 58.09326171875, "right": 445.0762023925781, "bottom": 342.0}], "time": 21.395645141601562}
