{"im": 554, "res": [{"class": "aeroplane", "prob": 0.971865177154541, "left": 36.552764892578125, "top": 18.017135620117188, "right": 246.98495483398438, "bottom": 340.81427001953125}], "time": 0.8412950038909912}
