{"im": 4417, "res": [{"class": "aeroplane", "prob": 0.9991466403007507, "left": 218.65591430664062, "top": 120.3020248413086, "right": 262.6910705566406, "bottom": 271.853515625}, {"class": "bottle", "prob": 0.9027130007743835, "left": 37.9117431640625, "top": 67.63954162597656, "right": 500.0, "bottom": 275.03857421875}], "time": 21.359629154205322}
