{"im": 3627, "res": [{"class": "bird", "prob": 0.9976626038551331, "left": 355.2271728515625, "top": 119.94672393798828, "right": 411.2259521484375, "bottom": 153.28948974609375}, {"class": "bird", "prob": 0.8775197863578796, "left": 195.0364532470703, "top": 122.13261413574219, "right": 230.4419403076172, "bottom": 141.12144470214844}], "time": 21.565233945846558}
