{"im": 1664, "res": [{"class": "chair", "prob": 0.5952662229537964, "left": 463.3932189941406, "top": 83.11174011230469, "right": 486.9610290527344, "bottom": 127.53709411621094}], "time": 1.380537986755371}
