{"im": 929, "res": [{"class": "boat", "prob": 0.7481689453125, "left": 360.481689453125, "top": 209.99462890625, "right": 500.0, "bottom": 371.777587890625}, {"class": "boat", "prob": 0.5047134757041931, "left": 139.66294860839844, "top": 134.6702880859375, "right": 415.9710693359375, "bottom": 290.3089599609375}], "time": 21.101798057556152}
