{"im": 3349, "res": [{"class": "sheep", "prob": 0.9995055198669434, "left": 194.5912628173828, "top": 104.11795806884766, "right": 268.737548828125, "bottom": 298.40203857421875}, {"class": "sheep", "prob": 0.9437002539634705, "left": 72.23139953613281, "top": 147.36447143554688, "right": 169.63706970214844, "bottom": 230.38687133789062}, {"class": "sheep", "prob": 0.7160878777503967, "left": 121.06022644042969, "top": 137.10845947265625, "right": 208.7046661376953, "bottom": 205.26290893554688}], "time": 21.688156843185425}
