{"im": 4389, "res": [{"class": "pottedplant", "prob": 0.8374495506286621, "left": 140.60321044921875, "top": 92.91050720214844, "right": 474.592041015625, "bottom": 343.46636962890625}], "time": 21.396754264831543}
