{"im": 2400, "res": [{"class": "pottedplant", "prob": 0.9131845831871033, "left": 13.642791748046875, "top": 28.271957397460938, "right": 373.6396484375, "bottom": 312.887451171875}], "time": 21.42158794403076}
