{"im": 1065, "res": [{"class": "sheep", "prob": 0.9931959509849548, "left": 32.76582336425781, "top": 40.19634246826172, "right": 467.97698974609375, "bottom": 289.2071838378906}], "time": 21.08638596534729}
