{"im": 2666, "res": [{"class": "sheep", "prob": 0.6973661184310913, "left": 72.78976440429688, "top": 20.405441284179688, "right": 424.0676574707031, "bottom": 293.95361328125}], "time": 21.816561937332153}
