{"im": 5595, "res": [{"class": "aeroplane", "prob": 0.8866073489189148, "left": 86.51510620117188, "top": 39.23828125, "right": 410.546630859375, "bottom": 375.0}], "time": 22.312190055847168}
