{"im": 5125, "res": [{"class": "bird", "prob": 0.9841445088386536, "left": 7.7718353271484375, "top": 125.2669677734375, "right": 240.0, "bottom": 442.20318603515625}, {"class": "bird", "prob": 0.8666455745697021, "left": 0.0, "top": 195.05674743652344, "right": 12.43204116821289, "bottom": 217.30152893066406}], "time": 24.472617149353027}
