{"im": 1791, "res": [{"class": "bicycle", "prob": 0.9992306232452393, "left": 156.9186248779297, "top": 198.02752685546875, "right": 459.88818359375, "bottom": 375.0}, {"class": "aeroplane", "prob": 0.9986154437065125, "left": 190.60012817382812, "top": 86.09324645996094, "right": 351.6340637207031, "bottom": 332.5272216796875}], "time": 21.65862798690796}
