{"im": 1447, "res": [{"class": "pottedplant", "prob": 0.9962010979652405, "left": 107.39277648925781, "top": 208.33355712890625, "right": 234.9813690185547, "bottom": 294.4784851074219}], "time": 21.645172834396362}
