{"im": 3864, "res": [{"class": "chair", "prob": 0.9281527996063232, "left": 109.60008239746094, "top": 260.9187927246094, "right": 157.89781188964844, "bottom": 289.0700378417969}, {"class": "aeroplane", "prob": 0.603298008441925, "left": 123.95283508300781, "top": 265.817138671875, "right": 133.61778259277344, "bottom": 277.40277099609375}], "time": 21.549899101257324}
