{"im": 4405, "res": [{"class": "pottedplant", "prob": 0.6589690446853638, "left": 45.7142333984375, "top": 7.9849090576171875, "right": 466.43310546875, "bottom": 348.51348876953125}], "time": 21.360509157180786}
