{"im": 5396, "res": [{"class": "bird", "prob": 0.9908867478370667, "left": 95.79535675048828, "top": 362.4609069824219, "right": 147.29049682617188, "bottom": 375.0}, {"class": "bird", "prob": 0.9859302043914795, "left": 229.23233032226562, "top": 363.1960144042969, "right": 288.0016174316406, "bottom": 374.6802062988281}, {"class": "bird", "prob": 0.7989550232887268, "left": 0.0, "top": 358.6457824707031, "right": 31.91574478149414, "bottom": 375.0}, {"class": "bird", "prob": 0.6845923066139221, "left": 17.35712242126465, "top": 360.7606506347656, "right": 70.1087417602539, "bottom": 375.0}], "time": 21.530489921569824}
