{"im": 3362, "res": [{"class": "aeroplane", "prob": 0.8212711215019226, "left": 336.4468078613281, "top": 54.23442077636719, "right": 455.1866149902344, "bottom": 281.0}], "time": 0.8315510749816895}
