{"im": 5056, "res": [{"class": "aeroplane", "prob": 0.7648806571960449, "left": 263.9877624511719, "top": 128.2817840576172, "right": 289.0216369628906, "bottom": 247.01768493652344}, {"class": "aeroplane", "prob": 0.7356008291244507, "left": 248.45846557617188, "top": 86.6054458618164, "right": 306.1308288574219, "bottom": 288.15673828125}], "time": 0.8303978443145752}
