{"im": 1338, "res": [{"class": "sheep", "prob": 0.9994716048240662, "left": 201.71923828125, "top": 173.0746612548828, "right": 310.5975341796875, "bottom": 272.61138916015625}], "time": 21.658950805664062}
