{"im": 4100, "res": [{"class": "pottedplant", "prob": 0.8771734237670898, "left": 114.57437133789062, "top": 15.690460205078125, "right": 397.8995666503906, "bottom": 327.3432312011719}], "time": 0.8317611217498779}
