{"im": 236, "res": [{"class": "sheep", "prob": 0.9968305230140686, "left": 4.7883758544921875, "top": 121.73661804199219, "right": 334.1943359375, "bottom": 385.75531005859375}], "time": 21.46141815185547}
