{"im": 5184, "res": [{"class": "bus", "prob": 0.9992908835411072, "left": 32.16527557373047, "top": 59.304595947265625, "right": 248.16305541992188, "bottom": 160.5377960205078}, {"class": "bus", "prob": 0.9995187520980835, "left": 230.27047729492188, "top": 61.129886627197266, "right": 495.5548400878906, "bottom": 169.51364135742188}], "time": 21.472252130508423}
