{"im": 433, "res": [{"class": "aeroplane", "prob": 0.5859010815620422, "left": 88.78146362304688, "top": 51.3460693359375, "right": 327.3973693847656, "bottom": 500.0}], "time": 0.8302347660064697}
