{"im": 1259, "res": [{"class": "sheep", "prob": 0.9850254058837891, "left": 10.555908203125, "top": 83.00444030761719, "right": 395.3589172363281, "bottom": 343.93951416015625}, {"class": "sheep", "prob": 0.5793206691741943, "left": 143.2543182373047, "top": 47.5589599609375, "right": 469.220703125, "bottom": 360.3423767089844}], "time": 21.338909149169922}
