{"im": 2106, "res": [{"class": "car", "prob": 0.9980329275131226, "left": 90.79965209960938, "top": 59.708251953125, "right": 364.31317138671875, "bottom": 268.1759338378906}], "time": 21.69680380821228}
