{"im": 1053, "res": [{"class": "cat", "prob": 0.6807436943054199, "left": 93.97323608398438, "top": 48.194732666015625, "right": 449.7793273925781, "bottom": 313.9918212890625}], "time": 21.100648164749146}
