{"im": 3975, "res": [{"class": "train", "prob": 0.9702341556549072, "left": 101.45741271972656, "top": 52.42497253417969, "right": 362.6761474609375, "bottom": 373.0673828125}], "time": 21.782922983169556}
