{"im": 3444, "res": [{"class": "bicycle", "prob": 0.9848087430000305, "left": 184.6255645751953, "top": 71.07650756835938, "right": 336.12945556640625, "bottom": 357.6852111816406}, {"class": "aeroplane", "prob": 0.7689319849014282, "left": 193.5755615234375, "top": 19.710342407226562, "right": 344.10076904296875, "bottom": 248.1771697998047}], "time": 21.508708715438843}
