{"im": 738, "res": [{"class": "sofa", "prob": 0.6601225733757019, "left": 156.6871795654297, "top": 68.53549194335938, "right": 349.19232177734375, "bottom": 347.203857421875}], "time": 0.8404538631439209}
