{"im": 3169, "res": [{"class": "bus", "prob": 0.9689741730690002, "left": 119.03262329101562, "top": 163.36727905273438, "right": 287.8727111816406, "bottom": 311.3856506347656}, {"class": "aeroplane", "prob": 0.8490589261054993, "left": 33.55197525024414, "top": 277.7962951660156, "right": 64.19776916503906, "bottom": 331.2687683105469}, {"class": "aeroplane", "prob": 0.523527204990387, "left": 104.10637664794922, "top": 259.7214050292969, "right": 110.01058197021484, "bottom": 282.9778747558594}], "time": 0.8293139934539795}
