{"im": 3542, "res": [{"class": "bicycle", "prob": 0.9982303977012634, "left": 44.899017333984375, "top": 22.299346923828125, "right": 452.36260986328125, "bottom": 389.0811767578125}], "time": 21.579766035079956}
