{"im": 674, "res": [{"class": "aeroplane", "prob": 0.8956702947616577, "left": 27.55847930908203, "top": 175.66380310058594, "right": 148.5537109375, "bottom": 371.65338134765625}, {"class": "aeroplane", "prob": 0.8072384595870972, "left": 73.76443481445312, "top": 181.86239624023438, "right": 203.03363037109375, "bottom": 367.4552917480469}], "time": 0.8960719108581543}
