{"im": 3766, "res": [{"class": "sheep", "prob": 0.5962054133415222, "left": 15.952156066894531, "top": 86.31086730957031, "right": 204.2437744140625, "bottom": 278.71588134765625}], "time": 21.54625678062439}
