{"im": 1117, "res": [{"class": "aeroplane", "prob": 0.9265798926353455, "left": 347.6017150878906, "top": 280.0418701171875, "right": 374.3932189941406, "bottom": 343.02801513671875}, {"class": "aeroplane", "prob": 0.7970446348190308, "left": 438.9806213378906, "top": 287.687744140625, "right": 463.4588928222656, "bottom": 368.92352294921875}, {"class": "aeroplane", "prob": 0.6317740678787231, "left": 0.0, "top": 250.11573791503906, "right": 40.544036865234375, "bottom": 373.1453857421875}], "time": 21.099738121032715}
