{"im": 4573, "res": [{"class": "pottedplant", "prob": 0.5553427934646606, "left": 78.44544219970703, "top": 114.775634765625, "right": 274.561279296875, "bottom": 247.71658325195312}], "time": 0.8251519203186035}
