{"im": 353, "res": [{"class": "aeroplane", "prob": 0.9983231425285339, "left": 4.691741943359375, "top": 35.87860107421875, "right": 321.71826171875, "bottom": 500.0}], "time": 21.662813901901245}
