{"im": 4399, "res": [{"class": "bird", "prob": 0.5761697888374329, "left": 115.20021057128906, "top": 40.691253662109375, "right": 440.35150146484375, "bottom": 343.20306396484375}], "time": 0.8245522975921631}
