{"im": 3333, "res": [{"class": "bicycle", "prob": 0.999671459197998, "left": 162.43211364746094, "top": 172.3658447265625, "right": 457.6650390625, "bottom": 364.95684814453125}, {"class": "bird", "prob": 0.9487199187278748, "left": 71.88441467285156, "top": 3.2381820678710938, "right": 392.31024169921875, "bottom": 219.64175415039062}, {"class": "aeroplane", "prob": 0.9970749616622925, "left": 240.44297790527344, "top": 57.64118957519531, "right": 362.5621643066406, "bottom": 279.62298583984375}], "time": 21.505756855010986}
