{"im": 2515, "res": [{"class": "aeroplane", "prob": 0.5851238965988159, "left": 0.0, "top": 51.92720031738281, "right": 282.36309814453125, "bottom": 375.0}], "time": 0.8587539196014404}
