{"im": 911, "res": [{"class": "aeroplane", "prob": 0.9999378323554993, "left": 26.664093017578125, "top": 69.61328125, "right": 212.6049041748047, "bottom": 372.3026123046875}, {"class": "aeroplane", "prob": 0.9989796280860901, "left": 294.5896301269531, "top": 53.62645721435547, "right": 414.9792785644531, "bottom": 278.4546813964844}, {"class": "aeroplane", "prob": 0.9979591965675354, "left": 183.40444946289062, "top": 95.90596771240234, "right": 302.0374755859375, "bottom": 295.9352722167969}], "time": 21.113201141357422}
