{"im": 2998, "res": [{"class": "chair", "prob": 0.7788838148117065, "left": 69.34223937988281, "top": 26.083663940429688, "right": 199.65452575683594, "bottom": 360.4901123046875}, {"class": "chair", "prob": 0.6411756277084351, "left": 101.10922241210938, "top": 299.4475402832031, "right": 188.96310424804688, "bottom": 323.4592590332031}], "time": 0.8655600547790527}
