{"im": 3653, "res": [{"class": "bottle", "prob": 0.9598454236984253, "left": 135.65292358398438, "top": 138.87319946289062, "right": 299.4693908691406, "bottom": 207.98394775390625}, {"class": "bottle", "prob": 0.8422833681106567, "left": 176.27049255371094, "top": 148.48291015625, "right": 263.14849853515625, "bottom": 196.5145263671875}], "time": 1.1057281494140625}
