{"im": 1235, "res": [{"class": "person", "prob": 0.8059976696968079, "left": 61.10820770263672, "top": 67.73785400390625, "right": 207.20700073242188, "bottom": 419.1929626464844}], "time": 0.866844892501831}
