{"im": 3817, "res": [{"class": "pottedplant", "prob": 0.9958551526069641, "left": 0.0, "top": 118.46804809570312, "right": 286.72100830078125, "bottom": 492.2447814941406}], "time": 21.558515787124634}
