{"im": 1606, "res": [{"class": "pottedplant", "prob": 0.9794090986251831, "left": 111.75591278076172, "top": 30.335052490234375, "right": 347.09796142578125, "bottom": 343.055419921875}], "time": 21.678722143173218}
