{"im": 5003, "res": [{"class": "train", "prob": 0.9660280346870422, "left": 4.384124755859375, "top": 22.962661743164062, "right": 322.3023376464844, "bottom": 327.2486572265625}], "time": 21.431544065475464}
