{"im": 3123, "res": [{"class": "chair", "prob": 0.981342613697052, "left": 36.49317932128906, "top": 138.88143920898438, "right": 400.33026123046875, "bottom": 292.2897644042969}], "time": 22.20868706703186}
