{"im": 4153, "res": [{"class": "bottle", "prob": 0.9978052377700806, "left": 45.012977600097656, "top": 125.49579620361328, "right": 294.6135559082031, "bottom": 216.610595703125}], "time": 21.648576021194458}
