{"im": 3878, "res": [{"class": "bottle", "prob": 0.9937067627906799, "left": 0.0, "top": 88.58770751953125, "right": 490.4456787109375, "bottom": 244.14764404296875}, {"class": "aeroplane", "prob": 0.6901122331619263, "left": 301.4029846191406, "top": 118.14563751220703, "right": 313.3909606933594, "bottom": 126.19165802001953}, {"class": "aeroplane", "prob": 0.5001351833343506, "left": 353.30169677734375, "top": 112.71102142333984, "right": 364.0738525390625, "bottom": 121.53563690185547}], "time": 22.852708101272583}
