{"im": 1867, "res": [{"class": "bird", "prob": 0.5059559345245361, "left": 273.8099365234375, "top": 140.46170043945312, "right": 295.2255859375, "bottom": 153.59286499023438}, {"class": "bird", "prob": 0.6907004117965698, "left": 292.3852233886719, "top": 137.98892211914062, "right": 305.8063659667969, "bottom": 146.85614013671875}], "time": 21.67301607131958}
