{"im": 4326, "res": [{"class": "sheep", "prob": 0.9679442644119263, "left": 219.68800354003906, "top": 0.0, "right": 493.515380859375, "bottom": 332.907958984375}, {"class": "pottedplant", "prob": 0.7755123972892761, "left": 2.2315521240234375, "top": 120.37338256835938, "right": 140.35508728027344, "bottom": 327.9347839355469}], "time": 21.4093759059906}
