{"im": 3926, "res": [{"class": "sheep", "prob": 0.7418750524520874, "left": 25.490966796875, "top": 39.57257080078125, "right": 272.161376953125, "bottom": 238.80084228515625}], "time": 21.550262212753296}
