{"im": 5577, "res": [{"class": "aeroplane", "prob": 0.9981029033660889, "left": 315.7104187011719, "top": 1.9932708740234375, "right": 500.0, "bottom": 181.9342041015625}, {"class": "sheep", "prob": 0.9822810888290405, "left": 42.98504638671875, "top": 61.102783203125, "right": 360.0234680175781, "bottom": 287.93072509765625}, {"class": "aeroplane", "prob": 0.980772078037262, "left": 98.83297729492188, "top": 0.0, "right": 246.93197631835938, "bottom": 53.91332244873047}, {"class": "sheep", "prob": 0.6086117625236511, "left": 157.73184204101562, "top": 89.96198272705078, "right": 344.5972595214844, "bottom": 281.7678527832031}], "time": 21.060982942581177}
