{"im": 1, "res": [{"class": "aeroplane", "prob": 0.8867611289024353, "left": 63.21726989746094, "top": 185.39566040039062, "right": 82.76664733886719, "bottom": 244.17007446289062}, {"class": "car", "prob": 0.7215378284454346, "left": 62.464202880859375, "top": 21.940872192382812, "right": 487.6742248535156, "bottom": 314.8199462890625}], "time": 22.65660786628723}
