{"im": 3486, "res": [{"class": "pottedplant", "prob": 0.9871670007705688, "left": 100.10604858398438, "top": 43.914825439453125, "right": 414.4752502441406, "bottom": 246.6617431640625}], "time": 21.72952890396118}
