{"im": 4865, "res": [{"class": "aeroplane", "prob": 0.9751191139221191, "left": 14.641456604003906, "top": 136.20558166503906, "right": 248.74856567382812, "bottom": 375.0}, {"class": "aeroplane", "prob": 0.7954331040382385, "left": 310.293212890625, "top": 124.97730255126953, "right": 475.46148681640625, "bottom": 375.0}, {"class": "aeroplane", "prob": 0.5489088892936707, "left": 183.2687225341797, "top": 121.87078857421875, "right": 336.67047119140625, "bottom": 375.0}], "time": 0.8243439197540283}
