{"im": 2604, "res": [{"class": "pottedplant", "prob": 0.9943457245826721, "left": 174.34231567382812, "top": 137.1551971435547, "right": 338.1005554199219, "bottom": 220.0157928466797}], "time": 21.40776777267456}
