{"im": 2584, "res": [{"class": "person", "prob": 0.9997652173042297, "left": 62.908447265625, "top": 70.57098388671875, "right": 185.6097869873047, "bottom": 394.89764404296875}], "time": 23.39834213256836}
