{"im": 4216, "res": [{"class": "bottle", "prob": 0.988332211971283, "left": 30.090011596679688, "top": 112.62031555175781, "right": 468.63690185546875, "bottom": 217.1010284423828}], "time": 21.603984117507935}
