{"im": 3355, "res": [{"class": "aeroplane", "prob": 0.910097599029541, "left": 12.982086181640625, "top": 100.21844482421875, "right": 335.1319885253906, "bottom": 323.88067626953125}], "time": 22.510424852371216}
