{"im": 1344, "res": [{"class": "bicycle", "prob": 0.9994967579841614, "left": 192.6412811279297, "top": 157.28103637695312, "right": 378.0882568359375, "bottom": 277.8106994628906}, {"class": "aeroplane", "prob": 0.9996171593666077, "left": 242.297607421875, "top": 86.04161071777344, "right": 342.6004638671875, "bottom": 233.33949279785156}, {"class": "bicycle", "prob": 0.919939398765564, "left": 461.2552490234375, "top": 169.2459716796875, "right": 499.6785888671875, "bottom": 306.12994384765625}], "time": 21.72806406021118}
