{"im": 527, "res": [{"class": "aeroplane", "prob": 0.5010690689086914, "left": 107.9345703125, "top": 0.0, "right": 464.93475341796875, "bottom": 331.0}], "time": 0.873600959777832}
