{"im": 1316, "res": [{"class": "aeroplane", "prob": 0.9318447709083557, "left": 0.0, "top": 0.0, "right": 490.3356018066406, "bottom": 393.2279052734375}, {"class": "pottedplant", "prob": 0.9981285333633423, "left": 4.78619384765625, "top": 180.4427947998047, "right": 268.1410217285156, "bottom": 386.38031005859375}], "time": 23.171128273010254}
