{"im": 2109, "res": [{"class": "aeroplane", "prob": 0.6422135829925537, "left": 146.41543579101562, "top": 38.874053955078125, "right": 349.48016357421875, "bottom": 262.421630859375}], "time": 0.8296000957489014}
