{"im": 4803, "res": [{"class": "boat", "prob": 0.5363207459449768, "left": 255.2736358642578, "top": 20.859336853027344, "right": 477.76318359375, "bottom": 275.44940185546875}], "time": 0.8294460773468018}
