{"im": 289, "res": [{"class": "aeroplane", "prob": 0.9913421869277954, "left": 62.362552642822266, "top": 279.6808166503906, "right": 93.21458435058594, "bottom": 365.6139831542969}, {"class": "aeroplane", "prob": 0.9872772693634033, "left": 258.2286071777344, "top": 285.9927062988281, "right": 306.8749084472656, "bottom": 347.7815246582031}, {"class": "motorbike", "prob": 0.8517413139343262, "left": 221.87342834472656, "top": 300.5899353027344, "right": 289.7373046875, "bottom": 342.0761413574219}], "time": 21.526705026626587}
