{"im": 5405, "res": [{"class": "bus", "prob": 0.9969854354858398, "left": 92.7398681640625, "top": 23.419647216796875, "right": 415.2037658691406, "bottom": 293.4186706542969}, {"class": "aeroplane", "prob": 0.9922084808349609, "left": 346.2789306640625, "top": 171.0824737548828, "right": 368.7183837890625, "bottom": 191.8122100830078}], "time": 21.448713064193726}
