{"im": 4419, "res": [{"class": "bottle", "prob": 0.9738600850105286, "left": 10.390243530273438, "top": 43.249534606933594, "right": 473.4825439453125, "bottom": 254.08233642578125}], "time": 21.37167191505432}
