{"im": 483, "res": [{"class": "chair", "prob": 0.9511312246322632, "left": 11.593521118164062, "top": 196.85000610351562, "right": 211.31996154785156, "bottom": 297.6016845703125}, {"class": "chair", "prob": 0.9957993626594543, "left": 338.23065185546875, "top": 208.93406677246094, "right": 481.68890380859375, "bottom": 275.82550048828125}, {"class": "chair", "prob": 0.971526026725769, "left": 224.33372497558594, "top": 218.1234130859375, "right": 265.7709655761719, "bottom": 227.17013549804688}], "time": 21.845744848251343}
