{"im": 1183, "res": [{"class": "aeroplane", "prob": 0.7749193906784058, "left": 79.7039794921875, "top": 17.21765899658203, "right": 185.6898193359375, "bottom": 204.11740112304688}, {"class": "boat", "prob": 0.5198231935501099, "left": 14.049285888671875, "top": 120.27670288085938, "right": 483.1752624511719, "bottom": 349.0755310058594}], "time": 0.8801939487457275}
