{"im": 2610, "res": [{"class": "train", "prob": 0.7892493605613708, "left": 170.52435302734375, "top": 181.25387573242188, "right": 349.816650390625, "bottom": 368.0254821777344}], "time": 0.8896491527557373}
