{"im": 3144, "res": [{"class": "tvmonitor", "prob": 0.9503924250602722, "left": 103.7817153930664, "top": 183.51344299316406, "right": 163.26380920410156, "bottom": 276.6844482421875}, {"class": "tvmonitor", "prob": 0.8709592223167419, "left": 195.42440795898438, "top": 177.15164184570312, "right": 363.0987854003906, "bottom": 303.3274841308594}, {"class": "aeroplane", "prob": 0.7558911442756653, "left": 365.6209411621094, "top": 149.11517333984375, "right": 381.2872009277344, "bottom": 169.18255615234375}], "time": 21.769383907318115}
