{"im": 5341, "res": [{"class": "car", "prob": 0.5714108347892761, "left": 106.39100646972656, "top": 220.83963012695312, "right": 209.0299835205078, "bottom": 303.8757019042969}], "time": 0.9763360023498535}
