{"im": 4493, "res": [{"class": "sheep", "prob": 0.9947388768196106, "left": 7.7574462890625, "top": 110.68601989746094, "right": 300.5622253417969, "bottom": 444.00225830078125}], "time": 21.396013975143433}
