{"im": 2289, "res": [{"class": "bottle", "prob": 0.9958968758583069, "left": 0.0, "top": 118.92930603027344, "right": 500.0, "bottom": 220.76832580566406}], "time": 21.40637993812561}
