{"im": 1067, "res": [{"class": "aeroplane", "prob": 0.8638370633125305, "left": 160.69187927246094, "top": 10.82946491241455, "right": 170.5563201904297, "bottom": 31.796768188476562}, {"class": "aeroplane", "prob": 0.5296406149864197, "left": 203.99301147460938, "top": 29.27582550048828, "right": 209.81686401367188, "bottom": 45.79566955566406}], "time": 21.13485312461853}
