{"im": 4689, "res": [{"class": "aeroplane", "prob": 0.9838714003562927, "left": 75.83163452148438, "top": 113.00874328613281, "right": 319.57537841796875, "bottom": 324.5628662109375}], "time": 21.413014888763428}
