{"im": 1996, "res": [{"class": "aeroplane", "prob": 0.6536510586738586, "left": 40.39820098876953, "top": 0.0, "right": 170.65960693359375, "bottom": 377.0}], "time": 0.8289589881896973}
