{"im": 2716, "res": [{"class": "aeroplane", "prob": 0.9998943209648132, "left": 259.2705383300781, "top": 146.11032104492188, "right": 487.3132629394531, "bottom": 375.0}, {"class": "aeroplane", "prob": 0.9685240983963013, "left": 1.4649887084960938, "top": 171.1816864013672, "right": 167.59219360351562, "bottom": 374.6658935546875}, {"class": "bottle", "prob": 0.8684654831886292, "left": 41.24504089355469, "top": 114.992431640625, "right": 463.32769775390625, "bottom": 253.12484741210938}, {"class": "aeroplane", "prob": 0.8668270111083984, "left": 203.3425750732422, "top": 122.85003662109375, "right": 223.47642517089844, "bottom": 141.01025390625}], "time": 22.988862991333008}
