{"im": 1855, "res": [{"class": "sofa", "prob": 0.7299855947494507, "left": 139.17898559570312, "top": 130.08795166015625, "right": 226.01150512695312, "bottom": 215.0643310546875}, {"class": "sofa", "prob": 0.5929161310195923, "left": 174.25209045410156, "top": 145.26231384277344, "right": 228.8151397705078, "bottom": 210.0137176513672}, {"class": "aeroplane", "prob": 0.5484672784805298, "left": 191.85714721679688, "top": 122.5857925415039, "right": 212.56381225585938, "bottom": 158.80389404296875}], "time": 0.8603508472442627}
