{"im": 2473, "res": [{"class": "sheep", "prob": 0.9105518460273743, "left": 235.65042114257812, "top": 24.22637176513672, "right": 336.9156188964844, "bottom": 253.67758178710938}], "time": 0.8248379230499268}
