{"im": 5785, "res": [{"class": "sheep", "prob": 0.6322693228721619, "left": 7.7901611328125, "top": 16.879104614257812, "right": 442.5678405761719, "bottom": 390.08868408203125}], "time": 21.518033266067505}
