{"im": 121, "res": [{"class": "aeroplane", "prob": 0.9979321956634521, "left": 129.475341796875, "top": 78.22703552246094, "right": 315.1582336425781, "bottom": 359.24969482421875}], "time": 21.531200170516968}
