{"im": 2970, "res": [{"class": "sheep", "prob": 0.9977600574493408, "left": 79.61253356933594, "top": 64.34150695800781, "right": 418.24151611328125, "bottom": 331.90087890625}, {"class": "aeroplane", "prob": 0.6522753834724426, "left": 61.86088562011719, "top": 4.6048431396484375, "right": 186.88946533203125, "bottom": 165.753173828125}], "time": 21.594705820083618}
