{"im": 4778, "res": [{"class": "tvmonitor", "prob": 0.8925768136978149, "left": 76.81999206542969, "top": 70.0723648071289, "right": 372.96563720703125, "bottom": 318.86297607421875}, {"class": "tvmonitor", "prob": 0.6348539590835571, "left": 126.24934387207031, "top": 77.84217834472656, "right": 147.8394317626953, "bottom": 90.46209716796875}], "time": 0.956402063369751}
