{"im": 3991, "res": [{"class": "bottle", "prob": 0.999423623085022, "left": 91.74784851074219, "top": 92.73542022705078, "right": 456.33306884765625, "bottom": 226.2630615234375}], "time": 21.739217042922974}
