{"im": 1854, "res": [{"class": "tvmonitor", "prob": 0.9996321201324463, "left": 32.67375183105469, "top": 110.29891204833984, "right": 323.26055908203125, "bottom": 300.4631042480469}, {"class": "tvmonitor", "prob": 0.8799120783805847, "left": 295.08465576171875, "top": 212.1407928466797, "right": 380.28240966796875, "bottom": 245.24705505371094}], "time": 21.692368984222412}
