{"im": 1697, "res": [{"class": "aeroplane", "prob": 0.9998722672462463, "left": 143.70034790039062, "top": 0.0, "right": 268.5542907714844, "bottom": 334.0601806640625}, {"class": "sofa", "prob": 0.9955611824989319, "left": 0.0, "top": 28.9898681640625, "right": 497.7366027832031, "bottom": 460.63714599609375}, {"class": "bird", "prob": 0.898467481136322, "left": 401.74945068359375, "top": 172.1861572265625, "right": 429.20697021484375, "bottom": 186.49349975585938}], "time": 21.669134855270386}
