{"im": 1530, "res": [{"class": "bus", "prob": 0.9953173995018005, "left": 177.44882202148438, "top": 68.14569091796875, "right": 355.9779968261719, "bottom": 146.80169677734375}], "time": 21.676558017730713}
