{"im": 987, "res": [{"class": "boat", "prob": 0.9948111176490784, "left": 7.0010833740234375, "top": 62.10322570800781, "right": 482.2010498046875, "bottom": 312.49786376953125}], "time": 21.12026596069336}
