{"im": 5791, "res": [{"class": "car", "prob": 0.9999955296516418, "left": 59.94207763671875, "top": 34.2215576171875, "right": 486.8980712890625, "bottom": 356.46221923828125}], "time": 22.0116069316864}
