{"im": 110, "res": [{"class": "aeroplane", "prob": 0.9341827034950256, "left": 32.72267532348633, "top": 110.9781723022461, "right": 138.8832244873047, "bottom": 366.2633056640625}, {"class": "aeroplane", "prob": 0.9310914278030396, "left": 362.5271911621094, "top": 137.61016845703125, "right": 448.2022399902344, "bottom": 360.2548522949219}, {"class": "aeroplane", "prob": 0.7196566462516785, "left": 199.92245483398438, "top": 116.12809753417969, "right": 302.18658447265625, "bottom": 375.0}, {"class": "aeroplane", "prob": 0.6267367601394653, "left": 275.2810974121094, "top": 133.0520782470703, "right": 350.2515563964844, "bottom": 345.7847900390625}], "time": 1.6653130054473877}
