{"im": 5623, "res": [{"class": "aeroplane", "prob": 0.9384873509407043, "left": 272.8912048339844, "top": 34.51576232910156, "right": 428.2575378417969, "bottom": 375.0}, {"class": "aeroplane", "prob": 0.8313463926315308, "left": 184.63681030273438, "top": 68.82357788085938, "right": 309.8536071777344, "bottom": 375.0}], "time": 0.8767569065093994}
