{"im": 89, "res": [{"class": "aeroplane", "prob": 0.9987171292304993, "left": 338.06573486328125, "top": 66.40826416015625, "right": 496.5235595703125, "bottom": 357.0}], "time": 21.532655239105225}
