{"im": 4595, "res": [{"class": "sheep", "prob": 0.9989964962005615, "left": 185.02166748046875, "top": 166.1763153076172, "right": 326.7891845703125, "bottom": 291.5328674316406}], "time": 21.403742790222168}
