{"im": 3810, "res": [{"class": "aeroplane", "prob": 0.5174717903137207, "left": 42.18447494506836, "top": 218.63287353515625, "right": 157.44140625, "bottom": 437.23822021484375}], "time": 0.8632409572601318}
