{"im": 4334, "res": [{"class": "person", "prob": 0.5092291831970215, "left": 223.02745056152344, "top": 42.617488861083984, "right": 484.001708984375, "bottom": 145.01065063476562}], "time": 0.8308091163635254}
