{"im": 2281, "res": [{"class": "tvmonitor", "prob": 0.9971811175346375, "left": 61.34332275390625, "top": 115.87948608398438, "right": 378.0325012207031, "bottom": 392.42095947265625}, {"class": "aeroplane", "prob": 0.9608170390129089, "left": 320.5411376953125, "top": 26.497695922851562, "right": 500.0, "bottom": 404.0}], "time": 21.441034078598022}
