{"im": 767, "res": [{"class": "aeroplane", "prob": 0.5568637251853943, "left": 26.469863891601562, "top": 1.4081878662109375, "right": 500.0, "bottom": 418.1485595703125}], "time": 21.60604214668274}
