{"im": 5286, "res": [{"class": "bottle", "prob": 0.9978797435760498, "left": 47.197166442871094, "top": 88.85238647460938, "right": 206.77227783203125, "bottom": 131.10931396484375}], "time": 21.576465368270874}
