{"im": 968, "res": [{"class": "aeroplane", "prob": 0.8247526288032532, "left": 194.9561309814453, "top": 34.50279235839844, "right": 297.2166748046875, "bottom": 320.04302978515625}, {"class": "bicycle", "prob": 0.5138533115386963, "left": 116.15769958496094, "top": 146.4044189453125, "right": 364.03955078125, "bottom": 334.5829772949219}], "time": 0.8386220932006836}
