{"im": 4384, "res": [{"class": "bird", "prob": 0.8193546533584595, "left": 183.7760009765625, "top": 281.4563903808594, "right": 362.3218994140625, "bottom": 451.6224060058594}], "time": 0.8409149646759033}
