{"im": 139, "res": [{"class": "aeroplane", "prob": 0.9994412660598755, "left": 149.4640350341797, "top": 82.87393188476562, "right": 249.82566833496094, "bottom": 278.1298522949219}, {"class": "aeroplane", "prob": 0.9991015195846558, "left": 220.52603149414062, "top": 61.61347961425781, "right": 345.1467590332031, "bottom": 300.22760009765625}, {"class": "bird", "prob": 0.9952628016471863, "left": 285.16278076171875, "top": 133.20892333984375, "right": 442.93170166015625, "bottom": 204.81207275390625}, {"class": "bicycle", "prob": 0.964579164981842, "left": 140.4853973388672, "top": 149.42430114746094, "right": 402.95550537109375, "bottom": 341.5726318359375}], "time": 21.523541927337646}
