{"im": 2064, "res": [{"class": "bus", "prob": 0.999526858329773, "left": 0.0, "top": 34.522308349609375, "right": 500.0, "bottom": 321.8149108886719}, {"class": "bus", "prob": 0.9779784679412842, "left": 463.24591064453125, "top": 108.9237060546875, "right": 497.39166259765625, "bottom": 231.2005615234375}], "time": 21.645050764083862}
