{"im": 5709, "res": [{"class": "bicycle", "prob": 0.9975196719169617, "left": 110.93406677246094, "top": 107.5281753540039, "right": 427.11328125, "bottom": 329.3673400878906}], "time": 21.169689893722534}
