{"im": 545, "res": [{"class": "sheep", "prob": 0.9956896901130676, "left": 211.69342041015625, "top": 185.4054412841797, "right": 335.6103515625, "bottom": 375.0}, {"class": "aeroplane", "prob": 0.9963277578353882, "left": 273.68572998046875, "top": 131.52195739746094, "right": 394.34820556640625, "bottom": 336.32916259765625}, {"class": "aeroplane", "prob": 0.7641079425811768, "left": 180.70083618164062, "top": 126.39810180664062, "right": 319.2021789550781, "bottom": 360.9419860839844}], "time": 21.58460521697998}
