{"im": 2555, "res": [{"class": "chair", "prob": 0.7598062753677368, "left": 129.797119140625, "top": 64.87141418457031, "right": 203.22943115234375, "bottom": 385.0963134765625}], "time": 21.435549020767212}
