{"im": 3567, "res": [{"class": "person", "prob": 0.9717824459075928, "left": 204.09034729003906, "top": 91.00897216796875, "right": 318.63916015625, "bottom": 264.7099609375}], "time": 21.557796955108643}
