{"im": 5646, "res": [{"class": "pottedplant", "prob": 0.9609636068344116, "left": 151.1741943359375, "top": 230.99334716796875, "right": 245.26089477539062, "bottom": 317.18505859375}, {"class": "pottedplant", "prob": 0.8980571031570435, "left": 104.8482666015625, "top": 0.0, "right": 253.78677368164062, "bottom": 111.85707092285156}], "time": 21.34549880027771}
