{"im": 5367, "res": [{"class": "aeroplane", "prob": 0.9972459673881531, "left": 109.32745361328125, "top": 0.0, "right": 197.59481811523438, "bottom": 205.28611755371094}, {"class": "bicycle", "prob": 0.9184719324111938, "left": 67.01678466796875, "top": 65.24493408203125, "right": 280.927734375, "bottom": 216.68609619140625}], "time": 21.43528127670288}
