{"im": 3622, "res": [{"class": "aeroplane", "prob": 0.9990014433860779, "left": 134.15443420410156, "top": 16.972015380859375, "right": 377.79534912109375, "bottom": 343.76080322265625}, {"class": "aeroplane", "prob": 0.9991545677185059, "left": 57.89189910888672, "top": 107.46985626220703, "right": 211.48419189453125, "bottom": 329.76043701171875}], "time": 21.55222201347351}
