{"im": 5225, "res": [{"class": "boat", "prob": 0.9705727100372314, "left": 74.86758422851562, "top": 8.640457153320312, "right": 430.72113037109375, "bottom": 322.69659423828125}, {"class": "aeroplane", "prob": 0.5377890467643738, "left": 376.6728515625, "top": 117.1753158569336, "right": 395.73052978515625, "bottom": 146.01028442382812}], "time": 21.533139944076538}
