{"im": 1547, "res": [{"class": "aeroplane", "prob": 0.5446258783340454, "left": 374.505615234375, "top": 107.22607421875, "right": 500.0, "bottom": 325.7145080566406}], "time": 21.826441049575806}
