{"im": 5737, "res": [{"class": "aeroplane", "prob": 0.8376805186271667, "left": 0.0, "top": 12.292892456054688, "right": 322.4638671875, "bottom": 344.64959716796875}, {"class": "aeroplane", "prob": 0.6633036136627197, "left": 311.34954833984375, "top": 27.789466857910156, "right": 351.17578125, "bottom": 97.93313598632812}], "time": 21.10111689567566}
