{"im": 4073, "res": [{"class": "pottedplant", "prob": 0.8278204202651978, "left": 29.548751831054688, "top": 57.49279022216797, "right": 468.41632080078125, "bottom": 310.75811767578125}], "time": 21.63923215866089}
