{"im": 1642, "res": [{"class": "bird", "prob": 0.9558613896369934, "left": 0.0, "top": 153.52328491210938, "right": 402.21307373046875, "bottom": 370.8215026855469}, {"class": "aeroplane", "prob": 0.998354434967041, "left": 256.6748352050781, "top": 129.6998748779297, "right": 358.8147888183594, "bottom": 258.192626953125}, {"class": "aeroplane", "prob": 0.8594617247581482, "left": 200.47836303710938, "top": 164.56982421875, "right": 291.5531921386719, "bottom": 245.73663330078125}], "time": 21.78584599494934}
