{"im": 4869, "res": [{"class": "aeroplane", "prob": 0.9615199565887451, "left": 138.57797241210938, "top": 149.82574462890625, "right": 249.59585571289062, "bottom": 286.9065856933594}], "time": 21.414068937301636}
