{"im": 138, "res": [{"class": "aeroplane", "prob": 0.9998194575309753, "left": 318.0074462890625, "top": 243.88980102539062, "right": 362.40484619140625, "bottom": 372.3709411621094}], "time": 21.58147692680359}
