{"im": 100, "res": [{"class": "aeroplane", "prob": 0.7021740674972534, "left": 149.39996337890625, "top": 56.421295166015625, "right": 441.18365478515625, "bottom": 369.12506103515625}], "time": 1.095789909362793}
