{"im": 5768, "res": [{"class": "aeroplane", "prob": 0.9996431469917297, "left": 388.81329345703125, "top": 109.6368637084961, "right": 460.4312744140625, "bottom": 279.34857177734375}, {"class": "bird", "prob": 0.9616060853004456, "left": 101.66860961914062, "top": 5.914875030517578, "right": 358.869140625, "bottom": 62.59585189819336}, {"class": "sheep", "prob": 0.6423869729042053, "left": 144.64340209960938, "top": 132.279296875, "right": 346.8138732910156, "bottom": 284.47271728515625}, {"class": "boat", "prob": 0.9009612202644348, "left": 181.76101684570312, "top": 247.20755004882812, "right": 385.7256164550781, "bottom": 372.8713073730469}], "time": 21.672926902770996}
