{"im": 401, "res": [{"class": "aeroplane", "prob": 0.9999539256095886, "left": 3.0948028564453125, "top": 122.18704223632812, "right": 180.08970642089844, "bottom": 427.7835998535156}, {"class": "aeroplane", "prob": 0.9933595061302185, "left": 192.50152587890625, "top": 169.64947509765625, "right": 266.957763671875, "bottom": 321.2928161621094}, {"class": "aeroplane", "prob": 0.9891003966331482, "left": 200.07550048828125, "top": 256.65093994140625, "right": 308.2175598144531, "bottom": 386.2086181640625}, {"class": "aeroplane", "prob": 0.9745070338249207, "left": 240.42405700683594, "top": 181.66473388671875, "right": 302.1029052734375, "bottom": 340.1834716796875}], "time": 21.45484209060669}
