{"im": 1243, "res": [{"class": "sheep", "prob": 0.9957128167152405, "left": 22.175079345703125, "top": 93.46446228027344, "right": 368.7513732910156, "bottom": 375.0}], "time": 21.62356400489807}
