{"im": 268, "res": [{"class": "sheep", "prob": 0.7857858538627625, "left": 172.78457641601562, "top": 123.32892608642578, "right": 320.6470642089844, "bottom": 300.3361511230469}], "time": 1.0631890296936035}
