{"im": 3635, "res": [{"class": "pottedplant", "prob": 0.7476034164428711, "left": 3.8024749755859375, "top": 41.88362121582031, "right": 496.2711181640625, "bottom": 332.58984375}], "time": 21.510833263397217}
