{"im": 3408, "res": [{"class": "bicycle", "prob": 0.9812015891075134, "left": 34.855865478515625, "top": 0.0, "right": 466.5226745605469, "bottom": 375.0}], "time": 21.52002477645874}
