{"im": 2605, "res": [{"class": "aeroplane", "prob": 0.9981399774551392, "left": 54.42864990234375, "top": 66.63011169433594, "right": 278.5118103027344, "bottom": 443.6722412109375}], "time": 0.8366990089416504}
