{"im": 2407, "res": [{"class": "car", "prob": 0.999608039855957, "left": 1.793701171875, "top": 123.59442901611328, "right": 343.7591552734375, "bottom": 298.3730163574219}, {"class": "cow", "prob": 0.9497998952865601, "left": 434.05096435546875, "top": 73.85440826416016, "right": 480.0517578125, "bottom": 116.31453704833984}], "time": 21.394454956054688}
