{"im": 3716, "res": [{"class": "pottedplant", "prob": 0.9985935091972351, "left": 209.48040771484375, "top": 50.19199752807617, "right": 340.4619140625, "bottom": 166.71502685546875}, {"class": "pottedplant", "prob": 0.9984371662139893, "left": 235.69302368164062, "top": 162.7587127685547, "right": 365.2756042480469, "bottom": 456.76141357421875}, {"class": "pottedplant", "prob": 0.9942299127578735, "left": 11.899253845214844, "top": 196.02540588378906, "right": 146.57135009765625, "bottom": 351.9129638671875}], "time": 21.56673002243042}
