{"im": 4709, "res": [{"class": "pottedplant", "prob": 0.5124971866607666, "left": 245.611328125, "top": 71.13762664794922, "right": 335.08154296875, "bottom": 270.2834777832031}], "time": 0.8507611751556396}
