{"im": 357, "res": [{"class": "bicycle", "prob": 0.5849685668945312, "left": 114.1727066040039, "top": 246.63232421875, "right": 246.37899780273438, "bottom": 500.0}], "time": 0.8327822685241699}
