{"im": 5209, "res": [{"class": "aeroplane", "prob": 0.9928550124168396, "left": 104.76287841796875, "top": 23.388275146484375, "right": 195.07965087890625, "bottom": 250.19015502929688}, {"class": "aeroplane", "prob": 0.9926004409790039, "left": 189.79051208496094, "top": 67.00725555419922, "right": 277.99603271484375, "bottom": 269.169921875}], "time": 21.499698877334595}
