{"im": 3030, "res": [{"class": "aeroplane", "prob": 0.5936437845230103, "left": 286.7613525390625, "top": 142.90582275390625, "right": 315.47869873046875, "bottom": 172.14138793945312}], "time": 0.9099369049072266}
