{"im": 3778, "res": [{"class": "aeroplane", "prob": 0.9986787438392639, "left": 138.70855712890625, "top": 53.20399475097656, "right": 410.85406494140625, "bottom": 332.0}, {"class": "aeroplane", "prob": 0.9074047803878784, "left": 87.2479019165039, "top": 32.2161865234375, "right": 301.6165771484375, "bottom": 332.0}], "time": 21.874809980392456}
