{"im": 3335, "res": [{"class": "aeroplane", "prob": 0.5568601489067078, "left": 227.53073120117188, "top": 50.052955627441406, "right": 366.2334899902344, "bottom": 257.61016845703125}], "time": 0.8439309597015381}
