{"im": 4873, "res": [{"class": "aeroplane", "prob": 0.7567160725593567, "left": 241.92556762695312, "top": 36.008052825927734, "right": 325.9347229003906, "bottom": 153.88363647460938}, {"class": "aeroplane", "prob": 0.7060636281967163, "left": 312.4579162597656, "top": 35.79205322265625, "right": 396.5288391113281, "bottom": 160.5055694580078}, {"class": "aeroplane", "prob": 0.6093133091926575, "left": 334.616455078125, "top": 44.77372360229492, "right": 371.01556396484375, "bottom": 136.21005249023438}, {"class": "aeroplane", "prob": 0.5646122694015503, "left": 262.53424072265625, "top": 48.374534606933594, "right": 299.02960205078125, "bottom": 132.77529907226562}], "time": 0.8243367671966553}
