{"im": 5217, "res": [{"class": "aeroplane", "prob": 0.8653125762939453, "left": 77.82952880859375, "top": 35.68479919433594, "right": 476.0662841796875, "bottom": 305.82745361328125}, {"class": "aeroplane", "prob": 0.9511899352073669, "left": 21.855255126953125, "top": 77.94332122802734, "right": 264.86822509765625, "bottom": 297.85382080078125}], "time": 21.523468017578125}
