{"im": 5160, "res": [{"class": "aeroplane", "prob": 0.9255539178848267, "left": 251.18360900878906, "top": 87.71746826171875, "right": 458.4815673828125, "bottom": 345.2808837890625}, {"class": "aeroplane", "prob": 0.6790178418159485, "left": 3.6405181884765625, "top": 126.13440704345703, "right": 190.87818908691406, "bottom": 375.0}], "time": 1.0041191577911377}
