{"im": 239, "res": [{"class": "sheep", "prob": 0.8053286671638489, "left": 44.84434509277344, "top": 8.090469360351562, "right": 456.3914794921875, "bottom": 435.90948486328125}, {"class": "sheep", "prob": 0.5685009360313416, "left": 73.63003540039062, "top": 11.579727172851562, "right": 271.9021301269531, "bottom": 383.8524169921875}], "time": 21.642725944519043}
