{"im": 1303, "res": [{"class": "bird", "prob": 0.8202242851257324, "left": 0.0, "top": 106.62451171875, "right": 176.12417602539062, "bottom": 350.1360168457031}, {"class": "bird", "prob": 0.8788100481033325, "left": 126.78690338134766, "top": 137.25807189941406, "right": 227.36782836914062, "bottom": 252.33421325683594}, {"class": "aeroplane", "prob": 0.8018726706504822, "left": 246.1310272216797, "top": 96.3822021484375, "right": 410.404052734375, "bottom": 349.32421875}, {"class": "bird", "prob": 0.755365252494812, "left": 153.23802185058594, "top": 149.0184326171875, "right": 204.1436309814453, "bottom": 243.255126953125}], "time": 0.9874107837677002}
