{"im": 1901, "res": [{"class": "bottle", "prob": 0.9887693524360657, "left": 166.8377685546875, "top": 95.74822998046875, "right": 248.48931884765625, "bottom": 177.15875244140625}, {"class": "bottle", "prob": 0.9769871234893799, "left": 190.9822998046875, "top": 104.29901123046875, "right": 225.18075561523438, "bottom": 164.23980712890625}], "time": 0.8680109977722168}
