{"im": 2050, "res": [{"class": "person", "prob": 0.9920178055763245, "left": 131.341796875, "top": 243.88232421875, "right": 191.98544311523438, "bottom": 396.08538818359375}], "time": 21.700554132461548}
