{"im": 4469, "res": [{"class": "chair", "prob": 0.956788957118988, "left": 163.1767578125, "top": 153.02774047851562, "right": 500.0, "bottom": 265.2762145996094}], "time": 21.365691900253296}
