{"im": 134, "res": [{"class": "pottedplant", "prob": 0.7249609231948853, "left": 0.0, "top": 0.0, "right": 500.0, "bottom": 458.0}], "time": 22.69358801841736}
