{"im": 2109, "res": [{"class": "bicycle", "prob": 0.9931331276893616, "left": 59.198028564453125, "top": 131.94151306152344, "right": 391.79486083984375, "bottom": 324.63116455078125}, {"class": "aeroplane", "prob": 0.9980883002281189, "left": 139.33502197265625, "top": 37.46113586425781, "right": 361.27593994140625, "bottom": 289.23419189453125}], "time": 21.64303994178772}
