{"im": 2229, "res": [{"class": "person", "prob": 0.9884322285652161, "left": 90.47889709472656, "top": 123.01641845703125, "right": 398.3599853515625, "bottom": 358.8525695800781}], "time": 21.436758041381836}
