{"im": 3900, "res": [{"class": "aeroplane", "prob": 0.8098438382148743, "left": 75.98294067382812, "top": 118.10922241210938, "right": 95.47463989257812, "bottom": 163.47018432617188}], "time": 0.8355493545532227}
