{"im": 545, "res": [{"class": "aeroplane", "prob": 0.6117047667503357, "left": 281.10552978515625, "top": 143.1754913330078, "right": 387.215576171875, "bottom": 368.68768310546875}], "time": 0.908592939376831}
