{"im": 4983, "res": [{"class": "aeroplane", "prob": 0.7116928100585938, "left": 0.0, "top": 55.949859619140625, "right": 500.0, "bottom": 465.5906066894531}], "time": 21.47236204147339}
