{"im": 1826, "res": [{"class": "bird", "prob": 0.9117197394371033, "left": 58.66900634765625, "top": 116.10049438476562, "right": 381.3926696777344, "bottom": 288.4542236328125}, {"class": "aeroplane", "prob": 0.535287082195282, "left": 6.869780540466309, "top": 71.25819396972656, "right": 23.749954223632812, "bottom": 102.44610595703125}], "time": 0.8272440433502197}
