{"im": 668, "res": [{"class": "aeroplane", "prob": 0.9985964298248291, "left": 9.005355834960938, "top": 10.268661499023438, "right": 317.02899169921875, "bottom": 437.6568603515625}, {"class": "aeroplane", "prob": 0.9755991101264954, "left": 306.4349670410156, "top": 102.18330383300781, "right": 371.0772399902344, "bottom": 206.0778045654297}], "time": 21.803368091583252}
