{"im": 4314, "res": [{"class": "sheep", "prob": 0.5934700965881348, "left": 129.99551391601562, "top": 19.80267333984375, "right": 451.9082946777344, "bottom": 349.3153381347656}], "time": 0.8648509979248047}
