{"im": 3836, "res": [{"class": "aeroplane", "prob": 0.8128211498260498, "left": 264.0870666503906, "top": 59.3070068359375, "right": 376.0019226074219, "bottom": 373.5748291015625}], "time": 0.832467794418335}
