{"im": 1998, "res": [{"class": "bottle", "prob": 0.6707736253738403, "left": 242.10739135742188, "top": 166.36756896972656, "right": 269.7973327636719, "bottom": 194.32948303222656}], "time": 0.83359694480896}
