{"im": 2773, "res": [{"class": "car", "prob": 0.5647771954536438, "left": 212.97169494628906, "top": 160.43637084960938, "right": 377.4002685546875, "bottom": 315.33404541015625}], "time": 0.8409950733184814}
