{"im": 3971, "res": [{"class": "train", "prob": 0.9211492538452148, "left": 209.72158813476562, "top": 88.85346984863281, "right": 326.7783508300781, "bottom": 233.1029510498047}, {"class": "train", "prob": 0.8797690272331238, "left": 80.58097839355469, "top": 76.87437438964844, "right": 168.80743408203125, "bottom": 180.22312927246094}, {"class": "train", "prob": 0.9753174781799316, "left": 155.7999267578125, "top": 125.1469497680664, "right": 239.09097290039062, "bottom": 278.6849060058594}, {"class": "train", "prob": 0.977548360824585, "left": 78.79981231689453, "top": 172.53379821777344, "right": 212.478271484375, "bottom": 395.235107421875}], "time": 21.64900302886963}
