{"im": 816, "res": [{"class": "aeroplane", "prob": 0.9395124316215515, "left": 285.45654296875, "top": 32.82136535644531, "right": 424.5323486328125, "bottom": 351.09820556640625}], "time": 0.8425750732421875}
