{"im": 573, "res": [{"class": "car", "prob": 0.9905628561973572, "left": 102.81486511230469, "top": 11.888931274414062, "right": 500.0, "bottom": 206.536865234375}, {"class": "aeroplane", "prob": 0.9959519505500793, "left": 13.028897285461426, "top": 158.1973876953125, "right": 35.54719543457031, "bottom": 248.29214477539062}, {"class": "aeroplane", "prob": 0.6203480362892151, "left": 391.0689697265625, "top": 87.39051818847656, "right": 418.64715576171875, "bottom": 107.78196716308594}], "time": 21.570214986801147}
