{"im": 650, "res": [{"class": "aeroplane", "prob": 0.98631751537323, "left": 37.33818054199219, "top": 138.21990966796875, "right": 294.07574462890625, "bottom": 334.2626037597656}, {"class": "aeroplane", "prob": 0.9871869087219238, "left": 232.99057006835938, "top": 160.61448669433594, "right": 368.3395080566406, "bottom": 367.628173828125}], "time": 21.668883085250854}
