{"im": 4433, "res": [{"class": "sheep", "prob": 0.9939846396446228, "left": 83.94573211669922, "top": 38.65348815917969, "right": 300.51605224609375, "bottom": 333.0}], "time": 21.354070901870728}
