{"im": 422, "res": [{"class": "aeroplane", "prob": 0.9455094933509827, "left": 153.09422302246094, "top": 62.40745544433594, "right": 441.65576171875, "bottom": 375.0}, {"class": "aeroplane", "prob": 0.9666725397109985, "left": 0.0, "top": 136.466796875, "right": 114.41522216796875, "bottom": 375.0}], "time": 21.69250202178955}
