{"im": 4532, "res": [{"class": "pottedplant", "prob": 0.8774031400680542, "left": 215.77565002441406, "top": 134.46726989746094, "right": 499.002685546875, "bottom": 328.45556640625}, {"class": "aeroplane", "prob": 0.7460848093032837, "left": 3.17498779296875, "top": 4.2240753173828125, "right": 163.4143524169922, "bottom": 372.63275146484375}], "time": 21.481215238571167}
