{"im": 2660, "res": [{"class": "aeroplane", "prob": 0.6492915749549866, "left": 181.57545471191406, "top": 175.66551208496094, "right": 347.24481201171875, "bottom": 374.725341796875}], "time": 0.837456226348877}
