{"im": 3745, "res": [{"class": "sheep", "prob": 0.6092092394828796, "left": 31.818099975585938, "top": 168.22708129882812, "right": 288.03289794921875, "bottom": 315.210205078125}], "time": 0.8619720935821533}
