{"im": 2401, "res": [{"class": "bird", "prob": 0.9377283453941345, "left": 72.36848449707031, "top": 193.3390655517578, "right": 140.82855224609375, "bottom": 237.5315704345703}, {"class": "bird", "prob": 0.652983546257019, "left": 187.48883056640625, "top": 90.25825500488281, "right": 436.2960205078125, "bottom": 262.167724609375}, {"class": "aeroplane", "prob": 0.9090400338172913, "left": 249.7479248046875, "top": 114.2829360961914, "right": 291.6121826171875, "bottom": 152.8272247314453}, {"class": "aeroplane", "prob": 0.7887438535690308, "left": 318.8457336425781, "top": 108.75666809082031, "right": 379.0314636230469, "bottom": 151.14918518066406}], "time": 21.445119857788086}
