{"im": 411, "res": [{"class": "aeroplane", "prob": 0.9941580891609192, "left": 230.74789428710938, "top": 21.925941467285156, "right": 374.8575744628906, "bottom": 232.14251708984375}, {"class": "aeroplane", "prob": 0.9799385666847229, "left": 42.130027770996094, "top": 46.222450256347656, "right": 202.06085205078125, "bottom": 235.58554077148438}], "time": 21.393306732177734}
