{"im": 2728, "res": [{"class": "boat", "prob": 0.9967410564422607, "left": 12.331039428710938, "top": 9.424285888671875, "right": 475.25311279296875, "bottom": 312.3067626953125}, {"class": "bird", "prob": 0.9568537473678589, "left": 40.11418151855469, "top": 0.0, "right": 365.83050537109375, "bottom": 104.4594955444336}], "time": 21.43133521080017}
