{"im": 3529, "res": [{"class": "person", "prob": 0.9992086291313171, "left": 248.6387176513672, "top": 70.83305358886719, "right": 414.64990234375, "bottom": 282.93572998046875}], "time": 21.69889497756958}
