{"im": 3977, "res": [{"class": "person", "prob": 0.9696328639984131, "left": 348.66998291015625, "top": 68.97142028808594, "right": 421.2056884765625, "bottom": 184.24440002441406}], "time": 21.766417741775513}
