{"im": 3460, "res": [{"class": "aeroplane", "prob": 0.9982814788818359, "left": 289.5318298339844, "top": 68.1108627319336, "right": 434.9059143066406, "bottom": 301.60406494140625}, {"class": "aeroplane", "prob": 0.9889917969703674, "left": 90.90216064453125, "top": 28.852890014648438, "right": 238.18731689453125, "bottom": 317.724853515625}, {"class": "boat", "prob": 0.9424170255661011, "left": 173.41845703125, "top": 41.431602478027344, "right": 375.15863037109375, "bottom": 181.64874267578125}], "time": 21.480530977249146}
