{"im": 743, "res": [{"class": "aeroplane", "prob": 0.793306827545166, "left": 195.23297119140625, "top": 150.77987670898438, "right": 346.82086181640625, "bottom": 500.0}, {"class": "aeroplane", "prob": 0.5620265007019043, "left": 48.656707763671875, "top": 163.1354522705078, "right": 173.58985900878906, "bottom": 489.28839111328125}], "time": 0.8444540500640869}
