{"im": 4855, "res": [{"class": "pottedplant", "prob": 0.8794668912887573, "left": 111.35105895996094, "top": 38.39552307128906, "right": 443.99884033203125, "bottom": 285.370849609375}], "time": 22.91596794128418}
