{"im": 4606, "res": [{"class": "sheep", "prob": 0.6328495740890503, "left": 1.8014678955078125, "top": 84.51811981201172, "right": 500.0, "bottom": 334.5790100097656}], "time": 21.384634971618652}
