{"im": 4627, "res": [{"class": "car", "prob": 0.9877732396125793, "left": 44.499603271484375, "top": 165.40586853027344, "right": 468.3262634277344, "bottom": 329.22705078125}], "time": 21.39704990386963}
