{"im": 1147, "res": [{"class": "sheep", "prob": 0.949817955493927, "left": 131.1255645751953, "top": 127.18624877929688, "right": 278.81591796875, "bottom": 424.9900817871094}], "time": 21.124088287353516}
