{"im": 418, "res": [{"class": "aeroplane", "prob": 0.9779863357543945, "left": 191.32025146484375, "top": 165.47860717773438, "right": 375.0, "bottom": 271.01727294921875}], "time": 22.129901885986328}
