{"im": 778, "res": [{"class": "aeroplane", "prob": 0.9992121458053589, "left": 96.86625671386719, "top": 73.80351257324219, "right": 249.5546112060547, "bottom": 435.8184814453125}, {"class": "aeroplane", "prob": 0.5317788124084473, "left": 297.4783020019531, "top": 194.5686492919922, "right": 335.5379943847656, "bottom": 318.5413818359375}], "time": 21.959625005722046}
