{"im": 3987, "res": [{"class": "pottedplant", "prob": 0.9677295088768005, "left": 34.88685607910156, "top": 1.69000244140625, "right": 497.9219970703125, "bottom": 452.87994384765625}], "time": 22.116788864135742}
