{"im": 356, "res": [{"class": "aeroplane", "prob": 0.9965875148773193, "left": 273.20355224609375, "top": 91.90875244140625, "right": 487.61767578125, "bottom": 372.11865234375}, {"class": "aeroplane", "prob": 0.9966462254524231, "left": 90.95906066894531, "top": 46.11003112792969, "right": 291.40545654296875, "bottom": 372.42718505859375}], "time": 21.78407597541809}
