{"im": 106, "res": [{"class": "sheep", "prob": 0.6989306211471558, "left": 195.78497314453125, "top": 78.90117645263672, "right": 353.1824951171875, "bottom": 254.47994995117188}], "time": 22.819866180419922}
