{"im": 5773, "res": [{"class": "person", "prob": 0.8844826817512512, "left": 5.094970703125, "top": 47.84132385253906, "right": 494.05535888671875, "bottom": 333.0}], "time": 22.17220187187195}
