{"im": 1565, "res": [{"class": "aeroplane", "prob": 0.9996677041053772, "left": 0.0, "top": 9.150604248046875, "right": 403.1422424316406, "bottom": 335.0}, {"class": "aeroplane", "prob": 0.9972161650657654, "left": 191.08462524414062, "top": 6.394012451171875, "right": 500.0, "bottom": 333.3170471191406}], "time": 22.118633270263672}
