{"im": 4778, "res": [{"class": "tvmonitor", "prob": 0.9760101437568665, "left": 77.19940185546875, "top": 60.95306396484375, "right": 364.5733337402344, "bottom": 318.9378662109375}], "time": 21.456039905548096}
