{"im": 4909, "res": [{"class": "sheep", "prob": 0.8503336906433105, "left": 53.06523132324219, "top": 113.68151092529297, "right": 355.14068603515625, "bottom": 252.39398193359375}], "time": 21.49952483177185}
