{"im": 5077, "res": [{"class": "bottle", "prob": 0.9970536231994629, "left": 79.1888427734375, "top": 190.655029296875, "right": 479.874267578125, "bottom": 289.0791320800781}], "time": 21.462312936782837}
