{"im": 5353, "res": [{"class": "pottedplant", "prob": 0.5424837470054626, "left": 19.066009521484375, "top": 91.69720458984375, "right": 487.7242126464844, "bottom": 353.2862243652344}], "time": 1.4307892322540283}
