{"im": 409, "res": [{"class": "aeroplane", "prob": 0.9724190831184387, "left": 85.76405334472656, "top": 0.0, "right": 362.63372802734375, "bottom": 329.792724609375}, {"class": "aeroplane", "prob": 0.9769579172134399, "left": 327.0326843261719, "top": 0.0, "right": 450.9994812011719, "bottom": 154.06588745117188}], "time": 21.546212911605835}
