{"im": 1690, "res": [{"class": "sheep", "prob": 0.9308920502662659, "left": 106.87196350097656, "top": 3.698822021484375, "right": 459.8758544921875, "bottom": 360.8202819824219}], "time": 21.7307448387146}
