{"im": 2426, "res": [{"class": "tvmonitor", "prob": 0.9697381258010864, "left": 234.98193359375, "top": 43.15824890136719, "right": 471.5103759765625, "bottom": 329.7625732421875}, {"class": "tvmonitor", "prob": 0.8725228905677795, "left": 9.559661865234375, "top": 106.44635772705078, "right": 276.48101806640625, "bottom": 331.6728210449219}], "time": 23.24552011489868}
