{"im": 1959, "res": [{"class": "train", "prob": 0.9934130907058716, "left": 86.00231170654297, "top": 182.36581420898438, "right": 221.763916015625, "bottom": 305.5449523925781}, {"class": "train", "prob": 0.9632713198661804, "left": 196.54205322265625, "top": 166.64620971679688, "right": 307.20416259765625, "bottom": 296.71600341796875}, {"class": "train", "prob": 0.7019375562667847, "left": 268.0046081542969, "top": 168.54579162597656, "right": 398.2946472167969, "bottom": 291.8147888183594}], "time": 21.654726028442383}
