{"im": 10, "res": [{"class": "bird", "prob": 0.8347241282463074, "left": 459.3519287109375, "top": 265.6459655761719, "right": 493.2991943359375, "bottom": 320.9958801269531}, {"class": "bird", "prob": 0.5873841643333435, "left": 460.6322937011719, "top": 242.42083740234375, "right": 482.5033874511719, "bottom": 341.34503173828125}], "time": 0.8960380554199219}
