{"im": 142, "res": [{"class": "aeroplane", "prob": 0.7503382563591003, "left": 1.9413604736328125, "top": 58.72247314453125, "right": 283.403564453125, "bottom": 374.284423828125}], "time": 1.224074125289917}
