{"im": 3897, "res": [{"class": "boat", "prob": 0.9969177842140198, "left": 0.0, "top": 35.42182922363281, "right": 449.66326904296875, "bottom": 375.0}], "time": 23.09250783920288}
