{"im": 3098, "res": [{"class": "pottedplant", "prob": 0.7748121619224548, "left": 138.84368896484375, "top": 80.61481475830078, "right": 351.13873291015625, "bottom": 281.0}], "time": 0.975430965423584}
