{"im": 2844, "res": [{"class": "sheep", "prob": 0.9575963020324707, "left": 162.5304718017578, "top": 100.26448822021484, "right": 300.258056640625, "bottom": 296.2459716796875}], "time": 21.50098204612732}
