{"im": 2078, "res": [{"class": "aeroplane", "prob": 0.9982957243919373, "left": 157.15028381347656, "top": 69.51592254638672, "right": 256.0082092285156, "bottom": 317.4878845214844}], "time": 21.662657022476196}
