{"im": 4763, "res": [{"class": "bird", "prob": 0.9671115279197693, "left": 0.0, "top": 74.45137023925781, "right": 500.0, "bottom": 275.989990234375}], "time": 21.381144762039185}
