{"im": 4959, "res": [{"class": "aeroplane", "prob": 0.9995068311691284, "left": 79.51844787597656, "top": 176.07936096191406, "right": 107.03594970703125, "bottom": 238.8238983154297}, {"class": "car", "prob": 0.9885503053665161, "left": 0.0, "top": 123.89769744873047, "right": 498.8560791015625, "bottom": 251.9779052734375}, {"class": "aeroplane", "prob": 0.9671837091445923, "left": 434.9732360839844, "top": 171.50611877441406, "right": 449.5865173339844, "bottom": 207.8220672607422}], "time": 21.346050024032593}
