{"im": 5005, "res": [{"class": "aeroplane", "prob": 0.9990394711494446, "left": 30.449859619140625, "top": 0.0, "right": 347.28265380859375, "bottom": 454.52703857421875}, {"class": "pottedplant", "prob": 0.8084524273872375, "left": 12.513381958007812, "top": 195.67613220214844, "right": 312.059326171875, "bottom": 500.0}], "time": 21.419589042663574}
