{"im": 4358, "res": [{"class": "bird", "prob": 0.5406111478805542, "left": 302.39068603515625, "top": 13.363397598266602, "right": 337.55218505859375, "bottom": 33.54530334472656}, {"class": "bird", "prob": 0.6147883534431458, "left": 223.4121551513672, "top": 24.85025405883789, "right": 257.6733093261719, "bottom": 45.24631881713867}], "time": 0.815281867980957}
