{"im": 5795, "res": [{"class": "pottedplant", "prob": 0.8732622265815735, "left": 139.55038452148438, "top": 138.02711486816406, "right": 383.5043640136719, "bottom": 331.02484130859375}], "time": 1.1900250911712646}
