{"im": 4729, "res": [{"class": "pottedplant", "prob": 0.9909171462059021, "left": 69.52739715576172, "top": 39.623756408691406, "right": 275.0437927246094, "bottom": 260.89385986328125}], "time": 21.37361192703247}
