{"im": 335, "res": [{"class": "aeroplane", "prob": 0.999291181564331, "left": 166.1265869140625, "top": 23.857452392578125, "right": 310.16986083984375, "bottom": 301.24462890625}], "time": 21.834425926208496}
