{"im": 3910, "res": [{"class": "sheep", "prob": 0.9979398846626282, "left": 71.08470916748047, "top": 136.92019653320312, "right": 219.689208984375, "bottom": 291.560546875}, {"class": "sheep", "prob": 0.9909543991088867, "left": 210.989013671875, "top": 81.7640609741211, "right": 337.4876708984375, "bottom": 295.6165771484375}], "time": 21.584315061569214}
