{"im": 5546, "res": [{"class": "aeroplane", "prob": 0.9985966086387634, "left": 187.561767578125, "top": 39.61476135253906, "right": 313.5274353027344, "bottom": 298.97930908203125}, {"class": "aeroplane", "prob": 0.997719943523407, "left": 0.0, "top": 152.74917602539062, "right": 221.421630859375, "bottom": 492.6843566894531}, {"class": "bicycle", "prob": 0.9747069478034973, "left": 193.26231384277344, "top": 219.35923767089844, "right": 284.7694091796875, "bottom": 427.249755859375}, {"class": "bird", "prob": 0.6758247017860413, "left": 132.0069122314453, "top": 0.9893929958343506, "right": 146.44960021972656, "bottom": 7.201052665710449}], "time": 21.29098391532898}
