{"im": 4569, "res": [{"class": "car", "prob": 0.9294881820678711, "left": 226.4637451171875, "top": 119.50308990478516, "right": 411.8109130859375, "bottom": 300.91705322265625}], "time": 0.8700160980224609}
