{"im": 207, "res": [{"class": "aeroplane", "prob": 0.9976062178611755, "left": 150.88917541503906, "top": 140.74705505371094, "right": 205.47471618652344, "bottom": 210.20240783691406}, {"class": "aeroplane", "prob": 0.9576371908187866, "left": 343.32958984375, "top": 150.63906860351562, "right": 402.111328125, "bottom": 215.95877075195312}, {"class": "chair", "prob": 0.8154787421226501, "left": 77.51295471191406, "top": 158.77749633789062, "right": 485.00537109375, "bottom": 278.7255859375}], "time": 21.448966026306152}
