{"im": 4257, "res": [{"class": "aeroplane", "prob": 0.994343101978302, "left": 1.462158203125, "top": 76.98361206054688, "right": 448.84930419921875, "bottom": 359.2796630859375}], "time": 21.666961193084717}
