{"im": 2748, "res": [{"class": "aeroplane", "prob": 0.9977397918701172, "left": 217.54641723632812, "top": 110.58076477050781, "right": 375.0, "bottom": 493.704345703125}, {"class": "bicycle", "prob": 0.9816871285438538, "left": 85.81657409667969, "top": 381.89739990234375, "right": 352.17633056640625, "bottom": 500.0}], "time": 21.43116521835327}
