{"im": 500, "res": [{"class": "aeroplane", "prob": 0.8571951985359192, "left": 3.3892974853515625, "top": 60.34979248046875, "right": 258.32421875, "bottom": 375.0}, {"class": "aeroplane", "prob": 0.5377209782600403, "left": 199.62359619140625, "top": 113.99231719970703, "right": 452.413818359375, "bottom": 355.0071716308594}], "time": 0.9362139701843262}
