{"im": 3450, "res": [{"class": "aeroplane", "prob": 0.7374795079231262, "left": 254.271484375, "top": 135.2952423095703, "right": 349.41656494140625, "bottom": 218.7583465576172}], "time": 0.9738318920135498}
