{"im": 5500, "res": [{"class": "bird", "prob": 0.9928352236747742, "left": 28.357975006103516, "top": 183.82061767578125, "right": 110.18965148925781, "bottom": 239.35128784179688}], "time": 21.11390209197998}
