{"im": 2223, "res": [{"class": "chair", "prob": 0.9598876237869263, "left": 200.6062774658203, "top": 157.00247192382812, "right": 227.8542938232422, "bottom": 194.86346435546875}, {"class": "chair", "prob": 0.860075056552887, "left": 263.5286865234375, "top": 180.39442443847656, "right": 286.002197265625, "bottom": 187.9240264892578}], "time": 21.437525987625122}
