{"im": 347, "res": [{"class": "aeroplane", "prob": 0.9529142379760742, "left": 130.78475952148438, "top": 164.5885467529297, "right": 246.6409912109375, "bottom": 377.43243408203125}], "time": 21.70720601081848}
