{"im": 870, "res": [{"class": "sofa", "prob": 0.9655239582061768, "left": 74.14741516113281, "top": 74.3219223022461, "right": 336.53228759765625, "bottom": 281.2527770996094}, {"class": "aeroplane", "prob": 0.8186574578285217, "left": 185.8609619140625, "top": 32.42649841308594, "right": 256.0953063964844, "bottom": 196.58694458007812}, {"class": "aeroplane", "prob": 0.806538462638855, "left": 205.01156616210938, "top": 55.65192413330078, "right": 240.80926513671875, "bottom": 175.70281982421875}], "time": 0.8392078876495361}
