{"im": 3112, "res": [{"class": "sheep", "prob": 0.962838888168335, "left": 146.30010986328125, "top": 81.24687194824219, "right": 470.95068359375, "bottom": 353.9896240234375}], "time": 21.677830934524536}
