{"im": 1812, "res": [{"class": "pottedplant", "prob": 0.7109711766242981, "left": 236.318603515625, "top": 218.2416229248047, "right": 339.04443359375, "bottom": 326.5775146484375}], "time": 0.8598341941833496}
