{"im": 92, "res": [{"class": "boat", "prob": 0.9963098764419556, "left": 4.204742431640625, "top": 171.79672241210938, "right": 234.26739501953125, "bottom": 333.0}], "time": 21.25940203666687}
