{"im": 3938, "res": [{"class": "aeroplane", "prob": 0.9841210842132568, "left": 210.69589233398438, "top": 242.62730407714844, "right": 233.76007080078125, "bottom": 305.7452697753906}, {"class": "bicycle", "prob": 0.8670699000358582, "left": 210.79652404785156, "top": 274.51275634765625, "right": 232.2678680419922, "bottom": 315.53424072265625}], "time": 21.544250011444092}
