{"im": 262, "res": [{"class": "aeroplane", "prob": 0.9960277080535889, "left": 212.4590606689453, "top": 48.85646057128906, "right": 444.03179931640625, "bottom": 373.0438232421875}, {"class": "aeroplane", "prob": 0.9896067380905151, "left": 403.47625732421875, "top": 0.0, "right": 500.0, "bottom": 156.064697265625}, {"class": "aeroplane", "prob": 0.9879849553108215, "left": 153.01242065429688, "top": 166.060546875, "right": 284.3700256347656, "bottom": 375.0}, {"class": "aeroplane", "prob": 0.9655883312225342, "left": 180.15333557128906, "top": 75.52579498291016, "right": 283.4215087890625, "bottom": 250.82357788085938}], "time": 21.55312991142273}
