{"im": 4147, "res": [{"class": "aeroplane", "prob": 0.9240562319755554, "left": 252.95425415039062, "top": 140.81935119628906, "right": 406.3706359863281, "bottom": 308.568115234375}, {"class": "aeroplane", "prob": 0.7736126780509949, "left": 0.0, "top": 134.69027709960938, "right": 119.13642883300781, "bottom": 375.0}, {"class": "aeroplane", "prob": 0.6025817394256592, "left": 101.79302978515625, "top": 102.80561828613281, "right": 241.15664672851562, "bottom": 351.72369384765625}], "time": 0.8417537212371826}
