{"im": 2859, "res": [{"class": "aeroplane", "prob": 0.9873020052909851, "left": 256.46917724609375, "top": 0.0, "right": 416.3594970703125, "bottom": 171.51052856445312}, {"class": "sheep", "prob": 0.9681312441825867, "left": 78.96134948730469, "top": 0.0, "right": 367.24407958984375, "bottom": 292.60980224609375}], "time": 21.415637969970703}
