{"im": 2531, "res": [{"class": "sofa", "prob": 0.9883152842521667, "left": 87.38236236572266, "top": 175.66802978515625, "right": 186.53021240234375, "bottom": 232.32260131835938}, {"class": "sofa", "prob": 0.9898390769958496, "left": 275.0244445800781, "top": 163.686279296875, "right": 383.6471862792969, "bottom": 264.27191162109375}, {"class": "sofa", "prob": 0.6171669960021973, "left": 455.0066223144531, "top": 166.94100952148438, "right": 464.5975646972656, "bottom": 178.19509887695312}], "time": 21.462989807128906}
