{"im": 268, "res": [{"class": "sheep", "prob": 0.9980577230453491, "left": 174.60350036621094, "top": 106.26921844482422, "right": 321.153564453125, "bottom": 304.84185791015625}], "time": 21.603922843933105}
