{"im": 3207, "res": [{"class": "bicycle", "prob": 0.9985319375991821, "left": 76.54336547851562, "top": 20.637435913085938, "right": 427.4923400878906, "bottom": 311.23272705078125}], "time": 21.847959756851196}
