{"im": 670, "res": [{"class": "aeroplane", "prob": 0.9944568276405334, "left": 59.753639221191406, "top": 118.5970458984375, "right": 277.46795654296875, "bottom": 483.1822509765625}], "time": 21.731475830078125}
