{"im": 2049, "res": [{"class": "car", "prob": 0.978748083114624, "left": 278.2748718261719, "top": 181.6624298095703, "right": 445.0187072753906, "bottom": 265.8891296386719}, {"class": "car", "prob": 0.7605997323989868, "left": 321.03778076171875, "top": 188.62893676757812, "right": 392.74127197265625, "bottom": 257.2734375}, {"class": "car", "prob": 0.6425307393074036, "left": 118.61434936523438, "top": 112.28495788574219, "right": 293.5625305175781, "bottom": 274.59539794921875}, {"class": "car", "prob": 0.5840977430343628, "left": 1.590301513671875, "top": 189.33087158203125, "right": 126.46070861816406, "bottom": 263.1912841796875}], "time": 0.8312849998474121}
