{"im": 4990, "res": [{"class": "bus", "prob": 0.7668218016624451, "left": 54.95085144042969, "top": 39.21429443359375, "right": 500.0, "bottom": 322.16485595703125}], "time": 0.8686118125915527}
