{"im": 3822, "res": [{"class": "cat", "prob": 0.898733913898468, "left": 29.395553588867188, "top": 46.106475830078125, "right": 500.0, "bottom": 321.26507568359375}, {"class": "bird", "prob": 0.6189589500427246, "left": 106.20831298828125, "top": 52.53760528564453, "right": 174.30923461914062, "bottom": 72.68817138671875}], "time": 21.576537132263184}
