{"im": 3822, "res": [{"class": "cat", "prob": 0.5001599192619324, "left": 34.795166015625, "top": 36.063873291015625, "right": 456.8341979980469, "bottom": 333.703857421875}], "time": 0.8846700191497803}
