{"im": 4770, "res": [{"class": "pottedplant", "prob": 0.9818455576896667, "left": 122.59889221191406, "top": 112.14616394042969, "right": 220.85826110839844, "bottom": 433.37030029296875}], "time": 21.392571926116943}
