{"im": 1726, "res": [{"class": "bottle", "prob": 0.6700313091278076, "left": 375.74810791015625, "top": 56.01097106933594, "right": 500.0, "bottom": 111.74606323242188}], "time": 0.8288960456848145}
