{"im": 2606, "res": [{"class": "pottedplant", "prob": 0.992759108543396, "left": 125.20034790039062, "top": 56.54798889160156, "right": 484.6402282714844, "bottom": 328.32684326171875}], "time": 21.41921901702881}
