{"im": 3720, "res": [{"class": "aeroplane", "prob": 0.6602025032043457, "left": 146.50457763671875, "top": 92.60159301757812, "right": 360.6252136230469, "bottom": 381.9236145019531}], "time": 0.8624308109283447}
