{"im": 3667, "res": [{"class": "bicycle", "prob": 0.7217977643013, "left": 62.003936767578125, "top": 38.644744873046875, "right": 374.4511413574219, "bottom": 332.4676818847656}], "time": 0.8873858451843262}
