{"im": 4804, "res": [{"class": "sheep", "prob": 0.8668079376220703, "left": 93.6893539428711, "top": 175.95175170898438, "right": 144.72491455078125, "bottom": 194.68768310546875}, {"class": "aeroplane", "prob": 0.6257507801055908, "left": 258.57525634765625, "top": 111.05879974365234, "right": 288.43084716796875, "bottom": 239.99990844726562}, {"class": "aeroplane", "prob": 0.5887516140937805, "left": 240.77716064453125, "top": 78.16474914550781, "right": 306.1168212890625, "bottom": 274.92877197265625}], "time": 0.8513650894165039}
