{"im": 5224, "res": [{"class": "person", "prob": 0.9885340332984924, "left": 133.33248901367188, "top": 97.75259399414062, "right": 420.7232971191406, "bottom": 247.53036499023438}], "time": 21.44135284423828}
