{"im": 3790, "res": [{"class": "pottedplant", "prob": 0.9981330633163452, "left": 190.3570098876953, "top": 121.9422836303711, "right": 312.1620788574219, "bottom": 344.61224365234375}], "time": 21.869525909423828}
