{"im": 1761, "res": [{"class": "bottle", "prob": 0.6225431561470032, "left": 0.0, "top": 83.35162353515625, "right": 500.0, "bottom": 258.05712890625}], "time": 0.9895229339599609}
