{"im": 2488, "res": [{"class": "pottedplant", "prob": 0.5378944277763367, "left": 140.92922973632812, "top": 43.014991760253906, "right": 298.0197448730469, "bottom": 295.64544677734375}], "time": 0.8576569557189941}
