{"im": 4455, "res": [{"class": "bottle", "prob": 0.9591743350028992, "left": 0.0, "top": 45.99079895019531, "right": 500.0, "bottom": 333.0}, {"class": "bottle", "prob": 0.9901990294456482, "left": 4.7475738525390625, "top": 100.80413818359375, "right": 238.52842712402344, "bottom": 189.1317138671875}], "time": 21.377439975738525}
