{"im": 4907, "res": [{"class": "bird", "prob": 0.7278670072555542, "left": 0.0, "top": 181.68649291992188, "right": 500.0, "bottom": 324.23626708984375}], "time": 21.40428400039673}
