{"im": 2577, "res": [{"class": "sheep", "prob": 0.5102978348731995, "left": 0.0, "top": 124.16000366210938, "right": 363.4081726074219, "bottom": 351.1763916015625}], "time": 0.8316569328308105}
