{"im": 2196, "res": [{"class": "aeroplane", "prob": 0.5305673480033875, "left": 327.91748046875, "top": 69.95388793945312, "right": 494.47747802734375, "bottom": 375.0}, {"class": "car", "prob": 0.5219171047210693, "left": 5.412322998046875, "top": 149.59193420410156, "right": 287.1285400390625, "bottom": 316.74945068359375}], "time": 0.8914151191711426}
