{"im": 56, "res": [{"class": "aeroplane", "prob": 0.996231734752655, "left": 221.88084411621094, "top": 63.975868225097656, "right": 448.10400390625, "bottom": 300.131103515625}], "time": 21.53259801864624}
