{"im": 1886, "res": [{"class": "tvmonitor", "prob": 0.9239650368690491, "left": 64.0464096069336, "top": 166.1557159423828, "right": 210.34039306640625, "bottom": 347.751953125}, {"class": "tvmonitor", "prob": 0.6183022856712341, "left": 27.89678955078125, "top": 196.38282775878906, "right": 59.10161590576172, "bottom": 285.7020263671875}], "time": 0.8384039402008057}
