{"im": 3548, "res": [{"class": "aeroplane", "prob": 0.9632111191749573, "left": 241.76153564453125, "top": 19.239608764648438, "right": 337.29791259765625, "bottom": 234.38607788085938}, {"class": "bicycle", "prob": 0.810649037361145, "left": 276.5845642089844, "top": 144.9326171875, "right": 314.7606506347656, "bottom": 241.80014038085938}, {"class": "bicycle", "prob": 0.7895427346229553, "left": 250.12722778320312, "top": 129.17080688476562, "right": 333.4563903808594, "bottom": 259.7925109863281}, {"class": "aeroplane", "prob": 0.7825011610984802, "left": 414.9398498535156, "top": 143.29592895507812, "right": 437.0500183105469, "bottom": 172.62185668945312}], "time": 0.9352350234985352}
