{"im": 3489, "res": [{"class": "bus", "prob": 0.9959718585014343, "left": 37.08587646484375, "top": 58.65843200683594, "right": 346.78216552734375, "bottom": 279.15570068359375}, {"class": "aeroplane", "prob": 0.746533989906311, "left": 73.09911346435547, "top": 189.9651641845703, "right": 86.9910659790039, "bottom": 214.47425842285156}], "time": 21.46168613433838}
