{"im": 2930, "res": [{"class": "pottedplant", "prob": 0.9842789173126221, "left": 19.720687866210938, "top": 114.00765991210938, "right": 345.92498779296875, "bottom": 321.9069519042969}], "time": 21.601902961730957}
