{"im": 1939, "res": [{"class": "pottedplant", "prob": 0.7796667814254761, "left": 72.98222351074219, "top": 48.57757568359375, "right": 252.88792419433594, "bottom": 337.0472717285156}, {"class": "pottedplant", "prob": 0.5826272964477539, "left": 236.51864624023438, "top": 158.66015625, "right": 410.0317687988281, "bottom": 285.5470886230469}], "time": 0.8317339420318604}
