{"im": 1904, "res": [{"class": "bird", "prob": 0.6081914901733398, "left": 41.574462890625, "top": 173.80630493164062, "right": 438.8616027832031, "bottom": 284.923828125}], "time": 0.8285129070281982}
