{"im": 3645, "res": [{"class": "aeroplane", "prob": 0.9266762733459473, "left": 0.0, "top": 0.0, "right": 500.0, "bottom": 375.0}], "time": 21.56358504295349}
