{"im": 4514, "res": [{"class": "sheep", "prob": 0.9838064908981323, "left": 72.42715454101562, "top": 59.430419921875, "right": 491.5148010253906, "bottom": 361.6644592285156}], "time": 21.4009370803833}
