{"im": 186, "res": [{"class": "aeroplane", "prob": 0.9962334036827087, "left": 29.64527130126953, "top": 0.0, "right": 283.76531982421875, "bottom": 480.0}], "time": 21.745665073394775}
