{"im": 1429, "res": [{"class": "bottle", "prob": 0.6992937922477722, "left": 166.43539428710938, "top": 38.310569763183594, "right": 400.3265075683594, "bottom": 240.89016723632812}], "time": 0.8366882801055908}
