{"im": 5564, "res": [{"class": "bicycle", "prob": 0.9876213073730469, "left": 62.094573974609375, "top": 84.71652221679688, "right": 344.9997253417969, "bottom": 327.3870849609375}, {"class": "bird", "prob": 0.9482357501983643, "left": 375.2563781738281, "top": 66.36199951171875, "right": 498.3742980957031, "bottom": 146.6182098388672}, {"class": "bird", "prob": 0.8652836084365845, "left": 73.22321319580078, "top": 83.00946044921875, "right": 123.3669204711914, "bottom": 119.96258544921875}, {"class": "bicycle", "prob": 0.7239218354225159, "left": 67.35183715820312, "top": 79.33788299560547, "right": 218.81689453125, "bottom": 289.29986572265625}], "time": 21.122595071792603}
