{"im": 599, "res": [{"class": "aeroplane", "prob": 0.9988359212875366, "left": 156.134521484375, "top": 81.0421371459961, "right": 288.1488037109375, "bottom": 292.0}, {"class": "bicycle", "prob": 0.8431070446968079, "left": 84.78973388671875, "top": 179.34437561035156, "right": 372.5019226074219, "bottom": 292.0}], "time": 21.625874042510986}
