{"im": 4831, "res": [{"class": "bird", "prob": 0.9960043430328369, "left": 334.45623779296875, "top": 8.653820037841797, "right": 497.8468017578125, "bottom": 72.83233642578125}, {"class": "aeroplane", "prob": 0.8090218305587769, "left": 194.67025756835938, "top": 150.9933624267578, "right": 218.248779296875, "bottom": 176.43089294433594}, {"class": "car", "prob": 0.5671966075897217, "left": 11.666427612304688, "top": 94.75313568115234, "right": 315.181884765625, "bottom": 214.64291381835938}], "time": 21.53754997253418}
