{"im": 205, "res": [{"class": "aeroplane", "prob": 0.9997009038925171, "left": 80.76575469970703, "top": 33.11003112792969, "right": 327.5509948730469, "bottom": 464.9224853515625}], "time": 21.806484937667847}
