{"im": 978, "res": [{"class": "aeroplane", "prob": 0.9991585612297058, "left": 173.25596618652344, "top": 94.08314514160156, "right": 496.07305908203125, "bottom": 368.3636474609375}, {"class": "sofa", "prob": 0.9925810694694519, "left": 62.04408264160156, "top": 129.2582244873047, "right": 229.78892517089844, "bottom": 306.58551025390625}], "time": 21.10547924041748}
