{"im": 253, "res": [{"class": "aeroplane", "prob": 0.9995006322860718, "left": 42.510467529296875, "top": 173.83290100097656, "right": 321.91668701171875, "bottom": 474.41778564453125}, {"class": "aeroplane", "prob": 0.6901237368583679, "left": 113.17940521240234, "top": 52.95268249511719, "right": 305.5704345703125, "bottom": 434.8583984375}], "time": 21.50513195991516}
