{"im": 1489, "res": [{"class": "cat", "prob": 0.9994226694107056, "left": 65.84651184082031, "top": 131.1337890625, "right": 330.009033203125, "bottom": 269.3879699707031}, {"class": "bird", "prob": 0.99934321641922, "left": 38.578399658203125, "top": 251.9798583984375, "right": 292.7770080566406, "bottom": 395.91656494140625}, {"class": "aeroplane", "prob": 0.5899719595909119, "left": 135.64022827148438, "top": 267.5209655761719, "right": 177.65469360351562, "bottom": 300.0685119628906}], "time": 21.909111738204956}
