{"im": 3405, "res": [{"class": "sofa", "prob": 0.9906508922576904, "left": 171.1321258544922, "top": 0.0, "right": 394.88336181640625, "bottom": 375.0}], "time": 21.528276920318604}
