{"im": 1281, "res": [{"class": "aeroplane", "prob": 0.9883370399475098, "left": 188.37332153320312, "top": 131.1890106201172, "right": 356.8957214355469, "bottom": 275.804443359375}], "time": 21.35586905479431}
