{"im": 694, "res": [{"class": "aeroplane", "prob": 0.9516445398330688, "left": 419.5242614746094, "top": 177.05966186523438, "right": 440.6145324707031, "bottom": 229.93707275390625}], "time": 21.8484628200531}
