{"im": 4424, "res": [{"class": "bicycle", "prob": 0.9977829456329346, "left": 11.68670654296875, "top": 23.38555908203125, "right": 484.3058776855469, "bottom": 354.21917724609375}], "time": 21.40883493423462}
