{"im": 4277, "res": [{"class": "bus", "prob": 0.8110244870185852, "left": 6.8828582763671875, "top": 82.84528350830078, "right": 497.92047119140625, "bottom": 250.88705444335938}, {"class": "bus", "prob": 0.7183899879455566, "left": 17.2684268951416, "top": 119.4208984375, "right": 48.83665466308594, "bottom": 242.43377685546875}, {"class": "bus", "prob": 0.6657932996749878, "left": 1.2388229370117188, "top": 103.48414611816406, "right": 67.87751770019531, "bottom": 257.98602294921875}], "time": 0.8178942203521729}
