{"im": 137, "res": [{"class": "aeroplane", "prob": 0.99485182762146, "left": 0.0, "top": 0.0, "right": 295.75897216796875, "bottom": 455.4559631347656}, {"class": "aeroplane", "prob": 0.9487338662147522, "left": 53.203369140625, "top": 301.1122131347656, "right": 411.5101013183594, "bottom": 500.0}], "time": 21.598273992538452}
