{"im": 4998, "res": [{"class": "bicycle", "prob": 0.9790927767753601, "left": 77.08937072753906, "top": 80.71681213378906, "right": 430.94805908203125, "bottom": 299.2025146484375}], "time": 21.398676872253418}
