{"im": 255, "res": [{"class": "aeroplane", "prob": 0.8448650240898132, "left": 0.0, "top": 215.76231384277344, "right": 10.024107933044434, "bottom": 267.9656677246094}, {"class": "aeroplane", "prob": 0.6137560606002808, "left": 184.1923828125, "top": 178.9004669189453, "right": 263.6029052734375, "bottom": 277.223388671875}], "time": 0.9493370056152344}
