{"im": 1895, "res": [{"class": "person", "prob": 0.7006552219390869, "left": 225.4305877685547, "top": 68.99295043945312, "right": 427.8238525390625, "bottom": 266.9466857910156}], "time": 0.8800168037414551}
