{"im": 3264, "res": [{"class": "bus", "prob": 0.8090052604675293, "left": 15.9498291015625, "top": 41.09039306640625, "right": 476.8050842285156, "bottom": 314.7929992675781}, {"class": "bus", "prob": 0.543738603591919, "left": 447.1222839355469, "top": 139.9213104248047, "right": 489.3705749511719, "bottom": 174.1383819580078}], "time": 0.8999979496002197}
