{"im": 442, "res": [{"class": "aeroplane", "prob": 0.978416919708252, "left": 191.8077850341797, "top": 271.94482421875, "right": 251.74256896972656, "bottom": 452.79400634765625}, {"class": "aeroplane", "prob": 0.9290884733200073, "left": 207.91355895996094, "top": 303.69580078125, "right": 235.14015197753906, "bottom": 421.12939453125}], "time": 0.8621749877929688}
