{"im": 415, "res": [{"class": "aeroplane", "prob": 0.9938691854476929, "left": 54.792877197265625, "top": 20.49622344970703, "right": 165.8426971435547, "bottom": 273.0124206542969}, {"class": "aeroplane", "prob": 0.9858512282371521, "left": 195.4849853515625, "top": 23.409942626953125, "right": 282.3057861328125, "bottom": 293.14715576171875}, {"class": "aeroplane", "prob": 0.9729897975921631, "left": 148.435791015625, "top": 53.523773193359375, "right": 253.04754638671875, "bottom": 322.90948486328125}], "time": 23.017121076583862}
