{"im": 891, "res": [{"class": "aeroplane", "prob": 0.9989349246025085, "left": 57.51922607421875, "top": 11.155426025390625, "right": 493.75714111328125, "bottom": 372.3130798339844}], "time": 21.710453033447266}
