{"im": 1122, "res": [{"class": "boat", "prob": 0.9588717818260193, "left": 142.15744018554688, "top": 34.602813720703125, "right": 406.3337097167969, "bottom": 345.534912109375}], "time": 21.128117084503174}
