{"im": 8, "res": [{"class": "bus", "prob": 0.9930195808410645, "left": 0.0, "top": 131.65997314453125, "right": 500.0, "bottom": 285.4344787597656}], "time": 21.601049661636353}
