{"im": 2799, "res": [{"class": "bird", "prob": 0.9974961876869202, "left": 0.0, "top": 1.4360198974609375, "right": 485.6940002441406, "bottom": 210.4302978515625}, {"class": "pottedplant", "prob": 0.998579740524292, "left": 239.10885620117188, "top": 147.2037353515625, "right": 275.6360778808594, "bottom": 210.72918701171875}], "time": 21.49126410484314}
