{"im": 3936, "res": [{"class": "bottle", "prob": 0.9971888661384583, "left": 32.02220153808594, "top": 50.06660461425781, "right": 466.5615234375, "bottom": 217.60731506347656}], "time": 21.576785802841187}
