{"im": 5391, "res": [{"class": "pottedplant", "prob": 0.8149392008781433, "left": 154.0779266357422, "top": 30.066268920898438, "right": 500.0, "bottom": 367.00189208984375}], "time": 0.9948947429656982}
