{"im": 3183, "res": [{"class": "aeroplane", "prob": 0.8094133734703064, "left": 37.039344787597656, "top": 258.03961181640625, "right": 58.507789611816406, "bottom": 284.76470947265625}, {"class": "sofa", "prob": 0.7519125938415527, "left": 395.3363342285156, "top": 191.95263671875, "right": 426.5735168457031, "bottom": 270.17236328125}, {"class": "aeroplane", "prob": 0.6579108834266663, "left": 98.73257446289062, "top": 258.63824462890625, "right": 109.52865600585938, "bottom": 283.4085693359375}, {"class": "sofa", "prob": 0.5275892615318298, "left": 372.58209228515625, "top": 172.9871826171875, "right": 447.00103759765625, "bottom": 286.40386962890625}], "time": 1.1263737678527832}
