{"im": 1143, "res": [{"class": "aeroplane", "prob": 0.9665789008140564, "left": 183.08633422851562, "top": 28.55352020263672, "right": 245.35543823242188, "bottom": 158.91143798828125}, {"class": "motorbike", "prob": 0.824378252029419, "left": 442.9061279296875, "top": 10.231603622436523, "right": 499.5670166015625, "bottom": 56.670692443847656}], "time": 21.179335832595825}
