{"im": 14, "res": [{"class": "bird", "prob": 0.7873172760009766, "left": 152.266845703125, "top": 76.87891387939453, "right": 286.34417724609375, "bottom": 137.3609161376953}, {"class": "aeroplane", "prob": 0.773283064365387, "left": 146.31729125976562, "top": 84.2471694946289, "right": 151.51580810546875, "bottom": 99.3574447631836}, {"class": "bird", "prob": 0.7591689229011536, "left": 191.82254028320312, "top": 84.48416137695312, "right": 245.53488159179688, "bottom": 131.18362426757812}], "time": 0.8856809139251709}
