{"im": 2834, "res": [{"class": "bicycle", "prob": 0.9995400905609131, "left": 19.089080810546875, "top": 65.10191345214844, "right": 477.8788757324219, "bottom": 350.5255126953125}], "time": 21.45898199081421}
