{"im": 2219, "res": [{"class": "car", "prob": 0.6591246724128723, "left": 4.661354064941406, "top": 31.112815856933594, "right": 136.44744873046875, "bottom": 187.85247802734375}], "time": 0.8947267532348633}
