{"im": 3961, "res": [{"class": "aeroplane", "prob": 0.9851563572883606, "left": 97.9537582397461, "top": 82.56779479980469, "right": 307.26806640625, "bottom": 363.42926025390625}, {"class": "aeroplane", "prob": 0.851164698600769, "left": 259.34075927734375, "top": 120.62728881835938, "right": 388.541015625, "bottom": 364.9246520996094}], "time": 21.614372968673706}
