{"im": 3796, "res": [{"class": "aeroplane", "prob": 0.5150849223136902, "left": 24.573272705078125, "top": 172.17893981933594, "right": 32.831398010253906, "bottom": 195.19435119628906}], "time": 0.8441510200500488}
