{"im": 2237, "res": [{"class": "bicycle", "prob": 0.6653973460197449, "left": 328.42266845703125, "top": 128.80014038085938, "right": 469.432861328125, "bottom": 342.9762878417969}], "time": 0.8858540058135986}
