{"im": 5140, "res": [{"class": "person", "prob": 0.6953920722007751, "left": 85.98777770996094, "top": 343.0549621582031, "right": 338.591552734375, "bottom": 403.0138854980469}], "time": 0.8733279705047607}
