{"im": 2372, "res": [{"class": "bicycle", "prob": 0.9983769059181213, "left": 53.4344482421875, "top": 76.93148803710938, "right": 449.9713134765625, "bottom": 344.23577880859375}], "time": 21.42961287498474}
