{"im": 5790, "res": [{"class": "person", "prob": 0.997548520565033, "left": 101.9974594116211, "top": 195.74374389648438, "right": 297.1660461425781, "bottom": 314.81939697265625}], "time": 21.435311794281006}
