{"im": 371, "res": [{"class": "aeroplane", "prob": 0.8656156659126282, "left": 91.12207794189453, "top": 117.89009094238281, "right": 171.84225463867188, "bottom": 342.67352294921875}, {"class": "aeroplane", "prob": 0.7405169606208801, "left": 184.60739135742188, "top": 166.26519775390625, "right": 207.90472412109375, "bottom": 313.1217346191406}, {"class": "aeroplane", "prob": 0.6746123433113098, "left": 255.34007263183594, "top": 113.99826049804688, "right": 331.042724609375, "bottom": 361.00128173828125}, {"class": "aeroplane", "prob": 0.521949291229248, "left": 421.7969665527344, "top": 272.8741455078125, "right": 475.0062561035156, "bottom": 354.4400634765625}], "time": 0.8378689289093018}
