{"im": 5412, "res": [{"class": "car", "prob": 0.986175537109375, "left": 228.05670166015625, "top": 111.05925750732422, "right": 340.16131591796875, "bottom": 246.32754516601562}, {"class": "car", "prob": 0.8539018034934998, "left": 257.83734130859375, "top": 135.93894958496094, "right": 312.92559814453125, "bottom": 227.0183868408203}, {"class": "aeroplane", "prob": 0.5219508409500122, "left": 98.59347534179688, "top": 190.86611938476562, "right": 105.55485534667969, "bottom": 216.22109985351562}], "time": 0.8628158569335938}
