{"im": 3603, "res": [{"class": "sheep", "prob": 0.8464750051498413, "left": 136.0601806640625, "top": 8.541610717773438, "right": 372.64300537109375, "bottom": 367.67510986328125}], "time": 21.49534010887146}
