{"im": 3426, "res": [{"class": "sheep", "prob": 0.5902834534645081, "left": 100.83138275146484, "top": 142.47164916992188, "right": 326.7479553222656, "bottom": 290.09173583984375}], "time": 0.9734642505645752}
