{"im": 4222, "res": [{"class": "person", "prob": 0.8838236927986145, "left": 164.28077697753906, "top": 130.56866455078125, "right": 249.59556579589844, "bottom": 226.73916625976562}, {"class": "person", "prob": 0.8337159156799316, "left": 182.0825653076172, "top": 140.52203369140625, "right": 226.4687957763672, "bottom": 215.5745849609375}], "time": 0.8264548778533936}
