{"im": 5648, "res": [{"class": "aeroplane", "prob": 0.556479275226593, "left": 237.6973876953125, "top": 180.34190368652344, "right": 485.644287109375, "bottom": 364.21307373046875}], "time": 0.8570859432220459}
