{"im": 5535, "res": [{"class": "sheep", "prob": 0.7990971207618713, "left": 97.9542236328125, "top": 43.48445129394531, "right": 448.7772216796875, "bottom": 315.8316650390625}], "time": 21.122415781021118}
