{"im": 1574, "res": [{"class": "sofa", "prob": 0.9807716012001038, "left": 38.734222412109375, "top": 175.32260131835938, "right": 259.8370666503906, "bottom": 355.1709289550781}, {"class": "aeroplane", "prob": 0.7673063278198242, "left": 128.2451934814453, "top": 147.02096557617188, "right": 154.94407653808594, "bottom": 244.6258544921875}, {"class": "aeroplane", "prob": 0.7563194036483765, "left": 402.8174133300781, "top": 201.37399291992188, "right": 425.4585876464844, "bottom": 267.8443603515625}, {"class": "aeroplane", "prob": 0.5968517661094666, "left": 426.9120178222656, "top": 207.7453155517578, "right": 446.7753601074219, "bottom": 265.4830627441406}], "time": 0.8512630462646484}
