{"im": 2120, "res": [{"class": "aeroplane", "prob": 0.7874867916107178, "left": 358.8964538574219, "top": 187.5540771484375, "right": 374.5609436035156, "bottom": 243.9822998046875}], "time": 21.732887268066406}
