{"im": 5213, "res": [{"class": "aeroplane", "prob": 0.9997047781944275, "left": 319.6053161621094, "top": 0.8648681640625, "right": 455.0658264160156, "bottom": 331.013427734375}, {"class": "aeroplane", "prob": 0.9996257424354553, "left": 124.8193588256836, "top": 41.99818420410156, "right": 367.8007507324219, "bottom": 330.05889892578125}], "time": 21.476484775543213}
