{"im": 283, "res": [{"class": "person", "prob": 0.9439572095870972, "left": 234.46820068359375, "top": 155.25460815429688, "right": 328.59417724609375, "bottom": 213.91201782226562}, {"class": "person", "prob": 0.8779091238975525, "left": 255.53482055664062, "top": 162.0936279296875, "right": 304.5730285644531, "bottom": 206.20193481445312}], "time": 0.8949100971221924}
