{"im": 2753, "res": [{"class": "bicycle", "prob": 0.6397812962532043, "left": 30.280242919921875, "top": 3.8928680419921875, "right": 473.2773132324219, "bottom": 307.2557373046875}], "time": 0.8843920230865479}
