{"im": 2443, "res": [{"class": "train", "prob": 0.9840983152389526, "left": 90.21446228027344, "top": 87.18169403076172, "right": 459.57733154296875, "bottom": 325.2127990722656}], "time": 21.472713947296143}
