{"im": 4550, "res": [{"class": "pottedplant", "prob": 0.9178535342216492, "left": 428.1905822753906, "top": 180.71441650390625, "right": 497.0835876464844, "bottom": 216.92044067382812}], "time": 21.40739393234253}
