{"im": 4434, "res": [{"class": "person", "prob": 0.60683274269104, "left": 158.8345947265625, "top": 35.010040283203125, "right": 319.22833251953125, "bottom": 260.9497375488281}], "time": 0.8300039768218994}
