{"im": 3867, "res": [{"class": "aeroplane", "prob": 0.5703870058059692, "left": 10.951263427734375, "top": 0.0, "right": 478.8346862792969, "bottom": 336.05877685546875}, {"class": "sheep", "prob": 0.8419980406761169, "left": 10.951263427734375, "top": 0.0, "right": 478.8346862792969, "bottom": 336.05877685546875}], "time": 21.56775212287903}
