{"im": 2518, "res": [{"class": "car", "prob": 0.8311609029769897, "left": 0.0, "top": 45.177093505859375, "right": 426.8325500488281, "bottom": 354.7640380859375}], "time": 0.8434932231903076}
