{"im": 3151, "res": [{"class": "boat", "prob": 0.7168291211128235, "left": 30.70550537109375, "top": 46.21192169189453, "right": 474.6552734375, "bottom": 300.6776123046875}], "time": 1.096207857131958}
