{"im": 2509, "res": [{"class": "bus", "prob": 0.9962113499641418, "left": 25.07341766357422, "top": 8.967483520507812, "right": 278.4681701660156, "bottom": 344.05694580078125}, {"class": "bus", "prob": 0.9911404252052307, "left": 250.55853271484375, "top": 79.99118041992188, "right": 500.0, "bottom": 353.63641357421875}], "time": 21.47676110267639}
