{"im": 4977, "res": [{"class": "aeroplane", "prob": 0.9486005902290344, "left": 16.157928466796875, "top": 80.83953857421875, "right": 310.5573425292969, "bottom": 455.33660888671875}], "time": 21.376348972320557}
