{"im": 224, "res": [{"class": "aeroplane", "prob": 0.6385290026664734, "left": 82.96194458007812, "top": 91.90179443359375, "right": 251.66647338867188, "bottom": 320.0}, {"class": "aeroplane", "prob": 0.547583281993866, "left": 240.13442993164062, "top": 108.34932708740234, "right": 402.7967834472656, "bottom": 309.23065185546875}], "time": 1.0251858234405518}
