{"im": 989, "res": [{"class": "aeroplane", "prob": 0.9953137040138245, "left": 25.151573181152344, "top": 29.62677764892578, "right": 145.18023681640625, "bottom": 229.52297973632812}], "time": 21.078126192092896}
