{"im": 973, "res": [{"class": "sofa", "prob": 0.9997325539588928, "left": 98.35678100585938, "top": 130.9054718017578, "right": 388.1573181152344, "bottom": 354.92486572265625}], "time": 21.077256202697754}
