{"im": 3929, "res": [{"class": "bird", "prob": 0.9408317804336548, "left": 9.242725372314453, "top": 201.95828247070312, "right": 103.92710876464844, "bottom": 298.69464111328125}, {"class": "bird", "prob": 0.8362050652503967, "left": 28.136871337890625, "top": 222.8079071044922, "right": 80.36581420898438, "bottom": 282.4048767089844}], "time": 0.8342609405517578}
