{"im": 4164, "res": [{"class": "bicycle", "prob": 0.6863166689872742, "left": 96.35293579101562, "top": 0.0, "right": 413.23583984375, "bottom": 326.95269775390625}], "time": 0.8242282867431641}
