{"im": 2557, "res": [{"class": "car", "prob": 0.8331826329231262, "left": 184.28228759765625, "top": 143.36614990234375, "right": 387.88885498046875, "bottom": 286.9492492675781}], "time": 0.8981120586395264}
