{"im": 1552, "res": [{"class": "aeroplane", "prob": 0.9987814426422119, "left": 0.0, "top": 87.28913879394531, "right": 246.67919921875, "bottom": 375.0}, {"class": "aeroplane", "prob": 0.9961758255958557, "left": 287.7520751953125, "top": 86.02691650390625, "right": 464.7772216796875, "bottom": 362.57659912109375}], "time": 21.729230165481567}
