{"im": 4382, "res": [{"class": "aeroplane", "prob": 0.6288963556289673, "left": 132.11618041992188, "top": 123.78138732910156, "right": 278.7104797363281, "bottom": 375.0}], "time": 0.8279812335968018}
