{"im": 2629, "res": [{"class": "person", "prob": 0.8039088249206543, "left": 167.05209350585938, "top": 103.79722595214844, "right": 336.0665283203125, "bottom": 197.4524383544922}], "time": 0.8246679306030273}
