{"im": 2993, "res": [{"class": "bus", "prob": 0.5607738494873047, "left": 174.3729248046875, "top": 165.17689514160156, "right": 225.9554443359375, "bottom": 240.26283264160156}, {"class": "boat", "prob": 0.5738604664802551, "left": 348.960693359375, "top": 207.10882568359375, "right": 386.9881591796875, "bottom": 229.35720825195312}, {"class": "aeroplane", "prob": 0.6566028594970703, "left": 281.6354064941406, "top": 191.6112060546875, "right": 288.4248352050781, "bottom": 226.66873168945312}], "time": 0.8352367877960205}
