{"im": 450, "res": [{"class": "aeroplane", "prob": 0.8538735508918762, "left": 252.39364624023438, "top": 150.01763916015625, "right": 351.2445373535156, "bottom": 373.23736572265625}], "time": 0.8471760749816895}
