{"im": 2627, "res": [{"class": "aeroplane", "prob": 0.5077441930770874, "left": 76.88877868652344, "top": 16.0042724609375, "right": 432.2510986328125, "bottom": 327.97113037109375}], "time": 0.8875138759613037}
