{"im": 4979, "res": [{"class": "bird", "prob": 0.9759963154792786, "left": 51.63427734375, "top": 108.37885284423828, "right": 401.38861083984375, "bottom": 345.3688049316406}], "time": 21.376816034317017}
