{"im": 5357, "res": [{"class": "aeroplane", "prob": 0.9963467717170715, "left": 122.08757019042969, "top": 1.2108306884765625, "right": 480.06329345703125, "bottom": 368.10223388671875}], "time": 21.526479244232178}
