{"im": 5505, "res": [{"class": "aeroplane", "prob": 0.9965163469314575, "left": 119.63349914550781, "top": 75.4273681640625, "right": 310.38702392578125, "bottom": 358.4403076171875}], "time": 21.007614135742188}
