{"im": 2077, "res": [{"class": "aeroplane", "prob": 0.8189433813095093, "left": 251.60646057128906, "top": 172.0490264892578, "right": 273.95599365234375, "bottom": 216.9861602783203}], "time": 0.877277135848999}
