{"im": 4075, "res": [{"class": "train", "prob": 0.8892980813980103, "left": 66.84772491455078, "top": 112.8089828491211, "right": 80.00543975830078, "bottom": 131.1025390625}, {"class": "train", "prob": 0.7758012413978577, "left": 175.2532501220703, "top": 186.08689880371094, "right": 220.5177764892578, "bottom": 204.1641387939453}, {"class": "train", "prob": 0.7284618616104126, "left": 190.90029907226562, "top": 123.25196075439453, "right": 206.37408447265625, "bottom": 147.20468139648438}, {"class": "train", "prob": 0.662274181842804, "left": 231.50035095214844, "top": 43.20257568359375, "right": 243.32432556152344, "bottom": 65.74858856201172}], "time": 0.9963829517364502}
