{"im": 1050, "res": [{"class": "aeroplane", "prob": 0.8434286713600159, "left": 190.58058166503906, "top": 115.49742889404297, "right": 278.1941223144531, "bottom": 306.5691223144531}, {"class": "bird", "prob": 0.6713616847991943, "left": 14.198418617248535, "top": 109.01145935058594, "right": 34.914573669433594, "bottom": 127.03163146972656}], "time": 0.8534221649169922}
