{"im": 2963, "res": [{"class": "bottle", "prob": 0.9883817434310913, "left": 172.5824737548828, "top": 52.84417724609375, "right": 488.61956787109375, "bottom": 179.80113220214844}], "time": 21.55470609664917}
