{"im": 5267, "res": [{"class": "person", "prob": 0.5085936188697815, "left": 184.27378845214844, "top": 130.3109588623047, "right": 257.2409362792969, "bottom": 227.9285125732422}, {"class": "person", "prob": 0.5016880631446838, "left": 208.20352172851562, "top": 147.58660888671875, "right": 241.23150634765625, "bottom": 213.02056884765625}], "time": 0.8270859718322754}
