{"im": 2296, "res": [{"class": "aeroplane", "prob": 0.998703122138977, "left": 8.887542724609375, "top": 0.0404510498046875, "right": 479.38507080078125, "bottom": 362.56683349609375}], "time": 21.387821197509766}
