{"im": 5695, "res": [{"class": "train", "prob": 0.9072990417480469, "left": 428.3260192871094, "top": 258.5034484863281, "right": 458.7701110839844, "bottom": 280.2817077636719}, {"class": "train", "prob": 0.7070490717887878, "left": 244.5550537109375, "top": 252.16781616210938, "right": 293.61944580078125, "bottom": 276.2864685058594}], "time": 21.630845069885254}
