{"im": 4296, "res": [{"class": "aeroplane", "prob": 0.9984963536262512, "left": 45.97181701660156, "top": 163.4834747314453, "right": 314.3995361328125, "bottom": 500.0}, {"class": "aeroplane", "prob": 0.5970329642295837, "left": 286.4710693359375, "top": 126.76339721679688, "right": 360.22674560546875, "bottom": 373.9357604980469}], "time": 22.283574104309082}
