{"im": 5464, "res": [{"class": "bottle", "prob": 0.998607337474823, "left": 106.16160583496094, "top": 150.1802978515625, "right": 346.19610595703125, "bottom": 217.57916259765625}], "time": 21.482390642166138}
