{"im": 2539, "res": [{"class": "pottedplant", "prob": 0.5027088522911072, "left": 144.59259033203125, "top": 77.9639892578125, "right": 371.74432373046875, "bottom": 298.1363830566406}], "time": 0.8670141696929932}
