{"im": 1492, "res": [{"class": "aeroplane", "prob": 0.9934998154640198, "left": 178.9717559814453, "top": 208.18711853027344, "right": 267.0678405761719, "bottom": 471.64459228515625}, {"class": "aeroplane", "prob": 0.985500156879425, "left": 64.27992248535156, "top": 170.94351196289062, "right": 166.01014709472656, "bottom": 495.1632385253906}, {"class": "aeroplane", "prob": 0.8177649974822998, "left": 19.348751068115234, "top": 265.7563171386719, "right": 27.495731353759766, "bottom": 296.8983459472656}], "time": 0.8389270305633545}
