{"im": 4535, "res": [{"class": "train", "prob": 0.9325185418128967, "left": 34.97807312011719, "top": 107.52491760253906, "right": 251.4281768798828, "bottom": 329.35009765625}], "time": 0.8175251483917236}
