{"im": 2885, "res": [{"class": "aeroplane", "prob": 0.6133393049240112, "left": 64.59773254394531, "top": 6.8861541748046875, "right": 427.29974365234375, "bottom": 369.212158203125}], "time": 21.435839891433716}
