{"im": 598, "res": [{"class": "pottedplant", "prob": 0.9951770901679993, "left": 83.2715835571289, "top": 176.372802734375, "right": 301.2095947265625, "bottom": 366.87213134765625}, {"class": "pottedplant", "prob": 0.8936812281608582, "left": 256.845703125, "top": 177.02511596679688, "right": 468.24517822265625, "bottom": 372.4012756347656}], "time": 21.793856859207153}
