{"im": 1665, "res": [{"class": "sheep", "prob": 0.5776233673095703, "left": 283.3934326171875, "top": 32.91473388671875, "right": 459.0654296875, "bottom": 355.20538330078125}, {"class": "sheep", "prob": 0.6988289952278137, "left": 97.37957763671875, "top": 58.4915771484375, "right": 238.46234130859375, "bottom": 336.3201599121094}], "time": 0.9919979572296143}
