{"im": 4721, "res": [{"class": "pottedplant", "prob": 0.7548162341117859, "left": 90.15573120117188, "top": 0.0, "right": 459.5782165527344, "bottom": 375.0}], "time": 21.382109880447388}
