{"im": 2703, "res": [{"class": "bottle", "prob": 0.9906591176986694, "left": 170.50192260742188, "top": 98.12467956542969, "right": 220.60720825195312, "bottom": 182.18031311035156}], "time": 21.46095585823059}
