{"im": 4440, "res": [{"class": "pottedplant", "prob": 0.8011193871498108, "left": 164.79698181152344, "top": 42.45295715332031, "right": 235.00672912597656, "bottom": 89.03262329101562}, {"class": "pottedplant", "prob": 0.7612157464027405, "left": 127.83840942382812, "top": 27.929973602294922, "right": 278.84014892578125, "bottom": 95.98191833496094}], "time": 0.8225598335266113}
