{"im": 1834, "res": [{"class": "aeroplane", "prob": 0.7925043702125549, "left": 94.19867706298828, "top": 118.82688903808594, "right": 251.56927490234375, "bottom": 374.7205810546875}], "time": 0.8358108997344971}
