{"im": 4838, "res": [{"class": "aeroplane", "prob": 0.5062081217765808, "left": 76.3004150390625, "top": 48.107025146484375, "right": 315.9690856933594, "bottom": 453.54248046875}], "time": 0.8318178653717041}
