{"im": 813, "res": [{"class": "aeroplane", "prob": 0.9853431582450867, "left": 0.0, "top": 23.337203979492188, "right": 83.4229736328125, "bottom": 205.5246124267578}, {"class": "aeroplane", "prob": 0.9908981323242188, "left": 107.68270874023438, "top": 49.69361877441406, "right": 400.0, "bottom": 398.60919189453125}], "time": 22.160724878311157}
