{"im": 4648, "res": [{"class": "aeroplane", "prob": 0.8721221089363098, "left": 71.45735168457031, "top": 77.06455993652344, "right": 246.8603973388672, "bottom": 370.28570556640625}, {"class": "aeroplane", "prob": 0.8712317943572998, "left": 305.63604736328125, "top": 130.61062622070312, "right": 438.63519287109375, "bottom": 308.3790588378906}, {"class": "aeroplane", "prob": 0.6020207405090332, "left": 434.5327453613281, "top": 125.75313568115234, "right": 500.0, "bottom": 374.0}], "time": 0.8252699375152588}
