{"im": 663, "res": [{"class": "aeroplane", "prob": 0.9996702671051025, "left": 17.428115844726562, "top": 0.0, "right": 372.393798828125, "bottom": 500.0}], "time": 22.051918029785156}
