{"im": 1174, "res": [{"class": "sheep", "prob": 0.8414747714996338, "left": 92.95552062988281, "top": 88.17164611816406, "right": 393.17535400390625, "bottom": 346.2628173828125}], "time": 21.13945198059082}
