{"im": 2975, "res": [{"class": "bottle", "prob": 0.6738399863243103, "left": 47.5015869140625, "top": 58.058753967285156, "right": 500.0, "bottom": 221.08819580078125}], "time": 0.8345448970794678}
