{"im": 3367, "res": [{"class": "bird", "prob": 0.985943615436554, "left": 395.4798889160156, "top": 5.562151908874512, "right": 470.5717468261719, "bottom": 36.63209533691406}, {"class": "cat", "prob": 0.6296067833900452, "left": 259.28912353515625, "top": 0.0, "right": 323.82220458984375, "bottom": 63.46123504638672}, {"class": "bird", "prob": 0.5314704179763794, "left": 318.6382141113281, "top": 11.718633651733398, "right": 329.5216369628906, "bottom": 44.19830322265625}], "time": 21.469751119613647}
