{"im": 2679, "res": [{"class": "aeroplane", "prob": 0.5854405164718628, "left": 359.7173156738281, "top": 8.447784423828125, "right": 422.6466979980469, "bottom": 184.20571899414062}, {"class": "aeroplane", "prob": 0.5702833533287048, "left": 287.82635498046875, "top": 16.252586364746094, "right": 364.1248779296875, "bottom": 179.5675048828125}, {"class": "aeroplane", "prob": 0.5282627940177917, "left": 376.94696044921875, "top": 21.246826171875, "right": 407.70220947265625, "bottom": 151.3816375732422}], "time": 0.8854620456695557}
