{"im": 2161, "res": [{"class": "person", "prob": 0.7017004489898682, "left": 137.24037170410156, "top": 96.09567260742188, "right": 276.56646728515625, "bottom": 300.96612548828125}], "time": 0.8327159881591797}
