{"im": 5797, "res": [{"class": "aeroplane", "prob": 0.9994637370109558, "left": 301.48577880859375, "top": 17.903564453125, "right": 495.40667724609375, "bottom": 369.9761657714844}, {"class": "aeroplane", "prob": 0.9991164207458496, "left": 71.36518096923828, "top": 79.98280334472656, "right": 202.41702270507812, "bottom": 375.0}, {"class": "bicycle", "prob": 0.9981409311294556, "left": 33.30016326904297, "top": 242.89508056640625, "right": 149.77230834960938, "bottom": 375.0}, {"class": "aeroplane", "prob": 0.8100001811981201, "left": 1.1599082946777344, "top": 148.5632781982422, "right": 41.860496520996094, "bottom": 294.5848388671875}], "time": 21.40167498588562}
