{"im": 635, "res": [{"class": "bird", "prob": 0.996008038520813, "left": 0.0, "top": 363.5394592285156, "right": 31.47812271118164, "bottom": 406.4571228027344}, {"class": "bird", "prob": 0.998859703540802, "left": 219.846435546875, "top": 379.1464538574219, "right": 374.69769287109375, "bottom": 497.2430114746094}], "time": 22.599283933639526}
