{"im": 3496, "res": [{"class": "boat", "prob": 0.6476175785064697, "left": 114.831298828125, "top": 132.1539764404297, "right": 364.0067138671875, "bottom": 296.2440185546875}], "time": 0.839447021484375}
