{"im": 399, "res": [{"class": "aeroplane", "prob": 0.9755472540855408, "left": 223.3213653564453, "top": 151.93936157226562, "right": 342.59637451171875, "bottom": 396.4991149902344}], "time": 0.84499192237854}
