{"im": 3943, "res": [{"class": "pottedplant", "prob": 0.987745463848114, "left": 178.35157775878906, "top": 67.25743865966797, "right": 476.24847412109375, "bottom": 320.8388977050781}], "time": 22.28851294517517}
