{"im": 409, "res": [{"class": "aeroplane", "prob": 0.642401397228241, "left": 359.7723388671875, "top": 2.2096633911132812, "right": 454.21453857421875, "bottom": 147.96127319335938}], "time": 0.8383650779724121}
