{"im": 2909, "res": [{"class": "pottedplant", "prob": 0.9295619130134583, "left": 129.05715942382812, "top": 205.91949462890625, "right": 181.58236694335938, "bottom": 242.02590942382812}, {"class": "sheep", "prob": 0.5730800628662109, "left": 281.88397216796875, "top": 165.65658569335938, "right": 332.9119873046875, "bottom": 191.60562133789062}], "time": 21.586990118026733}
