{"im": 1378, "res": [{"class": "aeroplane", "prob": 0.9998296499252319, "left": 224.17469787597656, "top": 170.79531860351562, "right": 325.11260986328125, "bottom": 306.5248107910156}], "time": 21.62779188156128}
