{"im": 5488, "res": [{"class": "bus", "prob": 0.952853798866272, "left": 88.74502563476562, "top": 63.547882080078125, "right": 437.3395080566406, "bottom": 276.4550476074219}, {"class": "aeroplane", "prob": 0.804186224937439, "left": 24.58538246154785, "top": 180.5081787109375, "right": 33.46549987792969, "bottom": 208.04278564453125}, {"class": "bird", "prob": 0.5401086211204529, "left": 41.04157257080078, "top": 172.0213623046875, "right": 85.67597961425781, "bottom": 192.10052490234375}], "time": 0.8715472221374512}
