{"im": 5646, "res": [{"class": "pottedplant", "prob": 0.5884246826171875, "left": 119.341064453125, "top": 0.0, "right": 246.36489868164062, "bottom": 120.78034973144531}], "time": 0.846790075302124}
