{"im": 889, "res": [{"class": "aeroplane", "prob": 0.9051942229270935, "left": 0.0, "top": 75.41532897949219, "right": 311.2080383300781, "bottom": 457.3023681640625}], "time": 21.071214199066162}
