{"im": 4165, "res": [{"class": "sheep", "prob": 0.8728442192077637, "left": 56.01570129394531, "top": 6.7834014892578125, "right": 326.9010009765625, "bottom": 334.21942138671875}], "time": 23.00175189971924}
