{"im": 4788, "res": [{"class": "aeroplane", "prob": 0.8645982146263123, "left": 406.99212646484375, "top": 3.66278076171875, "right": 500.0, "bottom": 216.70985412597656}], "time": 0.8810751438140869}
