{"im": 1917, "res": [{"class": "aeroplane", "prob": 0.98505038022995, "left": 271.65283203125, "top": 234.01708984375, "right": 290.6005859375, "bottom": 280.78155517578125}, {"class": "aeroplane", "prob": 0.8165014982223511, "left": 5.69199275970459, "top": 241.68655395507812, "right": 20.861133575439453, "bottom": 276.5011901855469}, {"class": "aeroplane", "prob": 0.7070701718330383, "left": 374.5096435546875, "top": 233.59011840820312, "right": 381.98095703125, "bottom": 266.13031005859375}, {"class": "aeroplane", "prob": 0.598164439201355, "left": 246.65548706054688, "top": 236.78652954101562, "right": 262.8494873046875, "bottom": 282.6633605957031}], "time": 0.8420109748840332}
