{"im": 4466, "res": [{"class": "bird", "prob": 0.9793985486030579, "left": 0.0, "top": 23.7484130859375, "right": 490.83209228515625, "bottom": 339.32806396484375}, {"class": "aeroplane", "prob": 0.9838545322418213, "left": 297.188720703125, "top": 57.61347961425781, "right": 400.61187744140625, "bottom": 319.83758544921875}], "time": 21.440608024597168}
