{"im": 4361, "res": [{"class": "bottle", "prob": 0.9944751262664795, "left": 0.0, "top": 88.6458740234375, "right": 500.0, "bottom": 293.65313720703125}], "time": 21.437426328659058}
