{"im": 1783, "res": [{"class": "aeroplane", "prob": 0.9709387421607971, "left": 130.40036010742188, "top": 87.40643310546875, "right": 328.2899169921875, "bottom": 246.32693481445312}], "time": 21.614465951919556}
