{"im": 5728, "res": [{"class": "aeroplane", "prob": 0.9989497065544128, "left": 309.75445556640625, "top": 51.38844299316406, "right": 500.0, "bottom": 374.80291748046875}, {"class": "aeroplane", "prob": 0.9837863445281982, "left": 0.0, "top": 69.73123168945312, "right": 199.88499450683594, "bottom": 260.250732421875}, {"class": "aeroplane", "prob": 0.9736157059669495, "left": 206.73545837402344, "top": 54.58179473876953, "right": 257.01666259765625, "bottom": 234.79092407226562}, {"class": "aeroplane", "prob": 0.9696335196495056, "left": 254.9878692626953, "top": 57.83753204345703, "right": 304.02130126953125, "bottom": 229.21685791015625}], "time": 21.132730960845947}
