{"im": 3156, "res": [{"class": "pottedplant", "prob": 0.9959264993667603, "left": 14.432266235351562, "top": 83.49751281738281, "right": 278.3525390625, "bottom": 500.0}], "time": 21.797268867492676}
