{"im": 470, "res": [{"class": "aeroplane", "prob": 0.9811359643936157, "left": 125.27153778076172, "top": 70.13333129882812, "right": 367.3695373535156, "bottom": 370.02142333984375}], "time": 21.798683166503906}
