{"im": 1035, "res": [{"class": "aeroplane", "prob": 0.9905315041542053, "left": 70.88964080810547, "top": 101.15869140625, "right": 324.958984375, "bottom": 375.0}], "time": 21.074548959732056}
