{"im": 1104, "res": [{"class": "aeroplane", "prob": 0.9594732522964478, "left": 52.059913635253906, "top": 135.89849853515625, "right": 117.3384017944336, "bottom": 380.95355224609375}, {"class": "aeroplane", "prob": 0.6881529092788696, "left": 221.37368774414062, "top": 187.75949096679688, "right": 300.7960510253906, "bottom": 444.2273864746094}, {"class": "aeroplane", "prob": 0.5373644232749939, "left": 96.61443328857422, "top": 150.92898559570312, "right": 263.91424560546875, "bottom": 500.0}], "time": 0.9660129547119141}
