{"im": 4543, "res": [{"class": "car", "prob": 0.9741609692573547, "left": 121.165771484375, "top": 35.003456115722656, "right": 486.24822998046875, "bottom": 233.25778198242188}], "time": 21.37122893333435}
