{"im": 2895, "res": [{"class": "bird", "prob": 0.7660101056098938, "left": 1.0785369873046875, "top": 36.8707275390625, "right": 201.66622924804688, "bottom": 333.0}], "time": 21.62198519706726}
