{"im": 2464, "res": [{"class": "person", "prob": 0.9987462162971497, "left": 35.37607192993164, "top": 211.75424194335938, "right": 124.99859619140625, "bottom": 403.9934997558594}, {"class": "person", "prob": 0.995347797870636, "left": 206.32986450195312, "top": 189.62271118164062, "right": 279.6946716308594, "bottom": 397.9683532714844}, {"class": "bird", "prob": 0.9827110767364502, "left": 273.85211181640625, "top": 184.1363067626953, "right": 299.35107421875, "bottom": 200.50450134277344}], "time": 21.44923186302185}
