{"im": 1164, "res": [{"class": "aeroplane", "prob": 0.9931184649467468, "left": 271.73291015625, "top": 97.78878784179688, "right": 376.47174072265625, "bottom": 370.0460510253906}, {"class": "aeroplane", "prob": 0.5948905944824219, "left": 75.95471954345703, "top": 115.77732849121094, "right": 210.5621337890625, "bottom": 356.82952880859375}], "time": 0.855349063873291}
