{"im": 4196, "res": [{"class": "sheep", "prob": 0.983168363571167, "left": 7.2502288818359375, "top": 92.63192749023438, "right": 286.50531005859375, "bottom": 333.7810363769531}], "time": 21.64322304725647}
