{"im": 5150, "res": [{"class": "bottle", "prob": 0.9899207353591919, "left": 163.5119171142578, "top": 66.91792297363281, "right": 337.18975830078125, "bottom": 167.4192657470703}], "time": 21.360846042633057}
