{"im": 671, "res": [{"class": "aeroplane", "prob": 0.861519455909729, "left": 245.63980102539062, "top": 76.03752136230469, "right": 477.0292663574219, "bottom": 375.0}, {"class": "aeroplane", "prob": 0.7135573029518127, "left": 69.64131164550781, "top": 109.39550018310547, "right": 262.29791259765625, "bottom": 362.23370361328125}, {"class": "aeroplane", "prob": 0.5017632246017456, "left": 0.0, "top": 180.58621215820312, "right": 60.36963653564453, "bottom": 362.7531433105469}], "time": 0.8400421142578125}
