{"im": 5298, "res": [{"class": "bus", "prob": 0.7273738980293274, "left": 0.0, "top": 65.30018615722656, "right": 450.0313720703125, "bottom": 282.04583740234375}], "time": 0.8945538997650146}
