{"im": 4423, "res": [{"class": "train", "prob": 0.8831599950790405, "left": 276.43231201171875, "top": 140.3875274658203, "right": 369.5137939453125, "bottom": 227.8313446044922}, {"class": "train", "prob": 0.8726263642311096, "left": 120.65016174316406, "top": 194.006591796875, "right": 178.2706756591797, "bottom": 266.47161865234375}, {"class": "train", "prob": 0.8108521699905396, "left": 83.57720947265625, "top": 170.27725219726562, "right": 204.69631958007812, "bottom": 281.4891052246094}, {"class": "train", "prob": 0.7382882833480835, "left": 299.337646484375, "top": 148.59597778320312, "right": 338.661376953125, "bottom": 211.82357788085938}], "time": 0.855504035949707}
