{"im": 5780, "res": [{"class": "aeroplane", "prob": 0.8871698975563049, "left": 133.40579223632812, "top": 173.13894653320312, "right": 276.37384033203125, "bottom": 466.2865905761719}], "time": 1.1306099891662598}
