{"im": 3898, "res": [{"class": "train", "prob": 0.9802995324134827, "left": 89.83192443847656, "top": 89.79794311523438, "right": 409.04254150390625, "bottom": 302.68804931640625}], "time": 21.81186318397522}
