{"im": 1740, "res": [{"class": "pottedplant", "prob": 0.9991340041160583, "left": 220.12924194335938, "top": 129.2749786376953, "right": 391.7659606933594, "bottom": 210.9091339111328}, {"class": "pottedplant", "prob": 0.8540735840797424, "left": 146.504638671875, "top": 102.23715209960938, "right": 209.83865356445312, "bottom": 188.6968994140625}], "time": 21.664345026016235}
