{"im": 3131, "res": [{"class": "aeroplane", "prob": 0.9989933371543884, "left": 0.0, "top": 61.46593475341797, "right": 67.99302673339844, "bottom": 312.9449768066406}, {"class": "sofa", "prob": 0.9808474183082581, "left": 84.58843994140625, "top": 64.80635070800781, "right": 371.8425598144531, "bottom": 294.6876220703125}], "time": 22.57395076751709}
