{"im": 1126, "res": [{"class": "car", "prob": 0.9956102967262268, "left": 182.9479522705078, "top": 149.53929138183594, "right": 287.3172607421875, "bottom": 228.32838439941406}, {"class": "cow", "prob": 0.5041569471359253, "left": 78.38238525390625, "top": 197.775390625, "right": 82.07124328613281, "bottom": 202.16964721679688}], "time": 21.1072359085083}
