{"im": 3981, "res": [{"class": "aeroplane", "prob": 0.7266326546669006, "left": 0.0, "top": 321.1142578125, "right": 136.96871948242188, "bottom": 490.19134521484375}], "time": 22.49154305458069}
