{"im": 5152, "res": [{"class": "tvmonitor", "prob": 0.9814177751541138, "left": 39.87353515625, "top": 75.86177062988281, "right": 450.89642333984375, "bottom": 349.11029052734375}, {"class": "tvmonitor", "prob": 0.6683152914047241, "left": 454.6575012207031, "top": 104.68695068359375, "right": 498.2984313964844, "bottom": 131.8439483642578}], "time": 21.4264178276062}
