{"im": 5215, "res": [{"class": "aeroplane", "prob": 0.714669942855835, "left": 102.76483917236328, "top": 77.279052734375, "right": 303.0396728515625, "bottom": 375.0}, {"class": "aeroplane", "prob": 0.6467898488044739, "left": 318.0462341308594, "top": 126.36719512939453, "right": 475.1523132324219, "bottom": 334.18817138671875}], "time": 0.8311607837677002}
