{"im": 4848, "res": [{"class": "bird", "prob": 0.9708840847015381, "left": 160.92979431152344, "top": 133.37310791015625, "right": 500.0, "bottom": 292.2759704589844}, {"class": "bird", "prob": 0.9927881956100464, "left": 0.0, "top": 135.54550170898438, "right": 316.7986145019531, "bottom": 351.24151611328125}], "time": 21.399839162826538}
