{"im": 1484, "res": [{"class": "aeroplane", "prob": 0.9988360404968262, "left": 156.5945281982422, "top": 198.74549865722656, "right": 265.32171630859375, "bottom": 466.41851806640625}, {"class": "bicycle", "prob": 0.9564443230628967, "left": 51.76719665527344, "top": 262.65289306640625, "right": 114.3489990234375, "bottom": 379.38739013671875}], "time": 23.910614013671875}
