{"im": 4664, "res": [{"class": "sheep", "prob": 0.9751423001289368, "left": 270.04638671875, "top": 165.3638458251953, "right": 371.735595703125, "bottom": 253.1529083251953}], "time": 21.39357900619507}
