{"im": 1593, "res": [{"class": "chair", "prob": 0.8194373250007629, "left": 229.2823028564453, "top": 290.2571716308594, "right": 262.0801086425781, "bottom": 338.4760437011719}, {"class": "chair", "prob": 0.7833471894264221, "left": 183.33055114746094, "top": 329.8723449707031, "right": 202.3087615966797, "bottom": 335.3028869628906}], "time": 22.09717297554016}
