{"im": 1827, "res": [{"class": "pottedplant", "prob": 0.987309992313385, "left": 49.83033752441406, "top": 74.34635162353516, "right": 453.51800537109375, "bottom": 249.72018432617188}], "time": 21.671115159988403}
