{"im": 4163, "res": [{"class": "chair", "prob": 0.7306988835334778, "left": 298.7995300292969, "top": 181.92190551757812, "right": 449.0260925292969, "bottom": 230.47406005859375}], "time": 0.824070930480957}
