{"im": 4579, "res": [{"class": "sheep", "prob": 0.9957543611526489, "left": 276.154541015625, "top": 195.04507446289062, "right": 444.1561279296875, "bottom": 341.9262390136719}], "time": 21.3747820854187}
