{"im": 775, "res": [{"class": "aeroplane", "prob": 0.9691137671470642, "left": 248.2288818359375, "top": 98.86277770996094, "right": 495.2601318359375, "bottom": 305.9984130859375}, {"class": "aeroplane", "prob": 0.9248897433280945, "left": 1.9196548461914062, "top": 78.61639404296875, "right": 218.1258544921875, "bottom": 295.2278137207031}], "time": 0.8397371768951416}
