{"im": 1373, "res": [{"class": "sofa", "prob": 0.9533266425132751, "left": 115.93655395507812, "top": 61.35594940185547, "right": 388.861083984375, "bottom": 291.9360656738281}], "time": 0.9189298152923584}
