{"im": 2112, "res": [{"class": "person", "prob": 0.994549036026001, "left": 84.89127349853516, "top": 123.02628326416016, "right": 278.4418640136719, "bottom": 265.8507995605469}], "time": 0.8858401775360107}
