{"im": 593, "res": [{"class": "aeroplane", "prob": 0.6520732045173645, "left": 35.1241455078125, "top": 93.3394775390625, "right": 344.6401672363281, "bottom": 478.5753173828125}], "time": 0.8501317501068115}
