{"im": 532, "res": [{"class": "aeroplane", "prob": 0.6843060255050659, "left": 58.63819122314453, "top": 48.118408203125, "right": 229.33795166015625, "bottom": 330.8269958496094}], "time": 0.8385951519012451}
