{"im": 5782, "res": [{"class": "bus", "prob": 0.9668747782707214, "left": 129.18197631835938, "top": 236.23577880859375, "right": 291.92449951171875, "bottom": 418.5487060546875}], "time": 1.1011972427368164}
