{"im": 79, "res": [{"class": "pottedplant", "prob": 0.9604892134666443, "left": 58.08738708496094, "top": 49.02207946777344, "right": 365.03729248046875, "bottom": 396.10491943359375}], "time": 21.351122856140137}
