{"im": 5729, "res": [{"class": "aeroplane", "prob": 0.9432951211929321, "left": 430.5943603515625, "top": 29.79965591430664, "right": 479.01068115234375, "bottom": 90.08909606933594}], "time": 21.168426036834717}
