{"im": 212, "res": [{"class": "pottedplant", "prob": 0.8239847421646118, "left": 89.43914031982422, "top": 340.08489990234375, "right": 189.79934692382812, "bottom": 418.21075439453125}], "time": 21.514559030532837}
