{"im": 4418, "res": [{"class": "person", "prob": 0.8974688649177551, "left": 93.47073364257812, "top": 69.69606018066406, "right": 500.0, "bottom": 367.833251953125}], "time": 21.38531804084778}
