{"im": 2647, "res": [{"class": "car", "prob": 0.9828605651855469, "left": 4.627937316894531, "top": 41.906455993652344, "right": 208.97763061523438, "bottom": 256.801513671875}, {"class": "car", "prob": 0.9529315233230591, "left": 240.86392211914062, "top": 95.8673324584961, "right": 405.3807067871094, "bottom": 227.00411987304688}], "time": 0.8382971286773682}
