{"im": 1168, "res": [{"class": "aeroplane", "prob": 0.509285569190979, "left": 94.01638793945312, "top": 78.74028015136719, "right": 400.0240173339844, "bottom": 359.34417724609375}], "time": 0.8566341400146484}
