{"im": 5355, "res": [{"class": "bicycle", "prob": 0.8507795333862305, "left": 57.47322082519531, "top": 68.78923034667969, "right": 500.0, "bottom": 320.18988037109375}], "time": 0.8447506427764893}
