{"im": 2806, "res": [{"class": "sheep", "prob": 0.9618788361549377, "left": 17.219497680664062, "top": 9.198593139648438, "right": 439.21466064453125, "bottom": 374.78375244140625}], "time": 21.670050144195557}
