{"im": 3233, "res": [{"class": "sheep", "prob": 0.9886166453361511, "left": 135.90753173828125, "top": 210.82748413085938, "right": 312.4761657714844, "bottom": 416.0550231933594}], "time": 21.7384090423584}
