{"im": 4888, "res": [{"class": "bird", "prob": 0.5390512943267822, "left": 221.52862548828125, "top": 141.6222686767578, "right": 231.678955078125, "bottom": 151.29820251464844}, {"class": "bicycle", "prob": 0.5915656685829163, "left": 398.2076416015625, "top": 234.5597686767578, "right": 428.7921142578125, "bottom": 275.56201171875}, {"class": "aeroplane", "prob": 0.594369649887085, "left": 372.85858154296875, "top": 120.09060668945312, "right": 438.41168212890625, "bottom": 250.71453857421875}], "time": 0.8177940845489502}
