{"im": 3505, "res": [{"class": "bird", "prob": 0.9742191433906555, "left": 8.029930114746094, "top": 100.18214416503906, "right": 233.33517456054688, "bottom": 196.74205017089844}], "time": 0.9537537097930908}
