{"im": 3620, "res": [{"class": "aeroplane", "prob": 0.9793857932090759, "left": 18.080947875976562, "top": 23.1220703125, "right": 363.14703369140625, "bottom": 473.2671813964844}], "time": 21.534672260284424}
