{"im": 1545, "res": [{"class": "bird", "prob": 0.9807610511779785, "left": 73.21551513671875, "top": 121.25554656982422, "right": 390.8741455078125, "bottom": 255.3211669921875}], "time": 21.746191024780273}
