{"im": 5292, "res": [{"class": "person", "prob": 0.9535417556762695, "left": 76.22988891601562, "top": 31.085906982421875, "right": 467.5752868652344, "bottom": 358.3377990722656}], "time": 21.467485904693604}
