{"im": 2643, "res": [{"class": "train", "prob": 0.9743921160697937, "left": 328.07025146484375, "top": 115.89623260498047, "right": 373.44671630859375, "bottom": 140.43092346191406}, {"class": "train", "prob": 0.528817892074585, "left": 113.5047836303711, "top": 208.4875946044922, "right": 178.03683471679688, "bottom": 234.93434143066406}], "time": 0.8735597133636475}
