{"im": 4821, "res": [{"class": "car", "prob": 0.9994866251945496, "left": 204.04620361328125, "top": 104.27567291259766, "right": 431.831298828125, "bottom": 264.81689453125}], "time": 21.4722843170166}
