{"im": 361, "res": [{"class": "aeroplane", "prob": 0.9330915808677673, "left": 182.39276123046875, "top": 174.67401123046875, "right": 335.5758056640625, "bottom": 373.570068359375}], "time": 0.9004340171813965}
