{"im": 4742, "res": [{"class": "bus", "prob": 0.9997125864028931, "left": 92.61784362792969, "top": 64.04019165039062, "right": 473.0533447265625, "bottom": 357.25384521484375}, {"class": "aeroplane", "prob": 0.9847452044487, "left": 166.7910614013672, "top": 176.75845336914062, "right": 216.2374725341797, "bottom": 232.27142333984375}, {"class": "aeroplane", "prob": 0.7765506505966187, "left": 245.71986389160156, "top": 182.06423950195312, "right": 273.46246337890625, "bottom": 243.9866943359375}, {"class": "boat", "prob": 0.637084424495697, "left": 489.39447021484375, "top": 207.63731384277344, "right": 499.495849609375, "bottom": 230.1268768310547}], "time": 21.430747032165527}
