{"im": 1727, "res": [{"class": "aeroplane", "prob": 0.9996281266212463, "left": 88.95365905761719, "top": 3.2397003173828125, "right": 216.34950256347656, "bottom": 334.0}, {"class": "sofa", "prob": 0.9238189458847046, "left": 22.649169921875, "top": 118.33574676513672, "right": 376.25970458984375, "bottom": 334.0}, {"class": "aeroplane", "prob": 0.9508650302886963, "left": 162.41090393066406, "top": 28.222694396972656, "right": 225.40846252441406, "bottom": 201.21444702148438}], "time": 21.67038583755493}
