{"im": 2700, "res": [{"class": "aeroplane", "prob": 0.8361491560935974, "left": 130.7309112548828, "top": 100.87973022460938, "right": 260.7791748046875, "bottom": 267.63873291015625}], "time": 21.41196298599243}
