{"im": 2698, "res": [{"class": "bottle", "prob": 0.9993547201156616, "left": 54.8455810546875, "top": 70.36528778076172, "right": 489.753173828125, "bottom": 170.15420532226562}], "time": 21.423239707946777}
