{"im": 1948, "res": [{"class": "person", "prob": 0.9976094961166382, "left": 18.291427612304688, "top": 51.703407287597656, "right": 375.3172607421875, "bottom": 275.89678955078125}], "time": 21.688905954360962}
