{"im": 5081, "res": [{"class": "aeroplane", "prob": 0.8038182258605957, "left": 126.55179595947266, "top": 219.87796020507812, "right": 319.76324462890625, "bottom": 372.8446960449219}, {"class": "aeroplane", "prob": 0.7452686429023743, "left": 309.9774169921875, "top": 224.98675537109375, "right": 478.09503173828125, "bottom": 364.9610595703125}], "time": 0.9931292533874512}
