{"im": 1866, "res": [{"class": "sofa", "prob": 0.9960665702819824, "left": 116.76493835449219, "top": 46.8582763671875, "right": 495.888916015625, "bottom": 330.8548278808594}], "time": 21.71327018737793}
