{"im": 4898, "res": [{"class": "bottle", "prob": 0.9989767074584961, "left": 13.274566650390625, "top": 27.556961059570312, "right": 477.8094482421875, "bottom": 295.63421630859375}], "time": 21.39016103744507}
