{"im": 233, "res": [{"class": "bird", "prob": 0.9726446270942688, "left": 0.0, "top": 40.76383972167969, "right": 500.0, "bottom": 271.99432373046875}, {"class": "aeroplane", "prob": 0.9143966436386108, "left": 143.8651580810547, "top": 26.319690704345703, "right": 179.88966369628906, "bottom": 81.87315368652344}], "time": 21.534098863601685}
