{"im": 1689, "res": [{"class": "aeroplane", "prob": 0.9173674583435059, "left": 326.6677551269531, "top": 96.27316284179688, "right": 499.4002990722656, "bottom": 342.1540832519531}, {"class": "aeroplane", "prob": 0.7099803686141968, "left": 0.0, "top": 93.7022705078125, "right": 195.42926025390625, "bottom": 342.5185546875}], "time": 0.873694896697998}
