{"im": 2124, "res": [{"class": "bottle", "prob": 0.989233136177063, "left": 23.529281616210938, "top": 91.00015258789062, "right": 470.96527099609375, "bottom": 214.45114135742188}], "time": 21.64306378364563}
