{"im": 1397, "res": [{"class": "aeroplane", "prob": 0.5317131876945496, "left": 19.994102478027344, "top": 110.35307312011719, "right": 147.35174560546875, "bottom": 349.01458740234375}], "time": 0.8438241481781006}
