{"im": 4057, "res": [{"class": "sheep", "prob": 0.9730515480041504, "left": 244.28173828125, "top": 37.84968566894531, "right": 421.9852294921875, "bottom": 358.8284912109375}, {"class": "aeroplane", "prob": 0.8312891721725464, "left": 24.678604125976562, "top": 70.70149993896484, "right": 35.84025955200195, "bottom": 96.81855010986328}], "time": 1.0333449840545654}
