{"im": 216, "res": [{"class": "aeroplane", "prob": 0.615761935710907, "left": 23.993797302246094, "top": 156.74844360351562, "right": 242.53521728515625, "bottom": 354.3782653808594}, {"class": "aeroplane", "prob": 0.5308669209480286, "left": 312.33612060546875, "top": 163.99295043945312, "right": 491.974853515625, "bottom": 349.5483703613281}], "time": 0.9148380756378174}
