{"im": 2053, "res": [{"class": "aeroplane", "prob": 0.9551091194152832, "left": 322.54791259765625, "top": 355.0071716308594, "right": 338.29254150390625, "bottom": 395.2801208496094}], "time": 0.8772060871124268}
