{"im": 610, "res": [{"class": "bottle", "prob": 0.9866081476211548, "left": 11.583847045898438, "top": 71.21601104736328, "right": 491.56103515625, "bottom": 218.198974609375}], "time": 23.90238904953003}
