{"im": 4300, "res": [{"class": "aeroplane", "prob": 0.996194064617157, "left": 83.00910949707031, "top": 93.91101837158203, "right": 192.1780548095703, "bottom": 294.78900146484375}, {"class": "aeroplane", "prob": 0.9641631841659546, "left": 197.5493927001953, "top": 111.51347351074219, "right": 310.5413818359375, "bottom": 294.36346435546875}], "time": 0.8202619552612305}
