{"im": 2183, "res": [{"class": "aeroplane", "prob": 0.9978879690170288, "left": 282.125732421875, "top": 4.3623046875, "right": 443.2156982421875, "bottom": 333.0}, {"class": "aeroplane", "prob": 0.9990413784980774, "left": 14.578941345214844, "top": 33.88798522949219, "right": 160.93658447265625, "bottom": 315.47149658203125}, {"class": "bicycle", "prob": 0.9423732757568359, "left": 254.4324951171875, "top": 202.52857971191406, "right": 500.0, "bottom": 327.28582763671875}], "time": 21.427932024002075}
