{"im": 1094, "res": [{"class": "aeroplane", "prob": 0.9980036020278931, "left": 243.57420349121094, "top": 86.70094299316406, "right": 500.0, "bottom": 375.0}], "time": 21.102957010269165}
