{"im": 5498, "res": [{"class": "aeroplane", "prob": 0.9863861203193665, "left": 103.32047271728516, "top": 81.33393859863281, "right": 199.47210693359375, "bottom": 371.58917236328125}], "time": 0.8243200778961182}
