{"im": 92, "res": [{"class": "boat", "prob": 0.8780954480171204, "left": 18.570152282714844, "top": 153.64303588867188, "right": 235.467041015625, "bottom": 333.0}], "time": 0.8876879215240479}
