{"im": 346, "res": [{"class": "aeroplane", "prob": 0.560802161693573, "left": 180.54409790039062, "top": 24.013931274414062, "right": 467.7504577636719, "bottom": 354.7183837890625}], "time": 0.840705156326294}
