{"im": 2357, "res": [{"class": "chair", "prob": 0.9958428740501404, "left": 150.867431640625, "top": 51.71842956542969, "right": 357.57818603515625, "bottom": 222.95021057128906}, {"class": "aeroplane", "prob": 0.727470874786377, "left": 204.6799774169922, "top": 113.34304809570312, "right": 218.2205047607422, "bottom": 130.1720733642578}], "time": 21.569671154022217}
