{"im": 2726, "res": [{"class": "aeroplane", "prob": 0.9962661266326904, "left": 8.060028076171875, "top": 46.051605224609375, "right": 234.0345916748047, "bottom": 370.0241394042969}, {"class": "aeroplane", "prob": 0.9812824726104736, "left": 253.41549682617188, "top": 17.02874755859375, "right": 500.0, "bottom": 375.0}, {"class": "aeroplane", "prob": 0.9801896810531616, "left": 193.25357055664062, "top": 9.676956176757812, "right": 371.7378845214844, "bottom": 368.36737060546875}], "time": 21.44706892967224}
