{"im": 4281, "res": [{"class": "pottedplant", "prob": 0.5179067254066467, "left": 5.8656005859375, "top": 140.20797729492188, "right": 330.7531433105469, "bottom": 366.8065490722656}], "time": 0.8235969543457031}
