{"im": 292, "res": [{"class": "aeroplane", "prob": 0.9991705417633057, "left": 6.4435272216796875, "top": 24.400390625, "right": 334.606201171875, "bottom": 500.0}], "time": 21.526203870773315}
