{"im": 3006, "res": [{"class": "aeroplane", "prob": 0.994939923286438, "left": 98.80110931396484, "top": 82.41112518310547, "right": 261.46624755859375, "bottom": 246.67391967773438}], "time": 26.71817898750305}
