{"im": 3798, "res": [{"class": "sheep", "prob": 0.9907430410385132, "left": 245.2335205078125, "top": 37.76654052734375, "right": 463.865478515625, "bottom": 321.1653137207031}], "time": 21.86046004295349}
