{"im": 358, "res": [{"class": "boat", "prob": 0.9595029950141907, "left": 76.25462341308594, "top": 59.89055633544922, "right": 470.4635009765625, "bottom": 269.29473876953125}, {"class": "boat", "prob": 0.926886796951294, "left": 91.67925262451172, "top": 3.7642669677734375, "right": 313.24639892578125, "bottom": 133.4582977294922}, {"class": "boat", "prob": 0.5868182182312012, "left": 0.0, "top": 24.540252685546875, "right": 193.13653564453125, "bottom": 189.71401977539062}], "time": 21.724231004714966}
