{"im": 4380, "res": [{"class": "sheep", "prob": 0.9342331290245056, "left": 200.68951416015625, "top": 55.41407775878906, "right": 322.0172119140625, "bottom": 261.63983154296875}], "time": 0.8761720657348633}
