{"im": 3294, "res": [{"class": "aeroplane", "prob": 0.8808068037033081, "left": 83.01025390625, "top": 139.80947875976562, "right": 246.77505493164062, "bottom": 440.3340148925781}], "time": 1.0328834056854248}
