{"im": 3566, "res": [{"class": "aeroplane", "prob": 0.9998588562011719, "left": 28.857566833496094, "top": 120.87834930419922, "right": 266.67535400390625, "bottom": 301.8332214355469}], "time": 21.533474922180176}
