{"im": 1557, "res": [{"class": "sofa", "prob": 0.9903287887573242, "left": 110.1462173461914, "top": 297.2889709472656, "right": 260.38970947265625, "bottom": 371.5525817871094}], "time": 21.74887990951538}
