{"im": 1544, "res": [{"class": "train", "prob": 0.8498138189315796, "left": 305.8611145019531, "top": 94.67506408691406, "right": 438.1048278808594, "bottom": 262.09600830078125}], "time": 0.9926300048828125}
