{"im": 2888, "res": [{"class": "pottedplant", "prob": 0.9889224767684937, "left": 39.59059143066406, "top": 43.902984619140625, "right": 286.23541259765625, "bottom": 456.97552490234375}], "time": 21.434370040893555}
