{"im": 2093, "res": [{"class": "aeroplane", "prob": 0.7150722146034241, "left": 244.660400390625, "top": 133.23532104492188, "right": 326.5711669921875, "bottom": 254.699951171875}, {"class": "aeroplane", "prob": 0.6517177224159241, "left": 91.48295593261719, "top": 105.52591705322266, "right": 194.4000701904297, "bottom": 348.0595397949219}, {"class": "aeroplane", "prob": 0.6224614977836609, "left": 259.2731628417969, "top": 151.4570770263672, "right": 298.6135559082031, "bottom": 242.5265655517578}], "time": 0.8379337787628174}
