{"im": 1970, "res": [{"class": "pottedplant", "prob": 0.981056809425354, "left": 45.25874328613281, "top": 57.618568420410156, "right": 458.78692626953125, "bottom": 267.05712890625}], "time": 21.68051290512085}
