{"im": 5250, "res": [{"class": "boat", "prob": 0.6759037971496582, "left": 18.719802856445312, "top": 98.22563171386719, "right": 407.5650634765625, "bottom": 357.285888671875}, {"class": "aeroplane", "prob": 0.6161409020423889, "left": 173.76986694335938, "top": 61.78021240234375, "right": 327.63232421875, "bottom": 305.408203125}], "time": 0.8303580284118652}
