{"im": 5587, "res": [{"class": "aeroplane", "prob": 0.6891218423843384, "left": 178.3603973388672, "top": 26.021728515625, "right": 485.2528076171875, "bottom": 372.05743408203125}], "time": 0.8726849555969238}
