{"im": 4341, "res": [{"class": "bottle", "prob": 0.9995741248130798, "left": 163.1630859375, "top": 49.88887405395508, "right": 342.74725341796875, "bottom": 116.30047607421875}, {"class": "aeroplane", "prob": 0.9994125366210938, "left": 155.3151397705078, "top": 185.235595703125, "right": 273.8170471191406, "bottom": 369.224365234375}, {"class": "aeroplane", "prob": 0.9700227975845337, "left": 282.49786376953125, "top": 207.0655517578125, "right": 478.81988525390625, "bottom": 371.3680419921875}], "time": 21.40151810646057}
