{"im": 5696, "res": [{"class": "person", "prob": 0.9971809983253479, "left": 118.60194396972656, "top": 64.20909118652344, "right": 383.20751953125, "bottom": 423.741455078125}], "time": 23.634263038635254}
