{"im": 5683, "res": [{"class": "bottle", "prob": 0.9165905714035034, "left": 96.6927719116211, "top": 103.91313171386719, "right": 305.9973449707031, "bottom": 179.7052459716797}], "time": 21.968946933746338}
