{"im": 3416, "res": [{"class": "aeroplane", "prob": 0.9890993237495422, "left": 172.84739685058594, "top": 12.264312744140625, "right": 340.9205322265625, "bottom": 358.534423828125}, {"class": "bicycle", "prob": 0.9593686461448669, "left": 110.94075012207031, "top": 155.69464111328125, "right": 370.97015380859375, "bottom": 359.52386474609375}], "time": 0.9698307514190674}
