{"im": 4573, "res": [{"class": "pottedplant", "prob": 0.9968640208244324, "left": 99.3535385131836, "top": 101.32080841064453, "right": 273.8802490234375, "bottom": 243.85467529296875}], "time": 21.3919038772583}
