{"im": 449, "res": [{"class": "aeroplane", "prob": 0.9506688117980957, "left": 167.715576171875, "top": 96.52392578125, "right": 340.6963195800781, "bottom": 375.0}], "time": 0.853201150894165}
