{"im": 4754, "res": [{"class": "bird", "prob": 0.6372612714767456, "left": 286.3631896972656, "top": 337.4832763671875, "right": 352.8922424316406, "bottom": 477.29168701171875}, {"class": "aeroplane", "prob": 0.6010538935661316, "left": 201.08529663085938, "top": 286.69989013671875, "right": 254.26296997070312, "bottom": 430.70526123046875}], "time": 0.8826549053192139}
