{"im": 1130, "res": [{"class": "boat", "prob": 0.577444314956665, "left": 265.96173095703125, "top": 27.862762451171875, "right": 376.23260498046875, "bottom": 262.2701721191406}], "time": 0.8443026542663574}
