{"im": 2566, "res": [{"class": "bottle", "prob": 0.9817889332771301, "left": 16.866165161132812, "top": 61.00196838378906, "right": 484.55279541015625, "bottom": 217.1557159423828}], "time": 21.426894903182983}
