{"im": 5343, "res": [{"class": "car", "prob": 0.834166944026947, "left": 304.1839904785156, "top": 28.945281982421875, "right": 499.4137878417969, "bottom": 252.13674926757812}, {"class": "car", "prob": 0.7250810265541077, "left": 153.9373779296875, "top": 79.36546325683594, "right": 269.9683837890625, "bottom": 241.43589782714844}], "time": 0.9486310482025146}
