{"im": 4415, "res": [{"class": "sheep", "prob": 0.6463002562522888, "left": 0.0, "top": 3.37005615234375, "right": 500.0, "bottom": 321.66717529296875}], "time": 21.415829181671143}
