{"im": 1963, "res": [{"class": "aeroplane", "prob": 0.8437874913215637, "left": 64.31214904785156, "top": 63.65437316894531, "right": 422.51806640625, "bottom": 374.0538330078125}], "time": 0.8350942134857178}
