{"im": 2068, "res": [{"class": "bicycle", "prob": 0.9765848517417908, "left": 163.6978302001953, "top": 37.81340026855469, "right": 444.14398193359375, "bottom": 374.44482421875}, {"class": "bicycle", "prob": 0.7551760077476501, "left": 65.1324462890625, "top": 50.57530212402344, "right": 328.5380554199219, "bottom": 367.22357177734375}], "time": 21.852838039398193}
