{"im": 4334, "res": [{"class": "person", "prob": 0.9992676377296448, "left": 123.02073669433594, "top": 54.074684143066406, "right": 486.09503173828125, "bottom": 137.9708251953125}], "time": 21.506725788116455}
