{"im": 26, "res": [{"class": "boat", "prob": 0.9969791173934937, "left": 124.09993743896484, "top": 220.6720428466797, "right": 341.6615905761719, "bottom": 363.1719970703125}, {"class": "aeroplane", "prob": 0.9883583188056946, "left": 292.19635009765625, "top": 198.418212890625, "right": 351.0303955078125, "bottom": 297.06231689453125}, {"class": "chair", "prob": 0.8451324105262756, "left": 10.912921905517578, "top": 187.77334594726562, "right": 138.4558868408203, "bottom": 239.25430297851562}], "time": 21.552820920944214}
