{"im": 2764, "res": [{"class": "aeroplane", "prob": 0.9937817454338074, "left": 371.4674377441406, "top": 174.0966796875, "right": 499.5539855957031, "bottom": 368.708740234375}], "time": 21.55430817604065}
