{"im": 2556, "res": [{"class": "aeroplane", "prob": 0.7546351552009583, "left": 42.85768127441406, "top": 57.5931396484375, "right": 226.6808624267578, "bottom": 278.2303161621094}], "time": 0.8904120922088623}
