{"im": 2291, "res": [{"class": "aeroplane", "prob": 0.9979913234710693, "left": 165.5388946533203, "top": 125.81515502929688, "right": 340.0474853515625, "bottom": 413.1358947753906}, {"class": "sheep", "prob": 0.5275021195411682, "left": 168.73574829101562, "top": 206.00216674804688, "right": 275.79412841796875, "bottom": 403.8196105957031}], "time": 21.49489998817444}
