{"im": 802, "res": [{"class": "aeroplane", "prob": 0.6288650035858154, "left": 157.79974365234375, "top": 70.32415771484375, "right": 348.75115966796875, "bottom": 332.28106689453125}], "time": 0.8359479904174805}
