{"im": 498, "res": [{"class": "aeroplane", "prob": 0.8062607049942017, "left": 203.75332641601562, "top": 183.956298828125, "right": 222.93450927734375, "bottom": 215.63571166992188}, {"class": "aeroplane", "prob": 0.6839486360549927, "left": 183.67880249023438, "top": 132.0751190185547, "right": 357.0729675292969, "bottom": 312.61785888671875}, {"class": "aeroplane", "prob": 0.5632700324058533, "left": 0.0, "top": 97.0743408203125, "right": 162.75045776367188, "bottom": 493.82830810546875}], "time": 0.8427760601043701}
