{"im": 2119, "res": [{"class": "bicycle", "prob": 0.9994661808013916, "left": 144.5218048095703, "top": 121.07147979736328, "right": 467.32147216796875, "bottom": 356.17303466796875}, {"class": "aeroplane", "prob": 0.9952200055122375, "left": 199.27784729003906, "top": 18.728790283203125, "right": 393.78924560546875, "bottom": 291.2680358886719}], "time": 21.633923053741455}
