{"im": 910, "res": [{"class": "aeroplane", "prob": 0.9987446069717407, "left": 105.17247009277344, "top": 1.76373291015625, "right": 375.0, "bottom": 500.0}, {"class": "aeroplane", "prob": 0.9923914074897766, "left": 1.4690170288085938, "top": 70.71945190429688, "right": 171.23822021484375, "bottom": 489.1534118652344}], "time": 21.060662031173706}
