{"im": 3746, "res": [{"class": "sheep", "prob": 0.936815619468689, "left": 20.872756958007812, "top": 7.9727630615234375, "right": 307.23626708984375, "bottom": 281.0}], "time": 23.00587487220764}
