{"im": 5100, "res": [{"class": "bicycle", "prob": 0.8153184652328491, "left": 89.06500244140625, "top": 38.166107177734375, "right": 486.64508056640625, "bottom": 332.04571533203125}], "time": 0.8267462253570557}
