{"im": 2722, "res": [{"class": "aeroplane", "prob": 0.6988855004310608, "left": 243.07516479492188, "top": 130.4324951171875, "right": 328.4849548339844, "bottom": 251.71197509765625}], "time": 0.862969160079956}
