{"im": 3395, "res": [{"class": "aeroplane", "prob": 0.8470009565353394, "left": 94.97802734375, "top": 122.62438201904297, "right": 158.70094299316406, "bottom": 290.48858642578125}, {"class": "aeroplane", "prob": 0.5984191298484802, "left": 108.57647705078125, "top": 156.5292205810547, "right": 141.4673309326172, "bottom": 266.70404052734375}], "time": 1.003054141998291}
