{"im": 601, "res": [{"class": "aeroplane", "prob": 0.6291360855102539, "left": 9.612274169921875, "top": 116.7398910522461, "right": 475.6773681640625, "bottom": 360.645751953125}], "time": 21.71683669090271}
