{"im": 3657, "res": [{"class": "aeroplane", "prob": 0.7102316617965698, "left": 90.33378601074219, "top": 116.2618637084961, "right": 117.57020568847656, "bottom": 169.34915161132812}, {"class": "aeroplane", "prob": 0.651262104511261, "left": 49.70120620727539, "top": 178.92105102539062, "right": 121.15446472167969, "bottom": 343.2377014160156}, {"class": "aeroplane", "prob": 0.6043972969055176, "left": 69.41693115234375, "top": 205.29685974121094, "right": 99.82014465332031, "bottom": 307.4059753417969}], "time": 1.4951727390289307}
