{"im": 2266, "res": [{"class": "aeroplane", "prob": 0.5125053524971008, "left": 10.614212036132812, "top": 145.95037841796875, "right": 287.67724609375, "bottom": 500.0}], "time": 0.899306058883667}
