{"im": 2544, "res": [{"class": "car", "prob": 0.9978142976760864, "left": 76.4713134765625, "top": 141.58544921875, "right": 408.3475036621094, "bottom": 282.7371520996094}], "time": 21.47013020515442}
