{"im": 1139, "res": [{"class": "bottle", "prob": 0.9982511401176453, "left": 51.59504699707031, "top": 53.125572204589844, "right": 494.69830322265625, "bottom": 262.7320556640625}], "time": 21.08539628982544}
