{"im": 2764, "res": [{"class": "aeroplane", "prob": 0.7809447646141052, "left": 364.9326171875, "top": 167.94186401367188, "right": 498.9273681640625, "bottom": 367.8741149902344}], "time": 0.8936009407043457}
