{"im": 3700, "res": [{"class": "bicycle", "prob": 0.9989904761314392, "left": 159.65060424804688, "top": 216.07794189453125, "right": 250.23974609375, "bottom": 384.76739501953125}, {"class": "aeroplane", "prob": 0.9880149960517883, "left": 154.07058715820312, "top": 142.5176239013672, "right": 257.7525939941406, "bottom": 339.09222412109375}], "time": 21.55428981781006}
