{"im": 465, "res": [{"class": "pottedplant", "prob": 0.999667763710022, "left": 97.97946166992188, "top": 164.76356506347656, "right": 233.645751953125, "bottom": 266.914306640625}, {"class": "pottedplant", "prob": 0.9916853308677673, "left": 222.38876342773438, "top": 106.47946166992188, "right": 377.6827087402344, "bottom": 307.3384094238281}], "time": 21.611696004867554}
