{"im": 2918, "res": [{"class": "aeroplane", "prob": 0.9518232345581055, "left": 122.57300567626953, "top": 0.7985210418701172, "right": 148.2030029296875, "bottom": 38.097938537597656}, {"class": "bird", "prob": 0.769152045249939, "left": 0.0, "top": 39.468841552734375, "right": 450.74847412109375, "bottom": 298.5786437988281}, {"class": "bird", "prob": 0.764223575592041, "left": 452.5889892578125, "top": 30.27676773071289, "right": 500.0, "bottom": 127.16181945800781}], "time": 21.694509983062744}
