{"im": 3185, "res": [{"class": "aeroplane", "prob": 0.792649507522583, "left": 2.673583984375, "top": 9.204574584960938, "right": 287.2020263671875, "bottom": 366.67730712890625}, {"class": "aeroplane", "prob": 0.588471531867981, "left": 234.43746948242188, "top": 29.984817504882812, "right": 500.0, "bottom": 360.80645751953125}], "time": 1.1287291049957275}
