{"im": 221, "res": [{"class": "bird", "prob": 0.9952800273895264, "left": 160.48329162597656, "top": 155.449951171875, "right": 433.546630859375, "bottom": 256.64923095703125}, {"class": "bird", "prob": 0.9880479574203491, "left": 0.0, "top": 166.5152587890625, "right": 133.80621337890625, "bottom": 253.731689453125}, {"class": "bird", "prob": 0.8644673824310303, "left": 36.911643981933594, "top": 178.4161376953125, "right": 92.2994155883789, "bottom": 248.0457763671875}, {"class": "bird", "prob": 0.7604495286941528, "left": 235.23379516601562, "top": 179.02999877929688, "right": 363.2099914550781, "bottom": 236.09921264648438}], "time": 0.989948034286499}
