{"im": 4578, "res": [{"class": "pottedplant", "prob": 0.7644782662391663, "left": 200.003173828125, "top": 95.4042739868164, "right": 384.93316650390625, "bottom": 252.63714599609375}, {"class": "sheep", "prob": 0.5745851397514343, "left": 200.003173828125, "top": 95.4042739868164, "right": 384.93316650390625, "bottom": 252.63714599609375}], "time": 0.8213207721710205}
