{"im": 2414, "res": [{"class": "aeroplane", "prob": 0.9957019686698914, "left": 232.53915405273438, "top": 79.53363800048828, "right": 301.9092712402344, "bottom": 181.889892578125}, {"class": "sofa", "prob": 0.9813802242279053, "left": 173.8355712890625, "top": 83.14112091064453, "right": 399.67486572265625, "bottom": 295.6872863769531}, {"class": "aeroplane", "prob": 0.9064394235610962, "left": 274.01458740234375, "top": 199.60537719726562, "right": 296.3897705078125, "bottom": 236.37417602539062}], "time": 21.46191930770874}
