{"im": 5000, "res": [{"class": "sheep", "prob": 0.9671694040298462, "left": 0.0, "top": 0.0, "right": 329.9192199707031, "bottom": 500.0}], "time": 21.33564019203186}
