{"im": 2118, "res": [{"class": "car", "prob": 0.8780823945999146, "left": 131.40859985351562, "top": 104.10404205322266, "right": 426.1379089355469, "bottom": 253.51425170898438}], "time": 0.8884961605072021}
