{"im": 3520, "res": [{"class": "boat", "prob": 0.9997281432151794, "left": 236.19517517089844, "top": 180.43016052246094, "right": 469.49072265625, "bottom": 333.58868408203125}, {"class": "bird", "prob": 0.9940477609634399, "left": 386.8001403808594, "top": 161.04058837890625, "right": 500.0, "bottom": 243.81231689453125}, {"class": "motorbike", "prob": 0.918542206287384, "left": 0.11353492736816406, "top": 163.10885620117188, "right": 36.92164611816406, "bottom": 226.55850219726562}], "time": 21.506764888763428}
