{"im": 3825, "res": [{"class": "car", "prob": 0.9967030882835388, "left": 186.7246856689453, "top": 0.0, "right": 480.134765625, "bottom": 333.0}, {"class": "aeroplane", "prob": 0.9124687910079956, "left": 403.2062072753906, "top": 94.35266876220703, "right": 465.4450378417969, "bottom": 292.4757385253906}], "time": 22.079869985580444}
