{"im": 2020, "res": [{"class": "tvmonitor", "prob": 0.5204429626464844, "left": 78.68330383300781, "top": 80.16679382324219, "right": 500.0, "bottom": 326.04461669921875}], "time": 0.8395888805389404}
