{"im": 2900, "res": [{"class": "person", "prob": 0.8142920136451721, "left": 8.935455322265625, "top": 0.0, "right": 372.1784362792969, "bottom": 500.0}], "time": 23.06724500656128}
