{"im": 3660, "res": [{"class": "car", "prob": 0.989637017250061, "left": 157.36770629882812, "top": 135.0875244140625, "right": 357.3034973144531, "bottom": 237.60848999023438}, {"class": "car", "prob": 0.7534250020980835, "left": 59.955596923828125, "top": 177.18292236328125, "right": 106.2020263671875, "bottom": 223.67306518554688}], "time": 21.819082975387573}
