{"im": 339, "res": [{"class": "aeroplane", "prob": 0.9996086955070496, "left": 255.12725830078125, "top": 58.72161865234375, "right": 367.811767578125, "bottom": 333.0}, {"class": "aeroplane", "prob": 0.9978539943695068, "left": 189.4061737060547, "top": 94.14669799804688, "right": 289.100341796875, "bottom": 333.0}], "time": 21.6636700630188}
