{"im": 499, "res": [{"class": "aeroplane", "prob": 0.9995789527893066, "left": 107.17620849609375, "top": 16.383407592773438, "right": 375.0, "bottom": 315.70294189453125}], "time": 21.6400408744812}
