{"im": 1960, "res": [{"class": "sheep", "prob": 0.8433935642242432, "left": 104.74365234375, "top": 81.34596252441406, "right": 387.55517578125, "bottom": 342.32470703125}], "time": 21.677768230438232}
