{"im": 1776, "res": [{"class": "bird", "prob": 0.989782452583313, "left": 15.64566421508789, "top": 209.10379028320312, "right": 127.70228576660156, "bottom": 283.02294921875}], "time": 21.71329116821289}
