{"im": 2078, "res": [{"class": "aeroplane", "prob": 0.8370747566223145, "left": 161.69969177246094, "top": 73.44524383544922, "right": 266.30780029296875, "bottom": 322.8936767578125}], "time": 0.8481380939483643}
