{"im": 1041, "res": [{"class": "aeroplane", "prob": 0.881772518157959, "left": 339.89300537109375, "top": 101.9531478881836, "right": 488.05438232421875, "bottom": 330.6324157714844}], "time": 0.8335361480712891}
