{"im": 3294, "res": [{"class": "aeroplane", "prob": 0.9837793707847595, "left": 67.59681701660156, "top": 127.5194091796875, "right": 262.59808349609375, "bottom": 441.623779296875}, {"class": "chair", "prob": 0.709594190120697, "left": 0.0, "top": 273.01055908203125, "right": 329.95074462890625, "bottom": 442.1724853515625}], "time": 23.55949902534485}
