{"im": 4264, "res": [{"class": "pottedplant", "prob": 0.9906396269798279, "left": 28.876739501953125, "top": 47.685638427734375, "right": 299.5213623046875, "bottom": 319.68621826171875}, {"class": "pottedplant", "prob": 0.9911026358604431, "left": 307.3306884765625, "top": 18.011375427246094, "right": 498.36474609375, "bottom": 255.69558715820312}], "time": 24.824644088745117}
