{"im": 300, "res": [{"class": "aeroplane", "prob": 0.9980849623680115, "left": 219.19827270507812, "top": 90.44183349609375, "right": 492.9239807128906, "bottom": 375.0}, {"class": "aeroplane", "prob": 0.9819993376731873, "left": 128.1021728515625, "top": 141.72515869140625, "right": 274.8900451660156, "bottom": 375.0}, {"class": "aeroplane", "prob": 0.9343559741973877, "left": 387.17266845703125, "top": 164.82904052734375, "right": 445.78765869140625, "bottom": 195.80523681640625}], "time": 21.76258087158203}
