{"im": 1651, "res": [{"class": "aeroplane", "prob": 0.9939470291137695, "left": 195.90171813964844, "top": 53.809608459472656, "right": 308.7840576171875, "bottom": 286.9856262207031}, {"class": "aeroplane", "prob": 0.9910151362419128, "left": 119.84894561767578, "top": 26.174880981445312, "right": 258.3795471191406, "bottom": 321.7261962890625}, {"class": "bicycle", "prob": 0.8591450452804565, "left": 131.2115020751953, "top": 146.57847595214844, "right": 210.8207244873047, "bottom": 332.0}, {"class": "bicycle", "prob": 0.5155313014984131, "left": 133.77798461914062, "top": 159.56072998046875, "right": 316.2808837890625, "bottom": 331.46282958984375}], "time": 21.691895008087158}
