{"im": 1934, "res": [{"class": "aeroplane", "prob": 0.9053452610969543, "left": 75.78194427490234, "top": 0.2611656188964844, "right": 120.27259063720703, "bottom": 54.87080764770508}], "time": 21.66512370109558}
