{"im": 4417, "res": [{"class": "aeroplane", "prob": 0.5940650105476379, "left": 211.70733642578125, "top": 113.74557495117188, "right": 273.1013488769531, "bottom": 273.6448974609375}], "time": 1.0851707458496094}
