{"im": 3037, "res": [{"class": "tvmonitor", "prob": 0.9153825044631958, "left": 60.08757019042969, "top": 137.61952209472656, "right": 217.54124450683594, "bottom": 421.78607177734375}], "time": 0.8458578586578369}
