{"im": 1428, "res": [{"class": "person", "prob": 0.9758855700492859, "left": 122.71722412109375, "top": 96.36894989013672, "right": 246.24066162109375, "bottom": 175.16976928710938}, {"class": "person", "prob": 0.9321484565734863, "left": 219.32522583007812, "top": 176.1965789794922, "right": 351.8697204589844, "bottom": 288.4272766113281}, {"class": "person", "prob": 0.8982502222061157, "left": 155.61517333984375, "top": 106.58322143554688, "right": 214.79678344726562, "bottom": 167.40692138671875}, {"class": "person", "prob": 0.8406499028205872, "left": 252.58511352539062, "top": 192.39942932128906, "right": 316.5278625488281, "bottom": 271.1366271972656}], "time": 0.8335280418395996}
