{"im": 4565, "res": [{"class": "pottedplant", "prob": 0.997382402420044, "left": 159.66259765625, "top": 9.148597717285156, "right": 291.06622314453125, "bottom": 248.58172607421875}], "time": 21.571277618408203}
