{"im": 98, "res": [{"class": "pottedplant", "prob": 0.9778599739074707, "left": 6.5550537109375, "top": 43.088714599609375, "right": 324.8594970703125, "bottom": 375.0}], "time": 22.198552131652832}
