{"im": 3086, "res": [{"class": "sheep", "prob": 0.6304776668548584, "left": 76.561767578125, "top": 158.71875, "right": 500.0, "bottom": 359.5177001953125}], "time": 0.8779449462890625}
