{"im": 2684, "res": [{"class": "bus", "prob": 0.999799907207489, "left": 90.86163330078125, "top": 97.4326171875, "right": 452.40069580078125, "bottom": 305.395751953125}, {"class": "aeroplane", "prob": 0.969818651676178, "left": 154.3821563720703, "top": 155.4223175048828, "right": 193.7530975341797, "bottom": 199.20948791503906}, {"class": "bird", "prob": 0.7821261882781982, "left": 481.240478515625, "top": 185.48033142089844, "right": 493.758544921875, "bottom": 204.88291931152344}], "time": 21.471132040023804}
