{"im": 3598, "res": [{"class": "bicycle", "prob": 0.9889228343963623, "left": 40.8698616027832, "top": 208.3625946044922, "right": 127.82658386230469, "bottom": 303.2369079589844}, {"class": "aeroplane", "prob": 0.923413872718811, "left": 84.81144714355469, "top": 150.7042236328125, "right": 132.471435546875, "bottom": 300.52191162109375}], "time": 21.552109003067017}
