{"im": 3661, "res": [{"class": "aeroplane", "prob": 0.9988939762115479, "left": 26.013641357421875, "top": 0.0, "right": 255.0, "bottom": 322.19940185546875}], "time": 21.705464124679565}
