{"im": 990, "res": [{"class": "bird", "prob": 0.976871132850647, "left": 223.9654998779297, "top": 407.2537841796875, "right": 294.883544921875, "bottom": 440.21514892578125}, {"class": "bird", "prob": 0.9743972420692444, "left": 315.32012939453125, "top": 410.0005798339844, "right": 367.524658203125, "bottom": 427.7091369628906}, {"class": "bird", "prob": 0.9529046416282654, "left": 41.803916931152344, "top": 409.74554443359375, "right": 57.86406707763672, "bottom": 428.37701416015625}], "time": 21.08365273475647}
