{"im": 5427, "res": [{"class": "aeroplane", "prob": 0.9892138242721558, "left": 29.470802307128906, "top": 83.37799072265625, "right": 216.3277587890625, "bottom": 333.0}, {"class": "aeroplane", "prob": 0.977902889251709, "left": 139.51852416992188, "top": 131.05885314941406, "right": 301.0828857421875, "bottom": 309.561279296875}, {"class": "aeroplane", "prob": 0.9702996611595154, "left": 261.6568603515625, "top": 131.26031494140625, "right": 494.44830322265625, "bottom": 251.73635864257812}], "time": 21.47632884979248}
