{"im": 464, "res": [{"class": "aeroplane", "prob": 0.9857699871063232, "left": 343.3212890625, "top": 63.67869567871094, "right": 444.7596435546875, "bottom": 373.15838623046875}, {"class": "aeroplane", "prob": 0.8065438270568848, "left": 254.32081604003906, "top": 51.5897216796875, "right": 327.9248352050781, "bottom": 369.6078796386719}, {"class": "aeroplane", "prob": 0.6881481409072876, "left": 54.36332702636719, "top": 92.90299224853516, "right": 149.13189697265625, "bottom": 343.70660400390625}], "time": 0.8793189525604248}
