{"im": 3058, "res": [{"class": "pottedplant", "prob": 0.7725724577903748, "left": 15.274215698242188, "top": 35.942054748535156, "right": 331.62225341796875, "bottom": 254.7779541015625}, {"class": "sheep", "prob": 0.5147503018379211, "left": 15.274215698242188, "top": 35.942054748535156, "right": 331.62225341796875, "bottom": 254.7779541015625}, {"class": "aeroplane", "prob": 0.97518390417099, "left": 126.65282440185547, "top": 0.0, "right": 282.0086975097656, "bottom": 78.22390747070312}], "time": 23.503984928131104}
