{"im": 4585, "res": [{"class": "bird", "prob": 0.997769832611084, "left": 200.0167236328125, "top": 255.82666015625, "right": 313.967529296875, "bottom": 344.49578857421875}], "time": 21.452549934387207}
