{"im": 3747, "res": [{"class": "pottedplant", "prob": 0.9619548320770264, "left": 18.064208984375, "top": 120.4820785522461, "right": 483.5932312011719, "bottom": 314.1394348144531}], "time": 21.682095050811768}
