{"im": 3161, "res": [{"class": "car", "prob": 0.5825861096382141, "left": 0.0, "top": 102.50997924804688, "right": 467.07275390625, "bottom": 233.35986328125}], "time": 0.8614859580993652}
