{"im": 2581, "res": [{"class": "bottle", "prob": 0.9998346567153931, "left": 0.0, "top": 51.546180725097656, "right": 485.75189208984375, "bottom": 230.14178466796875}], "time": 21.42643713951111}
