{"im": 2975, "res": [{"class": "bottle", "prob": 0.9996867179870605, "left": 0.0, "top": 54.513275146484375, "right": 495.2899169921875, "bottom": 229.60952758789062}], "time": 21.580537796020508}
