{"im": 380, "res": [{"class": "aeroplane", "prob": 0.80595463514328, "left": 25.374664306640625, "top": 64.57731628417969, "right": 368.8285217285156, "bottom": 321.74072265625}], "time": 21.992441177368164}
