{"im": 87, "res": [{"class": "sheep", "prob": 0.6159032583236694, "left": 29.627853393554688, "top": 18.411651611328125, "right": 461.41009521484375, "bottom": 292.9822082519531}], "time": 21.48401403427124}
