{"im": 528, "res": [{"class": "aeroplane", "prob": 0.7489871382713318, "left": 49.53386688232422, "top": 64.46574401855469, "right": 174.0758056640625, "bottom": 500.0}], "time": 0.906231164932251}
