{"im": 1174, "res": [{"class": "train", "prob": 0.6888185739517212, "left": 80.29916381835938, "top": 125.52861785888672, "right": 401.1251220703125, "bottom": 332.3468017578125}], "time": 0.8706729412078857}
