{"im": 1748, "res": [{"class": "bird", "prob": 0.7856793999671936, "left": 39.10297393798828, "top": 92.97354888916016, "right": 85.76848602294922, "bottom": 115.0311508178711}], "time": 0.9059181213378906}
