{"im": 1010, "res": [{"class": "aeroplane", "prob": 0.6967744827270508, "left": 296.6146545410156, "top": 84.5023193359375, "right": 475.3492736816406, "bottom": 347.03857421875}], "time": 0.8983170986175537}
