{"im": 5289, "res": [{"class": "pottedplant", "prob": 0.5664703845977783, "left": 154.6627960205078, "top": 37.18736267089844, "right": 428.27752685546875, "bottom": 409.28558349609375}], "time": 0.8566901683807373}
