{"im": 4932, "res": [{"class": "train", "prob": 0.9863366484642029, "left": 167.51837158203125, "top": 138.2795867919922, "right": 359.01568603515625, "bottom": 292.70501708984375}], "time": 1.032499074935913}
