{"im": 3002, "res": [{"class": "tvmonitor", "prob": 0.6243113875389099, "left": 2.1177978515625, "top": 67.09394836425781, "right": 285.8451843261719, "bottom": 333.0}], "time": 0.8695449829101562}
