{"im": 2477, "res": [{"class": "pottedplant", "prob": 0.9314015507698059, "left": 91.44627380371094, "top": 0.0, "right": 459.1524658203125, "bottom": 334.0}], "time": 21.41959500312805}
