{"im": 5232, "res": [{"class": "sheep", "prob": 0.993895411491394, "left": 211.7842559814453, "top": 136.65077209472656, "right": 427.0185546875, "bottom": 269.712158203125}], "time": 21.517415761947632}
