{"im": 3227, "res": [{"class": "pottedplant", "prob": 0.9019647836685181, "left": 12.444961547851562, "top": 188.00433349609375, "right": 320.988037109375, "bottom": 426.99334716796875}], "time": 21.664160013198853}
