{"im": 4586, "res": [{"class": "aeroplane", "prob": 0.9997840523719788, "left": 235.36956787109375, "top": 67.90054321289062, "right": 483.92803955078125, "bottom": 369.66229248046875}, {"class": "aeroplane", "prob": 0.9956830739974976, "left": 24.847091674804688, "top": 66.37374877929688, "right": 299.75640869140625, "bottom": 372.3833923339844}], "time": 21.462588787078857}
