{"im": 5429, "res": [{"class": "bottle", "prob": 0.9247593879699707, "left": 145.88763427734375, "top": 195.82943725585938, "right": 201.302001953125, "bottom": 209.39349365234375}], "time": 21.459038972854614}
