{"im": 5478, "res": [{"class": "tvmonitor", "prob": 0.9700990319252014, "left": 75.44367218017578, "top": 184.503173828125, "right": 253.9892578125, "bottom": 408.09442138671875}], "time": 0.957503080368042}
