{"im": 4472, "res": [{"class": "bus", "prob": 0.8452854156494141, "left": 11.653121948242188, "top": 76.60406494140625, "right": 499.93829345703125, "bottom": 273.0918884277344}], "time": 1.0273511409759521}
