{"im": 500, "res": [{"class": "aeroplane", "prob": 0.9962733387947083, "left": 2.5384292602539062, "top": 64.91166687011719, "right": 250.80929565429688, "bottom": 373.4432373046875}, {"class": "aeroplane", "prob": 0.9991089105606079, "left": 186.3854522705078, "top": 94.851806640625, "right": 459.822998046875, "bottom": 375.0}], "time": 21.687340021133423}
