{"im": 2351, "res": [{"class": "aeroplane", "prob": 0.5682675242424011, "left": 25.110069274902344, "top": 0.996978759765625, "right": 171.79022216796875, "bottom": 60.30282211303711}], "time": 0.8344519138336182}
