{"im": 4652, "res": [{"class": "aeroplane", "prob": 0.9984404444694519, "left": 39.13890075683594, "top": 33.60955810546875, "right": 500.0, "bottom": 469.0}, {"class": "sheep", "prob": 0.9191063046455383, "left": 78.25348663330078, "top": 10.525245666503906, "right": 214.16152954101562, "bottom": 234.99853515625}], "time": 21.409719944000244}
