{"im": 3665, "res": [{"class": "person", "prob": 0.9414560794830322, "left": 242.14515686035156, "top": 144.84288024902344, "right": 301.9030456542969, "bottom": 175.62123107910156}], "time": 21.5275399684906}
