{"im": 2044, "res": [{"class": "aeroplane", "prob": 0.5673885941505432, "left": 232.53150939941406, "top": 62.26285934448242, "right": 335.6924133300781, "bottom": 180.06893920898438}, {"class": "sofa", "prob": 0.5440500974655151, "left": 171.8837127685547, "top": 88.46644592285156, "right": 394.82598876953125, "bottom": 239.64906311035156}], "time": 0.847663164138794}
