{"im": 4928, "res": [{"class": "aeroplane", "prob": 0.7600126266479492, "left": 5.0272369384765625, "top": 62.886474609375, "right": 279.88916015625, "bottom": 375.0}], "time": 1.1540920734405518}
