{"im": 2066, "res": [{"class": "boat", "prob": 0.9990051984786987, "left": 244.5321807861328, "top": 168.31536865234375, "right": 392.1163330078125, "bottom": 324.2035217285156}, {"class": "cat", "prob": 0.8832035660743713, "left": 203.96798706054688, "top": 116.05243682861328, "right": 246.1585693359375, "bottom": 142.78634643554688}, {"class": "aeroplane", "prob": 0.9941854476928711, "left": 269.2582092285156, "top": 110.14324951171875, "right": 351.0093078613281, "bottom": 285.9085693359375}], "time": 21.674605131149292}
