{"im": 4803, "res": [{"class": "boat", "prob": 0.8192347884178162, "left": 199.1219940185547, "top": 32.30609130859375, "right": 500.0, "bottom": 341.44427490234375}], "time": 21.456852197647095}
