{"im": 1081, "res": [{"class": "aeroplane", "prob": 0.7658147811889648, "left": 10.738395690917969, "top": 92.48777770996094, "right": 83.76326751708984, "bottom": 300.009033203125}, {"class": "aeroplane", "prob": 0.6780701875686646, "left": 91.06637573242188, "top": 82.2520523071289, "right": 156.89755249023438, "bottom": 278.0182189941406}, {"class": "aeroplane", "prob": 0.635004997253418, "left": 207.4845428466797, "top": 111.45680236816406, "right": 288.8822326660156, "bottom": 285.45703125}], "time": 0.9041180610656738}
