{"im": 4546, "res": [{"class": "aeroplane", "prob": 0.9139868021011353, "left": 342.46630859375, "top": 27.31817626953125, "right": 364.9825439453125, "bottom": 89.83917236328125}], "time": 1.2326679229736328}
