{"im": 4802, "res": [{"class": "pottedplant", "prob": 0.9993512034416199, "left": 102.93646240234375, "top": 109.59646606445312, "right": 378.6205749511719, "bottom": 220.56903076171875}, {"class": "pottedplant", "prob": 0.5725075006484985, "left": 44.78582763671875, "top": 74.60419464111328, "right": 417.45379638671875, "bottom": 258.5534362792969}], "time": 21.39230513572693}
