{"im": 1160, "res": [{"class": "sofa", "prob": 0.9978896379470825, "left": 94.85638427734375, "top": 124.13072204589844, "right": 266.8323059082031, "bottom": 424.1015625}, {"class": "aeroplane", "prob": 0.7761354446411133, "left": 131.07696533203125, "top": 36.559959411621094, "right": 216.36981201171875, "bottom": 286.073486328125}], "time": 21.084547996520996}
