{"im": 1418, "res": [{"class": "sofa", "prob": 0.999721348285675, "left": 5.1336669921875, "top": 44.280914306640625, "right": 488.9277038574219, "bottom": 428.0}, {"class": "aeroplane", "prob": 0.9974613189697266, "left": 371.602783203125, "top": 126.29227447509766, "right": 485.120849609375, "bottom": 361.0868835449219}], "time": 21.639981985092163}
