{"im": 3205, "res": [{"class": "car", "prob": 0.9942290782928467, "left": 5.1104888916015625, "top": 184.74781799316406, "right": 213.17193603515625, "bottom": 353.08111572265625}, {"class": "cow", "prob": 0.8403463959693909, "left": 223.1864013671875, "top": 242.61770629882812, "right": 231.37570190429688, "bottom": 253.09246826171875}, {"class": "aeroplane", "prob": 0.7565274834632874, "left": 183.6719207763672, "top": 290.93603515625, "right": 192.44456481933594, "bottom": 311.896728515625}, {"class": "aeroplane", "prob": 0.528346598148346, "left": 242.0451202392578, "top": 294.4682922363281, "right": 248.91908264160156, "bottom": 314.1852111816406}], "time": 22.449655055999756}
