{"im": 1416, "res": [{"class": "bird", "prob": 0.9929248094558716, "left": 372.37921142578125, "top": 142.4403533935547, "right": 482.30511474609375, "bottom": 176.7368927001953}, {"class": "aeroplane", "prob": 0.9912381768226624, "left": 225.61264038085938, "top": 13.298614501953125, "right": 390.0956115722656, "bottom": 200.36239624023438}, {"class": "aeroplane", "prob": 0.8635548949241638, "left": 206.6662139892578, "top": 172.7532958984375, "right": 448.8349609375, "bottom": 375.0}], "time": 21.664807081222534}
