{"im": 2256, "res": [{"class": "person", "prob": 0.8867689371109009, "left": 300.93084716796875, "top": 128.78329467773438, "right": 421.449951171875, "bottom": 187.29244995117188}], "time": 21.437982082366943}
