{"im": 1522, "res": [{"class": "sheep", "prob": 0.9713343381881714, "left": 126.73513793945312, "top": 0.0, "right": 432.2874450683594, "bottom": 343.198486328125}], "time": 21.693788051605225}
