{"im": 2929, "res": [{"class": "bottle", "prob": 0.9511674642562866, "left": 42.56181335449219, "top": 79.16583251953125, "right": 456.9432373046875, "bottom": 263.85400390625}, {"class": "bottle", "prob": 0.9337460994720459, "left": 10.426193237304688, "top": 24.33397674560547, "right": 313.58837890625, "bottom": 154.25448608398438}], "time": 21.613933086395264}
