{"im": 5224, "res": [{"class": "person", "prob": 0.7902489304542542, "left": 108.66535949707031, "top": 88.31941986083984, "right": 390.623779296875, "bottom": 332.2153625488281}], "time": 0.8713200092315674}
