{"im": 2676, "res": [{"class": "train", "prob": 0.7331821322441101, "left": 237.98130798339844, "top": 28.189132690429688, "right": 455.550537109375, "bottom": 331.50079345703125}, {"class": "train", "prob": 0.6759389042854309, "left": 80.2737045288086, "top": 34.68565368652344, "right": 254.35467529296875, "bottom": 384.21673583984375}, {"class": "train", "prob": 0.8545479774475098, "left": 164.419189453125, "top": 30.863815307617188, "right": 271.7167053222656, "bottom": 375.65411376953125}], "time": 21.48553705215454}
