{"im": 611, "res": [{"class": "sheep", "prob": 0.9892691373825073, "left": 291.08203125, "top": 60.13933181762695, "right": 455.4837646484375, "bottom": 183.48692321777344}, {"class": "tvmonitor", "prob": 0.7818887233734131, "left": 12.430755615234375, "top": 70.71530151367188, "right": 288.077392578125, "bottom": 346.17218017578125}], "time": 24.364663124084473}
