{"im": 2769, "res": [{"class": "cat", "prob": 0.8925483226776123, "left": 110.94778442382812, "top": 118.64125061035156, "right": 409.2414245605469, "bottom": 272.934326171875}], "time": 0.8716049194335938}
