{"im": 2565, "res": [{"class": "bus", "prob": 0.9996560215950012, "left": 64.55018615722656, "top": 71.90599060058594, "right": 441.13641357421875, "bottom": 306.1114501953125}, {"class": "bus", "prob": 0.9753190279006958, "left": 423.3367004394531, "top": 138.89186096191406, "right": 474.7309265136719, "bottom": 229.1255340576172}, {"class": "aeroplane", "prob": 0.9737434387207031, "left": 38.37704849243164, "top": 187.50929260253906, "right": 51.21859359741211, "bottom": 230.56907653808594}, {"class": "bus", "prob": 0.8410986065864563, "left": 0.6976280212402344, "top": 163.48126220703125, "right": 45.38560104370117, "bottom": 231.5643310546875}], "time": 21.480479955673218}
