{"im": 5594, "res": [{"class": "tvmonitor", "prob": 0.7151764035224915, "left": 54.23402404785156, "top": 20.688858032226562, "right": 500.0, "bottom": 370.800048828125}], "time": 21.13472890853882}
