{"im": 1726, "res": [{"class": "bottle", "prob": 0.9897866249084473, "left": 0.0, "top": 117.17192840576172, "right": 480.41064453125, "bottom": 262.1219787597656}, {"class": "bottle", "prob": 0.9596144556999207, "left": 359.50189208984375, "top": 49.42469787597656, "right": 500.0, "bottom": 111.0008544921875}, {"class": "bottle", "prob": 0.7238851189613342, "left": 211.2730712890625, "top": 51.88263702392578, "right": 276.9891662597656, "bottom": 76.14786529541016}], "time": 21.672729015350342}
