{"im": 5257, "res": [{"class": "bird", "prob": 0.9128486514091492, "left": 371.92779541015625, "top": 305.09478759765625, "right": 500.0, "bottom": 360.6883544921875}, {"class": "bird", "prob": 0.9057064056396484, "left": 409.60931396484375, "top": 309.4288024902344, "right": 460.24383544921875, "bottom": 352.0175476074219}], "time": 0.8399372100830078}
