{"im": 577, "res": [{"class": "pottedplant", "prob": 0.9600558876991272, "left": 154.82241821289062, "top": 0.0, "right": 343.090576171875, "bottom": 375.0}], "time": 21.635807991027832}
