{"im": 1802, "res": [{"class": "pottedplant", "prob": 0.9743406772613525, "left": 46.907318115234375, "top": 0.0, "right": 456.9530334472656, "bottom": 340.3276062011719}], "time": 21.659507989883423}
