{"im": 817, "res": [{"class": "bottle", "prob": 0.9857141971588135, "left": 10.536727905273438, "top": 109.78095245361328, "right": 491.17669677734375, "bottom": 263.5897216796875}], "time": 22.1013081073761}
