{"im": 4934, "res": [{"class": "sheep", "prob": 0.8603289127349854, "left": 198.25193786621094, "top": 153.44888305664062, "right": 301.627197265625, "bottom": 234.82858276367188}], "time": 21.46457290649414}
