{"im": 4932, "res": [{"class": "train", "prob": 0.9954952001571655, "left": 167.5411834716797, "top": 134.89122009277344, "right": 354.96612548828125, "bottom": 298.11956787109375}], "time": 21.458904027938843}
