{"im": 5551, "res": [{"class": "person", "prob": 0.5839122533798218, "left": 195.47125244140625, "top": 101.3459243774414, "right": 330.18438720703125, "bottom": 328.87225341796875}], "time": 0.9671919345855713}
