{"im": 5385, "res": [{"class": "tvmonitor", "prob": 0.9434857964515686, "left": 137.34481811523438, "top": 105.20085144042969, "right": 433.6606140136719, "bottom": 312.8507080078125}], "time": 0.8437821865081787}
