{"im": 241, "res": [{"class": "person", "prob": 0.669335663318634, "left": 217.10479736328125, "top": 149.66506958007812, "right": 256.4239196777344, "bottom": 243.2578125}], "time": 0.9986047744750977}
