{"im": 4114, "res": [{"class": "pottedplant", "prob": 0.9935668706893921, "left": 163.76564025878906, "top": 183.5741424560547, "right": 283.19927978515625, "bottom": 310.5899963378906}, {"class": "aeroplane", "prob": 0.5939562320709229, "left": 0.0, "top": 76.84770202636719, "right": 59.56092071533203, "bottom": 481.914306640625}], "time": 21.678794860839844}
