{"im": 1603, "res": [{"class": "boat", "prob": 0.586320698261261, "left": 98.44300079345703, "top": 93.65176391601562, "right": 263.54547119140625, "bottom": 317.6226501464844}], "time": 1.1585469245910645}
