{"im": 996, "res": [{"class": "aeroplane", "prob": 0.8943149447441101, "left": 93.23552703857422, "top": 124.00675201416016, "right": 331.6181640625, "bottom": 375.0}], "time": 1.1144399642944336}
