{"im": 712, "res": [{"class": "aeroplane", "prob": 0.6082029342651367, "left": 362.59661865234375, "top": 27.92108154296875, "right": 500.0, "bottom": 356.2380065917969}, {"class": "aeroplane", "prob": 0.5913180708885193, "left": 216.85903930664062, "top": 112.91283416748047, "right": 426.0881042480469, "bottom": 362.8504333496094}], "time": 0.8289182186126709}
