{"im": 3733, "res": [{"class": "bus", "prob": 0.9997060298919678, "left": 101.83723449707031, "top": 62.34843444824219, "right": 408.7916259765625, "bottom": 294.69097900390625}, {"class": "aeroplane", "prob": 0.9852132201194763, "left": 306.8952331542969, "top": 147.383056640625, "right": 345.8269958496094, "bottom": 182.83746337890625}, {"class": "aeroplane", "prob": 0.9552236199378967, "left": 85.00650024414062, "top": 169.54981994628906, "right": 103.9752197265625, "bottom": 220.92723083496094}, {"class": "cat", "prob": 0.7552382946014404, "left": 0.0, "top": 107.0044937133789, "right": 75.82731628417969, "bottom": 256.28314208984375}], "time": 21.52210283279419}
