{"im": 1761, "res": [{"class": "bottle", "prob": 0.9995507597923279, "left": 0.0, "top": 97.23765563964844, "right": 493.50860595703125, "bottom": 252.2731170654297}], "time": 21.602662801742554}
