{"im": 289, "res": [{"class": "aeroplane", "prob": 0.6094822287559509, "left": 284.0017395019531, "top": 300.7337341308594, "right": 303.4361267089844, "bottom": 328.9458923339844}], "time": 0.9490687847137451}
