{"im": 2318, "res": [{"class": "person", "prob": 0.9978613257408142, "left": 15.15533447265625, "top": 72.767578125, "right": 382.6390686035156, "bottom": 329.6573486328125}], "time": 21.451267957687378}
