{"im": 793, "res": [{"class": "aeroplane", "prob": 0.9988811612129211, "left": 198.99635314941406, "top": 56.720703125, "right": 463.541015625, "bottom": 334.0}, {"class": "aeroplane", "prob": 0.9948623776435852, "left": 0.0, "top": 78.06922912597656, "right": 229.86099243164062, "bottom": 334.0}], "time": 21.809223175048828}
