{"im": 4182, "res": [{"class": "sheep", "prob": 0.9672137498855591, "left": 136.76486206054688, "top": 39.301422119140625, "right": 318.5565185546875, "bottom": 306.686767578125}, {"class": "cow", "prob": 0.5773822665214539, "left": 3.150655746459961, "top": 209.66830444335938, "right": 17.70826530456543, "bottom": 230.25436401367188}], "time": 21.740650177001953}
