{"im": 3988, "res": [{"class": "bus", "prob": 0.9983571767807007, "left": 7.728157043457031, "top": 52.593994140625, "right": 202.73284912109375, "bottom": 263.8627014160156}, {"class": "bus", "prob": 0.950663149356842, "left": 204.87960815429688, "top": 85.39559173583984, "right": 367.6369934082031, "bottom": 234.98526000976562}, {"class": "bus", "prob": 0.9423786401748657, "left": 364.7399597167969, "top": 94.13948822021484, "right": 471.5982360839844, "bottom": 229.18905639648438}, {"class": "bus", "prob": 0.7394297122955322, "left": 392.63494873046875, "top": 113.32862854003906, "right": 441.94683837890625, "bottom": 209.08436584472656}], "time": 1.0764169692993164}
