{"im": 4401, "res": [{"class": "bottle", "prob": 0.98958820104599, "left": 0.0, "top": 48.08989715576172, "right": 500.0, "bottom": 190.78399658203125}], "time": 21.346445083618164}
