{"im": 1554, "res": [{"class": "sofa", "prob": 0.8673364520072937, "left": 147.59652709960938, "top": 5.2047271728515625, "right": 499.5933532714844, "bottom": 313.98028564453125}, {"class": "sofa", "prob": 0.9537151455879211, "left": 43.599945068359375, "top": 22.439865112304688, "right": 348.6189880371094, "bottom": 354.72711181640625}], "time": 21.796165227890015}
