{"im": 4422, "res": [{"class": "aeroplane", "prob": 0.8787094354629517, "left": 14.913711547851562, "top": 64.9945068359375, "right": 143.59219360351562, "bottom": 435.49859619140625}, {"class": "sheep", "prob": 0.5590031147003174, "left": 202.41188049316406, "top": 328.5752258300781, "right": 261.352294921875, "bottom": 419.8214416503906}], "time": 0.9214081764221191}
