{"im": 5407, "res": [{"class": "train", "prob": 0.8284767270088196, "left": 243.8040313720703, "top": 246.92422485351562, "right": 406.499267578125, "bottom": 338.3515930175781}, {"class": "train", "prob": 0.8084959983825684, "left": 188.81520080566406, "top": 127.37659454345703, "right": 457.7457275390625, "bottom": 349.4878845214844}, {"class": "train", "prob": 0.6417856216430664, "left": 286.9423828125, "top": 255.87118530273438, "right": 355.926513671875, "bottom": 327.4475402832031}], "time": 0.8659000396728516}
