{"im": 2795, "res": [{"class": "aeroplane", "prob": 0.9964714050292969, "left": 44.87060546875, "top": 105.02890014648438, "right": 260.9696350097656, "bottom": 500.0}, {"class": "aeroplane", "prob": 0.9712714552879333, "left": 260.7076416015625, "top": 224.155517578125, "right": 373.056884765625, "bottom": 491.4521484375}, {"class": "aeroplane", "prob": 0.8289613723754883, "left": 0.0, "top": 350.79986572265625, "right": 71.16846466064453, "bottom": 497.1829833984375}], "time": 21.623151063919067}
