{"im": 858, "res": [{"class": "bird", "prob": 0.9930962324142456, "left": 286.3738098144531, "top": 77.59895324707031, "right": 399.0041198730469, "bottom": 174.229736328125}, {"class": "aeroplane", "prob": 0.9993634819984436, "left": 196.71856689453125, "top": 69.93983459472656, "right": 294.01483154296875, "bottom": 232.73191833496094}, {"class": "boat", "prob": 0.9921672344207764, "left": 110.77301025390625, "top": 142.8811798095703, "right": 301.8404846191406, "bottom": 272.13995361328125}], "time": 22.744213104248047}
