{"im": 1902, "res": [{"class": "aeroplane", "prob": 0.9941908121109009, "left": 190.14633178710938, "top": 60.746307373046875, "right": 326.8211975097656, "bottom": 199.76913452148438}, {"class": "boat", "prob": 0.9630160331726074, "left": 0.7327728271484375, "top": 96.13363647460938, "right": 477.3131103515625, "bottom": 418.1965026855469}, {"class": "aeroplane", "prob": 0.6770086884498596, "left": 122.22069549560547, "top": 45.94831085205078, "right": 220.17050170898438, "bottom": 235.27029418945312}], "time": 21.751999855041504}
