{"im": 5314, "res": [{"class": "aeroplane", "prob": 0.6485174894332886, "left": 141.9933624267578, "top": 104.37986755371094, "right": 356.17254638671875, "bottom": 371.35546875}], "time": 0.9867968559265137}
