{"im": 3143, "res": [{"class": "bus", "prob": 0.9445255398750305, "left": 55.62660217285156, "top": 138.4470672607422, "right": 419.69140625, "bottom": 295.40460205078125}], "time": 1.1934328079223633}
