{"im": 2548, "res": [{"class": "tvmonitor", "prob": 0.9969558119773865, "left": 268.3852233886719, "top": 58.64671325683594, "right": 433.6572570800781, "bottom": 320.44268798828125}], "time": 21.475298166275024}
