{"im": 2250, "res": [{"class": "car", "prob": 0.9562677145004272, "left": 96.17972564697266, "top": 113.28690338134766, "right": 231.2452392578125, "bottom": 225.663330078125}, {"class": "car", "prob": 0.8480889797210693, "left": 125.4194107055664, "top": 125.73946380615234, "right": 195.22879028320312, "bottom": 212.59170532226562}], "time": 0.8363587856292725}
