{"im": 3697, "res": [{"class": "aeroplane", "prob": 0.9966912269592285, "left": 219.6728057861328, "top": 40.81718444824219, "right": 312.15411376953125, "bottom": 336.4814453125}, {"class": "aeroplane", "prob": 0.9846357703208923, "left": 267.628662109375, "top": 18.005966186523438, "right": 428.29876708984375, "bottom": 368.48138427734375}, {"class": "aeroplane", "prob": 0.99095618724823, "left": 171.7923126220703, "top": 32.86814880371094, "right": 231.4033660888672, "bottom": 231.2316131591797}], "time": 21.51188087463379}
