{"im": 3653, "res": [{"class": "bottle", "prob": 0.9963870644569397, "left": 127.97570037841797, "top": 124.6370849609375, "right": 330.3410949707031, "bottom": 209.46676635742188}], "time": 21.531891345977783}
