{"im": 1640, "res": [{"class": "aeroplane", "prob": 0.6808573007583618, "left": 235.92808532714844, "top": 157.87095642089844, "right": 243.64817810058594, "bottom": 167.54042053222656}, {"class": "car", "prob": 0.6623624563217163, "left": 185.94386291503906, "top": 129.75112915039062, "right": 313.32379150390625, "bottom": 206.60848999023438}, {"class": "car", "prob": 0.5301298499107361, "left": 12.980926513671875, "top": 24.170867919921875, "right": 286.6484375, "bottom": 302.50640869140625}], "time": 21.72062087059021}
