{"im": 5105, "res": [{"class": "person", "prob": 0.7752581238746643, "left": 162.46826171875, "top": 218.85302734375, "right": 209.66665649414062, "bottom": 250.64990234375}, {"class": "person", "prob": 0.6067624688148499, "left": 147.91900634765625, "top": 199.37042236328125, "right": 220.59259033203125, "bottom": 272.9937744140625}, {"class": "person", "prob": 0.537177562713623, "left": 167.76748657226562, "top": 211.04856872558594, "right": 198.87240600585938, "bottom": 262.1727294921875}], "time": 0.8703539371490479}
