{"im": 3034, "res": [{"class": "aeroplane", "prob": 0.9960518479347229, "left": 246.7611083984375, "top": 294.3165588378906, "right": 259.03997802734375, "bottom": 318.5898742675781}], "time": 21.667404174804688}
