{"im": 3232, "res": [{"class": "bus", "prob": 0.9968386292457581, "left": 32.03636169433594, "top": 26.601959228515625, "right": 479.36273193359375, "bottom": 315.2684020996094}, {"class": "bird", "prob": 0.7198390364646912, "left": 485.556640625, "top": 218.15811157226562, "right": 500.0, "bottom": 252.6612548828125}], "time": 21.723299741744995}
