{"im": 687, "res": [{"class": "aeroplane", "prob": 0.9998553395271301, "left": 0.0, "top": 82.87745666503906, "right": 114.5777587890625, "bottom": 356.07415771484375}, {"class": "bicycle", "prob": 0.7298496961593628, "left": 361.0633239746094, "top": 314.5589904785156, "right": 374.8787536621094, "bottom": 384.0263977050781}, {"class": "bird", "prob": 0.7007375955581665, "left": 1.0899410247802734, "top": 105.83500671386719, "right": 52.32975769042969, "bottom": 149.26177978515625}, {"class": "bird", "prob": 0.6166720986366272, "left": 191.6328887939453, "top": 131.55799865722656, "right": 284.1600646972656, "bottom": 179.9414825439453}], "time": 21.719053030014038}
