{"im": 4055, "res": [{"class": "sheep", "prob": 0.9872702956199646, "left": 139.93255615234375, "top": 85.2687759399414, "right": 321.1414794921875, "bottom": 321.8340148925781}], "time": 21.677422046661377}
