{"im": 219, "res": [{"class": "aeroplane", "prob": 0.9967020750045776, "left": 162.26943969726562, "top": 126.63088989257812, "right": 329.1147766113281, "bottom": 243.60647583007812}, {"class": "aeroplane", "prob": 0.862018883228302, "left": 128.7475128173828, "top": 110.704833984375, "right": 217.2650604248047, "bottom": 226.09579467773438}], "time": 21.495795965194702}
