{"im": 2089, "res": [{"class": "person", "prob": 0.8557553291320801, "left": 125.6753921508789, "top": 42.01025390625, "right": 355.3865661621094, "bottom": 306.0}], "time": 0.8713479042053223}
