{"im": 5579, "res": [{"class": "sheep", "prob": 0.8727027773857117, "left": 3.472198486328125, "top": 17.628753662109375, "right": 464.0257873535156, "bottom": 360.0}], "time": 21.154372930526733}
