{"im": 4621, "res": [{"class": "tvmonitor", "prob": 0.7122397422790527, "left": 173.90602111816406, "top": 60.30145263671875, "right": 216.95664978027344, "bottom": 87.39569091796875}], "time": 21.421828985214233}
