{"im": 3308, "res": [{"class": "aeroplane", "prob": 0.897490918636322, "left": 126.21162414550781, "top": 8.100982666015625, "right": 427.3504638671875, "bottom": 374.7656555175781}, {"class": "aeroplane", "prob": 0.7798259854316711, "left": 0.0, "top": 263.1618347167969, "right": 122.41739654541016, "bottom": 391.6596984863281}, {"class": "aeroplane", "prob": 0.5375452041625977, "left": 437.84405517578125, "top": 257.846923828125, "right": 498.69525146484375, "bottom": 384.86639404296875}], "time": 21.818049907684326}
