{"im": 3866, "res": [{"class": "aeroplane", "prob": 0.8596844673156738, "left": 89.75989532470703, "top": 54.606475830078125, "right": 238.29635620117188, "bottom": 319.17572021484375}, {"class": "aeroplane", "prob": 0.6953019499778748, "left": 13.220292091369629, "top": 100.04352569580078, "right": 37.30759811401367, "bottom": 141.96368408203125}, {"class": "aeroplane", "prob": 0.5281416773796082, "left": 218.7912139892578, "top": 18.797988891601562, "right": 382.8245849609375, "bottom": 356.77630615234375}], "time": 0.8469152450561523}
