{"im": 3854, "res": [{"class": "pottedplant", "prob": 0.6743177175521851, "left": 137.8723907470703, "top": 159.46800231933594, "right": 288.78411865234375, "bottom": 287.287841796875}, {"class": "pottedplant", "prob": 0.6305544972419739, "left": 175.87014770507812, "top": 180.47096252441406, "right": 230.01141357421875, "bottom": 259.54888916015625}], "time": 0.8524439334869385}
