{"im": 2772, "res": [{"class": "tvmonitor", "prob": 0.996256947517395, "left": 115.99501037597656, "top": 114.80538177490234, "right": 240.0859832763672, "bottom": 309.72320556640625}, {"class": "tvmonitor", "prob": 0.7368711233139038, "left": 210.53736877441406, "top": 178.4649200439453, "right": 240.9987335205078, "bottom": 227.0459747314453}], "time": 21.49344301223755}
