{"im": 3652, "res": [{"class": "pottedplant", "prob": 0.9725172519683838, "left": 308.2138671875, "top": 47.532318115234375, "right": 490.12872314453125, "bottom": 333.6123962402344}], "time": 21.549280643463135}
