{"im": 5257, "res": [{"class": "bird", "prob": 0.9809762239456177, "left": 368.4203186035156, "top": 308.7179870605469, "right": 493.4929504394531, "bottom": 351.1112976074219}, {"class": "bird", "prob": 0.9579501748085022, "left": 194.76333618164062, "top": 313.72137451171875, "right": 222.75408935546875, "bottom": 346.89801025390625}], "time": 21.60867214202881}
