{"im": 1635, "res": [{"class": "pottedplant", "prob": 0.5715556144714355, "left": 185.10897827148438, "top": 67.68577575683594, "right": 321.3526916503906, "bottom": 144.29063415527344}], "time": 21.677910089492798}
