{"im": 4625, "res": [{"class": "person", "prob": 0.9966248869895935, "left": 80.25595092773438, "top": 65.84086608886719, "right": 353.4499816894531, "bottom": 279.0699462890625}], "time": 21.404592990875244}
