{"im": 1480, "res": [{"class": "bicycle", "prob": 0.5437211990356445, "left": 42.471893310546875, "top": 113.12417602539062, "right": 462.5523681640625, "bottom": 342.63641357421875}], "time": 0.8487730026245117}
