{"im": 4525, "res": [{"class": "bird", "prob": 0.7313096523284912, "left": 0.0, "top": 80.57278442382812, "right": 37.17033767700195, "bottom": 98.51371765136719}, {"class": "aeroplane", "prob": 0.7315661907196045, "left": 70.15753173828125, "top": 79.78382110595703, "right": 79.09468078613281, "bottom": 89.43012237548828}], "time": 21.40111207962036}
