{"im": 4356, "res": [{"class": "bird", "prob": 0.5802581310272217, "left": 194.77932739257812, "top": 105.40259552001953, "right": 471.2870178222656, "bottom": 231.1121826171875}], "time": 0.8785381317138672}
