{"im": 4742, "res": [{"class": "bus", "prob": 0.5591078400611877, "left": 42.320953369140625, "top": 69.03813171386719, "right": 500.0, "bottom": 351.5693359375}, {"class": "aeroplane", "prob": 0.5083170533180237, "left": 171.12464904785156, "top": 196.08766174316406, "right": 203.8881378173828, "bottom": 219.98814392089844}], "time": 0.8703708648681641}
