{"im": 4801, "res": [{"class": "aeroplane", "prob": 0.9861930012702942, "left": 178.1158447265625, "top": 39.90467834472656, "right": 479.25994873046875, "bottom": 346.0}, {"class": "aeroplane", "prob": 0.9884341359138489, "left": 21.22364044189453, "top": 40.09760284423828, "right": 201.48843383789062, "bottom": 209.66891479492188}, {"class": "aeroplane", "prob": 0.9420993328094482, "left": 34.353607177734375, "top": 7.289970397949219, "right": 307.114990234375, "bottom": 239.01254272460938}, {"class": "aeroplane", "prob": 0.7112688422203064, "left": 29.168914794921875, "top": 20.462203979492188, "right": 418.82366943359375, "bottom": 327.90325927734375}], "time": 21.422434091567993}
