{"im": 5677, "res": [{"class": "aeroplane", "prob": 0.9993560314178467, "left": 93.13865661621094, "top": 90.6029052734375, "right": 393.85357666015625, "bottom": 374.3939208984375}], "time": 23.526071071624756}
