{"im": 3562, "res": [{"class": "bus", "prob": 0.9881094098091125, "left": 88.89698791503906, "top": 171.30262756347656, "right": 272.7818603515625, "bottom": 235.6268768310547}], "time": 21.63252091407776}
