{"im": 3741, "res": [{"class": "car", "prob": 0.9976135492324829, "left": 0.0, "top": 33.2066650390625, "right": 393.257568359375, "bottom": 182.40199279785156}, {"class": "cow", "prob": 0.9326027631759644, "left": 436.72772216796875, "top": 163.31283569335938, "right": 492.15472412109375, "bottom": 312.2292175292969}], "time": 21.603300094604492}
