{"im": 4702, "res": [{"class": "bird", "prob": 0.7628434300422668, "left": 31.107513427734375, "top": 249.74786376953125, "right": 327.4072265625, "bottom": 333.0}, {"class": "cat", "prob": 0.6530693173408508, "left": 31.107513427734375, "top": 249.74786376953125, "right": 327.4072265625, "bottom": 333.0}, {"class": "bird", "prob": 0.8401035666465759, "left": 148.6953582763672, "top": 258.1991271972656, "right": 249.23728942871094, "bottom": 316.2803649902344}], "time": 0.8741192817687988}
