{"im": 2158, "res": [{"class": "sofa", "prob": 0.7656236886978149, "left": 174.70089721679688, "top": 80.4327163696289, "right": 464.6072692871094, "bottom": 322.8812561035156}, {"class": "aeroplane", "prob": 0.5184131860733032, "left": 183.94064331054688, "top": 102.28186798095703, "right": 209.24713134765625, "bottom": 129.4779052734375}], "time": 0.8597230911254883}
