{"im": 5648, "res": [{"class": "aeroplane", "prob": 0.9675117135047913, "left": 2.7668304443359375, "top": 0.0, "right": 388.30810546875, "bottom": 374.6424255371094}, {"class": "aeroplane", "prob": 0.9945029616355896, "left": 200.49305725097656, "top": 163.69378662109375, "right": 468.57598876953125, "bottom": 375.0}], "time": 22.490556955337524}
