{"im": 2481, "res": [{"class": "pottedplant", "prob": 0.9953458905220032, "left": 225.5076904296875, "top": 67.55606079101562, "right": 392.77288818359375, "bottom": 357.05426025390625}, {"class": "pottedplant", "prob": 0.9964300990104675, "left": 136.97972106933594, "top": 49.32525634765625, "right": 292.96490478515625, "bottom": 328.4063415527344}], "time": 21.532535076141357}
