{"im": 4956, "res": [{"class": "bird", "prob": 0.9419894814491272, "left": 224.46710205078125, "top": 178.74258422851562, "right": 261.342529296875, "bottom": 202.41250610351562}, {"class": "bus", "prob": 0.5064562559127808, "left": 113.7245864868164, "top": 140.4995880126953, "right": 224.65505981445312, "bottom": 208.2478790283203}, {"class": "aeroplane", "prob": 0.6107810735702515, "left": 391.1043701171875, "top": 161.39328002929688, "right": 399.431884765625, "bottom": 185.02377319335938}], "time": 0.8720986843109131}
