{"im": 1066, "res": [{"class": "aeroplane", "prob": 0.7886451482772827, "left": 52.89259338378906, "top": 41.91241455078125, "right": 457.3045654296875, "bottom": 296.49847412109375}], "time": 0.9612908363342285}
