{"im": 388, "res": [{"class": "person", "prob": 0.7628349661827087, "left": 200.9000244140625, "top": 167.79656982421875, "right": 290.78558349609375, "bottom": 367.1021728515625}], "time": 0.9690170288085938}
