{"im": 3271, "res": [{"class": "train", "prob": 0.7280846238136292, "left": 265.6512756347656, "top": 266.57086181640625, "right": 327.7841491699219, "bottom": 308.0662841796875}], "time": 21.826497077941895}
