{"im": 4072, "res": [{"class": "chair", "prob": 0.9919361472129822, "left": 252.4345703125, "top": 0.2156982421875, "right": 453.28619384765625, "bottom": 323.4780578613281}, {"class": "chair", "prob": 0.9444604516029358, "left": 42.32318878173828, "top": 275.55194091796875, "right": 121.87787628173828, "bottom": 308.721435546875}, {"class": "aeroplane", "prob": 0.5365891456604004, "left": 406.490478515625, "top": 271.7411804199219, "right": 417.1016845703125, "bottom": 294.8718566894531}], "time": 21.586214303970337}
