{"im": 1741, "res": [{"class": "chair", "prob": 0.5581484436988831, "left": 97.54962158203125, "top": 134.0201416015625, "right": 389.9273376464844, "bottom": 191.45285034179688}, {"class": "chair", "prob": 0.5255716443061829, "left": 264.0758056640625, "top": 23.932701110839844, "right": 454.47027587890625, "bottom": 49.40998840332031}], "time": 0.8355300426483154}
