{"im": 2878, "res": [{"class": "sheep", "prob": 0.7486130595207214, "left": 198.30491638183594, "top": 123.28619384765625, "right": 305.0691223144531, "bottom": 248.87655639648438}, {"class": "sheep", "prob": 0.596176266670227, "left": 230.01673889160156, "top": 140.81179809570312, "right": 280.0763854980469, "bottom": 226.79220581054688}], "time": 0.8352088928222656}
