{"im": 327, "res": [{"class": "pottedplant", "prob": 0.9825981855392456, "left": 57.91566467285156, "top": 59.06134033203125, "right": 325.22918701171875, "bottom": 487.995849609375}], "time": 21.74234104156494}
