{"im": 2157, "res": [{"class": "sofa", "prob": 0.9552503824234009, "left": 90.14027404785156, "top": 71.9281997680664, "right": 458.28759765625, "bottom": 317.1856689453125}, {"class": "aeroplane", "prob": 0.9568504095077515, "left": 148.04229736328125, "top": 11.421638488769531, "right": 228.58566284179688, "bottom": 235.54010009765625}, {"class": "aeroplane", "prob": 0.6782618165016174, "left": 295.43499755859375, "top": 88.09712982177734, "right": 319.7720947265625, "bottom": 105.24034881591797}], "time": 24.904292106628418}
