{"im": 5548, "res": [{"class": "aeroplane", "prob": 0.6253584027290344, "left": 312.88446044921875, "top": 67.56781768798828, "right": 426.43048095703125, "bottom": 307.856201171875}], "time": 0.8515510559082031}
