{"im": 1978, "res": [{"class": "car", "prob": 0.9999916553497314, "left": 0.0, "top": 5.9819183349609375, "right": 500.0, "bottom": 362.32208251953125}], "time": 21.68857479095459}
