{"im": 4774, "res": [{"class": "aeroplane", "prob": 0.8278385996818542, "left": 179.86581420898438, "top": 141.6744384765625, "right": 189.883056640625, "bottom": 165.57513427734375}], "time": 0.8259470462799072}
