{"im": 5012, "res": [{"class": "car", "prob": 0.9745903611183167, "left": 22.95343017578125, "top": 128.19866943359375, "right": 417.8852844238281, "bottom": 296.7549133300781}], "time": 21.389652967453003}
