{"im": 2044, "res": [{"class": "aeroplane", "prob": 0.998058557510376, "left": 245.46377563476562, "top": 68.27833557128906, "right": 327.4168395996094, "bottom": 169.01669311523438}, {"class": "sofa", "prob": 0.9902688264846802, "left": 178.13983154296875, "top": 94.7332534790039, "right": 391.9918212890625, "bottom": 227.62469482421875}, {"class": "aeroplane", "prob": 0.9713704586029053, "left": 209.50469970703125, "top": 171.64466857910156, "right": 256.6439514160156, "bottom": 227.75355529785156}], "time": 21.62790083885193}
