{"im": 3692, "res": [{"class": "boat", "prob": 0.9998102784156799, "left": 28.647933959960938, "top": 60.02650451660156, "right": 259.16534423828125, "bottom": 323.69683837890625}], "time": 21.54059910774231}
