{"im": 2939, "res": [{"class": "aeroplane", "prob": 0.861663281917572, "left": 355.00860595703125, "top": 100.57398986816406, "right": 360.94647216796875, "bottom": 114.85269165039062}], "time": 21.563092947006226}
