{"im": 2636, "res": [{"class": "train", "prob": 0.8419485092163086, "left": 418.4556579589844, "top": 114.71977996826172, "right": 457.7433166503906, "bottom": 135.9432830810547}, {"class": "tvmonitor", "prob": 0.6512928605079651, "left": 16.91307258605957, "top": 73.46369171142578, "right": 32.36374282836914, "bottom": 82.9541244506836}, {"class": "train", "prob": 0.670019268989563, "left": 136.00270080566406, "top": 111.14722442626953, "right": 183.85655212402344, "bottom": 133.16323852539062}, {"class": "train", "prob": 0.5018007755279541, "left": 130.16770935058594, "top": 116.82864379882812, "right": 171.47792053222656, "bottom": 137.81936645507812}], "time": 0.8348488807678223}
