{"im": 3599, "res": [{"class": "aeroplane", "prob": 0.9895290732383728, "left": 255.66622924804688, "top": 80.45630645751953, "right": 316.4486999511719, "bottom": 133.6337890625}, {"class": "aeroplane", "prob": 0.9869316220283508, "left": 150.0736083984375, "top": 127.09661865234375, "right": 200.5240478515625, "bottom": 182.976318359375}], "time": 21.52420210838318}
