{"im": 716, "res": [{"class": "aeroplane", "prob": 0.9996806979179382, "left": 85.58384704589844, "top": 146.41497802734375, "right": 175.20042419433594, "bottom": 492.17034912109375}, {"class": "aeroplane", "prob": 0.9734032154083252, "left": 304.2514953613281, "top": 179.43414306640625, "right": 371.0660095214844, "bottom": 363.974853515625}, {"class": "aeroplane", "prob": 0.9429613947868347, "left": 173.66571044921875, "top": 186.82493591308594, "right": 257.8037414550781, "bottom": 500.0}, {"class": "aeroplane", "prob": 0.929826557636261, "left": 170.91709899902344, "top": 156.5085906982422, "right": 322.27984619140625, "bottom": 498.866455078125}], "time": 21.70946192741394}
