{"im": 4964, "res": [{"class": "bottle", "prob": 0.9198485016822815, "left": 139.35598754882812, "top": 88.38276672363281, "right": 493.8748474121094, "bottom": 228.68190002441406}], "time": 0.8213231563568115}
