{"im": 3744, "res": [{"class": "motorbike", "prob": 0.5306926369667053, "left": 0.0, "top": 269.9254150390625, "right": 124.216552734375, "bottom": 375.0}], "time": 21.533488035202026}
