{"im": 3885, "res": [{"class": "bus", "prob": 0.999891459941864, "left": 76.18699645996094, "top": 83.64676666259766, "right": 403.37579345703125, "bottom": 245.3282470703125}, {"class": "aeroplane", "prob": 0.8732759356498718, "left": 47.900203704833984, "top": 143.897216796875, "right": 67.49188995361328, "bottom": 182.92083740234375}], "time": 21.577356100082397}
