{"im": 5015, "res": [{"class": "sheep", "prob": 0.9660702347755432, "left": 14.658218383789062, "top": 3.481170654296875, "right": 443.09930419921875, "bottom": 283.2536315917969}], "time": 21.40303111076355}
