{"im": 2615, "res": [{"class": "pottedplant", "prob": 0.9363559484481812, "left": 100.13009643554688, "top": 31.065872192382812, "right": 456.0904235839844, "bottom": 298.4200439453125}], "time": 21.49036979675293}
