{"im": 344, "res": [{"class": "aeroplane", "prob": 0.9904040694236755, "left": 254.9770050048828, "top": 191.69265747070312, "right": 333.8326416015625, "bottom": 452.3816223144531}], "time": 21.98720693588257}
