{"im": 5302, "res": [{"class": "aeroplane", "prob": 0.9620946645736694, "left": 15.171218872070312, "top": 42.89808654785156, "right": 430.197509765625, "bottom": 334.33892822265625}], "time": 21.424150943756104}
