{"im": 4521, "res": [{"class": "pottedplant", "prob": 0.8013938069343567, "left": 146.44610595703125, "top": 28.48089599609375, "right": 351.96868896484375, "bottom": 208.3196258544922}], "time": 0.8564751148223877}
