{"im": 2124, "res": [{"class": "bottle", "prob": 0.5747690796852112, "left": 0.0, "top": 117.21247863769531, "right": 346.44744873046875, "bottom": 236.2042694091797}], "time": 0.8808960914611816}
