{"im": 4301, "res": [{"class": "bus", "prob": 0.9997279644012451, "left": 9.135971069335938, "top": 19.90020751953125, "right": 288.80902099609375, "bottom": 336.9926452636719}, {"class": "bus", "prob": 0.9979658722877502, "left": 279.1544189453125, "top": 79.24777221679688, "right": 482.35089111328125, "bottom": 308.0131530761719}, {"class": "bus", "prob": 0.7535860538482666, "left": 476.02459716796875, "top": 141.52333068847656, "right": 500.0, "bottom": 247.8641815185547}], "time": 21.617907762527466}
