{"im": 1974, "res": [{"class": "aeroplane", "prob": 0.9995245933532715, "left": 104.76404571533203, "top": 86.38375854492188, "right": 347.6504211425781, "bottom": 375.0}], "time": 21.673368215560913}
