{"im": 4952, "res": [{"class": "sheep", "prob": 0.9905989170074463, "left": 200.6416015625, "top": 119.20027923583984, "right": 317.9410400390625, "bottom": 318.39886474609375}], "time": 21.638476848602295}
