{"im": 3721, "res": [{"class": "pottedplant", "prob": 0.9641751646995544, "left": 167.1432647705078, "top": 114.03437042236328, "right": 499.5072021484375, "bottom": 360.9570007324219}, {"class": "pottedplant", "prob": 0.874672532081604, "left": 2.248504638671875, "top": 60.38970947265625, "right": 276.7900085449219, "bottom": 307.1017150878906}], "time": 21.561838150024414}
