{"im": 5060, "res": [{"class": "bird", "prob": 0.6777548789978027, "left": 0.0, "top": 2.0088043212890625, "right": 496.0755615234375, "bottom": 321.8909912109375}, {"class": "aeroplane", "prob": 0.8261581063270569, "left": 228.38348388671875, "top": 18.715194702148438, "right": 277.2763366699219, "bottom": 85.26060485839844}], "time": 21.42187190055847}
