{"im": 590, "res": [{"class": "aeroplane", "prob": 0.9991457462310791, "left": 195.64105224609375, "top": 57.763916015625, "right": 500.0, "bottom": 375.0}, {"class": "aeroplane", "prob": 0.9913355708122253, "left": 22.360122680664062, "top": 32.01438903808594, "right": 313.829345703125, "bottom": 372.714111328125}], "time": 21.60823678970337}
