{"im": 3750, "res": [{"class": "aeroplane", "prob": 0.9990504384040833, "left": 344.7419738769531, "top": 83.74945831298828, "right": 366.5293273925781, "bottom": 146.05166625976562}, {"class": "aeroplane", "prob": 0.9674775004386902, "left": 298.8576965332031, "top": 115.14429473876953, "right": 325.8974914550781, "bottom": 149.40272521972656}, {"class": "chair", "prob": 0.8439592123031616, "left": 73.99227905273438, "top": 120.73948669433594, "right": 159.74073791503906, "bottom": 171.2411651611328}], "time": 21.52266216278076}
