{"im": 1623, "res": [{"class": "aeroplane", "prob": 0.9873853921890259, "left": 80.36225891113281, "top": 163.4534454345703, "right": 141.64401245117188, "bottom": 260.6417236328125}, {"class": "sheep", "prob": 0.8315595388412476, "left": 133.81048583984375, "top": 185.79766845703125, "right": 183.15151977539062, "bottom": 251.40048217773438}], "time": 21.774512767791748}
