{"im": 1895, "res": [{"class": "person", "prob": 0.9931048154830933, "left": 208.52426147460938, "top": 61.57080078125, "right": 412.1203308105469, "bottom": 317.61761474609375}], "time": 21.686151027679443}
