{"im": 4028, "res": [{"class": "car", "prob": 0.5405218005180359, "left": 215.78448486328125, "top": 116.8966064453125, "right": 435.33038330078125, "bottom": 275.2167663574219}], "time": 0.8383657932281494}
