{"im": 2379, "res": [{"class": "boat", "prob": 0.6087472438812256, "left": 4.2015533447265625, "top": 0.0, "right": 432.7332763671875, "bottom": 331.11883544921875}], "time": 0.8283901214599609}
