{"im": 1828, "res": [{"class": "cat", "prob": 0.6979395747184753, "left": 386.6629638671875, "top": 300.6970520019531, "right": 444.4549560546875, "bottom": 336.9641418457031}, {"class": "cat", "prob": 0.6950146555900574, "left": 358.4342041015625, "top": 293.7347412109375, "right": 479.4832763671875, "bottom": 343.19873046875}], "time": 0.8278019428253174}
