{"im": 3610, "res": [{"class": "pottedplant", "prob": 0.9817724823951721, "left": 72.14379119873047, "top": 41.2740478515625, "right": 231.23773193359375, "bottom": 300.5197448730469}], "time": 21.593483924865723}
