{"im": 5603, "res": [{"class": "aeroplane", "prob": 0.6665467023849487, "left": 157.1103973388672, "top": 160.6007080078125, "right": 338.89593505859375, "bottom": 375.0}], "time": 0.8363819122314453}
