{"im": 2085, "res": [{"class": "aeroplane", "prob": 0.9511544704437256, "left": 5.284589767456055, "top": 162.26292419433594, "right": 69.080078125, "bottom": 319.85467529296875}, {"class": "aeroplane", "prob": 0.9246737360954285, "left": 24.008577346801758, "top": 182.53211975097656, "right": 55.685707092285156, "bottom": 302.955322265625}, {"class": "car", "prob": 0.6967541575431824, "left": 55.07759094238281, "top": 40.359466552734375, "right": 458.43865966796875, "bottom": 279.5351867675781}], "time": 0.8337521553039551}
