{"im": 2618, "res": [{"class": "sheep", "prob": 0.9984244704246521, "left": 189.77589416503906, "top": 51.10176086425781, "right": 500.0, "bottom": 334.0}], "time": 21.397414207458496}
