{"im": 3769, "res": [{"class": "aeroplane", "prob": 0.9980535507202148, "left": 118.84175109863281, "top": 98.81033325195312, "right": 389.05633544921875, "bottom": 368.43084716796875}], "time": 21.52796506881714}
