{"im": 1693, "res": [{"class": "bottle", "prob": 0.9959304928779602, "left": 7.9864959716796875, "top": 94.68775939941406, "right": 496.513427734375, "bottom": 231.5892791748047}], "time": 21.685309886932373}
