{"im": 133, "res": [{"class": "aeroplane", "prob": 0.9995699524879456, "left": 221.80076599121094, "top": 8.367477416992188, "right": 313.3255310058594, "bottom": 279.564697265625}, {"class": "aeroplane", "prob": 0.9985276460647583, "left": 87.93585968017578, "top": 93.73975372314453, "right": 187.34417724609375, "bottom": 290.412109375}, {"class": "aeroplane", "prob": 0.9938421845436096, "left": 152.37673950195312, "top": 50.262855529785156, "right": 224.01483154296875, "bottom": 272.11297607421875}], "time": 21.61513590812683}
