{"im": 769, "res": [{"class": "aeroplane", "prob": 0.9980692863464355, "left": 40.90040588378906, "top": 75.48785400390625, "right": 132.2218475341797, "bottom": 215.41122436523438}, {"class": "aeroplane", "prob": 0.9975716471672058, "left": 217.76788330078125, "top": 69.95240783691406, "right": 496.99761962890625, "bottom": 326.98345947265625}, {"class": "aeroplane", "prob": 0.9976397752761841, "left": 187.59957885742188, "top": 91.30392456054688, "right": 303.8813171386719, "bottom": 294.9620361328125}, {"class": "aeroplane", "prob": 0.9959916472434998, "left": 106.78792572021484, "top": 59.36223602294922, "right": 225.11044311523438, "bottom": 252.70974731445312}], "time": 21.972012996673584}
