{"im": 3884, "res": [{"class": "bus", "prob": 0.9996147155761719, "left": 4.874286651611328, "top": 146.64947509765625, "right": 124.91539001464844, "bottom": 333.41436767578125}, {"class": "aeroplane", "prob": 0.9516432881355286, "left": 206.3812713623047, "top": 252.87405395507812, "right": 223.0721893310547, "bottom": 305.7665100097656}, {"class": "aeroplane", "prob": 0.9270432591438293, "left": 294.4825134277344, "top": 259.0882568359375, "right": 325.4331970214844, "bottom": 348.7840576171875}, {"class": "aeroplane", "prob": 0.920035719871521, "left": 222.8045654296875, "top": 255.6934051513672, "right": 257.36553955078125, "bottom": 311.6073303222656}], "time": 21.559078216552734}
