{"im": 899, "res": [{"class": "person", "prob": 0.9990018606185913, "left": 373.8706359863281, "top": 70.01516723632812, "right": 482.6804504394531, "bottom": 353.81610107421875}, {"class": "person", "prob": 0.9965360760688782, "left": 9.607975006103516, "top": 13.568107604980469, "right": 86.973388671875, "bottom": 195.87808227539062}], "time": 21.167747020721436}
