{"im": 122, "res": [{"class": "aeroplane", "prob": 0.9813193678855896, "left": 270.376953125, "top": 0.0, "right": 498.4385986328125, "bottom": 372.5118408203125}, {"class": "aeroplane", "prob": 0.9305164813995361, "left": 2.3520965576171875, "top": 0.0, "right": 340.6932373046875, "bottom": 375.0}], "time": 21.58617329597473}
