{"im": 5749, "res": [{"class": "aeroplane", "prob": 0.9996172189712524, "left": 56.67913055419922, "top": 105.70884704589844, "right": 97.34894561767578, "bottom": 207.44468688964844}, {"class": "car", "prob": 0.8639482259750366, "left": 228.01483154296875, "top": 4.1381683349609375, "right": 500.0, "bottom": 360.4222412109375}, {"class": "bird", "prob": 0.682261049747467, "left": 129.10980224609375, "top": 157.04849243164062, "right": 152.8814697265625, "bottom": 167.23526000976562}, {"class": "bird", "prob": 0.5762507915496826, "left": 46.026859283447266, "top": 157.5161590576172, "right": 68.90164184570312, "bottom": 166.5862579345703}], "time": 21.216808795928955}
