{"im": 499, "res": [{"class": "aeroplane", "prob": 0.7978621125221252, "left": 109.56126403808594, "top": 32.711944580078125, "right": 360.57183837890625, "bottom": 313.8563232421875}], "time": 0.8934979438781738}
