{"im": 1614, "res": [{"class": "aeroplane", "prob": 0.7991869449615479, "left": 302.1823425292969, "top": 142.3350067138672, "right": 328.6067810058594, "bottom": 212.6424102783203}, {"class": "aeroplane", "prob": 0.7071284055709839, "left": 118.29766845703125, "top": 125.98916625976562, "right": 243.362060546875, "bottom": 454.8561096191406}, {"class": "aeroplane", "prob": 0.5942314267158508, "left": 280.76531982421875, "top": 112.24137115478516, "right": 338.46160888671875, "bottom": 245.45260620117188}], "time": 1.2213499546051025}
