{"im": 4537, "res": [{"class": "bicycle", "prob": 0.9403044581413269, "left": 57.049072265625, "top": 36.02027893066406, "right": 442.3172607421875, "bottom": 272.58966064453125}, {"class": "aeroplane", "prob": 0.8807671666145325, "left": 418.6345520019531, "top": 76.1302261352539, "right": 438.6609802246094, "bottom": 119.19274139404297}], "time": 0.8100638389587402}
