{"im": 2971, "res": [{"class": "bicycle", "prob": 0.8649604320526123, "left": 39.32121276855469, "top": 94.97770690917969, "right": 475.67523193359375, "bottom": 343.489990234375}], "time": 0.8326897621154785}
