{"im": 740, "res": [{"class": "aeroplane", "prob": 0.9996512532234192, "left": 175.6431884765625, "top": 108.83647918701172, "right": 255.25753784179688, "bottom": 312.6172180175781}], "time": 21.581560134887695}
