{"im": 786, "res": [{"class": "aeroplane", "prob": 0.5840868949890137, "left": 100.08252716064453, "top": 57.34082794189453, "right": 255.14501953125, "bottom": 230.09490966796875}], "time": 0.8359189033508301}
