{"im": 5767, "res": [{"class": "boat", "prob": 0.566520094871521, "left": 131.7481689453125, "top": 63.32227325439453, "right": 352.83795166015625, "bottom": 267.78936767578125}], "time": 1.1357979774475098}
