{"im": 1493, "res": [{"class": "aeroplane", "prob": 0.9291447401046753, "left": 188.00746154785156, "top": 95.99790954589844, "right": 467.29583740234375, "bottom": 375.0}, {"class": "aeroplane", "prob": 0.8429955840110779, "left": 115.96479034423828, "top": 85.90057373046875, "right": 273.25653076171875, "bottom": 352.9436340332031}, {"class": "aeroplane", "prob": 0.7989984154701233, "left": 0.0, "top": 72.95076751708984, "right": 100.80996704101562, "bottom": 306.46356201171875}], "time": 21.672616004943848}
