{"im": 3893, "res": [{"class": "bicycle", "prob": 0.8809542655944824, "left": 0.0, "top": 10.833847045898438, "right": 403.7393493652344, "bottom": 302.45111083984375}, {"class": "aeroplane", "prob": 0.8659610152244568, "left": 421.9893798828125, "top": 0.2670612335205078, "right": 483.26837158203125, "bottom": 35.598114013671875}], "time": 21.55017590522766}
