{"im": 5566, "res": [{"class": "aeroplane", "prob": 0.5624781847000122, "left": 0.0, "top": 31.817306518554688, "right": 296.89776611328125, "bottom": 361.36810302734375}], "time": 0.8668417930603027}
