{"im": 2994, "res": [{"class": "car", "prob": 0.999949038028717, "left": 53.05607604980469, "top": 27.169906616210938, "right": 446.71673583984375, "bottom": 321.65106201171875}, {"class": "car", "prob": 0.7299115657806396, "left": 433.0466613769531, "top": 9.857955932617188, "right": 500.0, "bottom": 324.6431884765625}], "time": 23.349843978881836}
