{"im": 5378, "res": [{"class": "bird", "prob": 0.7452116012573242, "left": 39.69343566894531, "top": 72.50618743896484, "right": 473.9639892578125, "bottom": 283.6994323730469}], "time": 0.8269379138946533}
