{"im": 2217, "res": [{"class": "aeroplane", "prob": 0.9997663497924805, "left": 220.75390625, "top": 157.673828125, "right": 282.77911376953125, "bottom": 284.2994689941406}, {"class": "bicycle", "prob": 0.992522656917572, "left": 218.83816528320312, "top": 213.0484619140625, "right": 285.59307861328125, "bottom": 308.29217529296875}], "time": 21.445974826812744}
