{"im": 4171, "res": [{"class": "bottle", "prob": 0.990217387676239, "left": 83.41981506347656, "top": 71.7420654296875, "right": 459.0089111328125, "bottom": 215.00228881835938}, {"class": "bird", "prob": 0.7521209120750427, "left": 465.9798889160156, "top": 114.851318359375, "right": 485.1437072753906, "bottom": 126.86135864257812}], "time": 21.60142993927002}
