{"im": 958, "res": [{"class": "bottle", "prob": 0.807768702507019, "left": 0.0, "top": 77.09483337402344, "right": 500.0, "bottom": 345.92218017578125}], "time": 21.053882122039795}
