{"im": 5354, "res": [{"class": "motorbike", "prob": 0.8727458119392395, "left": 316.8047180175781, "top": 157.09603881835938, "right": 402.7563781738281, "bottom": 238.53787231445312}, {"class": "motorbike", "prob": 0.7747895121574402, "left": 421.8962097167969, "top": 201.19140625, "right": 498.1820373535156, "bottom": 257.26690673828125}], "time": 21.479818105697632}
