{"im": 2461, "res": [{"class": "boat", "prob": 0.6824392676353455, "left": 179.53750610351562, "top": 181.726806640625, "right": 343.2557678222656, "bottom": 408.15252685546875}], "time": 0.8446378707885742}
