{"im": 1979, "res": [{"class": "bottle", "prob": 0.9987034201622009, "left": 152.62759399414062, "top": 92.84710693359375, "right": 366.1739807128906, "bottom": 201.60897827148438}], "time": 21.66342520713806}
