{"im": 3211, "res": [{"class": "pottedplant", "prob": 0.8956031203269958, "left": 118.65042114257812, "top": 22.307418823242188, "right": 487.5236511230469, "bottom": 365.91192626953125}], "time": 22.521878957748413}
