{"im": 183, "res": [{"class": "aeroplane", "prob": 0.6658646464347839, "left": 96.16011047363281, "top": 63.309532165527344, "right": 193.13075256347656, "bottom": 169.34457397460938}], "time": 21.721714973449707}
