{"im": 3991, "res": [{"class": "bottle", "prob": 0.8115862607955933, "left": 65.56536865234375, "top": 91.58522033691406, "right": 496.25323486328125, "bottom": 217.60728454589844}], "time": 0.9066600799560547}
