{"im": 853, "res": [{"class": "sofa", "prob": 0.9666904211044312, "left": 48.392333984375, "top": 47.33369445800781, "right": 326.4342041015625, "bottom": 500.0}, {"class": "aeroplane", "prob": 0.9702622890472412, "left": 199.61984252929688, "top": 101.66561889648438, "right": 291.3760986328125, "bottom": 220.2794189453125}, {"class": "sofa", "prob": 0.8798882365226746, "left": 0.0, "top": 54.10121154785156, "right": 123.51067352294922, "bottom": 500.0}], "time": 24.055548906326294}
