{"im": 3912, "res": [{"class": "boat", "prob": 0.9984563589096069, "left": 14.999183654785156, "top": 206.41744995117188, "right": 140.46331787109375, "bottom": 325.8583068847656}, {"class": "aeroplane", "prob": 0.977375864982605, "left": 45.52078628540039, "top": 155.7391357421875, "right": 135.6028594970703, "bottom": 282.2500305175781}], "time": 21.591063261032104}
