{"im": 4641, "res": [{"class": "bottle", "prob": 0.9675560593605042, "left": 45.68171691894531, "top": 64.26728820800781, "right": 454.50152587890625, "bottom": 177.14002990722656}], "time": 21.360823154449463}
