{"im": 215, "res": [{"class": "sheep", "prob": 0.9024398326873779, "left": 240.89669799804688, "top": 76.48316192626953, "right": 388.0555725097656, "bottom": 261.8638610839844}], "time": 0.9173948764801025}
