{"im": 5208, "res": [{"class": "bird", "prob": 0.908372163772583, "left": 170.35118103027344, "top": 167.0308837890625, "right": 387.23492431640625, "bottom": 339.27081298828125}], "time": 0.8529863357543945}
