{"im": 3555, "res": [{"class": "aeroplane", "prob": 0.6039851307868958, "left": 219.2548065185547, "top": 0.0, "right": 356.1646728515625, "bottom": 237.7354736328125}], "time": 0.9587781429290771}
