{"im": 3560, "res": [{"class": "sheep", "prob": 0.9311863780021667, "left": 269.72308349609375, "top": 188.3014678955078, "right": 285.70941162109375, "bottom": 217.1142120361328}], "time": 21.51533794403076}
