{"im": 5536, "res": [{"class": "bicycle", "prob": 0.5792503356933594, "left": 142.77609252929688, "top": 293.0525207519531, "right": 372.9572448730469, "bottom": 500.0}], "time": 0.9483840465545654}
