{"im": 4623, "res": [{"class": "bicycle", "prob": 0.730380654335022, "left": 20.40557861328125, "top": 74.86376953125, "right": 483.02490234375, "bottom": 317.3338317871094}], "time": 0.883660078048706}
