{"im": 2489, "res": [{"class": "aeroplane", "prob": 0.9779126644134521, "left": 3.3113136291503906, "top": 0.0, "right": 53.21271514892578, "bottom": 113.1693115234375}], "time": 21.613941192626953}
