{"im": 2162, "res": [{"class": "aeroplane", "prob": 0.539091169834137, "left": 21.330352783203125, "top": 215.90469360351562, "right": 47.687103271484375, "bottom": 275.24761962890625}], "time": 0.8382108211517334}
