{"im": 2562, "res": [{"class": "bird", "prob": 0.5557430982589722, "left": 18.543899536132812, "top": 13.593490600585938, "right": 475.87860107421875, "bottom": 365.64996337890625}], "time": 21.438361167907715}
