{"im": 4958, "res": [{"class": "train", "prob": 0.7517266869544983, "left": 55.92530822753906, "top": 64.24429321289062, "right": 351.95745849609375, "bottom": 264.5448303222656}, {"class": "train", "prob": 0.6400790810585022, "left": 266.77581787109375, "top": 32.750701904296875, "right": 500.0, "bottom": 343.5130310058594}], "time": 21.413778066635132}
