{"im": 1465, "res": [{"class": "aeroplane", "prob": 0.7981041073799133, "left": 250.09815979003906, "top": 63.582672119140625, "right": 400.0, "bottom": 262.1098327636719}, {"class": "aeroplane", "prob": 0.7752737402915955, "left": 2.051837921142578, "top": 84.88391876220703, "right": 90.44747924804688, "bottom": 259.1002502441406}, {"class": "aeroplane", "prob": 0.7457253336906433, "left": 131.27066040039062, "top": 101.29436492919922, "right": 253.47796630859375, "bottom": 264.0}, {"class": "aeroplane", "prob": 0.6453601717948914, "left": 84.74720764160156, "top": 38.89410400390625, "right": 207.4314727783203, "bottom": 164.82843017578125}], "time": 0.8370139598846436}
