{"im": 3586, "res": [{"class": "boat", "prob": 0.5804413557052612, "left": 0.0, "top": 66.60081481933594, "right": 318.70013427734375, "bottom": 430.81231689453125}], "time": 0.9152340888977051}
