{"im": 1977, "res": [{"class": "cat", "prob": 0.8597493171691895, "left": 17.945388793945312, "top": 48.235076904296875, "right": 434.10333251953125, "bottom": 328.6071472167969}, {"class": "aeroplane", "prob": 0.5744163990020752, "left": 234.79808044433594, "top": 6.8698883056640625, "right": 416.1444091796875, "bottom": 333.0}], "time": 21.64076280593872}
