{"im": 2112, "res": [{"class": "person", "prob": 0.9979017972946167, "left": 72.1733627319336, "top": 112.99275970458984, "right": 287.2200622558594, "bottom": 274.13525390625}], "time": 21.70212197303772}
