{"im": 1653, "res": [{"class": "sofa", "prob": 0.9973677396774292, "left": 190.26614379882812, "top": 19.53125, "right": 400.6245422363281, "bottom": 343.6712646484375}, {"class": "sofa", "prob": 0.859986424446106, "left": 51.16142272949219, "top": 109.0884017944336, "right": 223.6817169189453, "bottom": 334.5306701660156}], "time": 22.032496213912964}
