{"im": 3932, "res": [{"class": "aeroplane", "prob": 0.9993178844451904, "left": 301.7096862792969, "top": 113.92790222167969, "right": 348.6458435058594, "bottom": 316.1353759765625}, {"class": "aeroplane", "prob": 0.9988917708396912, "left": 178.35174560546875, "top": 134.35060119628906, "right": 232.84616088867188, "bottom": 300.77423095703125}, {"class": "aeroplane", "prob": 0.9985673427581787, "left": 214.24688720703125, "top": 136.55416870117188, "right": 279.1697998046875, "bottom": 312.4154968261719}, {"class": "aeroplane", "prob": 0.9974803328514099, "left": 333.1445007324219, "top": 137.35882568359375, "right": 395.1307067871094, "bottom": 332.2264404296875}], "time": 21.559365034103394}
