{"im": 868, "res": [{"class": "bottle", "prob": 0.994977593421936, "left": 0.0, "top": 82.36100769042969, "right": 500.0, "bottom": 258.734375}], "time": 21.128979921340942}
