{"im": 1202, "res": [{"class": "sheep", "prob": 0.8961430788040161, "left": 148.87841796875, "top": 57.159759521484375, "right": 332.180419921875, "bottom": 344.5135192871094}], "time": 1.0224971771240234}
