{"im": 5145, "res": [{"class": "aeroplane", "prob": 0.9990991950035095, "left": 286.57135009765625, "top": 47.14002990722656, "right": 424.7374267578125, "bottom": 328.5872802734375}, {"class": "aeroplane", "prob": 0.9209998250007629, "left": 94.70659637451172, "top": 55.729827880859375, "right": 307.6588134765625, "bottom": 324.56787109375}], "time": 21.42158317565918}
