{"im": 2827, "res": [{"class": "bird", "prob": 0.956985592842102, "left": 42.86598205566406, "top": 13.995407104492188, "right": 375.0, "bottom": 442.8555908203125}], "time": 21.490762948989868}
