{"im": 158, "res": [{"class": "aeroplane", "prob": 0.8023529648780823, "left": 155.34353637695312, "top": 106.11005401611328, "right": 213.81173706054688, "bottom": 316.2643737792969}, {"class": "aeroplane", "prob": 0.6147948503494263, "left": 171.05055236816406, "top": 127.43299865722656, "right": 199.5153045654297, "bottom": 294.33062744140625}], "time": 0.9339280128479004}
