{"im": 517, "res": [{"class": "aeroplane", "prob": 0.948299765586853, "left": 358.02362060546875, "top": 177.01014709472656, "right": 365.93341064453125, "bottom": 207.26939392089844}, {"class": "aeroplane", "prob": 0.5262882113456726, "left": 385.6673278808594, "top": 186.64010620117188, "right": 394.1902160644531, "bottom": 209.57882690429688}], "time": 0.8395450115203857}
