{"im": 1936, "res": [{"class": "bird", "prob": 0.8308423161506653, "left": 244.61366271972656, "top": 245.3126983642578, "right": 368.905029296875, "bottom": 399.6546630859375}, {"class": "bird", "prob": 0.5709245800971985, "left": 290.7812194824219, "top": 263.7076721191406, "right": 331.8315734863281, "bottom": 374.7393493652344}], "time": 0.9008159637451172}
