{"im": 1224, "res": [{"class": "aeroplane", "prob": 0.9737124443054199, "left": 200.5782012939453, "top": 33.12687683105469, "right": 500.0, "bottom": 311.26019287109375}, {"class": "sheep", "prob": 0.853562593460083, "left": 199.75881958007812, "top": 165.08872985839844, "right": 403.2588806152344, "bottom": 329.81390380859375}], "time": 21.06554079055786}
