{"im": 4371, "res": [{"class": "sheep", "prob": 0.7549070715904236, "left": 14.586410522460938, "top": 10.20001220703125, "right": 333.83807373046875, "bottom": 324.2102966308594}], "time": 21.452584981918335}
