{"im": 745, "res": [{"class": "sofa", "prob": 0.5417491793632507, "left": 202.89556884765625, "top": 118.82414245605469, "right": 316.11541748046875, "bottom": 205.5963592529297}, {"class": "sofa", "prob": 0.5913501381874084, "left": 233.04762268066406, "top": 131.2386932373047, "right": 286.82061767578125, "bottom": 199.8935089111328}, {"class": "sofa", "prob": 0.8049414157867432, "left": 43.53949737548828, "top": 131.39193725585938, "right": 174.81503295898438, "bottom": 294.7644958496094}], "time": 0.837695837020874}
