{"im": 4252, "res": [{"class": "motorbike", "prob": 0.9919106364250183, "left": 325.85333251953125, "top": 230.23866271972656, "right": 497.94573974609375, "bottom": 340.14398193359375}, {"class": "car", "prob": 0.9926409125328064, "left": 43.66078186035156, "top": 86.86617279052734, "right": 491.31268310546875, "bottom": 246.468505859375}, {"class": "motorbike", "prob": 0.9673168063163757, "left": 21.2066650390625, "top": 203.61325073242188, "right": 92.27007293701172, "bottom": 242.08956909179688}, {"class": "aeroplane", "prob": 0.8117503523826599, "left": 1.288792610168457, "top": 176.04827880859375, "right": 13.826055526733398, "bottom": 210.46804809570312}], "time": 21.65054488182068}
