{"im": 1287, "res": [{"class": "bird", "prob": 0.9974788427352905, "left": 67.81114196777344, "top": 153.31655883789062, "right": 434.8450927734375, "bottom": 247.72244262695312}, {"class": "bird", "prob": 0.9681785702705383, "left": 454.344482421875, "top": 152.55088806152344, "right": 500.0, "bottom": 229.4925994873047}], "time": 21.283912897109985}
