{"im": 6, "res": [{"class": "aeroplane", "prob": 0.8170813918113708, "left": 128.95486450195312, "top": 2.4300079345703125, "right": 347.8914489746094, "bottom": 375.0}], "time": 1.5542490482330322}
