{"im": 5130, "res": [{"class": "bird", "prob": 0.9897148609161377, "left": 60.58174133300781, "top": 121.98025512695312, "right": 450.92095947265625, "bottom": 295.2652587890625}], "time": 21.437530040740967}
