{"im": 5334, "res": [{"class": "aeroplane", "prob": 0.9967606067657471, "left": 327.90338134765625, "top": 123.01067352294922, "right": 422.10821533203125, "bottom": 297.86370849609375}, {"class": "aeroplane", "prob": 0.996164083480835, "left": 137.15859985351562, "top": 120.88176727294922, "right": 208.6248779296875, "bottom": 329.1706848144531}], "time": 21.487602949142456}
