{"im": 3444, "res": [{"class": "aeroplane", "prob": 0.5211852788925171, "left": 169.91966247558594, "top": 3.774078369140625, "right": 344.323974609375, "bottom": 305.5564270019531}], "time": 1.1240696907043457}
