{"im": 682, "res": [{"class": "pottedplant", "prob": 0.882853627204895, "left": 7.860504150390625, "top": 317.0692138671875, "right": 369.8646545410156, "bottom": 500.0}], "time": 21.64098811149597}
