{"im": 1328, "res": [{"class": "bottle", "prob": 0.781273603439331, "left": 38.848907470703125, "top": 153.1198272705078, "right": 500.0, "bottom": 294.05682373046875}], "time": 0.8972067832946777}
