{"im": 5758, "res": [{"class": "aeroplane", "prob": 0.9985237717628479, "left": 175.24807739257812, "top": 0.0, "right": 488.3047180175781, "bottom": 364.4205322265625}, {"class": "aeroplane", "prob": 0.9570972919464111, "left": 20.882888793945312, "top": 0.0, "right": 319.33563232421875, "bottom": 221.99435424804688}], "time": 21.396488904953003}
