{"im": 18, "res": [{"class": "pottedplant", "prob": 0.8830659985542297, "left": 0.0, "top": 0.0, "right": 493.0, "bottom": 396.5299987792969}], "time": 21.50167679786682}
