{"im": 4325, "res": [{"class": "pottedplant", "prob": 0.9970381855964661, "left": 168.10227966308594, "top": 66.27376556396484, "right": 479.28350830078125, "bottom": 305.5523986816406}, {"class": "pottedplant", "prob": 0.9172394871711731, "left": 70.37950134277344, "top": 126.00680541992188, "right": 181.3824462890625, "bottom": 227.12942504882812}], "time": 21.434916257858276}
