{"im": 1114, "res": [{"class": "aeroplane", "prob": 0.8362335562705994, "left": 327.3681335449219, "top": 31.123802185058594, "right": 403.7126770019531, "bottom": 260.678955078125}, {"class": "aeroplane", "prob": 0.5597209930419922, "left": 63.118408203125, "top": 74.51394653320312, "right": 366.76446533203125, "bottom": 369.9622802734375}], "time": 1.0349340438842773}
