{"im": 5728, "res": [{"class": "aeroplane", "prob": 0.5176712870597839, "left": 4.983818054199219, "top": 65.09164428710938, "right": 193.94796752929688, "bottom": 294.9089050292969}], "time": 1.0350661277770996}
