{"im": 351, "res": [{"class": "sheep", "prob": 0.9967566132545471, "left": 136.9829559326172, "top": 59.83320617675781, "right": 316.38555908203125, "bottom": 359.01177978515625}], "time": 21.653491973876953}
