{"im": 2961, "res": [{"class": "aeroplane", "prob": 0.999387800693512, "left": 191.32400512695312, "top": 111.47512817382812, "right": 320.7371520996094, "bottom": 325.03228759765625}, {"class": "sofa", "prob": 0.9033730030059814, "left": 60.95793914794922, "top": 44.62919616699219, "right": 235.31805419921875, "bottom": 330.0}], "time": 21.556527853012085}
