{"im": 4323, "res": [{"class": "sheep", "prob": 0.9960463047027588, "left": 23.951431274414062, "top": 6.58697509765625, "right": 255.32142639160156, "bottom": 449.55352783203125}], "time": 22.625620126724243}
