{"im": 445, "res": [{"class": "bird", "prob": 0.9976277351379395, "left": 71.02953338623047, "top": 267.6070556640625, "right": 124.84337615966797, "bottom": 295.2593994140625}, {"class": "bird", "prob": 0.9492999911308289, "left": 110.1441650390625, "top": 263.2325439453125, "right": 202.46136474609375, "bottom": 325.0914306640625}, {"class": "dog", "prob": 0.9793223738670349, "left": 142.55551147460938, "top": 240.53045654296875, "right": 164.62356567382812, "bottom": 260.8560791015625}], "time": 21.48972797393799}
