{"im": 5597, "res": [{"class": "aeroplane", "prob": 0.9998945593833923, "left": 133.68267822265625, "top": 86.68929290771484, "right": 202.56283569335938, "bottom": 256.0267333984375}, {"class": "aeroplane", "prob": 0.9997056126594543, "left": 296.3009948730469, "top": 79.41109466552734, "right": 368.0674133300781, "bottom": 252.87423706054688}, {"class": "bicycle", "prob": 0.9762740135192871, "left": 304.23095703125, "top": 160.4918212890625, "right": 344.1708984375, "bottom": 264.4330749511719}, {"class": "bicycle", "prob": 0.8653213977813721, "left": 145.6157684326172, "top": 169.3737030029297, "right": 189.6229705810547, "bottom": 289.2896728515625}], "time": 21.08798384666443}
