{"im": 5084, "res": [{"class": "pottedplant", "prob": 0.9758219718933105, "left": 0.0, "top": 290.3595886230469, "right": 295.77191162109375, "bottom": 500.0}, {"class": "pottedplant", "prob": 0.9572575688362122, "left": 97.47964477539062, "top": 103.4283447265625, "right": 430.7712707519531, "bottom": 343.0337829589844}], "time": 21.463480949401855}
