{"im": 3743, "res": [{"class": "sheep", "prob": 0.9886936545372009, "left": 120.34114074707031, "top": 166.71258544921875, "right": 222.5287628173828, "bottom": 343.48779296875}], "time": 21.62193727493286}
