{"im": 3216, "res": [{"class": "car", "prob": 0.9891520142555237, "left": 37.706939697265625, "top": 127.37422180175781, "right": 459.21234130859375, "bottom": 213.7482452392578}], "time": 23.192234754562378}
