{"im": 5461, "res": [{"class": "aeroplane", "prob": 0.7848874926567078, "left": 117.83670806884766, "top": 120.0013427734375, "right": 317.46722412109375, "bottom": 490.32061767578125}], "time": 21.52889394760132}
