{"im": 2228, "res": [{"class": "car", "prob": 0.9774259924888611, "left": 49.42866516113281, "top": 148.85012817382812, "right": 379.2431640625, "bottom": 208.30462646484375}], "time": 21.445116996765137}
