{"im": 3853, "res": [{"class": "person", "prob": 0.9928419589996338, "left": 42.087615966796875, "top": 87.68711853027344, "right": 358.05023193359375, "bottom": 494.59783935546875}], "time": 21.546628713607788}
