{"im": 3066, "res": [{"class": "chair", "prob": 0.7492254972457886, "left": 51.84461975097656, "top": 28.883377075195312, "right": 455.146728515625, "bottom": 313.3140869140625}, {"class": "motorbike", "prob": 0.5384639501571655, "left": 120.97109985351562, "top": 273.6084899902344, "right": 150.03121948242188, "bottom": 290.1468200683594}], "time": 21.666245222091675}
