{"im": 2466, "res": [{"class": "chair", "prob": 0.6277728080749512, "left": 139.89035034179688, "top": 193.421142578125, "right": 192.7032470703125, "bottom": 210.96011352539062}, {"class": "chair", "prob": 0.6299663186073303, "left": 90.746826171875, "top": 185.80691528320312, "right": 235.52490234375, "bottom": 215.54693603515625}], "time": 0.8238670825958252}
