{"im": 364, "res": [{"class": "sheep", "prob": 0.8542903065681458, "left": 0.0, "top": 10.450302124023438, "right": 500.0, "bottom": 379.35858154296875}, {"class": "sheep", "prob": 0.6706503629684448, "left": 5.7767486572265625, "top": 83.9766845703125, "right": 401.7528076171875, "bottom": 353.11260986328125}], "time": 21.558977842330933}
