{"im": 290, "res": [{"class": "bird", "prob": 0.8106484413146973, "left": 36.90070724487305, "top": 262.61236572265625, "right": 83.76806640625, "bottom": 311.52276611328125}, {"class": "bird", "prob": 0.7803407311439514, "left": 10.527400970458984, "top": 258.1659240722656, "right": 108.60673522949219, "bottom": 317.5204162597656}], "time": 0.9259991645812988}
