{"im": 4881, "res": [{"class": "aeroplane", "prob": 0.9997687935829163, "left": 163.07437133789062, "top": 80.32830810546875, "right": 393.5625915527344, "bottom": 356.6738586425781}], "time": 21.457271099090576}
