{"im": 3735, "res": [{"class": "sheep", "prob": 0.9439992308616638, "left": 155.70375061035156, "top": 18.951889038085938, "right": 449.1207275390625, "bottom": 402.72454833984375}, {"class": "sofa", "prob": 0.5333371162414551, "left": 5.4230194091796875, "top": 115.27711486816406, "right": 399.433837890625, "bottom": 397.82305908203125}], "time": 21.570433139801025}
