{"im": 727, "res": [{"class": "aeroplane", "prob": 0.8122878074645996, "left": 7.139984130859375, "top": 105.05473327636719, "right": 189.564453125, "bottom": 366.97528076171875}], "time": 0.9272918701171875}
