{"im": 815, "res": [{"class": "aeroplane", "prob": 0.9242534041404724, "left": 30.195602416992188, "top": 253.03811645507812, "right": 95.77342224121094, "bottom": 375.0}, {"class": "aeroplane", "prob": 0.9139798879623413, "left": 316.91888427734375, "top": 286.7928466796875, "right": 344.13812255859375, "bottom": 337.68499755859375}, {"class": "aeroplane", "prob": 0.8767073750495911, "left": 52.05389404296875, "top": 275.7562561035156, "right": 82.73112487792969, "bottom": 354.9385681152344}, {"class": "aeroplane", "prob": 0.5085597634315491, "left": 112.8551025390625, "top": 234.41232299804688, "right": 171.96551513671875, "bottom": 371.2434997558594}], "time": 0.8531520366668701}
