{"im": 403, "res": [{"class": "aeroplane", "prob": 0.6333508491516113, "left": 215.33914184570312, "top": 68.02738952636719, "right": 349.9181213378906, "bottom": 314.48773193359375}], "time": 0.8288869857788086}
