{"im": 3522, "res": [{"class": "train", "prob": 0.5334771275520325, "left": 130.68612670898438, "top": 284.61688232421875, "right": 185.59939575195312, "bottom": 308.83184814453125}], "time": 0.8351330757141113}
