{"im": 2291, "res": [{"class": "aeroplane", "prob": 0.8395802974700928, "left": 171.38772583007812, "top": 154.22805786132812, "right": 342.0743103027344, "bottom": 401.7464294433594}], "time": 0.8364059925079346}
