{"im": 2732, "res": [{"class": "tvmonitor", "prob": 0.6748796105384827, "left": 108.36830139160156, "top": 109.66783905029297, "right": 406.71728515625, "bottom": 307.39398193359375}], "time": 0.9129340648651123}
