{"im": 1506, "res": [{"class": "sheep", "prob": 0.5601500868797302, "left": 104.66943359375, "top": 155.8477783203125, "right": 400.1870422363281, "bottom": 428.96368408203125}], "time": 0.8843178749084473}
