{"im": 1287, "res": [{"class": "bird", "prob": 0.9678058624267578, "left": 63.86146545410156, "top": 140.0942840576172, "right": 432.48504638671875, "bottom": 253.5056610107422}, {"class": "bird", "prob": 0.764697790145874, "left": 466.3172912597656, "top": 165.5793914794922, "right": 492.8092956542969, "bottom": 202.04844665527344}], "time": 0.8588981628417969}
