{"im": 3004, "res": [{"class": "bicycle", "prob": 0.6985160112380981, "left": 174.2056121826172, "top": 192.862548828125, "right": 279.376220703125, "bottom": 346.408935546875}, {"class": "bicycle", "prob": 0.6762721538543701, "left": 200.9126434326172, "top": 220.48448181152344, "right": 253.5930633544922, "bottom": 323.138671875}, {"class": "aeroplane", "prob": 0.6364368200302124, "left": 173.81288146972656, "top": 97.65958404541016, "right": 267.7677307128906, "bottom": 303.2510681152344}], "time": 0.8577461242675781}
