{"im": 3197, "res": [{"class": "aeroplane", "prob": 0.9552470445632935, "left": 343.6652526855469, "top": 93.43852996826172, "right": 416.9938049316406, "bottom": 235.21258544921875}, {"class": "aeroplane", "prob": 0.9167526960372925, "left": 362.5003356933594, "top": 114.02548217773438, "right": 399.3742980957031, "bottom": 214.74652099609375}, {"class": "aeroplane", "prob": 0.7662591934204102, "left": 105.86492919921875, "top": 122.72473907470703, "right": 132.4552764892578, "bottom": 203.6566162109375}, {"class": "aeroplane", "prob": 0.7482702136039734, "left": 92.2047348022461, "top": 98.38800048828125, "right": 151.39100646972656, "bottom": 230.5205078125}], "time": 0.8480720520019531}
