{"im": 4752, "res": [{"class": "sheep", "prob": 0.9910660982131958, "left": 26.6944580078125, "top": 3.3047637939453125, "right": 425.8578796386719, "bottom": 279.90264892578125}], "time": 21.40856385231018}
