{"im": 1044, "res": [{"class": "bottle", "prob": 0.9937148094177246, "left": 189.6419677734375, "top": 180.55307006835938, "right": 261.6343078613281, "bottom": 228.39572143554688}, {"class": "bottle", "prob": 0.9392815828323364, "left": 114.28091430664062, "top": 231.3989715576172, "right": 189.23019409179688, "bottom": 287.29888916015625}, {"class": "bottle", "prob": 0.9903231263160706, "left": 298.3564147949219, "top": 198.83993530273438, "right": 364.6921691894531, "bottom": 242.65963745117188}, {"class": "bottle", "prob": 0.9872242212295532, "left": 136.67755126953125, "top": 99.84442901611328, "right": 210.3109130859375, "bottom": 146.12100219726562}], "time": 21.114031076431274}
