{"im": 894, "res": [{"class": "aeroplane", "prob": 0.6640300750732422, "left": 68.97059631347656, "top": 133.91555786132812, "right": 92.31651306152344, "bottom": 163.67111206054688}], "time": 0.8579661846160889}
