{"im": 2230, "res": [{"class": "aeroplane", "prob": 0.8861914873123169, "left": 67.00776672363281, "top": 182.06729125976562, "right": 94.56842041015625, "bottom": 252.33773803710938}], "time": 21.466336011886597}
