{"im": 1813, "res": [{"class": "aeroplane", "prob": 0.9023684859275818, "left": 152.43963623046875, "top": 180.0812530517578, "right": 238.62423706054688, "bottom": 456.028076171875}, {"class": "aeroplane", "prob": 0.8970258831977844, "left": 89.22396087646484, "top": 125.95388793945312, "right": 185.48324584960938, "bottom": 465.8384094238281}], "time": 0.891963005065918}
