{"im": 2988, "res": [{"class": "bird", "prob": 0.9047548770904541, "left": 7.36529541015625, "top": 16.44829559326172, "right": 366.3681335449219, "bottom": 260.35284423828125}, {"class": "aeroplane", "prob": 0.9761679172515869, "left": 283.09161376953125, "top": 1.4280776977539062, "right": 343.9847412109375, "bottom": 95.5266342163086}, {"class": "aeroplane", "prob": 0.8335970640182495, "left": 5.501897811889648, "top": 0.0, "right": 59.994873046875, "bottom": 145.71450805664062}, {"class": "aeroplane", "prob": 0.7040793895721436, "left": 322.0179748535156, "top": 2.516845703125, "right": 375.0, "bottom": 333.15948486328125}], "time": 23.467906951904297}
