{"im": 5049, "res": [{"class": "bird", "prob": 0.5430236458778381, "left": 300.8068542480469, "top": 413.6381530761719, "right": 325.3268127441406, "bottom": 449.6290588378906}], "time": 0.8240551948547363}
