{"im": 3727, "res": [{"class": "aeroplane", "prob": 0.996915876865387, "left": 8.467819213867188, "top": 0.0, "right": 385.78900146484375, "bottom": 330.4007568359375}, {"class": "sheep", "prob": 0.9907222390174866, "left": 136.2943878173828, "top": 113.83567810058594, "right": 418.42413330078125, "bottom": 331.4984130859375}], "time": 21.53079867362976}
