{"im": 4732, "res": [{"class": "aeroplane", "prob": 0.9997174739837646, "left": 84.62684631347656, "top": 43.65614318847656, "right": 222.14353942871094, "bottom": 327.3541259765625}, {"class": "aeroplane", "prob": 0.9989426732063293, "left": 210.92333984375, "top": 66.60066223144531, "right": 398.31292724609375, "bottom": 320.1732177734375}, {"class": "aeroplane", "prob": 0.9827562570571899, "left": 331.140625, "top": 93.61161804199219, "right": 493.64447021484375, "bottom": 312.1346435546875}, {"class": "aeroplane", "prob": 0.9889991283416748, "left": 173.3214874267578, "top": 63.06890869140625, "right": 288.7020263671875, "bottom": 313.5063781738281}], "time": 21.37567901611328}
