{"im": 4029, "res": [{"class": "train", "prob": 0.9490246176719666, "left": 27.649642944335938, "top": 11.150466918945312, "right": 473.03155517578125, "bottom": 375.0}], "time": 23.31000518798828}
