{"im": 3373, "res": [{"class": "sheep", "prob": 0.6880483031272888, "left": 62.33714294433594, "top": 18.735671997070312, "right": 444.93316650390625, "bottom": 311.38726806640625}], "time": 1.0170319080352783}
