{"im": 2231, "res": [{"class": "person", "prob": 0.8638309836387634, "left": 78.08384704589844, "top": 191.03379821777344, "right": 234.59324645996094, "bottom": 249.2546844482422}], "time": 21.4445161819458}
