{"im": 4408, "res": [{"class": "bicycle", "prob": 0.9969224333763123, "left": 17.928298950195312, "top": 255.33056640625, "right": 152.46994018554688, "bottom": 370.0889892578125}, {"class": "boat", "prob": 0.9830704927444458, "left": 119.42731475830078, "top": 225.28562927246094, "right": 280.1731872558594, "bottom": 362.84051513671875}], "time": 21.38358497619629}
