{"im": 136, "res": [{"class": "boat", "prob": 0.8843249082565308, "left": 140.07676696777344, "top": 170.43748474121094, "right": 174.31080627441406, "bottom": 227.38743591308594}, {"class": "aeroplane", "prob": 0.6858595609664917, "left": 377.8092041015625, "top": 232.33238220214844, "right": 487.8773193359375, "bottom": 367.91827392578125}, {"class": "aeroplane", "prob": 0.7395115494728088, "left": 409.79083251953125, "top": 245.44442749023438, "right": 458.14813232421875, "bottom": 346.1511535644531}, {"class": "boat", "prob": 0.5085729360580444, "left": 117.84620666503906, "top": 159.31910705566406, "right": 195.5635528564453, "bottom": 233.25315856933594}], "time": 1.0019497871398926}
