{"im": 2533, "res": [{"class": "bottle", "prob": 0.9955616593360901, "left": 9.131881713867188, "top": 48.36248779296875, "right": 450.87811279296875, "bottom": 272.60101318359375}], "time": 21.41548800468445}
