{"im": 2932, "res": [{"class": "aeroplane", "prob": 0.5376573801040649, "left": 398.634521484375, "top": 16.86101722717285, "right": 434.23126220703125, "bottom": 43.23197937011719}], "time": 0.8619201183319092}
