{"im": 2008, "res": [{"class": "chair", "prob": 0.8958961367607117, "left": 336.3339538574219, "top": 172.6248321533203, "right": 420.7984313964844, "bottom": 203.7102508544922}, {"class": "bottle", "prob": 0.6690442562103271, "left": 34.110443115234375, "top": 52.57011795043945, "right": 353.5744934082031, "bottom": 174.98451232910156}], "time": 21.69442892074585}
