{"im": 4825, "res": [{"class": "person", "prob": 0.9862054586410522, "left": 221.95947265625, "top": 105.64306640625, "right": 335.04345703125, "bottom": 372.3627014160156}, {"class": "person", "prob": 0.9802306890487671, "left": 374.6536865234375, "top": 110.39411926269531, "right": 491.8486328125, "bottom": 369.178466796875}, {"class": "person", "prob": 0.9421226978302002, "left": 43.9691162109375, "top": 77.06707763671875, "right": 172.82589721679688, "bottom": 345.2796325683594}], "time": 21.47478175163269}
