{"im": 686, "res": [{"class": "aeroplane", "prob": 0.5539507865905762, "left": 19.992074966430664, "top": 189.86831665039062, "right": 47.436920166015625, "bottom": 265.601806640625}, {"class": "aeroplane", "prob": 0.5228036642074585, "left": 400.8240661621094, "top": 237.75648498535156, "right": 470.3145446777344, "bottom": 414.07452392578125}], "time": 0.838770866394043}
