{"im": 3426, "res": [{"class": "sheep", "prob": 0.999755859375, "left": 103.40643310546875, "top": 133.86209106445312, "right": 350.25689697265625, "bottom": 290.52435302734375}], "time": 22.276330947875977}
