{"im": 783, "res": [{"class": "cat", "prob": 0.9989181160926819, "left": 19.115142822265625, "top": 63.80937957763672, "right": 496.3847351074219, "bottom": 304.06695556640625}, {"class": "bird", "prob": 0.9124525785446167, "left": 441.20050048828125, "top": 115.37995910644531, "right": 498.74884033203125, "bottom": 146.88426208496094}, {"class": "bird", "prob": 0.6906559467315674, "left": 406.0224609375, "top": 120.28369140625, "right": 431.3543701171875, "bottom": 139.54296875}], "time": 22.03288507461548}
