{"im": 5475, "res": [{"class": "bottle", "prob": 0.9894459843635559, "left": 41.40928649902344, "top": 79.1263656616211, "right": 454.893310546875, "bottom": 246.79647827148438}], "time": 21.47682499885559}
