{"im": 5682, "res": [{"class": "bird", "prob": 0.9680430293083191, "left": 40.21400451660156, "top": 24.703521728515625, "right": 457.8720703125, "bottom": 341.4620666503906}, {"class": "aeroplane", "prob": 0.9838506579399109, "left": 439.72674560546875, "top": 58.72441482543945, "right": 473.030517578125, "bottom": 83.63162994384766}, {"class": "aeroplane", "prob": 0.9708869457244873, "left": 335.0876770019531, "top": 62.85295867919922, "right": 353.9364318847656, "bottom": 85.75554656982422}, {"class": "aeroplane", "prob": 0.9067952036857605, "left": 471.3099365234375, "top": 60.563995361328125, "right": 493.71588134765625, "bottom": 82.32615661621094}], "time": 21.168493032455444}
