{"im": 527, "res": [{"class": "aeroplane", "prob": 0.9989166855812073, "left": 39.85931396484375, "top": 4.8927001953125, "right": 451.96282958984375, "bottom": 327.19140625}], "time": 21.600586891174316}
