{"im": 1333, "res": [{"class": "bicycle", "prob": 0.852632999420166, "left": 123.90855407714844, "top": 92.60414123535156, "right": 457.8895263671875, "bottom": 271.48193359375}], "time": 1.517782211303711}
