{"im": 2619, "res": [{"class": "chair", "prob": 0.5442032217979431, "left": 65.79092407226562, "top": 46.72766876220703, "right": 384.5267639160156, "bottom": 268.02520751953125}], "time": 21.429653644561768}
