{"im": 598, "res": [{"class": "aeroplane", "prob": 0.662699818611145, "left": 65.07270050048828, "top": 152.39791870117188, "right": 304.8007507324219, "bottom": 375.0}, {"class": "pottedplant", "prob": 0.6778521537780762, "left": 65.07270050048828, "top": 152.39791870117188, "right": 304.8007507324219, "bottom": 375.0}, {"class": "pottedplant", "prob": 0.8452722430229187, "left": 281.3512268066406, "top": 182.46786499023438, "right": 459.7261657714844, "bottom": 371.9021911621094}], "time": 0.903264045715332}
