{"im": 771, "res": [{"class": "bird", "prob": 0.951127827167511, "left": 348.0590515136719, "top": 182.7196502685547, "right": 375.0, "bottom": 210.0814971923828}, {"class": "bird", "prob": 0.9388658404350281, "left": 0.0, "top": 75.99403381347656, "right": 317.83856201171875, "bottom": 500.0}, {"class": "sheep", "prob": 0.9386937618255615, "left": 80.43260192871094, "top": 201.33053588867188, "right": 202.6239471435547, "bottom": 293.9830322265625}, {"class": "bird", "prob": 0.7606289386749268, "left": 253.60691833496094, "top": 195.99478149414062, "right": 271.4879150390625, "bottom": 203.55087280273438}], "time": 21.70897102355957}
