{"im": 3913, "res": [{"class": "bird", "prob": 0.9401552677154541, "left": 104.59121704101562, "top": 83.14148712158203, "right": 436.3299865722656, "bottom": 213.50662231445312}], "time": 21.530078887939453}
