{"im": 4096, "res": [{"class": "sheep", "prob": 0.9927879571914673, "left": 76.52876281738281, "top": 47.0701904296875, "right": 362.0015869140625, "bottom": 276.33087158203125}], "time": 21.667653799057007}
