{"im": 591, "res": [{"class": "sheep", "prob": 0.6730960607528687, "left": 2.85589599609375, "top": 220.20582580566406, "right": 341.453857421875, "bottom": 375.0}, {"class": "sheep", "prob": 0.560042142868042, "left": 0.0, "top": 113.93208312988281, "right": 290.78985595703125, "bottom": 266.95196533203125}], "time": 21.78230905532837}
