{"im": 2260, "res": [{"class": "bicycle", "prob": 0.8414495587348938, "left": 0.6568374633789062, "top": 143.44876098632812, "right": 248.99398803710938, "bottom": 441.6244201660156}, {"class": "aeroplane", "prob": 0.7830594182014465, "left": 269.2992248535156, "top": 179.8556671142578, "right": 307.1921691894531, "bottom": 268.75811767578125}, {"class": "aeroplane", "prob": 0.7563794255256653, "left": 239.86058044433594, "top": 164.07057189941406, "right": 332.509521484375, "bottom": 283.183837890625}], "time": 0.8900148868560791}
