{"im": 5655, "res": [{"class": "sheep", "prob": 0.6892077922821045, "left": 91.16368103027344, "top": 139.357421875, "right": 336.05010986328125, "bottom": 323.9947204589844}], "time": 0.8244781494140625}
