{"im": 2204, "res": [{"class": "bus", "prob": 0.998167872428894, "left": 243.21884155273438, "top": 122.22651672363281, "right": 469.8972473144531, "bottom": 282.5882568359375}, {"class": "aeroplane", "prob": 0.9848932027816772, "left": 15.715950965881348, "top": 231.4337921142578, "right": 37.081809997558594, "bottom": 279.31524658203125}, {"class": "bus", "prob": 0.6815212368965149, "left": 40.471107482910156, "top": 165.0478057861328, "right": 224.58151245117188, "bottom": 240.3528289794922}, {"class": "bus", "prob": 0.5205418467521667, "left": 92.46961212158203, "top": 174.0637969970703, "right": 160.4769287109375, "bottom": 228.6851348876953}], "time": 0.8373031616210938}
