{"im": 3996, "res": [{"class": "tvmonitor", "prob": 0.9567169547080994, "left": 141.04803466796875, "top": 209.22402954101562, "right": 304.80950927734375, "bottom": 324.7832336425781}, {"class": "tvmonitor", "prob": 0.9882953763008118, "left": 118.45538330078125, "top": 118.99297332763672, "right": 382.2508850097656, "bottom": 315.5933837890625}], "time": 21.588319301605225}
