{"im": 3210, "res": [{"class": "aeroplane", "prob": 0.5759822726249695, "left": 157.48829650878906, "top": 179.24493408203125, "right": 279.6275634765625, "bottom": 371.07379150390625}, {"class": "aeroplane", "prob": 0.5501932501792908, "left": 12.0682373046875, "top": 191.80322265625, "right": 202.09432983398438, "bottom": 363.5657958984375}], "time": 0.837799072265625}
