{"im": 3967, "res": [{"class": "aeroplane", "prob": 0.6835930347442627, "left": 161.7335968017578, "top": 28.500030517578125, "right": 497.61004638671875, "bottom": 350.0690612792969}, {"class": "aeroplane", "prob": 0.5324419736862183, "left": 88.71241760253906, "top": 13.492149353027344, "right": 352.38421630859375, "bottom": 203.63720703125}], "time": 21.608441829681396}
