{"im": 5617, "res": [{"class": "car", "prob": 0.623124897480011, "left": 123.68848419189453, "top": 196.5517120361328, "right": 300.4219665527344, "bottom": 298.54742431640625}], "time": 0.8735508918762207}
