{"im": 5236, "res": [{"class": "person", "prob": 0.7398349642753601, "left": 123.88836669921875, "top": 198.0076904296875, "right": 221.13323974609375, "bottom": 298.2630310058594}, {"class": "aeroplane", "prob": 0.6820874810218811, "left": 44.13895797729492, "top": 24.325271606445312, "right": 53.946590423583984, "bottom": 47.661781311035156}], "time": 0.8671092987060547}
