{"im": 1905, "res": [{"class": "aeroplane", "prob": 0.9910681843757629, "left": 173.67359924316406, "top": 69.7205810546875, "right": 484.6943359375, "bottom": 357.2898254394531}], "time": 21.63798499107361}
