{"im": 3756, "res": [{"class": "aeroplane", "prob": 0.9971630573272705, "left": 198.34298706054688, "top": 83.05453491210938, "right": 291.4576721191406, "bottom": 246.39242553710938}, {"class": "bird", "prob": 0.9730457663536072, "left": 280.6810607910156, "top": 17.059890747070312, "right": 463.7132263183594, "bottom": 144.9783477783203}, {"class": "boat", "prob": 0.9581587314605713, "left": 172.57534790039062, "top": 132.21347045898438, "right": 338.4192199707031, "bottom": 247.583740234375}], "time": 21.57510471343994}
