{"im": 4285, "res": [{"class": "sheep", "prob": 0.6342460513114929, "left": 205.19540405273438, "top": 87.66480255126953, "right": 367.8157043457031, "bottom": 271.9338684082031}], "time": 0.8862907886505127}
