{"im": 1222, "res": [{"class": "sofa", "prob": 0.5635808706283569, "left": 12.034347534179688, "top": 0.0, "right": 269.95672607421875, "bottom": 500.0}], "time": 21.06189489364624}
