{"im": 5620, "res": [{"class": "aeroplane", "prob": 0.7555708885192871, "left": 111.99401092529297, "top": 0.0, "right": 326.6770324707031, "bottom": 300.0}], "time": 21.064769983291626}
