{"im": 257, "res": [{"class": "aeroplane", "prob": 0.998956561088562, "left": 357.46502685546875, "top": 117.28233337402344, "right": 422.05267333984375, "bottom": 324.7196044921875}], "time": 21.525464057922363}
