{"im": 2755, "res": [{"class": "sofa", "prob": 0.9998071193695068, "left": 269.46954345703125, "top": 171.01593017578125, "right": 477.37860107421875, "bottom": 279.5513000488281}], "time": 21.720757007598877}
