{"im": 3293, "res": [{"class": "aeroplane", "prob": 0.9440855979919434, "left": 181.383056640625, "top": 0.0, "right": 485.3331298828125, "bottom": 279.3897705078125}, {"class": "aeroplane", "prob": 0.7987061142921448, "left": 0.0, "top": 30.4239501953125, "right": 83.05305480957031, "bottom": 281.0}, {"class": "aeroplane", "prob": 0.7098227143287659, "left": 147.56597900390625, "top": 71.19326782226562, "right": 243.95797729492188, "bottom": 270.28558349609375}, {"class": "aeroplane", "prob": 0.6055243015289307, "left": 141.81520080566406, "top": 67.12117004394531, "right": 236.0829620361328, "bottom": 158.89004516601562}], "time": 21.79966711997986}
