{"im": 4173, "res": [{"class": "sheep", "prob": 0.9652432203292847, "left": 233.79360961914062, "top": 212.2445068359375, "right": 420.4696960449219, "bottom": 324.18359375}], "time": 21.623023748397827}
