{"im": 3173, "res": [{"class": "aeroplane", "prob": 0.9759792685508728, "left": 191.18414306640625, "top": 261.5437927246094, "right": 290.6319580078125, "bottom": 491.9170227050781}], "time": 0.8797862529754639}
