{"im": 2990, "res": [{"class": "aeroplane", "prob": 0.6481735706329346, "left": 304.0712890625, "top": 99.86112976074219, "right": 378.4296875, "bottom": 239.7231903076172}], "time": 0.8580460548400879}
