{"im": 403, "res": [{"class": "aeroplane", "prob": 0.9847784638404846, "left": 177.52337646484375, "top": 41.449249267578125, "right": 363.78076171875, "bottom": 322.0}, {"class": "chair", "prob": 0.6890508532524109, "left": 6.7214813232421875, "top": 148.87159729003906, "right": 442.93426513671875, "bottom": 321.37994384765625}], "time": 21.713168144226074}
