{"im": 4019, "res": [{"class": "sheep", "prob": 0.9922267198562622, "left": 23.290069580078125, "top": 32.01313781738281, "right": 395.2968444824219, "bottom": 461.076904296875}], "time": 23.066544771194458}
