{"im": 1813, "res": [{"class": "aeroplane", "prob": 0.9987908005714417, "left": 157.8531951904297, "top": 181.768798828125, "right": 237.49900817871094, "bottom": 455.25396728515625}, {"class": "dog", "prob": 0.9988335967063904, "left": 180.32859802246094, "top": 49.6712532043457, "right": 201.9575653076172, "bottom": 144.99534606933594}, {"class": "aeroplane", "prob": 0.996461808681488, "left": 83.32528686523438, "top": 136.4202117919922, "right": 177.48150634765625, "bottom": 459.39208984375}], "time": 21.7931809425354}
