{"im": 2710, "res": [{"class": "aeroplane", "prob": 0.9940312504768372, "left": 1.917022705078125, "top": 117.41087341308594, "right": 280.4652404785156, "bottom": 498.7083740234375}, {"class": "aeroplane", "prob": 0.5646892786026001, "left": 0.5926380157470703, "top": 250.66720581054688, "right": 32.03180694580078, "bottom": 294.8890686035156}], "time": 21.672741174697876}
