{"im": 906, "res": [{"class": "person", "prob": 0.9983769059181213, "left": 142.36279296875, "top": 78.09345245361328, "right": 407.80975341796875, "bottom": 313.5209655761719}], "time": 21.105291843414307}
