{"im": 5511, "res": [{"class": "aeroplane", "prob": 0.8323596715927124, "left": 159.11709594726562, "top": 142.76376342773438, "right": 190.62881469726562, "bottom": 175.7210693359375}, {"class": "aeroplane", "prob": 0.5551077723503113, "left": 213.6675567626953, "top": 116.65296936035156, "right": 247.79945373535156, "bottom": 152.8589324951172}], "time": 21.0723819732666}
