{"im": 1575, "res": [{"class": "aeroplane", "prob": 0.9997258186340332, "left": 49.68463897705078, "top": 4.567840576171875, "right": 300.5754089355469, "bottom": 494.5072326660156}, {"class": "bicycle", "prob": 0.9229158759117126, "left": 112.29646301269531, "top": 251.6134490966797, "right": 215.5194854736328, "bottom": 500.0}, {"class": "aeroplane", "prob": 0.8239067792892456, "left": 273.3108215332031, "top": 53.02967834472656, "right": 333.0, "bottom": 493.12884521484375}, {"class": "bicycle", "prob": 0.6731343865394592, "left": 67.1543197631836, "top": 226.91397094726562, "right": 266.9424133300781, "bottom": 493.5268859863281}], "time": 21.71686100959778}
