{"im": 2979, "res": [{"class": "sofa", "prob": 0.5179639458656311, "left": 53.50495910644531, "top": 21.854629516601562, "right": 365.06475830078125, "bottom": 305.158203125}, {"class": "tvmonitor", "prob": 0.5234970450401306, "left": 53.50495910644531, "top": 21.854629516601562, "right": 365.06475830078125, "bottom": 305.158203125}], "time": 0.8656680583953857}
