{"im": 2800, "res": [{"class": "pottedplant", "prob": 0.9936123490333557, "left": 45.20135498046875, "top": 235.21142578125, "right": 333.0, "bottom": 494.5523681640625}], "time": 21.476481914520264}
