{"im": 1051, "res": [{"class": "sheep", "prob": 0.8196264505386353, "left": 14.195266723632812, "top": 165.6310272216797, "right": 420.771240234375, "bottom": 491.00177001953125}], "time": 21.129343032836914}
