{"im": 4378, "res": [{"class": "boat", "prob": 0.8978703022003174, "left": 28.329490661621094, "top": 96.78439331054688, "right": 225.71688842773438, "bottom": 360.8001403808594}], "time": 0.8270900249481201}
