{"im": 4519, "res": [{"class": "aeroplane", "prob": 0.9985095262527466, "left": 120.88400268554688, "top": 192.09889221191406, "right": 363.93939208984375, "bottom": 482.9560546875}, {"class": "aeroplane", "prob": 0.9884284138679504, "left": 28.896530151367188, "top": 52.62602233886719, "right": 287.09326171875, "bottom": 500.0}], "time": 21.38714599609375}
