{"im": 4608, "res": [{"class": "aeroplane", "prob": 0.5173866152763367, "left": 34.35014343261719, "top": 46.70222473144531, "right": 143.68898010253906, "bottom": 318.65869140625}], "time": 0.8295660018920898}
