{"im": 150, "res": [{"class": "aeroplane", "prob": 0.9449732303619385, "left": 35.693084716796875, "top": 19.030075073242188, "right": 290.4298095703125, "bottom": 500.0}, {"class": "aeroplane", "prob": 0.5323147773742676, "left": 0.0, "top": 159.6334991455078, "right": 38.68586730957031, "bottom": 248.26380920410156}], "time": 21.652246952056885}
