{"im": 5052, "res": [{"class": "pottedplant", "prob": 0.9996343851089478, "left": 99.65045166015625, "top": 165.0291748046875, "right": 241.24847412109375, "bottom": 269.3727111816406}], "time": 21.417855978012085}
