{"im": 844, "res": [{"class": "aeroplane", "prob": 0.7418580651283264, "left": 128.77017211914062, "top": 10.729232788085938, "right": 430.1133117675781, "bottom": 355.5709228515625}, {"class": "aeroplane", "prob": 0.5073226690292358, "left": 92.5555648803711, "top": 303.759521484375, "right": 317.6225891113281, "bottom": 370.13348388671875}], "time": 0.8901309967041016}
