{"im": 5117, "res": [{"class": "aeroplane", "prob": 0.8139823079109192, "left": 239.84095764160156, "top": 78.31773376464844, "right": 490.07080078125, "bottom": 375.0}, {"class": "aeroplane", "prob": 0.69642174243927, "left": 1.4503555297851562, "top": 83.51856994628906, "right": 183.10214233398438, "bottom": 375.0}], "time": 0.835942268371582}
