{"im": 1850, "res": [{"class": "pottedplant", "prob": 0.9603511095046997, "left": 128.06826782226562, "top": 0.0, "right": 478.2900695800781, "bottom": 375.0}], "time": 21.66718816757202}
