{"im": 1312, "res": [{"class": "aeroplane", "prob": 0.510391116142273, "left": 258.194091796875, "top": 147.51895141601562, "right": 399.30767822265625, "bottom": 373.8981628417969}], "time": 0.8375887870788574}
