{"im": 2353, "res": [{"class": "car", "prob": 0.9993738532066345, "left": 104.50375366210938, "top": 99.85676574707031, "right": 346.5839538574219, "bottom": 237.33079528808594}], "time": 21.465591192245483}
