{"im": 5614, "res": [{"class": "sheep", "prob": 0.9238240718841553, "left": 0.0, "top": 0.0, "right": 496.2085266113281, "bottom": 349.7620544433594}], "time": 21.091639041900635}
