{"im": 1662, "res": [{"class": "pottedplant", "prob": 0.8452826738357544, "left": 0.0, "top": 1.9061126708984375, "right": 449.10394287109375, "bottom": 271.8544921875}], "time": 21.650113821029663}
