{"im": 702, "res": [{"class": "bicycle", "prob": 0.6865065693855286, "left": 57.22807312011719, "top": 20.171417236328125, "right": 500.0, "bottom": 352.6575012207031}], "time": 0.8860249519348145}
