{"im": 604, "res": [{"class": "aeroplane", "prob": 0.9933471083641052, "left": 109.036376953125, "top": 5.562080383300781, "right": 184.82797241210938, "bottom": 162.11544799804688}], "time": 21.879422187805176}
