{"im": 1204, "res": [{"class": "bottle", "prob": 0.9937642812728882, "left": 15.632904052734375, "top": 9.619659423828125, "right": 431.26019287109375, "bottom": 270.44366455078125}, {"class": "aeroplane", "prob": 0.6017014384269714, "left": 349.2384948730469, "top": 254.8734130859375, "right": 357.9844055175781, "bottom": 277.79376220703125}], "time": 21.12284803390503}
