{"im": 1255, "res": [{"class": "aeroplane", "prob": 0.8464683294296265, "left": 123.03898620605469, "top": 98.81080627441406, "right": 470.82733154296875, "bottom": 372.711181640625}], "time": 0.8838000297546387}
