{"im": 1767, "res": [{"class": "chair", "prob": 0.8914024233818054, "left": 0.0, "top": 0.0, "right": 161.40908813476562, "bottom": 115.75375366210938}], "time": 21.636471033096313}
