{"im": 686, "res": [{"class": "aeroplane", "prob": 0.9990957379341125, "left": 9.720739364624023, "top": 163.56863403320312, "right": 52.232505798339844, "bottom": 306.03717041015625}, {"class": "aeroplane", "prob": 0.9970477223396301, "left": 156.0096435546875, "top": 167.81500244140625, "right": 226.6278076171875, "bottom": 404.56988525390625}, {"class": "aeroplane", "prob": 0.9769013524055481, "left": 389.4525146484375, "top": 167.2705078125, "right": 475.58880615234375, "bottom": 425.0}, {"class": "bird", "prob": 0.97059166431427, "left": 45.71416473388672, "top": 169.83995056152344, "right": 88.34992218017578, "bottom": 197.7783966064453}], "time": 21.810414791107178}
