{"im": 604, "res": [{"class": "aeroplane", "prob": 0.5796847939491272, "left": 129.8997039794922, "top": 28.863304138183594, "right": 163.0600128173828, "bottom": 139.17123413085938}, {"class": "aeroplane", "prob": 0.514051616191864, "left": 109.30479431152344, "top": 4.83306884765625, "right": 177.91990661621094, "bottom": 154.8677978515625}], "time": 0.8953862190246582}
