{"im": 3356, "res": [{"class": "bird", "prob": 0.9892107844352722, "left": 0.0, "top": 61.67547607421875, "right": 500.0, "bottom": 375.0}], "time": 21.633310794830322}
