{"im": 4849, "res": [{"class": "aeroplane", "prob": 0.931580126285553, "left": 16.187057495117188, "top": 89.92002868652344, "right": 424.47357177734375, "bottom": 375.0}], "time": 21.432787895202637}
