{"im": 806, "res": [{"class": "person", "prob": 0.9883207678794861, "left": 386.9378662109375, "top": 217.25181579589844, "right": 463.35723876953125, "bottom": 296.340576171875}, {"class": "person", "prob": 0.992723286151886, "left": 11.456680297851562, "top": 208.86770629882812, "right": 114.1102066040039, "bottom": 287.3426818847656}, {"class": "person", "prob": 0.9894653558731079, "left": 236.05496215820312, "top": 196.20953369140625, "right": 287.5058288574219, "bottom": 263.3743896484375}], "time": 21.864667177200317}
