{"im": 3919, "res": [{"class": "pottedplant", "prob": 0.9995632767677307, "left": 277.7103271484375, "top": 13.27975845336914, "right": 434.9979248046875, "bottom": 111.41323852539062}], "time": 21.570832014083862}
