{"im": 587, "res": [{"class": "boat", "prob": 0.8328181505203247, "left": 29.368453979492188, "top": 87.96755981445312, "right": 144.6688232421875, "bottom": 329.8967590332031}, {"class": "boat", "prob": 0.7480765581130981, "left": 235.49368286132812, "top": 87.50374603271484, "right": 350.7212219238281, "bottom": 323.3298034667969}, {"class": "boat", "prob": 0.7193123698234558, "left": 138.99473571777344, "top": 81.29853820800781, "right": 236.49208068847656, "bottom": 333.0}], "time": 0.8477358818054199}
