{"im": 640, "res": [{"class": "bottle", "prob": 0.6642907857894897, "left": 215.1218719482422, "top": 130.99557495117188, "right": 497.3206787109375, "bottom": 317.816162109375}, {"class": "bottle", "prob": 0.5758621692657471, "left": 17.54144287109375, "top": 209.2877197265625, "right": 372.0483093261719, "bottom": 333.0}], "time": 23.425345182418823}
