{"im": 1061, "res": [{"class": "aeroplane", "prob": 0.9995471835136414, "left": 157.29750061035156, "top": 33.92424011230469, "right": 500.0, "bottom": 375.0}, {"class": "bicycle", "prob": 0.9981949329376221, "left": 97.90678405761719, "top": 246.68328857421875, "right": 246.0437469482422, "bottom": 375.0}, {"class": "aeroplane", "prob": 0.9933898448944092, "left": 120.30264282226562, "top": 41.17149353027344, "right": 281.21893310546875, "bottom": 348.41387939453125}], "time": 21.1287739276886}
