{"im": 3848, "res": [{"class": "bicycle", "prob": 0.8894140720367432, "left": 44.91211700439453, "top": 128.6464385986328, "right": 222.59329223632812, "bottom": 265.921875}, {"class": "bicycle", "prob": 0.5947587490081787, "left": 225.65585327148438, "top": 157.9820098876953, "right": 407.4154968261719, "bottom": 260.0853271484375}, {"class": "bicycle", "prob": 0.5467429757118225, "left": 264.6236877441406, "top": 179.68881225585938, "right": 373.2056579589844, "bottom": 246.95599365234375}], "time": 0.8999998569488525}
