{"im": 483, "res": [{"class": "chair", "prob": 0.6268970966339111, "left": 335.1092224121094, "top": 200.37118530273438, "right": 485.9745788574219, "bottom": 271.1350402832031}, {"class": "chair", "prob": 0.6202626824378967, "left": 231.46556091308594, "top": 219.1304168701172, "right": 253.54994201660156, "bottom": 226.10304260253906}], "time": 0.8580300807952881}
