{"im": 178, "res": [{"class": "aeroplane", "prob": 0.5599290132522583, "left": 173.18832397460938, "top": 11.659408569335938, "right": 340.1680603027344, "bottom": 351.14788818359375}], "time": 0.9950158596038818}
