{"im": 1330, "res": [{"class": "sheep", "prob": 0.8767028450965881, "left": 120.69136047363281, "top": 68.74436950683594, "right": 488.4332275390625, "bottom": 360.778076171875}], "time": 21.68844509124756}
