{"im": 3937, "res": [{"class": "sheep", "prob": 0.9858216047286987, "left": 13.782928466796875, "top": 35.27275085449219, "right": 317.92889404296875, "bottom": 500.0}], "time": 21.631915807724}
