{"im": 144, "res": [{"class": "aeroplane", "prob": 0.9994382858276367, "left": 106.4004898071289, "top": 57.79499053955078, "right": 329.6001892089844, "bottom": 293.0910339355469}, {"class": "aeroplane", "prob": 0.9866173267364502, "left": 7.163883209228516, "top": 0.0, "right": 105.50851440429688, "bottom": 249.84396362304688}, {"class": "aeroplane", "prob": 0.9903584718704224, "left": 276.7427673339844, "top": 49.201995849609375, "right": 491.5066833496094, "bottom": 333.0}], "time": 21.490586757659912}
