{"im": 1308, "res": [{"class": "boat", "prob": 0.9333749413490295, "left": 88.79041290283203, "top": 170.48074340820312, "right": 341.1943054199219, "bottom": 339.41741943359375}], "time": 1.059485912322998}
