{"im": 2205, "res": [{"class": "aeroplane", "prob": 0.999454140663147, "left": 146.93386840820312, "top": 151.83660888671875, "right": 274.60296630859375, "bottom": 363.0965576171875}], "time": 21.39346933364868}
