{"im": 66, "res": [{"class": "aeroplane", "prob": 0.9267272353172302, "left": 165.2901611328125, "top": 73.09419250488281, "right": 331.99688720703125, "bottom": 363.74853515625}], "time": 0.9000861644744873}
