{"im": 4678, "res": [{"class": "aeroplane", "prob": 0.999239444732666, "left": 42.44358825683594, "top": 13.1627197265625, "right": 460.7059326171875, "bottom": 320.2089538574219}, {"class": "aeroplane", "prob": 0.6815957427024841, "left": 0.0, "top": 10.314010620117188, "right": 190.9272003173828, "bottom": 325.03558349609375}], "time": 21.40835189819336}
