{"im": 5501, "res": [{"class": "bicycle", "prob": 0.997384250164032, "left": 49.36140441894531, "top": 360.3105163574219, "right": 254.58677673339844, "bottom": 499.0238342285156}], "time": 21.249548196792603}
