{"im": 5323, "res": [{"class": "sheep", "prob": 0.7778671383857727, "left": 194.33013916015625, "top": 116.22298431396484, "right": 458.682373046875, "bottom": 269.20556640625}], "time": 0.9701640605926514}
