{"im": 3069, "res": [{"class": "tvmonitor", "prob": 0.9745276570320129, "left": 55.73710632324219, "top": 97.77469635009766, "right": 317.11138916015625, "bottom": 284.3914489746094}], "time": 0.9011671543121338}
