{"im": 171, "res": [{"class": "aeroplane", "prob": 0.9885318875312805, "left": 61.337379455566406, "top": 91.19482421875, "right": 196.86114501953125, "bottom": 375.0}, {"class": "aeroplane", "prob": 0.6709526777267456, "left": 319.4300537109375, "top": 98.8182601928711, "right": 463.29241943359375, "bottom": 342.0905456542969}, {"class": "aeroplane", "prob": 0.5778815746307373, "left": 206.78561401367188, "top": 94.65406799316406, "right": 314.1963806152344, "bottom": 294.7001953125}], "time": 1.0414841175079346}
