{"im": 2478, "res": [{"class": "person", "prob": 0.8404542803764343, "left": 237.235595703125, "top": 111.11894989013672, "right": 437.469482421875, "bottom": 266.90625}], "time": 21.42421817779541}
