{"im": 4328, "res": [{"class": "bird", "prob": 0.9988611936569214, "left": 224.99652099609375, "top": 187.30189514160156, "right": 389.99139404296875, "bottom": 269.6579895019531}, {"class": "aeroplane", "prob": 0.9975781440734863, "left": 172.22799682617188, "top": 164.16281127929688, "right": 197.54818725585938, "bottom": 251.35983276367188}, {"class": "aeroplane", "prob": 0.9948111176490784, "left": 140.1990966796875, "top": 161.2556915283203, "right": 164.43386840820312, "bottom": 255.0592803955078}, {"class": "bird", "prob": 0.9616402983665466, "left": 237.000244140625, "top": 175.4683837890625, "right": 272.0694885253906, "bottom": 188.05728149414062}], "time": 21.38460683822632}
