{"im": 1059, "res": [{"class": "aeroplane", "prob": 0.8258892297744751, "left": 41.49363708496094, "top": 40.9083251953125, "right": 452.432861328125, "bottom": 375.0}], "time": 21.076327800750732}
