{"im": 722, "res": [{"class": "tvmonitor", "prob": 0.9822595715522766, "left": 96.3056640625, "top": 101.20166015625, "right": 444.1534423828125, "bottom": 339.60400390625}], "time": 21.47296690940857}
