{"im": 982, "res": [{"class": "aeroplane", "prob": 0.9986997246742249, "left": 216.57879638671875, "top": 56.84935760498047, "right": 391.677734375, "bottom": 219.3731689453125}, {"class": "cat", "prob": 0.6356387734413147, "left": 59.696990966796875, "top": 198.427001953125, "right": 485.8915710449219, "bottom": 336.0}, {"class": "aeroplane", "prob": 0.500365674495697, "left": 243.084716796875, "top": 115.50773620605469, "right": 369.4146728515625, "bottom": 206.75794982910156}], "time": 21.14294934272766}
