{"im": 2472, "res": [{"class": "sofa", "prob": 0.9200718998908997, "left": 265.2646789550781, "top": 167.7544403076172, "right": 458.4706726074219, "bottom": 286.8880615234375}, {"class": "aeroplane", "prob": 0.5422494411468506, "left": 364.2149963378906, "top": 150.27291870117188, "right": 388.9037780761719, "bottom": 187.96380615234375}], "time": 0.8394351005554199}
