{"im": 4630, "res": [{"class": "chair", "prob": 0.7428008317947388, "left": 236.273193359375, "top": 102.55370330810547, "right": 325.22821044921875, "bottom": 266.8211669921875}], "time": 0.9532818794250488}
