{"im": 461, "res": [{"class": "aeroplane", "prob": 0.7419304847717285, "left": 197.04055786132812, "top": 132.77081298828125, "right": 309.2253723144531, "bottom": 236.10012817382812}, {"class": "aeroplane", "prob": 0.5106713175773621, "left": 305.9005126953125, "top": 139.1957550048828, "right": 424.91973876953125, "bottom": 242.98411560058594}], "time": 0.8445000648498535}
