{"im": 144, "res": [{"class": "aeroplane", "prob": 0.9011043906211853, "left": 319.7620849609375, "top": 64.75260925292969, "right": 500.0, "bottom": 333.0}, {"class": "aeroplane", "prob": 0.8106176257133484, "left": 4.594989776611328, "top": 0.0, "right": 117.65815734863281, "bottom": 258.1282958984375}, {"class": "aeroplane", "prob": 0.51925128698349, "left": 106.80747985839844, "top": 61.39128875732422, "right": 320.25885009765625, "bottom": 295.87298583984375}], "time": 1.2285261154174805}
