{"im": 4991, "res": [{"class": "sheep", "prob": 0.6259454488754272, "left": 115.7959976196289, "top": 120.93463134765625, "right": 203.6334228515625, "bottom": 201.7896728515625}, {"class": "sheep", "prob": 0.5532740354537964, "left": 141.3903045654297, "top": 129.41346740722656, "right": 180.2185516357422, "bottom": 194.5429229736328}], "time": 0.8722670078277588}
