{"im": 1800, "res": [{"class": "bus", "prob": 0.9953034520149231, "left": 101.94801330566406, "top": 262.1942443847656, "right": 415.34710693359375, "bottom": 373.4683532714844}, {"class": "aeroplane", "prob": 0.9980847835540771, "left": 396.0169982910156, "top": 327.26116943359375, "right": 414.4916076660156, "bottom": 375.0}, {"class": "aeroplane", "prob": 0.9890326261520386, "left": 379.3016662597656, "top": 327.2580871582031, "right": 398.1392517089844, "bottom": 374.2201843261719}], "time": 21.813926935195923}
