{"im": 103, "res": [{"class": "aeroplane", "prob": 0.9966912865638733, "left": 14.67071533203125, "top": 0.0, "right": 368.6566467285156, "bottom": 494.08416748046875}], "time": 21.50190281867981}
