{"im": 4951, "res": [{"class": "sofa", "prob": 0.9876223802566528, "left": 10.5245361328125, "top": 22.54345703125, "right": 315.6795349121094, "bottom": 474.6959533691406}], "time": 21.546157121658325}
