{"im": 4567, "res": [{"class": "boat", "prob": 0.9766560792922974, "left": 0.0, "top": 61.288848876953125, "right": 500.0, "bottom": 302.9841613769531}], "time": 21.381492853164673}
