{"im": 1640, "res": [{"class": "car", "prob": 0.6989348530769348, "left": 190.66043090820312, "top": 126.55337524414062, "right": 310.0664367675781, "bottom": 210.53897094726562}], "time": 0.9630420207977295}
