{"im": 4195, "res": [{"class": "person", "prob": 0.7401900887489319, "left": 271.74432373046875, "top": 136.0558319091797, "right": 312.18499755859375, "bottom": 229.88966369628906}], "time": 21.642327070236206}
