{"im": 3014, "res": [{"class": "pottedplant", "prob": 0.7183220982551575, "left": 240.5008544921875, "top": 97.65802001953125, "right": 416.355712890625, "bottom": 217.62713623046875}, {"class": "pottedplant", "prob": 0.8209260106086731, "left": 0.5838623046875, "top": 22.62798309326172, "right": 249.0852508544922, "bottom": 200.8687744140625}], "time": 22.045793056488037}
