{"im": 2535, "res": [{"class": "pottedplant", "prob": 0.9054163694381714, "left": 18.9051513671875, "top": 26.995407104492188, "right": 434.34228515625, "bottom": 259.633544921875}], "time": 21.411206007003784}
