{"im": 3289, "res": [{"class": "aeroplane", "prob": 0.999176025390625, "left": 246.22097778320312, "top": 85.96405792236328, "right": 402.0297546386719, "bottom": 307.60540771484375}, {"class": "aeroplane", "prob": 0.9990049600601196, "left": 61.354270935058594, "top": 46.66847229003906, "right": 227.11050415039062, "bottom": 331.4393310546875}], "time": 21.9062602519989}
