{"im": 1025, "res": [{"class": "aeroplane", "prob": 0.998784601688385, "left": 246.8102264404297, "top": 143.49896240234375, "right": 300.9378356933594, "bottom": 297.3999938964844}], "time": 21.06433606147766}
