{"im": 4654, "res": [{"class": "bottle", "prob": 0.5054969191551208, "left": 0.0, "top": 116.39959716796875, "right": 500.0, "bottom": 261.2538757324219}], "time": 0.8268740177154541}
