{"im": 2564, "res": [{"class": "car", "prob": 0.9927808046340942, "left": 105.61270141601562, "top": 195.3934326171875, "right": 147.0863494873047, "bottom": 245.923828125}, {"class": "cow", "prob": 0.8740255236625671, "left": 48.14214324951172, "top": 155.4355926513672, "right": 64.1673812866211, "bottom": 191.3533172607422}, {"class": "cow", "prob": 0.850419819355011, "left": 322.812255859375, "top": 177.3868865966797, "right": 333.69036865234375, "bottom": 204.6215362548828}, {"class": "cow", "prob": 0.7396261096000671, "left": 183.36923217773438, "top": 180.331298828125, "right": 194.31021118164062, "bottom": 201.74896240234375}], "time": 21.51757311820984}
