{"im": 2005, "res": [{"class": "sheep", "prob": 0.993742048740387, "left": 396.40789794921875, "top": 193.4322967529297, "right": 448.1605224609375, "bottom": 271.6096496582031}], "time": 21.670387983322144}
