{"im": 2359, "res": [{"class": "bird", "prob": 0.975350022315979, "left": 13.537002563476562, "top": 177.54576110839844, "right": 369.75408935546875, "bottom": 479.933837890625}], "time": 21.48511576652527}
