{"im": 3599, "res": [{"class": "aeroplane", "prob": 0.5991665720939636, "left": 261.57415771484375, "top": 94.49237060546875, "right": 297.656494140625, "bottom": 120.49345397949219}], "time": 0.8478658199310303}
