{"im": 2870, "res": [{"class": "bus", "prob": 0.9923868179321289, "left": 65.47906494140625, "top": 105.03741455078125, "right": 372.7564392089844, "bottom": 315.3509826660156}], "time": 0.846062183380127}
