{"im": 2897, "res": [{"class": "aeroplane", "prob": 0.9037153720855713, "left": 452.4214782714844, "top": 279.70245361328125, "right": 499.7873840332031, "bottom": 371.5343017578125}], "time": 21.590243101119995}
