{"im": 1020, "res": [{"class": "sheep", "prob": 0.9970511794090271, "left": 164.7445068359375, "top": 61.709442138671875, "right": 449.713134765625, "bottom": 277.9499816894531}, {"class": "sheep", "prob": 0.9983183145523071, "left": 54.215972900390625, "top": 84.4971923828125, "right": 343.7689208984375, "bottom": 301.2087097167969}], "time": 21.10204577445984}
