{"im": 5621, "res": [{"class": "aeroplane", "prob": 0.9999445676803589, "left": 50.686737060546875, "top": 58.67340087890625, "right": 336.0797119140625, "bottom": 499.044921875}], "time": 27.42251491546631}
