{"im": 2280, "res": [{"class": "aeroplane", "prob": 0.6185789108276367, "left": 64.04302978515625, "top": 24.734649658203125, "right": 224.1998291015625, "bottom": 226.95692443847656}], "time": 21.4176127910614}
