{"im": 1452, "res": [{"class": "aeroplane", "prob": 0.9968568086624146, "left": 182.95480346679688, "top": 71.33291625976562, "right": 251.20571899414062, "bottom": 256.8974304199219}, {"class": "tvmonitor", "prob": 0.5869801640510559, "left": 443.95733642578125, "top": 151.36109924316406, "right": 497.9710693359375, "bottom": 241.1092071533203}], "time": 21.703402280807495}
