{"im": 3305, "res": [{"class": "sheep", "prob": 0.5706690549850464, "left": 0.0, "top": 32.18798828125, "right": 387.75091552734375, "bottom": 320.3564147949219}], "time": 0.8641178607940674}
