{"im": 1290, "res": [{"class": "cat", "prob": 0.9529820084571838, "left": 168.57150268554688, "top": 134.4779052734375, "right": 342.4353942871094, "bottom": 242.04876708984375}], "time": 21.35922384262085}
