{"im": 330, "res": [{"class": "aeroplane", "prob": 0.849990725517273, "left": 155.55503845214844, "top": 80.61062622070312, "right": 485.7742919921875, "bottom": 363.34521484375}, {"class": "aeroplane", "prob": 0.7719377279281616, "left": 406.8161926269531, "top": 163.35992431640625, "right": 500.0, "bottom": 375.0}], "time": 0.980989933013916}
