{"im": 3145, "res": [{"class": "bottle", "prob": 0.9554265737533569, "left": 0.0, "top": 64.84304809570312, "right": 493.693115234375, "bottom": 211.79214477539062}, {"class": "cat", "prob": 0.8905038237571716, "left": 420.15338134765625, "top": 186.66183471679688, "right": 480.720703125, "bottom": 206.9700927734375}], "time": 21.803071975708008}
