{"im": 4691, "res": [{"class": "aeroplane", "prob": 0.5300010442733765, "left": 27.3480224609375, "top": 179.1966552734375, "right": 176.80722045898438, "bottom": 395.4259033203125}], "time": 0.8825421333312988}
