{"im": 5432, "res": [{"class": "boat", "prob": 0.9726206660270691, "left": 34.374298095703125, "top": 26.420074462890625, "right": 500.0, "bottom": 352.8748474121094}], "time": 21.49933910369873}
