{"im": 1279, "res": [{"class": "bird", "prob": 0.854132354259491, "left": 16.422950744628906, "top": 100.51446533203125, "right": 34.96528244018555, "bottom": 110.97041320800781}], "time": 1.5905709266662598}
