{"im": 1392, "res": [{"class": "aeroplane", "prob": 0.9939036965370178, "left": 169.40936279296875, "top": 35.15174865722656, "right": 341.3448791503906, "bottom": 370.07928466796875}, {"class": "boat", "prob": 0.5368062257766724, "left": 85.04054260253906, "top": 140.51148986816406, "right": 415.461181640625, "bottom": 351.04913330078125}], "time": 21.70683479309082}
