{"im": 1750, "res": [{"class": "bird", "prob": 0.8629912734031677, "left": 37.757530212402344, "top": 199.1144256591797, "right": 69.7665023803711, "bottom": 226.2371063232422}, {"class": "bird", "prob": 0.7046065926551819, "left": 452.21002197265625, "top": 200.88955688476562, "right": 491.0758056640625, "bottom": 229.18423461914062}, {"class": "bird", "prob": 0.5602728128433228, "left": 436.4505615234375, "top": 198.23973083496094, "right": 471.48138427734375, "bottom": 225.8434295654297}], "time": 0.892913818359375}
