{"im": 4805, "res": [{"class": "aeroplane", "prob": 0.5272858142852783, "left": 360.1343994140625, "top": 198.66622924804688, "right": 365.16796875, "bottom": 212.45889282226562}], "time": 21.477703094482422}
