{"im": 1451, "res": [{"class": "train", "prob": 0.6210232377052307, "left": 101.7532958984375, "top": 67.22061920166016, "right": 491.44964599609375, "bottom": 293.8623352050781}], "time": 0.8374729156494141}
