{"im": 826, "res": [{"class": "aeroplane", "prob": 0.9988366365432739, "left": 41.34468078613281, "top": 90.14511108398438, "right": 185.65167236328125, "bottom": 297.441162109375}, {"class": "aeroplane", "prob": 0.7207428812980652, "left": 0.0, "top": 0.14093017578125, "right": 107.12503051757812, "bottom": 248.90304565429688}], "time": 21.941426992416382}
