{"im": 341, "res": [{"class": "aeroplane", "prob": 0.9989014863967896, "left": 0.0, "top": 1.442291259765625, "right": 333.0, "bottom": 500.0}], "time": 21.91120409965515}
