{"im": 2711, "res": [{"class": "sofa", "prob": 0.9978148341178894, "left": 22.53271484375, "top": 72.48847961425781, "right": 126.40312194824219, "bottom": 319.6131591796875}, {"class": "sofa", "prob": 0.9608452320098877, "left": 145.2685546875, "top": 86.71517181396484, "right": 318.2402648925781, "bottom": 230.90283203125}, {"class": "sofa", "prob": 0.9588550329208374, "left": 350.61700439453125, "top": 92.64446258544922, "right": 499.46929931640625, "bottom": 321.1209716796875}], "time": 21.51287817955017}
