{"im": 3101, "res": [{"class": "aeroplane", "prob": 0.8196781277656555, "left": 204.2289581298828, "top": 161.96163940429688, "right": 227.89649963378906, "bottom": 203.75650024414062}], "time": 0.9452970027923584}
