{"im": 5808, "res": [{"class": "person", "prob": 0.9993414282798767, "left": 264.6244812011719, "top": 55.54801940917969, "right": 413.3887634277344, "bottom": 331.7608642578125}], "time": 21.43881392478943}
