{"im": 90, "res": [{"class": "car", "prob": 0.999415397644043, "left": 0.0, "top": 2.7635498046875, "right": 499.8136291503906, "bottom": 261.7721862792969}], "time": 21.595141887664795}
