{"im": 2914, "res": [{"class": "sofa", "prob": 0.8541967272758484, "left": 46.766265869140625, "top": 75.58903503417969, "right": 329.553466796875, "bottom": 475.5296630859375}], "time": 21.564531087875366}
