{"im": 644, "res": [{"class": "aeroplane", "prob": 0.9763500094413757, "left": 293.76318359375, "top": 40.39776611328125, "right": 452.42840576171875, "bottom": 316.2242431640625}, {"class": "aeroplane", "prob": 0.7374382615089417, "left": 231.64334106445312, "top": 145.35809326171875, "right": 401.4221496582031, "bottom": 332.0}, {"class": "aeroplane", "prob": 0.6397467851638794, "left": 4.738861083984375, "top": 144.6173095703125, "right": 126.96376037597656, "bottom": 296.9580993652344}], "time": 0.9005899429321289}
