{"im": 4895, "res": [{"class": "pottedplant", "prob": 0.9828616976737976, "left": 75.56474304199219, "top": 0.0, "right": 470.75885009765625, "bottom": 375.0}], "time": 21.465885877609253}
