{"im": 4946, "res": [{"class": "person", "prob": 0.6440573334693909, "left": 119.2499008178711, "top": 142.28211975097656, "right": 174.66957092285156, "bottom": 205.45985412597656}, {"class": "person", "prob": 0.5848028063774109, "left": 83.13396453857422, "top": 137.04164123535156, "right": 209.4957275390625, "bottom": 207.9026641845703}], "time": 0.9295949935913086}
