{"im": 1502, "res": [{"class": "pottedplant", "prob": 0.5430070757865906, "left": 43.65757751464844, "top": 25.02496337890625, "right": 500.0, "bottom": 343.3089294433594}], "time": 0.8569810390472412}
