{"im": 4301, "res": [{"class": "bus", "prob": 0.9751627445220947, "left": 277.6612854003906, "top": 88.09107971191406, "right": 475.5245666503906, "bottom": 302.84002685546875}, {"class": "bus", "prob": 0.9212956428527832, "left": 0.0, "top": 32.150390625, "right": 292.31854248046875, "bottom": 358.8368225097656}], "time": 0.8269262313842773}
