{"im": 769, "res": [{"class": "aeroplane", "prob": 0.9061301350593567, "left": 191.68238830566406, "top": 83.16483306884766, "right": 307.6769714355469, "bottom": 302.75079345703125}, {"class": "aeroplane", "prob": 0.8689637184143066, "left": 274.61126708984375, "top": 68.51605224609375, "right": 468.62823486328125, "bottom": 324.6186828613281}], "time": 0.8577492237091064}
