{"im": 105, "res": [{"class": "aeroplane", "prob": 0.9988992214202881, "left": 220.7593536376953, "top": 153.78627014160156, "right": 273.2303771972656, "bottom": 321.11737060546875}], "time": 21.470710039138794}
