{"im": 2430, "res": [{"class": "aeroplane", "prob": 0.6196122169494629, "left": 153.67877197265625, "top": 0.48090553283691406, "right": 304.1715393066406, "bottom": 59.527442932128906}], "time": 21.442901134490967}
