{"im": 4237, "res": [{"class": "sheep", "prob": 0.6412124037742615, "left": 66.03296661376953, "top": 151.52157592773438, "right": 311.3468322753906, "bottom": 487.7173156738281}], "time": 0.8655948638916016}
