{"im": 5161, "res": [{"class": "sofa", "prob": 0.9984917044639587, "left": 154.23919677734375, "top": 157.51036071777344, "right": 273.4096374511719, "bottom": 282.60577392578125}, {"class": "car", "prob": 0.9980323314666748, "left": 262.893310546875, "top": 100.47283172607422, "right": 496.130859375, "bottom": 232.04324340820312}], "time": 21.458413124084473}
