{"im": 4504, "res": [{"class": "bicycle", "prob": 0.702802300453186, "left": 289.4268798828125, "top": 213.31536865234375, "right": 337.23040771484375, "bottom": 290.67681884765625}, {"class": "bicycle", "prob": 0.6541412472724915, "left": 256.85015869140625, "top": 202.9866180419922, "right": 366.42730712890625, "bottom": 308.3226623535156}], "time": 0.8239941596984863}
