{"im": 3213, "res": [{"class": "aeroplane", "prob": 0.9531245827674866, "left": 204.52120971679688, "top": 136.3638458251953, "right": 286.4898376464844, "bottom": 324.4317626953125}, {"class": "sofa", "prob": 0.6227989196777344, "left": 315.18939208984375, "top": 34.38548278808594, "right": 500.0, "bottom": 313.10223388671875}], "time": 1.2696681022644043}
