{"im": 4349, "res": [{"class": "aeroplane", "prob": 0.693107008934021, "left": 381.722412109375, "top": 88.18475341796875, "right": 497.3260498046875, "bottom": 371.1330261230469}], "time": 0.8573367595672607}
