{"im": 5169, "res": [{"class": "bus", "prob": 0.999911367893219, "left": 98.78207397460938, "top": 75.15514373779297, "right": 403.6369323730469, "bottom": 292.36614990234375}, {"class": "bird", "prob": 0.8762431740760803, "left": 0.0, "top": 178.65496826171875, "right": 37.21686553955078, "bottom": 199.4287109375}, {"class": "bird", "prob": 0.8573939204216003, "left": 48.74347686767578, "top": 176.2398681640625, "right": 87.71480560302734, "bottom": 191.54696655273438}, {"class": "bird", "prob": 0.6149502396583557, "left": 88.7185287475586, "top": 175.04957580566406, "right": 103.14020538330078, "bottom": 191.54078674316406}], "time": 21.519455909729004}
