{"im": 3651, "res": [{"class": "sheep", "prob": 0.7996022701263428, "left": 66.45791625976562, "top": 41.137237548828125, "right": 478.2411193847656, "bottom": 333.2200012207031}], "time": 21.492521047592163}
