{"im": 2820, "res": [{"class": "tvmonitor", "prob": 0.9841181635856628, "left": 181.67591857910156, "top": 297.6693115234375, "right": 333.0, "bottom": 450.2750244140625}, {"class": "tvmonitor", "prob": 0.9295516610145569, "left": 13.998306274414062, "top": 281.2596130371094, "right": 111.04766845703125, "bottom": 343.5791931152344}, {"class": "tvmonitor", "prob": 0.922555148601532, "left": 38.90691375732422, "top": 292.21917724609375, "right": 83.79973602294922, "bottom": 334.3702392578125}], "time": 0.8771350383758545}
