{"im": 2892, "res": [{"class": "person", "prob": 0.9877380728721619, "left": 82.22169494628906, "top": 74.14866638183594, "right": 349.06536865234375, "bottom": 344.71551513671875}], "time": 21.44561004638672}
