{"im": 3065, "res": [{"class": "aeroplane", "prob": 0.9514404535293579, "left": 35.99336242675781, "top": 10.8795166015625, "right": 340.72308349609375, "bottom": 479.7344970703125}, {"class": "aeroplane", "prob": 0.9754763245582581, "left": 25.665470123291016, "top": 0.0, "right": 122.65715026855469, "bottom": 116.55953979492188}, {"class": "aeroplane", "prob": 0.9522920846939087, "left": 0.0, "top": 58.789222717285156, "right": 30.03583526611328, "bottom": 114.98400115966797}], "time": 21.73800301551819}
