{"im": 2237, "res": [{"class": "bicycle", "prob": 0.9987265467643738, "left": 318.1623229980469, "top": 140.35653686523438, "right": 459.7615051269531, "bottom": 356.0503845214844}], "time": 21.46675705909729}
