{"im": 4223, "res": [{"class": "bird", "prob": 0.8204249143600464, "left": 114.50155639648438, "top": 104.2704086303711, "right": 480.5456848144531, "bottom": 262.7171630859375}], "time": 21.748613834381104}
