{"im": 4425, "res": [{"class": "aeroplane", "prob": 0.9011878967285156, "left": 346.96533203125, "top": 2.1453475952148438, "right": 440.8419189453125, "bottom": 101.78289794921875}, {"class": "aeroplane", "prob": 0.8751639723777771, "left": 368.6609191894531, "top": 24.508766174316406, "right": 417.6835021972656, "bottom": 80.93148040771484}, {"class": "aeroplane", "prob": 0.5148646831512451, "left": 203.98394775390625, "top": 62.441802978515625, "right": 236.33740234375, "bottom": 82.7406005859375}], "time": 0.8517601490020752}
