{"im": 528, "res": [{"class": "aeroplane", "prob": 0.9599822163581848, "left": 51.083160400390625, "top": 69.16741943359375, "right": 172.32533264160156, "bottom": 481.430908203125}, {"class": "motorbike", "prob": 0.8140384554862976, "left": 69.21998596191406, "top": 163.79872131347656, "right": 313.7359619140625, "bottom": 493.0064697265625}, {"class": "aeroplane", "prob": 0.6215550899505615, "left": 66.0736083984375, "top": 15.004936218261719, "right": 207.53378295898438, "bottom": 219.92410278320312}], "time": 21.776646852493286}
