{"im": 2937, "res": [{"class": "car", "prob": 0.993789792060852, "left": 291.8603820800781, "top": 164.73277282714844, "right": 500.0, "bottom": 255.9393768310547}, {"class": "car", "prob": 0.9826782941818237, "left": 0.0, "top": 158.1402587890625, "right": 316.72637939453125, "bottom": 260.60479736328125}], "time": 21.6183078289032}
