{"im": 3056, "res": [{"class": "bird", "prob": 0.6242429614067078, "left": 317.73651123046875, "top": 25.785690307617188, "right": 500.0, "bottom": 209.90402221679688}], "time": 0.86993408203125}
