{"im": 5529, "res": [{"class": "pottedplant", "prob": 0.9961971044540405, "left": 0.0, "top": 92.41650390625, "right": 297.59527587890625, "bottom": 333.0}, {"class": "pottedplant", "prob": 0.9810681939125061, "left": 0.0, "top": 0.0, "right": 235.07968139648438, "bottom": 145.58596801757812}], "time": 21.075543880462646}
