{"im": 5778, "res": [{"class": "car", "prob": 0.9997071027755737, "left": 79.28715515136719, "top": 30.863677978515625, "right": 355.1124267578125, "bottom": 330.1129455566406}], "time": 21.785449028015137}
