{"im": 2669, "res": [{"class": "bus", "prob": 0.5616479516029358, "left": 82.21774291992188, "top": 68.55223846435547, "right": 367.7655029296875, "bottom": 217.90115356445312}], "time": 0.8422880172729492}
