{"im": 1733, "res": [{"class": "sofa", "prob": 0.9992427825927734, "left": 126.76145935058594, "top": 131.05804443359375, "right": 356.16827392578125, "bottom": 281.2781677246094}, {"class": "sofa", "prob": 0.8889516592025757, "left": 466.71429443359375, "top": 131.51255798339844, "right": 489.9171142578125, "bottom": 168.8507537841797}], "time": 21.702802896499634}
