{"im": 1381, "res": [{"class": "pottedplant", "prob": 0.9952312707901001, "left": 105.53508758544922, "top": 68.4513931274414, "right": 275.0909729003906, "bottom": 256.0308837890625}, {"class": "pottedplant", "prob": 0.8300604224205017, "left": 246.1366729736328, "top": 112.98763275146484, "right": 368.0479736328125, "bottom": 242.10760498046875}, {"class": "pottedplant", "prob": 0.7266759872436523, "left": 319.78118896484375, "top": 128.31591796875, "right": 496.5828857421875, "bottom": 238.69384765625}], "time": 21.628209829330444}
