{"im": 75, "res": [{"class": "bird", "prob": 0.9037163257598877, "left": 110.6918716430664, "top": 384.6911926269531, "right": 187.3851318359375, "bottom": 415.3600769042969}, {"class": "aeroplane", "prob": 0.8852401375770569, "left": 413.078369140625, "top": 400.80804443359375, "right": 426.65985107421875, "bottom": 443.0035400390625}], "time": 21.46178388595581}
