{"im": 3173, "res": [{"class": "aeroplane", "prob": 0.9985604882240295, "left": 186.36361694335938, "top": 255.49087524414062, "right": 302.39202880859375, "bottom": 500.0}, {"class": "cat", "prob": 0.9801039099693298, "left": 278.6262512207031, "top": 264.0716552734375, "right": 332.0, "bottom": 345.34600830078125}], "time": 21.84013795852661}
