{"im": 1280, "res": [{"class": "aeroplane", "prob": 0.9990296959877014, "left": 263.5889892578125, "top": 84.77725219726562, "right": 497.64434814453125, "bottom": 375.0}, {"class": "aeroplane", "prob": 0.9984064698219299, "left": 17.655738830566406, "top": 85.29348754882812, "right": 235.52230834960938, "bottom": 339.6233215332031}, {"class": "aeroplane", "prob": 0.998360276222229, "left": 3.482929229736328, "top": 43.642364501953125, "right": 112.92509460449219, "bottom": 286.9295349121094}], "time": 21.270446062088013}
