{"im": 1430, "res": [{"class": "car", "prob": 0.9474360942840576, "left": 332.272705078125, "top": 43.28340148925781, "right": 500.0, "bottom": 333.64227294921875}], "time": 21.731559991836548}
