{"im": 1773, "res": [{"class": "bottle", "prob": 0.991468608379364, "left": 133.12713623046875, "top": 100.84158325195312, "right": 470.2076416015625, "bottom": 200.17779541015625}], "time": 21.65014886856079}
