{"im": 5211, "res": [{"class": "aeroplane", "prob": 0.7147587537765503, "left": 343.9892578125, "top": 109.42660522460938, "right": 478.3436279296875, "bottom": 365.5446472167969}, {"class": "aeroplane", "prob": 0.6144389510154724, "left": 0.0, "top": 134.18936157226562, "right": 197.7236328125, "bottom": 375.0}], "time": 0.825448751449585}
