{"im": 4482, "res": [{"class": "aeroplane", "prob": 0.9997647404670715, "left": 45.38426208496094, "top": 170.99114990234375, "right": 227.2367706298828, "bottom": 478.79595947265625}, {"class": "bicycle", "prob": 0.9905610680580139, "left": 41.587982177734375, "top": 354.4225158691406, "right": 193.26565551757812, "bottom": 496.9934387207031}], "time": 21.431267976760864}
