{"im": 65, "res": [{"class": "train", "prob": 0.8268082141876221, "left": 85.59980010986328, "top": 325.8156433105469, "right": 100.32979583740234, "bottom": 337.8642883300781}, {"class": "train", "prob": 0.5544660091400146, "left": 193.75094604492188, "top": 332.36627197265625, "right": 205.56289672851562, "bottom": 345.6649169921875}], "time": 0.8702390193939209}
