{"im": 3152, "res": [{"class": "person", "prob": 0.9984843134880066, "left": 230.2721710205078, "top": 24.654678344726562, "right": 470.845703125, "bottom": 315.42864990234375}], "time": 21.87265110015869}
