{"im": 1793, "res": [{"class": "tvmonitor", "prob": 0.7964584827423096, "left": 196.2945556640625, "top": 122.81273651123047, "right": 456.47137451171875, "bottom": 310.09918212890625}, {"class": "tvmonitor", "prob": 0.5572830438613892, "left": 115.22048950195312, "top": 121.43294525146484, "right": 314.6329040527344, "bottom": 296.93316650390625}], "time": 0.8291988372802734}
