{"im": 2652, "res": [{"class": "bird", "prob": 0.6020597219467163, "left": 17.6239070892334, "top": 180.2691650390625, "right": 49.93671417236328, "bottom": 296.0443115234375}, {"class": "bird", "prob": 0.5346031785011292, "left": 0.0, "top": 163.743896484375, "right": 66.9560775756836, "bottom": 302.4347229003906}], "time": 0.8387153148651123}
