{"im": 1278, "res": [{"class": "aeroplane", "prob": 0.9858984351158142, "left": 172.836181640625, "top": 237.1679229736328, "right": 192.90249633789062, "bottom": 277.715087890625}, {"class": "aeroplane", "prob": 0.9858950972557068, "left": 214.88735961914062, "top": 233.3201446533203, "right": 236.87875366210938, "bottom": 278.9189147949219}, {"class": "chair", "prob": 0.840582549571991, "left": 8.406578063964844, "top": 0.0, "right": 169.65655517578125, "bottom": 305.762939453125}, {"class": "chair", "prob": 0.5829896926879883, "left": 266.478515625, "top": 1.8575286865234375, "right": 490.1224365234375, "bottom": 315.26593017578125}], "time": 21.33126187324524}
