{"im": 578, "res": [{"class": "bus", "prob": 0.9992682933807373, "left": 0.344482421875, "top": 65.19147491455078, "right": 397.4696044921875, "bottom": 307.93841552734375}], "time": 21.612969398498535}
