{"im": 1179, "res": [{"class": "aeroplane", "prob": 0.9989163279533386, "left": 5.689178466796875, "top": 42.449615478515625, "right": 372.09051513671875, "bottom": 500.0}], "time": 21.137408018112183}
