{"im": 267, "res": [{"class": "sofa", "prob": 0.9095997214317322, "left": 433.4346618652344, "top": 112.38330841064453, "right": 496.1023254394531, "bottom": 226.53475952148438}, {"class": "sofa", "prob": 0.903693437576294, "left": 15.484954833984375, "top": 58.375648498535156, "right": 322.03448486328125, "bottom": 230.8985595703125}, {"class": "aeroplane", "prob": 0.8780503273010254, "left": 94.35871124267578, "top": 28.686634063720703, "right": 162.86007690429688, "bottom": 113.12409973144531}], "time": 21.436279773712158}
