{"im": 5143, "res": [{"class": "bottle", "prob": 0.9965493083000183, "left": 114.40988159179688, "top": 164.4169464111328, "right": 210.77154541015625, "bottom": 191.8273468017578}, {"class": "bottle", "prob": 0.9897115230560303, "left": 367.0779724121094, "top": 127.28108215332031, "right": 467.3236389160156, "bottom": 155.13026428222656}, {"class": "bottle", "prob": 0.9619046449661255, "left": 255.37185668945312, "top": 140.2093048095703, "right": 336.9365539550781, "bottom": 169.6891326904297}], "time": 21.424098014831543}
