{"im": 4310, "res": [{"class": "bird", "prob": 0.7466744780540466, "left": 64.32005310058594, "top": 33.32115173339844, "right": 413.4276123046875, "bottom": 281.5966796875}], "time": 0.8307740688323975}
