{"im": 535, "res": [{"class": "aeroplane", "prob": 0.8379407525062561, "left": 298.0106201171875, "top": 83.24311828613281, "right": 381.30712890625, "bottom": 351.64593505859375}, {"class": "aeroplane", "prob": 0.7880859375, "left": 388.35528564453125, "top": 94.79473876953125, "right": 473.90106201171875, "bottom": 328.57171630859375}], "time": 0.8649840354919434}
