{"im": 2193, "res": [{"class": "bicycle", "prob": 0.9984926581382751, "left": 276.0789794921875, "top": 259.84283447265625, "right": 351.322265625, "bottom": 295.43170166015625}, {"class": "aeroplane", "prob": 0.9907416701316833, "left": 292.2627868652344, "top": 235.33978271484375, "right": 333.3578796386719, "bottom": 286.319580078125}, {"class": "bird", "prob": 0.6698647141456604, "left": 147.21627807617188, "top": 248.83721923828125, "right": 200.18447875976562, "bottom": 272.8162841796875}], "time": 21.47578501701355}
