{"im": 3048, "res": [{"class": "sheep", "prob": 0.9964647889137268, "left": 108.61663818359375, "top": 83.64946746826172, "right": 435.27154541015625, "bottom": 301.3213806152344}], "time": 21.66219401359558}
