{"im": 4299, "res": [{"class": "aeroplane", "prob": 0.954595685005188, "left": 44.539093017578125, "top": 84.06169128417969, "right": 497.8700256347656, "bottom": 375.0}], "time": 21.724591970443726}
