{"im": 4420, "res": [{"class": "sheep", "prob": 0.9713708758354187, "left": 113.26336669921875, "top": 35.77606964111328, "right": 322.19940185546875, "bottom": 260.27410888671875}], "time": 1.0343742370605469}
