{"im": 855, "res": [{"class": "sofa", "prob": 0.9890900254249573, "left": 0.0, "top": 0.0, "right": 322.7730407714844, "bottom": 500.0}], "time": 23.898195028305054}
