{"im": 1360, "res": [{"class": "pottedplant", "prob": 0.9831017255783081, "left": 101.33546447753906, "top": 124.61963653564453, "right": 344.45367431640625, "bottom": 265.9328918457031}], "time": 21.66387104988098}
