{"im": 4117, "res": [{"class": "pottedplant", "prob": 0.9969742894172668, "left": 27.517799377441406, "top": 181.49928283691406, "right": 249.531982421875, "bottom": 436.10125732421875}], "time": 21.624392986297607}
