{"im": 489, "res": [{"class": "aeroplane", "prob": 0.5384670495986938, "left": 51.04815673828125, "top": 232.9273223876953, "right": 77.05790710449219, "bottom": 268.50537109375}], "time": 0.8555638790130615}
