{"im": 53, "res": [{"class": "sofa", "prob": 0.9599374532699585, "left": 86.8049545288086, "top": 147.16928100585938, "right": 232.50946044921875, "bottom": 230.44064331054688}, {"class": "sofa", "prob": 0.807131290435791, "left": 124.185302734375, "top": 162.4428253173828, "right": 195.74996948242188, "bottom": 218.83140563964844}], "time": 1.1001570224761963}
