{"im": 3054, "res": [{"class": "aeroplane", "prob": 0.9903332591056824, "left": 81.88067626953125, "top": 31.743019104003906, "right": 221.35379028320312, "bottom": 201.84222412109375}, {"class": "aeroplane", "prob": 0.8170557618141174, "left": 3.6974868774414062, "top": 120.3331527709961, "right": 133.11419677734375, "bottom": 351.07830810546875}, {"class": "aeroplane", "prob": 0.6697700619697571, "left": 422.6049499511719, "top": 96.79338836669922, "right": 494.4551696777344, "bottom": 335.1761779785156}], "time": 21.892757892608643}
