{"im": 2177, "res": [{"class": "aeroplane", "prob": 0.9634860754013062, "left": 51.541542053222656, "top": 102.69033813476562, "right": 198.85067749023438, "bottom": 362.7505187988281}, {"class": "aeroplane", "prob": 0.8530521392822266, "left": 241.4073944091797, "top": 129.95114135742188, "right": 331.3426513671875, "bottom": 371.6648254394531}, {"class": "bus", "prob": 0.5951986312866211, "left": 461.7082824707031, "top": 143.5604248046875, "right": 491.0694274902344, "bottom": 175.58587646484375}, {"class": "aeroplane", "prob": 0.6025171875953674, "left": 235.2416229248047, "top": 172.33721923828125, "right": 253.8527069091797, "bottom": 224.94815063476562}], "time": 0.9230167865753174}
