{"im": 873, "res": [{"class": "aeroplane", "prob": 0.9897493124008179, "left": 130.11843872070312, "top": 309.5989990234375, "right": 240.16961669921875, "bottom": 493.68597412109375}], "time": 21.135223865509033}
