{"im": 4535, "res": [{"class": "train", "prob": 0.987362265586853, "left": 48.22132110595703, "top": 120.42558288574219, "right": 241.38262939453125, "bottom": 304.9669189453125}], "time": 21.40059518814087}
