{"im": 3268, "res": [{"class": "pottedplant", "prob": 0.9914900064468384, "left": 105.70372009277344, "top": 35.87059020996094, "right": 437.7611083984375, "bottom": 359.142333984375}, {"class": "aeroplane", "prob": 0.689848005771637, "left": 0.0, "top": 263.87847900390625, "right": 405.14691162109375, "bottom": 380.0}], "time": 22.093824863433838}
