{"im": 1488, "res": [{"class": "chair", "prob": 0.9620598554611206, "left": 156.30648803710938, "top": 193.0949249267578, "right": 305.831787109375, "bottom": 212.7655487060547}, {"class": "chair", "prob": 0.5414350032806396, "left": 125.2130126953125, "top": 192.77072143554688, "right": 145.01678466796875, "bottom": 200.02578735351562}], "time": 21.852734088897705}
