{"im": 1810, "res": [{"class": "bicycle", "prob": 0.970242977142334, "left": 260.7409973144531, "top": 221.7489013671875, "right": 391.4977111816406, "bottom": 302.1268310546875}, {"class": "bicycle", "prob": 0.660775899887085, "left": 291.5600280761719, "top": 227.39230346679688, "right": 351.1930236816406, "bottom": 285.7331848144531}, {"class": "aeroplane", "prob": 0.6432378888130188, "left": 277.93377685546875, "top": 174.07723999023438, "right": 357.359619140625, "bottom": 282.434326171875}, {"class": "aeroplane", "prob": 0.6442304849624634, "left": 298.66253662109375, "top": 182.91470336914062, "right": 333.4896240234375, "bottom": 262.0777282714844}], "time": 0.8233709335327148}
