{"im": 4476, "res": [{"class": "sofa", "prob": 0.8163163661956787, "left": 11.856002807617188, "top": 100.20780944824219, "right": 322.39923095703125, "bottom": 470.0526123046875}], "time": 0.8239281177520752}
