{"im": 4459, "res": [{"class": "aeroplane", "prob": 0.9965355396270752, "left": 351.2119140625, "top": 219.1268768310547, "right": 370.2623291015625, "bottom": 265.138916015625}, {"class": "aeroplane", "prob": 0.7322119474411011, "left": 306.5565185546875, "top": 235.2800750732422, "right": 343.57080078125, "bottom": 268.90374755859375}, {"class": "chair", "prob": 0.6202445030212402, "left": 121.56657409667969, "top": 125.23040771484375, "right": 325.3948974609375, "bottom": 266.6173095703125}], "time": 21.431061029434204}
