{"im": 1063, "res": [{"class": "aeroplane", "prob": 0.516612708568573, "left": 226.0052490234375, "top": 52.18913269042969, "right": 493.52484130859375, "bottom": 375.0}], "time": 1.0307800769805908}
