{"im": 3636, "res": [{"class": "aeroplane", "prob": 0.8544219732284546, "left": 244.4775848388672, "top": 165.45362854003906, "right": 268.8868408203125, "bottom": 216.88856506347656}, {"class": "aeroplane", "prob": 0.823710560798645, "left": 177.30763244628906, "top": 180.03172302246094, "right": 200.7633514404297, "bottom": 232.32582092285156}, {"class": "aeroplane", "prob": 0.7800096869468689, "left": 8.673831939697266, "top": 164.23495483398438, "right": 15.03557014465332, "bottom": 185.54022216796875}], "time": 1.142786979675293}
