{"im": 52, "res": [{"class": "aeroplane", "prob": 0.9779438972473145, "left": 0.0, "top": 143.16958618164062, "right": 170.89077758789062, "bottom": 366.9011535644531}, {"class": "aeroplane", "prob": 0.6449028849601746, "left": 142.54454040527344, "top": 123.7652359008789, "right": 304.45855712890625, "bottom": 375.0}], "time": 0.8907897472381592}
