{"im": 1041, "res": [{"class": "aeroplane", "prob": 0.999823272228241, "left": 335.08447265625, "top": 103.38691711425781, "right": 490.40472412109375, "bottom": 329.6246337890625}], "time": 21.13479495048523}
