{"im": 4392, "res": [{"class": "pottedplant", "prob": 0.9936901926994324, "left": 158.41815185546875, "top": 0.0, "right": 492.77630615234375, "bottom": 375.0}], "time": 21.447299003601074}
