{"im": 4654, "res": [{"class": "bottle", "prob": 0.9984569549560547, "left": 12.82073974609375, "top": 110.10762786865234, "right": 489.96893310546875, "bottom": 269.542236328125}], "time": 21.35294485092163}
