{"im": 5331, "res": [{"class": "bottle", "prob": 0.9963806867599487, "left": 118.87361145019531, "top": 133.9911346435547, "right": 436.44561767578125, "bottom": 203.47300720214844}], "time": 21.45009207725525}
