{"im": 1093, "res": [{"class": "person", "prob": 0.9982009530067444, "left": 209.51345825195312, "top": 121.27912139892578, "right": 304.8710021972656, "bottom": 269.8089599609375}], "time": 21.082703113555908}
