{"im": 5184, "res": [{"class": "bus", "prob": 0.9138306975364685, "left": 235.68487548828125, "top": 59.16257858276367, "right": 478.79241943359375, "bottom": 174.55616760253906}], "time": 0.8589668273925781}
