{"im": 4134, "res": [{"class": "car", "prob": 0.987729012966156, "left": 158.55419921875, "top": 171.510009765625, "right": 198.98687744140625, "bottom": 219.79660034179688}], "time": 21.67978286743164}
