{"im": 1380, "res": [{"class": "sheep", "prob": 0.9087051749229431, "left": 0.0, "top": 0.0, "right": 500.0, "bottom": 323.53070068359375}], "time": 21.63505792617798}
