{"im": 4180, "res": [{"class": "tvmonitor", "prob": 0.6767246127128601, "left": 210.91148376464844, "top": 36.40766906738281, "right": 500.0, "bottom": 358.6048583984375}], "time": 0.8231770992279053}
