{"im": 3512, "res": [{"class": "bicycle", "prob": 0.765303909778595, "left": 52.538543701171875, "top": 36.6485595703125, "right": 461.9422302246094, "bottom": 324.1400146484375}], "time": 0.9507908821105957}
