{"im": 3100, "res": [{"class": "bus", "prob": 0.7402326464653015, "left": 51.93975830078125, "top": 38.20353698730469, "right": 500.0, "bottom": 298.32366943359375}], "time": 1.001025676727295}
