{"im": 5531, "res": [{"class": "aeroplane", "prob": 0.9983965754508972, "left": 141.92568969726562, "top": 18.340286254882812, "right": 359.7259521484375, "bottom": 351.0245361328125}], "time": 21.09863805770874}
