{"im": 2985, "res": [{"class": "bird", "prob": 0.9660800695419312, "left": 17.556243896484375, "top": 86.89427185058594, "right": 477.437255859375, "bottom": 249.49742126464844}, {"class": "aeroplane", "prob": 0.7222819924354553, "left": 217.92674255371094, "top": 119.73758697509766, "right": 247.32115173339844, "bottom": 156.42413330078125}], "time": 21.562061071395874}
