{"im": 366, "res": [{"class": "pottedplant", "prob": 0.9781460762023926, "left": 0.0, "top": 0.0, "right": 286.65911865234375, "bottom": 400.0}], "time": 21.63252019882202}
