{"im": 2113, "res": [{"class": "sofa", "prob": 0.997591495513916, "left": 6.8291015625, "top": 33.84571838378906, "right": 390.6098937988281, "bottom": 393.0}], "time": 21.66560673713684}
