{"im": 151, "res": [{"class": "aeroplane", "prob": 0.9970577955245972, "left": 89.28596496582031, "top": 121.19109344482422, "right": 203.66221618652344, "bottom": 333.80999755859375}, {"class": "aeroplane", "prob": 0.9629214406013489, "left": 324.0614013671875, "top": 138.5186004638672, "right": 372.80535888671875, "bottom": 263.41180419921875}], "time": 21.655009984970093}
