{"im": 4125, "res": [{"class": "car", "prob": 0.999799370765686, "left": 0.3224945068359375, "top": 0.0, "right": 384.73883056640625, "bottom": 373.37579345703125}], "time": 21.643521785736084}
