{"im": 3639, "res": [{"class": "sheep", "prob": 0.9244719743728638, "left": 15.141616821289062, "top": 0.0, "right": 481.38092041015625, "bottom": 375.0}], "time": 21.4740788936615}
