{"im": 4447, "res": [{"class": "aeroplane", "prob": 0.6124738454818726, "left": 437.32513427734375, "top": 143.13967895507812, "right": 460.9375, "bottom": 182.895263671875}], "time": 0.8236668109893799}
