{"im": 4146, "res": [{"class": "aeroplane", "prob": 0.6218815445899963, "left": 281.365966796875, "top": 315.43096923828125, "right": 293.84002685546875, "bottom": 332.75567626953125}, {"class": "aeroplane", "prob": 0.5932842493057251, "left": 270.1352844238281, "top": 315.30029296875, "right": 280.4731750488281, "bottom": 332.931884765625}], "time": 21.712573766708374}
