{"im": 2879, "res": [{"class": "bus", "prob": 0.9992517828941345, "left": 104.76322937011719, "top": 42.79945373535156, "right": 429.93255615234375, "bottom": 266.01898193359375}, {"class": "bus", "prob": 0.997399091720581, "left": 29.349628448486328, "top": 47.862648010253906, "right": 117.16476440429688, "bottom": 185.71456909179688}, {"class": "aeroplane", "prob": 0.9778327345848083, "left": 144.57281494140625, "top": 123.857177734375, "right": 186.81488037109375, "bottom": 166.431396484375}], "time": 21.47108793258667}
