{"im": 1296, "res": [{"class": "bicycle", "prob": 0.9990156292915344, "left": 25.941261291503906, "top": 148.87887573242188, "right": 215.35928344726562, "bottom": 326.0325927734375}], "time": 21.34262204170227}
