{"im": 4037, "res": [{"class": "aeroplane", "prob": 0.9956837892532349, "left": 117.43585205078125, "top": 26.181350708007812, "right": 439.3153076171875, "bottom": 329.46038818359375}, {"class": "boat", "prob": 0.9365763068199158, "left": 57.778289794921875, "top": 151.39422607421875, "right": 486.7093200683594, "bottom": 339.0}], "time": 23.15862727165222}
