{"im": 916, "res": [{"class": "sheep", "prob": 0.8450058698654175, "left": 154.6558837890625, "top": 106.99435424804688, "right": 286.17913818359375, "bottom": 212.3778076171875}, {"class": "sheep", "prob": 0.8027855157852173, "left": 189.64324951171875, "top": 123.19325256347656, "right": 255.030517578125, "bottom": 197.0763397216797}], "time": 0.8723950386047363}
