{"im": 706, "res": [{"class": "aeroplane", "prob": 0.9997384548187256, "left": 2.8023529052734375, "top": 36.855987548828125, "right": 312.3284912109375, "bottom": 500.0}], "time": 21.55268883705139}
