{"im": 862, "res": [{"class": "aeroplane", "prob": 0.9997603893280029, "left": 35.07074737548828, "top": 67.60746765136719, "right": 190.67691040039062, "bottom": 468.834716796875}, {"class": "sofa", "prob": 0.9506153464317322, "left": 205.4403076171875, "top": 71.79641723632812, "right": 446.27178955078125, "bottom": 373.8558044433594}, {"class": "aeroplane", "prob": 0.9433273077011108, "left": 260.13409423828125, "top": 21.587989807128906, "right": 355.99310302734375, "bottom": 276.7323913574219}], "time": 21.244242191314697}
