{"im": 5669, "res": [{"class": "aeroplane", "prob": 0.8750544786453247, "left": 23.032615661621094, "top": 220.98460388183594, "right": 46.20861053466797, "bottom": 265.4844055175781}, {"class": "aeroplane", "prob": 0.8603513836860657, "left": 77.59565734863281, "top": 207.65406799316406, "right": 99.98194885253906, "bottom": 256.80865478515625}, {"class": "aeroplane", "prob": 0.7283757925033569, "left": 147.118408203125, "top": 209.1059112548828, "right": 174.00006103515625, "bottom": 264.2159118652344}], "time": 0.9603111743927002}
