{"im": 3507, "res": [{"class": "bottle", "prob": 0.9848578572273254, "left": 0.0, "top": 144.28805541992188, "right": 500.0, "bottom": 283.23358154296875}, {"class": "bird", "prob": 0.9142574071884155, "left": 49.03569412231445, "top": 187.19183349609375, "right": 85.67617797851562, "bottom": 207.90005493164062}, {"class": "bird", "prob": 0.6942441463470459, "left": 363.241455078125, "top": 193.10520935058594, "right": 414.55426025390625, "bottom": 230.0186309814453}], "time": 21.567897081375122}
