{"im": 2791, "res": [{"class": "sofa", "prob": 0.6758881211280823, "left": 128.33099365234375, "top": 75.60319519042969, "right": 364.4434509277344, "bottom": 486.317138671875}], "time": 0.8795750141143799}
