{"im": 1423, "res": [{"class": "pottedplant", "prob": 0.7474212646484375, "left": 65.94252014160156, "top": 304.324462890625, "right": 238.9100799560547, "bottom": 499.1292724609375}, {"class": "pottedplant", "prob": 0.5292607545852661, "left": 163.18936157226562, "top": 124.68141174316406, "right": 295.3636474609375, "bottom": 357.370361328125}], "time": 0.861922025680542}
