{"im": 1481, "res": [{"class": "aeroplane", "prob": 0.9996221661567688, "left": 85.54649353027344, "top": 59.888427734375, "right": 217.36009216308594, "bottom": 367.46966552734375}, {"class": "aeroplane", "prob": 0.7465205788612366, "left": 262.49298095703125, "top": 53.21315383911133, "right": 302.7177734375, "bottom": 143.47894287109375}, {"class": "aeroplane", "prob": 0.5209720730781555, "left": 46.23982238769531, "top": 96.82295227050781, "right": 75.45643615722656, "bottom": 153.4906005859375}], "time": 21.72443699836731}
