{"im": 74, "res": [{"class": "aeroplane", "prob": 0.9908490777015686, "left": 172.34095764160156, "top": 124.22726440429688, "right": 386.912353515625, "bottom": 375.0}, {"class": "aeroplane", "prob": 0.9636710286140442, "left": 102.72673797607422, "top": 128.79754638671875, "right": 246.18527221679688, "bottom": 367.7265930175781}, {"class": "aeroplane", "prob": 0.9094297885894775, "left": 364.29010009765625, "top": 96.584716796875, "right": 499.67620849609375, "bottom": 375.0}], "time": 21.49624800682068}
