{"im": 2305, "res": [{"class": "sofa", "prob": 0.9800054430961609, "left": 168.43531799316406, "top": 26.8260498046875, "right": 496.112548828125, "bottom": 342.1040344238281}], "time": 21.5285861492157}
