{"im": 2911, "res": [{"class": "cat", "prob": 0.9473381638526917, "left": 292.9312744140625, "top": 122.16706085205078, "right": 482.66180419921875, "bottom": 288.71026611328125}, {"class": "bottle", "prob": 0.8990702629089355, "left": 35.97422790527344, "top": 62.67865753173828, "right": 358.98370361328125, "bottom": 240.4019775390625}], "time": 21.568713903427124}
