{"im": 4022, "res": [{"class": "sheep", "prob": 0.9989179372787476, "left": 20.851551055908203, "top": 155.9561004638672, "right": 102.84765625, "bottom": 220.5386505126953}, {"class": "sheep", "prob": 0.9972056746482849, "left": 133.64297485351562, "top": 162.11415100097656, "right": 178.04934692382812, "bottom": 204.70643615722656}, {"class": "aeroplane", "prob": 0.9975881576538086, "left": 401.46978759765625, "top": 95.67584228515625, "right": 433.27996826171875, "bottom": 180.3865966796875}], "time": 23.04914879798889}
