{"im": 2172, "res": [{"class": "bottle", "prob": 0.9957438111305237, "left": 61.89360046386719, "top": 120.99540710449219, "right": 483.09716796875, "bottom": 311.0469970703125}], "time": 21.410180807113647}
