{"im": 2492, "res": [{"class": "pottedplant", "prob": 0.7513042688369751, "left": 48.23323059082031, "top": 30.509811401367188, "right": 462.94122314453125, "bottom": 374.998291015625}], "time": 21.438122987747192}
