{"im": 2838, "res": [{"class": "sofa", "prob": 0.9029512405395508, "left": 186.51194763183594, "top": 189.5961151123047, "right": 268.1519775390625, "bottom": 266.47698974609375}, {"class": "sofa", "prob": 0.6664950251579285, "left": 136.18441772460938, "top": 180.08944702148438, "right": 315.6141052246094, "bottom": 275.9772033691406}], "time": 0.8989241123199463}
