{"im": 5755, "res": [{"class": "chair", "prob": 0.5903578996658325, "left": 115.61248779296875, "top": 263.303466796875, "right": 240.81423950195312, "bottom": 345.71978759765625}], "time": 0.828498125076294}
