{"im": 4203, "res": [{"class": "aeroplane", "prob": 0.9560868144035339, "left": 148.53173828125, "top": 167.1204071044922, "right": 263.81292724609375, "bottom": 368.0}, {"class": "aeroplane", "prob": 0.8846496939659119, "left": 394.0009460449219, "top": 99.94474792480469, "right": 495.1282043457031, "bottom": 368.0}, {"class": "aeroplane", "prob": 0.7416245341300964, "left": 243.14283752441406, "top": 94.35884094238281, "right": 336.0066833496094, "bottom": 368.0}, {"class": "aeroplane", "prob": 0.7389729022979736, "left": 297.108154296875, "top": 122.18572998046875, "right": 423.8157958984375, "bottom": 368.0}], "time": 0.8435251712799072}
