{"im": 203, "res": [{"class": "boat", "prob": 0.6745904088020325, "left": 312.31689453125, "top": 72.85952758789062, "right": 474.10894775390625, "bottom": 370.3033142089844}, {"class": "aeroplane", "prob": 0.5678395628929138, "left": 17.984840393066406, "top": 51.9200439453125, "right": 248.01751708984375, "bottom": 328.6881103515625}], "time": 0.9462120532989502}
