{"im": 5309, "res": [{"class": "aeroplane", "prob": 0.7405598163604736, "left": 283.6913757324219, "top": 76.45465087890625, "right": 385.9704284667969, "bottom": 361.8224182128906}, {"class": "aeroplane", "prob": 0.6259432435035706, "left": 200.71957397460938, "top": 67.76762390136719, "right": 291.19488525390625, "bottom": 374.857666015625}, {"class": "aeroplane", "prob": 0.53802090883255, "left": 397.9364318847656, "top": 27.987014770507812, "right": 500.0, "bottom": 341.4171142578125}], "time": 0.9711270332336426}
