{"im": 747, "res": [{"class": "aeroplane", "prob": 0.9688227772712708, "left": 43.97088623046875, "top": 158.55764770507812, "right": 351.8275146484375, "bottom": 367.0448303222656}, {"class": "aeroplane", "prob": 0.5031298995018005, "left": 203.3912811279297, "top": 145.4358673095703, "right": 287.2624206542969, "bottom": 238.1291046142578}], "time": 21.512537002563477}
