{"im": 3409, "res": [{"class": "bird", "prob": 0.9658250212669373, "left": 78.62860107421875, "top": 263.2886962890625, "right": 139.27667236328125, "bottom": 293.2816162109375}, {"class": "bird", "prob": 0.9245076775550842, "left": 23.62293243408203, "top": 256.9285583496094, "right": 185.60848999023438, "bottom": 295.7044982910156}], "time": 1.0462191104888916}
