{"im": 13, "res": [{"class": "aeroplane", "prob": 0.7272462248802185, "left": 136.6755828857422, "top": 146.49755859375, "right": 275.8331298828125, "bottom": 371.0}], "time": 1.450188159942627}
