{"im": 3728, "res": [{"class": "bird", "prob": 0.7521103620529175, "left": 6.8375396728515625, "top": 55.24629211425781, "right": 428.04962158203125, "bottom": 364.5517578125}], "time": 21.593836069107056}
