{"im": 4594, "res": [{"class": "bottle", "prob": 0.9979847073554993, "left": 131.2653350830078, "top": 155.83322143554688, "right": 399.22509765625, "bottom": 273.64337158203125}], "time": 21.39479899406433}
