{"im": 394, "res": [{"class": "aeroplane", "prob": 0.7889978885650635, "left": 158.2874755859375, "top": 88.26165771484375, "right": 279.0994873046875, "bottom": 334.0}, {"class": "aeroplane", "prob": 0.6901718974113464, "left": 251.29278564453125, "top": 105.36151885986328, "right": 334.9808349609375, "bottom": 326.2650146484375}], "time": 0.9831862449645996}
