{"im": 1423, "res": [{"class": "pottedplant", "prob": 0.9961013793945312, "left": 118.52470397949219, "top": 130.8135986328125, "right": 293.469970703125, "bottom": 336.6964111328125}, {"class": "pottedplant", "prob": 0.9514983892440796, "left": 70.61268615722656, "top": 313.3083190917969, "right": 226.33665466308594, "bottom": 497.2267761230469}], "time": 21.657526969909668}
