{"im": 541, "res": [{"class": "aeroplane", "prob": 0.9995402097702026, "left": 59.30652618408203, "top": 117.86158752441406, "right": 283.4568786621094, "bottom": 499.03143310546875}], "time": 21.66805124282837}
