{"im": 5002, "res": [{"class": "aeroplane", "prob": 0.8170577883720398, "left": 13.964035034179688, "top": 0.0, "right": 435.11541748046875, "bottom": 374.4799499511719}, {"class": "sheep", "prob": 0.8585920929908752, "left": 286.5086364746094, "top": 211.46449279785156, "right": 416.7820739746094, "bottom": 286.9698486328125}], "time": 21.401316165924072}
