{"im": 3938, "res": [{"class": "aeroplane", "prob": 0.8358701467514038, "left": 211.14804077148438, "top": 262.583740234375, "right": 231.96774291992188, "bottom": 292.09942626953125}], "time": 0.9191920757293701}
