{"im": 5020, "res": [{"class": "bottle", "prob": 0.9980393052101135, "left": 205.50274658203125, "top": 137.7335205078125, "right": 324.69775390625, "bottom": 185.11636352539062}], "time": 21.466579914093018}
