{"im": 5715, "res": [{"class": "sheep", "prob": 0.998405396938324, "left": 203.787841796875, "top": 95.02011108398438, "right": 339.47723388671875, "bottom": 215.76129150390625}], "time": 21.445910215377808}
