{"im": 66, "res": [{"class": "aeroplane", "prob": 0.991995096206665, "left": 162.84014892578125, "top": 53.318206787109375, "right": 382.5670166015625, "bottom": 364.8729248046875}], "time": 21.7079918384552}
