{"im": 1610, "res": [{"class": "chair", "prob": 0.6705073714256287, "left": 179.87464904785156, "top": 25.34307861328125, "right": 382.4163818359375, "bottom": 294.20501708984375}], "time": 21.641647815704346}
