{"im": 5628, "res": [{"class": "bus", "prob": 0.8188924193382263, "left": 77.80911254882812, "top": 71.9315185546875, "right": 407.4893493652344, "bottom": 239.78585815429688}, {"class": "aeroplane", "prob": 0.600247859954834, "left": 22.487255096435547, "top": 157.40634155273438, "right": 41.83352279663086, "bottom": 191.4837646484375}], "time": 0.8480000495910645}
