{"im": 4244, "res": [{"class": "bicycle", "prob": 0.8080127835273743, "left": 68.06649780273438, "top": 204.0714874267578, "right": 326.54168701171875, "bottom": 500.0}], "time": 0.8854537010192871}
