{"im": 2025, "res": [{"class": "sofa", "prob": 0.9935199618339539, "left": 25.650741577148438, "top": 28.80206298828125, "right": 426.03021240234375, "bottom": 335.06884765625}, {"class": "sofa", "prob": 0.9385697245597839, "left": 223.02940368652344, "top": 135.8215789794922, "right": 495.23046875, "bottom": 320.70257568359375}], "time": 21.705240964889526}
