{"im": 3176, "res": [{"class": "bus", "prob": 0.8114268779754639, "left": 44.51763916015625, "top": 59.76368713378906, "right": 500.0, "bottom": 336.36895751953125}], "time": 0.8385238647460938}
