{"im": 1142, "res": [{"class": "aeroplane", "prob": 0.9998834133148193, "left": 234.73211669921875, "top": 77.18437194824219, "right": 304.270751953125, "bottom": 315.90863037109375}, {"class": "aeroplane", "prob": 0.999853789806366, "left": 314.0330810546875, "top": 76.4592514038086, "right": 404.73358154296875, "bottom": 314.8414611816406}, {"class": "aeroplane", "prob": 0.9996376037597656, "left": 5.266223907470703, "top": 75.41416931152344, "right": 103.82199096679688, "bottom": 354.1634521484375}], "time": 21.124892234802246}
