{"im": 118, "res": [{"class": "aeroplane", "prob": 0.9997165203094482, "left": 173.941162109375, "top": 81.22265625, "right": 425.03790283203125, "bottom": 336.9559020996094}, {"class": "motorbike", "prob": 0.9744667410850525, "left": 45.330345153808594, "top": 110.7896728515625, "right": 281.4511413574219, "bottom": 370.2458801269531}], "time": 23.05222988128662}
