{"im": 3479, "res": [{"class": "bottle", "prob": 0.5869008898735046, "left": 14.34478759765625, "top": 171.92095947265625, "right": 475.1235656738281, "bottom": 319.7094421386719}, {"class": "aeroplane", "prob": 0.6768154501914978, "left": 448.5826721191406, "top": 129.26319885253906, "right": 478.2331848144531, "bottom": 242.20115661621094}], "time": 22.54541802406311}
