{"im": 2465, "res": [{"class": "bottle", "prob": 0.9887658357620239, "left": 7.72698974609375, "top": 6.1214599609375, "right": 336.86480712890625, "bottom": 313.4022521972656}], "time": 21.402095079421997}
