{"im": 3959, "res": [{"class": "train", "prob": 0.524455726146698, "left": 31.730621337890625, "top": 176.33273315429688, "right": 394.7969970703125, "bottom": 339.4216003417969}], "time": 0.8413980007171631}
