{"im": 3931, "res": [{"class": "sheep", "prob": 0.9964763522148132, "left": 169.27099609375, "top": 193.07020568847656, "right": 375.5875244140625, "bottom": 427.58917236328125}, {"class": "sheep", "prob": 0.9987794756889343, "left": 330.0900573730469, "top": 52.67677307128906, "right": 415.1916198730469, "bottom": 211.05946350097656}], "time": 21.61475920677185}
