{"im": 3242, "res": [{"class": "person", "prob": 0.6246761679649353, "left": 1.3289031982421875, "top": 38.13349914550781, "right": 270.7578125, "bottom": 408.81451416015625}], "time": 21.81813883781433}
