{"im": 1365, "res": [{"class": "aeroplane", "prob": 0.6401164531707764, "left": 389.1361389160156, "top": 153.07931518554688, "right": 401.0408020019531, "bottom": 172.92764282226562}, {"class": "person", "prob": 0.6260500550270081, "left": 342.5315246582031, "top": 241.83651733398438, "right": 367.5290222167969, "bottom": 273.0090026855469}, {"class": "person", "prob": 0.6223158836364746, "left": 65.53863525390625, "top": 189.20384216308594, "right": 111.75868225097656, "bottom": 208.26722717285156}], "time": 0.8830327987670898}
