{"im": 319, "res": [{"class": "aeroplane", "prob": 0.8868824243545532, "left": 70.3368148803711, "top": 59.08158874511719, "right": 248.46588134765625, "bottom": 491.11053466796875}], "time": 21.615006923675537}
