{"im": 2062, "res": [{"class": "bus", "prob": 0.9992753863334656, "left": 127.46533203125, "top": 86.73796844482422, "right": 471.79669189453125, "bottom": 292.4919128417969}, {"class": "aeroplane", "prob": 0.9966415166854858, "left": 60.88356399536133, "top": 181.95846557617188, "right": 106.32388305664062, "bottom": 294.83758544921875}, {"class": "aeroplane", "prob": 0.9139636754989624, "left": 33.93621063232422, "top": 165.07696533203125, "right": 56.47413635253906, "bottom": 253.47811889648438}], "time": 21.658967971801758}
