{"im": 3646, "res": [{"class": "chair", "prob": 0.9740743637084961, "left": 55.83265686035156, "top": 32.515586853027344, "right": 449.4344482421875, "bottom": 152.00320434570312}], "time": 21.668883085250854}
