{"im": 5190, "res": [{"class": "aeroplane", "prob": 0.9996224641799927, "left": 158.32080078125, "top": 179.94338989257812, "right": 364.28656005859375, "bottom": 488.9849548339844}], "time": 21.483716011047363}
