{"im": 4974, "res": [{"class": "boat", "prob": 0.8501209616661072, "left": 37.618011474609375, "top": 59.79393005371094, "right": 294.8780212402344, "bottom": 483.62799072265625}, {"class": "aeroplane", "prob": 0.874634861946106, "left": 262.1722106933594, "top": 2.0879440307617188, "right": 336.0, "bottom": 144.97201538085938}], "time": 21.391584157943726}
