{"im": 1443, "res": [{"class": "sheep", "prob": 0.9652567505836487, "left": 166.90570068359375, "top": 121.74051666259766, "right": 325.0987548828125, "bottom": 188.15045166015625}, {"class": "bicycle", "prob": 0.6370874047279358, "left": 266.75616455078125, "top": 162.0870819091797, "right": 493.3623046875, "bottom": 278.2595520019531}], "time": 21.657022953033447}
