{"im": 911, "res": [{"class": "aeroplane", "prob": 0.9432697296142578, "left": 318.1808166503906, "top": 75.33362579345703, "right": 398.7976989746094, "bottom": 279.8443298339844}, {"class": "aeroplane", "prob": 0.8351772427558899, "left": 181.62100219726562, "top": 88.5276870727539, "right": 300.99102783203125, "bottom": 310.818603515625}, {"class": "aeroplane", "prob": 0.6558728218078613, "left": 67.57505798339844, "top": 83.02035522460938, "right": 179.5252685546875, "bottom": 365.84326171875}], "time": 0.8547539710998535}
