{"im": 685, "res": [{"class": "aeroplane", "prob": 0.9328439831733704, "left": 72.2084732055664, "top": 180.76229858398438, "right": 169.427978515625, "bottom": 440.9775085449219}], "time": 0.8879127502441406}
