{"im": 5542, "res": [{"class": "aeroplane", "prob": 0.7795124053955078, "left": 9.3759765625, "top": 91.79505920410156, "right": 276.48834228515625, "bottom": 432.45654296875}], "time": 0.8523640632629395}
