{"im": 1054, "res": [{"class": "aeroplane", "prob": 0.8157768249511719, "left": 69.29183959960938, "top": 148.377197265625, "right": 106.57107543945312, "bottom": 216.56829833984375}, {"class": "aeroplane", "prob": 0.7117441296577454, "left": 45.44805145263672, "top": 131.306640625, "right": 129.1121826171875, "bottom": 238.69451904296875}, {"class": "aeroplane", "prob": 0.7065806984901428, "left": 412.7224426269531, "top": 223.54568481445312, "right": 486.3460388183594, "bottom": 355.3274841308594}, {"class": "aeroplane", "prob": 0.6205230951309204, "left": 32.80072021484375, "top": 27.465660095214844, "right": 70.63910675048828, "bottom": 61.017791748046875}], "time": 0.828822135925293}
