{"im": 2398, "res": [{"class": "aeroplane", "prob": 0.8271426558494568, "left": 408.78582763671875, "top": 0.0, "right": 493.45025634765625, "bottom": 111.38090515136719}, {"class": "aeroplane", "prob": 0.5904049873352051, "left": 432.6398620605469, "top": 16.81683349609375, "right": 470.7640075683594, "bottom": 102.35188293457031}], "time": 0.8712480068206787}
