{"im": 1268, "res": [{"class": "aeroplane", "prob": 0.9608379602432251, "left": 178.33770751953125, "top": 0.0, "right": 336.8328857421875, "bottom": 375.0}, {"class": "aeroplane", "prob": 0.8454670906066895, "left": 132.1747283935547, "top": 159.056396484375, "right": 216.5891571044922, "bottom": 370.0347900390625}], "time": 1.1977548599243164}
