{"im": 4357, "res": [{"class": "aeroplane", "prob": 0.9996470212936401, "left": 80.91204833984375, "top": 66.77665710449219, "right": 428.0159606933594, "bottom": 333.0}, {"class": "aeroplane", "prob": 0.9875280857086182, "left": 46.49419403076172, "top": 60.80641174316406, "right": 184.44180297851562, "bottom": 215.66517639160156}], "time": 21.379755973815918}
