{"im": 4655, "res": [{"class": "car", "prob": 0.5788834691047668, "left": 8.008148193359375, "top": 88.5735092163086, "right": 494.86651611328125, "bottom": 321.3706970214844}], "time": 0.8645229339599609}
