{"im": 3774, "res": [{"class": "aeroplane", "prob": 0.9991284012794495, "left": 219.13381958007812, "top": 123.27538299560547, "right": 272.2621765136719, "bottom": 291.612060546875}], "time": 22.979450225830078}
