{"im": 5320, "res": [{"class": "aeroplane", "prob": 0.9854830503463745, "left": 9.105972290039062, "top": 44.66998291015625, "right": 295.77081298828125, "bottom": 368.5459899902344}, {"class": "aeroplane", "prob": 0.9962838888168335, "left": 265.570068359375, "top": 95.83174133300781, "right": 436.02606201171875, "bottom": 338.293212890625}], "time": 21.468030214309692}
