{"im": 1003, "res": [{"class": "aeroplane", "prob": 0.8733029961585999, "left": 260.40472412109375, "top": 104.93907165527344, "right": 374.60076904296875, "bottom": 363.804443359375}, {"class": "aeroplane", "prob": 0.8273125290870667, "left": 160.44113159179688, "top": 155.76461791992188, "right": 277.8819580078125, "bottom": 375.0}], "time": 0.8330469131469727}
