{"im": 2468, "res": [{"class": "train", "prob": 0.9815892577171326, "left": 203.293701171875, "top": 89.96080017089844, "right": 430.9581298828125, "bottom": 375.0}], "time": 0.839061975479126}
