{"im": 2487, "res": [{"class": "aeroplane", "prob": 0.9998136162757874, "left": 101.6650161743164, "top": 192.3115234375, "right": 159.89317321777344, "bottom": 289.45111083984375}], "time": 21.571699142456055}
