{"im": 5255, "res": [{"class": "aeroplane", "prob": 0.9489065408706665, "left": 8.407875061035156, "top": 97.63749694824219, "right": 171.12313842773438, "bottom": 329.39520263671875}, {"class": "aeroplane", "prob": 0.5942840576171875, "left": 357.42169189453125, "top": 191.02053833007812, "right": 462.2398681640625, "bottom": 326.4176330566406}, {"class": "aeroplane", "prob": 0.5703094005584717, "left": 169.71755981445312, "top": 110.37663269042969, "right": 352.0784606933594, "bottom": 327.71453857421875}, {"class": "aeroplane", "prob": 0.5426509380340576, "left": 389.0162353515625, "top": 214.62200927734375, "right": 437.0003662109375, "bottom": 317.75518798828125}], "time": 0.8262529373168945}
