{"im": 1559, "res": [{"class": "sheep", "prob": 0.9703680872917175, "left": 84.37959289550781, "top": 50.33306121826172, "right": 364.577880859375, "bottom": 152.28115844726562}], "time": 21.771196126937866}
