{"im": 5043, "res": [{"class": "bird", "prob": 0.625935435295105, "left": 108.5181884765625, "top": 83.73294830322266, "right": 459.96563720703125, "bottom": 266.5981750488281}, {"class": "cat", "prob": 0.7162476778030396, "left": 108.5181884765625, "top": 83.73294830322266, "right": 459.96563720703125, "bottom": 266.5981750488281}, {"class": "bicycle", "prob": 0.9112526774406433, "left": 443.0292053222656, "top": 136.55015563964844, "right": 493.1763000488281, "bottom": 212.2650909423828}], "time": 21.408846139907837}
