{"im": 5190, "res": [{"class": "aeroplane", "prob": 0.9943298697471619, "left": 169.37542724609375, "top": 169.98211669921875, "right": 352.17901611328125, "bottom": 494.134033203125}], "time": 1.033703088760376}
