{"im": 3557, "res": [{"class": "car", "prob": 0.9997406601905823, "left": 52.082183837890625, "top": 41.66460418701172, "right": 461.5625915527344, "bottom": 292.410888671875}], "time": 21.50040912628174}
