{"im": 2402, "res": [{"class": "car", "prob": 0.9856082201004028, "left": 9.367279052734375, "top": 157.66616821289062, "right": 395.5762023925781, "bottom": 234.438232421875}, {"class": "car", "prob": 0.6659558415412903, "left": 383.1893310546875, "top": 169.85694885253906, "right": 497.09051513671875, "bottom": 198.3417510986328}], "time": 21.406033992767334}
