{"im": 3700, "res": [{"class": "aeroplane", "prob": 0.929967999458313, "left": 153.26109313964844, "top": 141.43475341796875, "right": 252.41917419433594, "bottom": 342.5060729980469}, {"class": "bicycle", "prob": 0.78437340259552, "left": 162.24203491210938, "top": 225.33224487304688, "right": 240.7137451171875, "bottom": 383.3894958496094}, {"class": "bicycle", "prob": 0.6083860397338867, "left": 182.3706817626953, "top": 248.85255432128906, "right": 219.8205108642578, "bottom": 350.61279296875}], "time": 0.8876841068267822}
