{"im": 2129, "res": [{"class": "person", "prob": 0.9996948838233948, "left": 87.76598358154297, "top": 43.520973205566406, "right": 324.78582763671875, "bottom": 273.64422607421875}], "time": 21.826307773590088}
