{"im": 38, "res": [{"class": "chair", "prob": 0.6026725769042969, "left": 251.47959899902344, "top": 443.16259765625, "right": 373.014404296875, "bottom": 468.33758544921875}], "time": 22.718135118484497}
