{"im": 2964, "res": [{"class": "boat", "prob": 0.9424137473106384, "left": 7.1631927490234375, "top": 153.7855987548828, "right": 224.0720672607422, "bottom": 499.18365478515625}, {"class": "aeroplane", "prob": 0.9951022863388062, "left": 146.70535278320312, "top": 36.89115905761719, "right": 297.2064208984375, "bottom": 494.099609375}, {"class": "bird", "prob": 0.9540880918502808, "left": 270.5748291015625, "top": 243.71629333496094, "right": 334.0, "bottom": 422.99566650390625}, {"class": "bird", "prob": 0.9566693305969238, "left": 0.0, "top": 256.3435363769531, "right": 39.15119934082031, "bottom": 385.9369812011719}], "time": 21.618206024169922}
