{"im": 3036, "res": [{"class": "car", "prob": 0.9999438524246216, "left": 8.3419189453125, "top": 58.0810546875, "right": 500.0, "bottom": 332.1653747558594}], "time": 21.725326776504517}
