{"im": 1561, "res": [{"class": "aeroplane", "prob": 0.9792145490646362, "left": 4.153541564941406, "top": 0.0, "right": 168.02072143554688, "bottom": 461.9930725097656}, {"class": "boat", "prob": 0.7487998008728027, "left": 0.4728851318359375, "top": 263.2320556640625, "right": 328.7281494140625, "bottom": 500.0}], "time": 21.73985195159912}
