{"im": 680, "res": [{"class": "aeroplane", "prob": 0.502899169921875, "left": 164.75946044921875, "top": 108.9735107421875, "right": 193.5562744140625, "bottom": 210.15924072265625}], "time": 0.8814053535461426}
