{"im": 5228, "res": [{"class": "sofa", "prob": 0.984817385673523, "left": 284.9898986816406, "top": 110.77919006347656, "right": 426.9776306152344, "bottom": 360.81231689453125}, {"class": "sofa", "prob": 0.8130476474761963, "left": 96.04501342773438, "top": 18.221847534179688, "right": 245.85586547851562, "bottom": 358.180419921875}], "time": 22.009019136428833}
