{"im": 2538, "res": [{"class": "aeroplane", "prob": 0.7088598608970642, "left": 0.0, "top": 0.0045166015625, "right": 203.5947265625, "bottom": 112.45584869384766}], "time": 21.422629833221436}
