{"im": 2482, "res": [{"class": "tvmonitor", "prob": 0.5022600293159485, "left": 30.090171813964844, "top": 158.83445739746094, "right": 223.587646484375, "bottom": 242.84986877441406}, {"class": "tvmonitor", "prob": 0.6007323861122131, "left": 74.98818969726562, "top": 171.0172119140625, "right": 178.77513122558594, "bottom": 230.04266357421875}], "time": 0.8698608875274658}
