{"im": 2629, "res": [{"class": "person", "prob": 0.9971262216567993, "left": 180.72003173828125, "top": 87.90106201171875, "right": 353.53106689453125, "bottom": 184.37081909179688}], "time": 21.421884775161743}
