{"im": 5232, "res": [{"class": "sheep", "prob": 0.6085403561592102, "left": 213.47039794921875, "top": 142.55633544921875, "right": 420.91058349609375, "bottom": 265.471435546875}, {"class": "tvmonitor", "prob": 0.7983240485191345, "left": 213.47039794921875, "top": 142.55633544921875, "right": 420.91058349609375, "bottom": 265.471435546875}], "time": 0.9134268760681152}
