{"im": 254, "res": [{"class": "aeroplane", "prob": 0.9940305948257446, "left": 50.398406982421875, "top": 41.51971435546875, "right": 447.1595764160156, "bottom": 373.98699951171875}], "time": 21.53573989868164}
