{"im": 45, "res": [{"class": "sheep", "prob": 0.6329030990600586, "left": 25.126312255859375, "top": 28.91168212890625, "right": 235.25332641601562, "bottom": 500.0}], "time": 0.9910240173339844}
