{"im": 1663, "res": [{"class": "aeroplane", "prob": 0.7306419014930725, "left": 269.82916259765625, "top": 307.8335876464844, "right": 276.88671875, "bottom": 330.2085266113281}, {"class": "chair", "prob": 0.5640556812286377, "left": 12.779670715332031, "top": 51.79975128173828, "right": 163.43118286132812, "bottom": 289.0281066894531}], "time": 1.0689210891723633}
