{"im": 1404, "res": [{"class": "aeroplane", "prob": 0.824536144733429, "left": 126.0445556640625, "top": 3.06024169921875, "right": 292.08905029296875, "bottom": 245.8018035888672}], "time": 0.8816471099853516}
