{"im": 5327, "res": [{"class": "chair", "prob": 0.9151756167411804, "left": 17.32126235961914, "top": 327.86700439453125, "right": 140.0843963623047, "bottom": 394.03070068359375}, {"class": "chair", "prob": 0.7955999374389648, "left": 47.21941375732422, "top": 331.50665283203125, "right": 111.55341339111328, "bottom": 385.3978271484375}], "time": 0.9473872184753418}
