{"im": 1189, "res": [{"class": "aeroplane", "prob": 0.9997419714927673, "left": 0.0, "top": 100.76553344726562, "right": 125.50108337402344, "bottom": 447.5379333496094}, {"class": "aeroplane", "prob": 0.9998233318328857, "left": 93.0880355834961, "top": 43.22718811035156, "right": 245.74859619140625, "bottom": 456.40399169921875}], "time": 21.079441785812378}
