{"im": 4185, "res": [{"class": "pottedplant", "prob": 0.9685231447219849, "left": 45.141815185546875, "top": 26.06182861328125, "right": 453.7283020019531, "bottom": 287.9949951171875}], "time": 21.63620400428772}
