{"im": 3281, "res": [{"class": "bottle", "prob": 0.9981653094291687, "left": 28.54595947265625, "top": 80.38069915771484, "right": 464.6637268066406, "bottom": 209.86767578125}], "time": 22.672340869903564}
