{"im": 2765, "res": [{"class": "pottedplant", "prob": 0.8551312685012817, "left": 14.846023559570312, "top": 0.0, "right": 484.76385498046875, "bottom": 375.0}], "time": 21.558166980743408}
