{"im": 5297, "res": [{"class": "bird", "prob": 0.852520227432251, "left": 159.90707397460938, "top": 143.90289306640625, "right": 319.4583740234375, "bottom": 201.5128173828125}, {"class": "cat", "prob": 0.9370754361152649, "left": 44.45402908325195, "top": 126.19189453125, "right": 118.3743896484375, "bottom": 187.607666015625}, {"class": "aeroplane", "prob": 0.9272050261497498, "left": 14.840715408325195, "top": 145.09620666503906, "right": 42.819847106933594, "bottom": 190.01487731933594}], "time": 21.525184154510498}
