{"im": 4191, "res": [{"class": "person", "prob": 0.9994478821754456, "left": 115.37025451660156, "top": 108.16029357910156, "right": 328.892578125, "bottom": 433.463623046875}], "time": 21.92618703842163}
