{"im": 5494, "res": [{"class": "pottedplant", "prob": 0.8062629699707031, "left": 25.538986206054688, "top": 0.8966217041015625, "right": 500.0, "bottom": 375.0}], "time": 22.683677196502686}
