{"im": 5091, "res": [{"class": "aeroplane", "prob": 0.5517585873603821, "left": 68.55917358398438, "top": 61.33012390136719, "right": 440.0696716308594, "bottom": 373.8983154296875}], "time": 0.8696682453155518}
