{"im": 2748, "res": [{"class": "bird", "prob": 0.569765567779541, "left": 0.0, "top": 166.94911193847656, "right": 151.76016235351562, "bottom": 483.36590576171875}], "time": 0.9129979610443115}
