{"im": 3892, "res": [{"class": "sheep", "prob": 0.9851097464561462, "left": 178.9251708984375, "top": 170.8677520751953, "right": 282.6726989746094, "bottom": 351.47918701171875}], "time": 21.541287899017334}
