{"im": 2847, "res": [{"class": "bus", "prob": 0.9938724637031555, "left": 36.51744079589844, "top": 9.603927612304688, "right": 441.0712890625, "bottom": 317.1109619140625}], "time": 22.86390972137451}
