{"im": 1459, "res": [{"class": "sheep", "prob": 0.9403010010719299, "left": 60.07673645019531, "top": 8.142242431640625, "right": 388.03021240234375, "bottom": 284.8577575683594}, {"class": "aeroplane", "prob": 0.9256578087806702, "left": 279.13909912109375, "top": 64.37008666992188, "right": 496.611083984375, "bottom": 326.1954345703125}, {"class": "aeroplane", "prob": 0.543300211429596, "left": 17.088533401489258, "top": 12.738483428955078, "right": 72.2793197631836, "bottom": 89.50897216796875}], "time": 21.706615924835205}
