{"im": 1087, "res": [{"class": "car", "prob": 0.9954800605773926, "left": 158.73326110839844, "top": 142.22259521484375, "right": 462.1224365234375, "bottom": 269.8040466308594}], "time": 21.09074091911316}
