{"im": 968, "res": [{"class": "aeroplane", "prob": 0.9906577467918396, "left": 204.90692138671875, "top": 6.51629638671875, "right": 280.0303955078125, "bottom": 341.6020812988281}, {"class": "bicycle", "prob": 0.9781596660614014, "left": 74.44911193847656, "top": 121.26183319091797, "right": 378.0567626953125, "bottom": 339.62310791015625}], "time": 21.08226728439331}
