{"im": 4249, "res": [{"class": "sheep", "prob": 0.92701256275177, "left": 120.60527801513672, "top": 151.44644165039062, "right": 340.568115234375, "bottom": 224.7080078125}, {"class": "sheep", "prob": 0.9052692651748657, "left": 121.7847671508789, "top": 157.37091064453125, "right": 238.34005737304688, "bottom": 216.67556762695312}, {"class": "pottedplant", "prob": 0.5175846219062805, "left": 222.3390655517578, "top": 156.25027465820312, "right": 337.22174072265625, "bottom": 224.90576171875}], "time": 24.97478723526001}
