{"im": 2819, "res": [{"class": "aeroplane", "prob": 0.9483538269996643, "left": 214.31149291992188, "top": 219.32135009765625, "right": 325.2620544433594, "bottom": 500.0}, {"class": "bicycle", "prob": 0.5385910272598267, "left": 16.42548370361328, "top": 311.9696960449219, "right": 189.13455200195312, "bottom": 498.9091491699219}], "time": 0.8936352729797363}
