{"im": 4074, "res": [{"class": "boat", "prob": 0.9826173782348633, "left": 236.39508056640625, "top": 168.74435424804688, "right": 276.0811767578125, "bottom": 207.46084594726562}, {"class": "aeroplane", "prob": 0.9372159242630005, "left": 244.6009521484375, "top": 158.97230529785156, "right": 273.0482177734375, "bottom": 197.82579040527344}], "time": 21.604963064193726}
