{"im": 2755, "res": [{"class": "sofa", "prob": 0.6865920424461365, "left": 263.2393493652344, "top": 161.18441772460938, "right": 462.9205627441406, "bottom": 276.9603576660156}], "time": 0.8385169506072998}
