{"im": 4099, "res": [{"class": "bottle", "prob": 0.9933105111122131, "left": 0.0, "top": 62.574859619140625, "right": 460.12103271484375, "bottom": 370.880615234375}], "time": 21.752791166305542}
