{"im": 2065, "res": [{"class": "car", "prob": 0.9994446039199829, "left": 0.0, "top": 87.36470031738281, "right": 500.0, "bottom": 293.371337890625}, {"class": "aeroplane", "prob": 0.5841860771179199, "left": 384.4003601074219, "top": 175.03976440429688, "right": 402.7432556152344, "bottom": 191.1605224609375}, {"class": "aeroplane", "prob": 0.5779102444648743, "left": 419.6927490234375, "top": 176.0115509033203, "right": 432.8294677734375, "bottom": 192.4374237060547}], "time": 21.652326822280884}
