{"im": 1651, "res": [{"class": "aeroplane", "prob": 0.7944315671920776, "left": 124.00465393066406, "top": 32.835723876953125, "right": 239.5928497314453, "bottom": 326.99200439453125}], "time": 1.008713960647583}
