{"im": 3235, "res": [{"class": "chair", "prob": 0.7681334614753723, "left": 136.85369873046875, "top": 132.81387329101562, "right": 311.5075988769531, "bottom": 256.7818603515625}], "time": 0.933316707611084}
