{"im": 919, "res": [{"class": "person", "prob": 0.9983229637145996, "left": 188.80987548828125, "top": 47.59046936035156, "right": 345.203125, "bottom": 371.476318359375}, {"class": "person", "prob": 0.8006320595741272, "left": 53.61113739013672, "top": 198.04605102539062, "right": 193.07644653320312, "bottom": 348.6330261230469}, {"class": "person", "prob": 0.7957289218902588, "left": 338.3031921386719, "top": 34.13321304321289, "right": 434.8834533691406, "bottom": 55.26340103149414}], "time": 21.089775800704956}
