{"im": 1586, "res": [{"class": "person", "prob": 0.9038239121437073, "left": 220.81861877441406, "top": 170.57228088378906, "right": 252.27513122558594, "bottom": 194.2481231689453}], "time": 0.846750020980835}
