{"im": 2587, "res": [{"class": "aeroplane", "prob": 0.9808580875396729, "left": 259.0516052246094, "top": 316.2169189453125, "right": 336.3263854980469, "bottom": 377.6837158203125}, {"class": "aeroplane", "prob": 0.6196979880332947, "left": 258.3048400878906, "top": 307.8871154785156, "right": 310.2411804199219, "bottom": 363.5188903808594}], "time": 21.44292974472046}
