{"im": 5284, "res": [{"class": "aeroplane", "prob": 0.999194324016571, "left": 72.27779388427734, "top": 115.53498840332031, "right": 320.0325012207031, "bottom": 475.96630859375}, {"class": "bird", "prob": 0.6407527327537537, "left": 238.1489715576172, "top": 78.45133972167969, "right": 292.4122009277344, "bottom": 100.93643188476562}], "time": 21.49903631210327}
