{"im": 324, "res": [{"class": "aeroplane", "prob": 0.9918676614761353, "left": 182.91903686523438, "top": 134.1583251953125, "right": 427.8370666503906, "bottom": 359.4409484863281}, {"class": "aeroplane", "prob": 0.9895688891410828, "left": 71.1208267211914, "top": 19.6180419921875, "right": 320.4364318847656, "bottom": 375.0}, {"class": "aeroplane", "prob": 0.9624183177947998, "left": 1.9301338195800781, "top": 131.05908203125, "right": 84.10992431640625, "bottom": 375.0}, {"class": "aeroplane", "prob": 0.9438193440437317, "left": 367.18231201171875, "top": 23.414321899414062, "right": 499.88177490234375, "bottom": 360.246337890625}], "time": 21.713253021240234}
