{"im": 4624, "res": [{"class": "bottle", "prob": 0.9987858533859253, "left": 6.7663421630859375, "top": 82.19342041015625, "right": 484.2203369140625, "bottom": 207.90826416015625}], "time": 21.3931827545166}
