{"im": 4868, "res": [{"class": "sheep", "prob": 0.6914333701133728, "left": 0.0, "top": 0.0, "right": 500.0, "bottom": 360.96661376953125}], "time": 21.514070987701416}
