{"im": 2680, "res": [{"class": "bicycle", "prob": 0.7727698683738708, "left": 24.2547607421875, "top": 17.93182373046875, "right": 473.65728759765625, "bottom": 358.2621154785156}], "time": 21.483803033828735}
