{"im": 4519, "res": [{"class": "aeroplane", "prob": 0.7774865627288818, "left": 108.00347137451172, "top": 179.47805786132812, "right": 348.8887023925781, "bottom": 492.0948791503906}], "time": 0.8097860813140869}
