{"im": 4450, "res": [{"class": "car", "prob": 0.8744936585426331, "left": 181.29800415039062, "top": 121.99010467529297, "right": 397.8161315917969, "bottom": 233.33184814453125}], "time": 0.8646717071533203}
