{"im": 881, "res": [{"class": "aeroplane", "prob": 0.9935660362243652, "left": 292.93280029296875, "top": 140.69964599609375, "right": 395.01220703125, "bottom": 301.0}], "time": 21.102574825286865}
