{"im": 107, "res": [{"class": "aeroplane", "prob": 0.9814412593841553, "left": 310.7841796875, "top": 69.96382141113281, "right": 490.40093994140625, "bottom": 347.154052734375}, {"class": "aeroplane", "prob": 0.9579841494560242, "left": 135.63015747070312, "top": 43.14605712890625, "right": 368.012939453125, "bottom": 333.33868408203125}, {"class": "motorbike", "prob": 0.7438216209411621, "left": 18.580184936523438, "top": 120.98853302001953, "right": 500.0, "bottom": 358.91943359375}], "time": 21.594047784805298}
