{"im": 1617, "res": [{"class": "bottle", "prob": 0.9989582300186157, "left": 46.15904998779297, "top": 240.19436645507812, "right": 228.89859008789062, "bottom": 312.0987243652344}, {"class": "bottle", "prob": 0.9458053112030029, "left": 130.775390625, "top": 144.06773376464844, "right": 306.9035949707031, "bottom": 207.42774963378906}, {"class": "bottle", "prob": 0.5293201804161072, "left": 46.41139221191406, "top": 114.0596923828125, "right": 297.23028564453125, "bottom": 208.81759643554688}], "time": 21.635244846343994}
