{"im": 4790, "res": [{"class": "sheep", "prob": 0.7858456373214722, "left": 38.14460372924805, "top": 111.25453186035156, "right": 148.6865997314453, "bottom": 294.607421875}], "time": 0.8208897113800049}
