{"im": 1637, "res": [{"class": "bus", "prob": 0.9365244507789612, "left": 4.9997100830078125, "top": 13.219146728515625, "right": 399.79510498046875, "bottom": 370.7404479980469}], "time": 21.679217100143433}
