{"im": 1088, "res": [{"class": "aeroplane", "prob": 0.791772186756134, "left": 12.735855102539062, "top": 43.919464111328125, "right": 353.36920166015625, "bottom": 487.4336853027344}], "time": 21.097824096679688}
