{"im": 2295, "res": [{"class": "bird", "prob": 0.5857445001602173, "left": 117.79533386230469, "top": 30.222213745117188, "right": 380.96978759765625, "bottom": 286.828125}, {"class": "aeroplane", "prob": 0.7262052893638611, "left": 424.33050537109375, "top": 75.67890167236328, "right": 441.3548583984375, "bottom": 115.22435760498047}], "time": 0.8743469715118408}
