{"im": 3808, "res": [{"class": "chair", "prob": 0.9882168173789978, "left": 148.550048828125, "top": 96.82396697998047, "right": 367.9112548828125, "bottom": 263.3276672363281}, {"class": "chair", "prob": 0.7830688953399658, "left": 288.6988525390625, "top": 66.06816101074219, "right": 296.7591552734375, "bottom": 70.71122741699219}], "time": 21.632993936538696}
