{"im": 2608, "res": [{"class": "sheep", "prob": 0.9127716422080994, "left": 52.79090881347656, "top": 0.0, "right": 495.99920654296875, "bottom": 286.86187744140625}], "time": 21.46436309814453}
