{"im": 3277, "res": [{"class": "aeroplane", "prob": 0.9980801939964294, "left": 205.38038635253906, "top": 42.35487365722656, "right": 462.107421875, "bottom": 375.0}], "time": 23.762642860412598}
