{"im": 101, "res": [{"class": "aeroplane", "prob": 0.9995946884155273, "left": 58.55354309082031, "top": 91.62599182128906, "right": 316.28350830078125, "bottom": 472.97589111328125}], "time": 22.861621141433716}
