{"im": 349, "res": [{"class": "pottedplant", "prob": 0.5836703777313232, "left": 8.267990112304688, "top": 11.971633911132812, "right": 490.718505859375, "bottom": 290.09820556640625}], "time": 21.98878312110901}
