{"im": 3199, "res": [{"class": "tvmonitor", "prob": 0.7124642729759216, "left": 121.8431625366211, "top": 75.29682922363281, "right": 316.4427795410156, "bottom": 440.1171875}], "time": 0.8354721069335938}
