{"im": 1062, "res": [{"class": "aeroplane", "prob": 0.7385411262512207, "left": 341.0309753417969, "top": 73.42964172363281, "right": 405.8429870605469, "bottom": 211.2844696044922}, {"class": "aeroplane", "prob": 0.5678266882896423, "left": 359.5235290527344, "top": 89.88055419921875, "right": 387.6144714355469, "bottom": 204.33438110351562}, {"class": "person", "prob": 0.5540258288383484, "left": 57.29538345336914, "top": 285.3173522949219, "right": 81.14253234863281, "bottom": 312.5740661621094}], "time": 1.0829532146453857}
