{"im": 4034, "res": [{"class": "bird", "prob": 0.9462591409683228, "left": 286.7731628417969, "top": 273.8810119628906, "right": 437.0246887207031, "bottom": 367.2226867675781}, {"class": "bird", "prob": 0.989762008190155, "left": 439.55279541015625, "top": 281.2983093261719, "right": 485.33319091796875, "bottom": 297.2407531738281}, {"class": "bird", "prob": 0.941676139831543, "left": 482.4465026855469, "top": 292.84149169921875, "right": 500.0, "bottom": 366.156005859375}, {"class": "bird", "prob": 0.7516142129898071, "left": 47.35060119628906, "top": 265.14044189453125, "right": 75.96202087402344, "bottom": 277.872802734375}], "time": 23.02653408050537}
