{"im": 4794, "res": [{"class": "sofa", "prob": 0.5757943391799927, "left": 65.17945861816406, "top": 63.71128845214844, "right": 491.85479736328125, "bottom": 342.30828857421875}], "time": 21.445128917694092}
