{"im": 4079, "res": [{"class": "bird", "prob": 0.9948104619979858, "left": 45.49853515625, "top": 106.53266143798828, "right": 468.32373046875, "bottom": 274.7329406738281}, {"class": "bird", "prob": 0.9434666633605957, "left": 422.37469482421875, "top": 107.59270477294922, "right": 500.0, "bottom": 159.24996948242188}, {"class": "bird", "prob": 0.8020141124725342, "left": 397.8846435546875, "top": 105.78526306152344, "right": 440.92236328125, "bottom": 140.8918914794922}], "time": 21.63648009300232}
