{"im": 5064, "res": [{"class": "aeroplane", "prob": 0.9984999895095825, "left": 79.95722198486328, "top": 112.90601348876953, "right": 260.24652099609375, "bottom": 297.8691711425781}, {"class": "aeroplane", "prob": 0.9959644675254822, "left": 254.17189025878906, "top": 84.66141510009766, "right": 467.6981201171875, "bottom": 311.2197570800781}, {"class": "aeroplane", "prob": 0.9762855768203735, "left": 210.6532745361328, "top": 113.93866729736328, "right": 279.7093200683594, "bottom": 277.7857971191406}], "time": 21.440639972686768}
