{"im": 4161, "res": [{"class": "pottedplant", "prob": 0.9938976168632507, "left": 191.54286193847656, "top": 91.29219055175781, "right": 317.791015625, "bottom": 290.2564697265625}], "time": 21.657942056655884}
