{"im": 2415, "res": [{"class": "boat", "prob": 0.9973055720329285, "left": 73.93138122558594, "top": 85.84428405761719, "right": 361.802978515625, "bottom": 232.27833557128906}, {"class": "aeroplane", "prob": 0.9764770865440369, "left": 108.45167541503906, "top": 54.4791259765625, "right": 283.81134033203125, "bottom": 185.58779907226562}], "time": 21.38473892211914}
