{"im": 4462, "res": [{"class": "sheep", "prob": 0.9989490509033203, "left": 147.84576416015625, "top": 107.95637512207031, "right": 450.6629638671875, "bottom": 375.0}], "time": 21.381825923919678}
