{"im": 4965, "res": [{"class": "aeroplane", "prob": 0.9425880312919617, "left": 111.45152282714844, "top": 56.0595703125, "right": 331.09014892578125, "bottom": 366.2785949707031}, {"class": "aeroplane", "prob": 0.7461748123168945, "left": 0.0, "top": 22.16778564453125, "right": 118.57838439941406, "bottom": 361.3642883300781}, {"class": "aeroplane", "prob": 0.5163212418556213, "left": 180.84768676757812, "top": 66.19309997558594, "right": 481.6578063964844, "bottom": 371.11767578125}], "time": 21.46289086341858}
