{"im": 2476, "res": [{"class": "bird", "prob": 0.9737178683280945, "left": 255.74105834960938, "top": 291.4776306152344, "right": 294.3648986816406, "bottom": 332.9765930175781}], "time": 21.428103923797607}
