{"im": 2991, "res": [{"class": "pottedplant", "prob": 0.9689865112304688, "left": 14.75689697265625, "top": 34.31724548339844, "right": 432.45574951171875, "bottom": 347.53466796875}], "time": 21.58950686454773}
