{"im": 918, "res": [{"class": "cat", "prob": 0.9698393940925598, "left": 0.0, "top": 4.7971038818359375, "right": 500.0, "bottom": 375.0}], "time": 21.08842134475708}
