{"im": 4066, "res": [{"class": "bottle", "prob": 0.9987831711769104, "left": 73.40191650390625, "top": 80.32891845703125, "right": 422.28924560546875, "bottom": 220.91384887695312}, {"class": "aeroplane", "prob": 0.7830759286880493, "left": 330.5693359375, "top": 123.15277862548828, "right": 346.15777587890625, "bottom": 136.98867797851562}], "time": 21.594298839569092}
