{"im": 5724, "res": [{"class": "train", "prob": 0.8444518446922302, "left": 68.9818115234375, "top": 34.232147216796875, "right": 371.8646545410156, "bottom": 277.2945251464844}], "time": 1.033344030380249}
