{"im": 3771, "res": [{"class": "boat", "prob": 0.9988319277763367, "left": 11.85986328125, "top": 26.026596069335938, "right": 449.3605041503906, "bottom": 349.727294921875}, {"class": "aeroplane", "prob": 0.9979187846183777, "left": 277.4367370605469, "top": 3.1116867065429688, "right": 435.2948913574219, "bottom": 163.14959716796875}, {"class": "bird", "prob": 0.9910980463027954, "left": 1.0243644714355469, "top": 0.5486106872558594, "right": 71.46200561523438, "bottom": 21.527236938476562}, {"class": "bird", "prob": 0.9685986638069153, "left": 64.3095703125, "top": 0.3167142868041992, "right": 151.88162231445312, "bottom": 19.021224975585938}], "time": 21.627225160598755}
