{"im": 3178, "res": [{"class": "chair", "prob": 0.6293687224388123, "left": 0.0, "top": 192.08164978027344, "right": 129.8553466796875, "bottom": 246.35597229003906}], "time": 21.959752321243286}
