{"im": 2007, "res": [{"class": "sheep", "prob": 0.7148283123970032, "left": 184.4338836669922, "top": 79.50850677490234, "right": 307.78924560546875, "bottom": 312.60687255859375}], "time": 0.8765816688537598}
