{"im": 945, "res": [{"class": "person", "prob": 0.6415743231773376, "left": 201.84393310546875, "top": 141.3372802734375, "right": 309.8832702636719, "bottom": 356.23284912109375}], "time": 1.4352259635925293}
