{"im": 5387, "res": [{"class": "sheep", "prob": 0.6471713781356812, "left": 152.72686767578125, "top": 7.1294708251953125, "right": 493.76458740234375, "bottom": 342.0}], "time": 0.8646948337554932}
