{"im": 942, "res": [{"class": "aeroplane", "prob": 0.9960147142410278, "left": 244.40328979492188, "top": 157.74050903320312, "right": 347.3506774902344, "bottom": 370.0823059082031}, {"class": "aeroplane", "prob": 0.9931878447532654, "left": 160.3023223876953, "top": 112.95700073242188, "right": 250.17738342285156, "bottom": 375.0}], "time": 21.126688241958618}
