{"im": 4209, "res": [{"class": "aeroplane", "prob": 0.9997132420539856, "left": 16.1907958984375, "top": 110.5902099609375, "right": 303.5528259277344, "bottom": 484.72088623046875}, {"class": "aeroplane", "prob": 0.9970117807388306, "left": 226.9884033203125, "top": 94.69971466064453, "right": 323.705810546875, "bottom": 310.0265808105469}, {"class": "aeroplane", "prob": 0.9511619806289673, "left": 0.0, "top": 165.21292114257812, "right": 119.26863098144531, "bottom": 300.4093933105469}], "time": 21.673141956329346}
