{"im": 3528, "res": [{"class": "pottedplant", "prob": 0.9966980814933777, "left": 121.62155151367188, "top": 174.94735717773438, "right": 288.45758056640625, "bottom": 327.2242126464844}], "time": 22.8024959564209}
