{"im": 5795, "res": [{"class": "pottedplant", "prob": 0.9953380823135376, "left": 112.88375854492188, "top": 147.298095703125, "right": 400.2677307128906, "bottom": 329.29534912109375}], "time": 21.366826057434082}
