{"im": 4074, "res": [{"class": "aeroplane", "prob": 0.6557155847549438, "left": 252.112548828125, "top": 170.6762237548828, "right": 264.42791748046875, "bottom": 193.58226013183594}], "time": 0.9954710006713867}
