{"im": 4228, "res": [{"class": "aeroplane", "prob": 0.9972875118255615, "left": 23.369247436523438, "top": 60.00056457519531, "right": 254.29212951660156, "bottom": 476.73858642578125}], "time": 21.591031074523926}
