{"im": 952, "res": [{"class": "aeroplane", "prob": 0.999875545501709, "left": 0.0, "top": 117.83074951171875, "right": 337.0, "bottom": 493.8829345703125}], "time": 21.118986129760742}
