{"im": 2019, "res": [{"class": "aeroplane", "prob": 0.9456166625022888, "left": 389.406005859375, "top": 211.45066833496094, "right": 440.2071533203125, "bottom": 307.46099853515625}, {"class": "aeroplane", "prob": 0.9286513328552246, "left": 16.358245849609375, "top": 132.7794952392578, "right": 185.91986083984375, "bottom": 335.5931396484375}, {"class": "aeroplane", "prob": 0.9230495691299438, "left": 364.71197509765625, "top": 181.6607666015625, "right": 468.050048828125, "bottom": 338.0}], "time": 0.8637440204620361}
