{"im": 3235, "res": [{"class": "chair", "prob": 0.9970970153808594, "left": 145.7771453857422, "top": 132.44627380371094, "right": 309.574951171875, "bottom": 255.0975799560547}, {"class": "aeroplane", "prob": 0.8989766836166382, "left": 219.8152618408203, "top": 152.45269775390625, "right": 249.80491638183594, "bottom": 189.509521484375}], "time": 21.7043399810791}
