{"im": 3548, "res": [{"class": "aeroplane", "prob": 0.9982300996780396, "left": 236.42343139648438, "top": 19.648406982421875, "right": 337.5198669433594, "bottom": 190.5833740234375}, {"class": "aeroplane", "prob": 0.995613157749176, "left": 409.7001953125, "top": 131.2561798095703, "right": 442.821533203125, "bottom": 183.19200134277344}, {"class": "bicycle", "prob": 0.9877384305000305, "left": 249.67877197265625, "top": 115.9066162109375, "right": 339.52978515625, "bottom": 257.6566162109375}], "time": 21.503209114074707}
