{"im": 2921, "res": [{"class": "chair", "prob": 0.9201398491859436, "left": 345.9110107421875, "top": 183.8484344482422, "right": 470.36602783203125, "bottom": 243.9135284423828}], "time": 21.633346796035767}
