{"im": 115, "res": [{"class": "aeroplane", "prob": 0.9877912402153015, "left": 417.8574523925781, "top": 114.52445983886719, "right": 434.6900939941406, "bottom": 158.8146514892578}, {"class": "aeroplane", "prob": 0.555451512336731, "left": 262.8890686035156, "top": 143.87632751464844, "right": 281.1484680175781, "bottom": 178.6174774169922}], "time": 1.0644538402557373}
