{"im": 257, "res": [{"class": "aeroplane", "prob": 0.7744690775871277, "left": 348.046875, "top": 121.33556365966797, "right": 428.57672119140625, "bottom": 327.1302795410156}], "time": 0.9929850101470947}
