{"im": 866, "res": [{"class": "aeroplane", "prob": 0.9996547102928162, "left": 112.59600067138672, "top": 102.14755249023438, "right": 261.9895324707031, "bottom": 370.7984924316406}], "time": 21.186766147613525}
