{"im": 5569, "res": [{"class": "bottle", "prob": 0.9871636629104614, "left": 35.96586608886719, "top": 74.48251342773438, "right": 352.4970703125, "bottom": 240.5572509765625}], "time": 21.11770009994507}
