{"im": 3914, "res": [{"class": "bird", "prob": 0.9984408020973206, "left": 200.89273071289062, "top": 182.05938720703125, "right": 342.3299255371094, "bottom": 254.29412841796875}, {"class": "bird", "prob": 0.9862133264541626, "left": 320.822021484375, "top": 187.96954345703125, "right": 423.159423828125, "bottom": 249.453369140625}, {"class": "bird", "prob": 0.9901596903800964, "left": 418.67584228515625, "top": 187.6641082763672, "right": 498.61309814453125, "bottom": 246.55906677246094}], "time": 21.551735877990723}
