{"im": 2614, "res": [{"class": "aeroplane", "prob": 0.7462974786758423, "left": 262.44183349609375, "top": 166.76828002929688, "right": 355.73956298828125, "bottom": 423.1175842285156}], "time": 0.8797290325164795}
