{"im": 2816, "res": [{"class": "boat", "prob": 0.9077531099319458, "left": 19.059158325195312, "top": 137.88253784179688, "right": 315.20452880859375, "bottom": 453.7174987792969}], "time": 0.9712440967559814}
