{"im": 1377, "res": [{"class": "bird", "prob": 0.5793848633766174, "left": 0.0, "top": 194.80465698242188, "right": 211.44039916992188, "bottom": 323.5979309082031}, {"class": "cat", "prob": 0.7725052833557129, "left": 0.0, "top": 194.80465698242188, "right": 211.44039916992188, "bottom": 323.5979309082031}, {"class": "aeroplane", "prob": 0.5824357867240906, "left": 317.5960693359375, "top": 160.46356201171875, "right": 322.39117431640625, "bottom": 169.895751953125}], "time": 21.67393207550049}
