{"im": 119, "res": [{"class": "aeroplane", "prob": 0.9800634980201721, "left": 23.201026916503906, "top": 102.78153991699219, "right": 156.15283203125, "bottom": 475.4384765625}, {"class": "aeroplane", "prob": 0.9590205550193787, "left": 128.66412353515625, "top": 87.22331237792969, "right": 212.85125732421875, "bottom": 354.72998046875}, {"class": "aeroplane", "prob": 0.8758042454719543, "left": 200.88807678222656, "top": 121.92213439941406, "right": 281.5094909667969, "bottom": 399.2274169921875}], "time": 1.2504229545593262}
