{"im": 1203, "res": [{"class": "tvmonitor", "prob": 0.5331763625144958, "left": 158.4619140625, "top": 96.22216796875, "right": 414.3609619140625, "bottom": 272.4586486816406}], "time": 0.9250788688659668}
