{"im": 4799, "res": [{"class": "train", "prob": 0.8324106335639954, "left": 121.93296813964844, "top": 87.59981536865234, "right": 293.80743408203125, "bottom": 318.0562744140625}, {"class": "train", "prob": 0.9469228982925415, "left": 287.51104736328125, "top": 152.9880828857422, "right": 495.34527587890625, "bottom": 316.5167236328125}], "time": 21.39069414138794}
