{"im": 970, "res": [{"class": "aeroplane", "prob": 0.9343581199645996, "left": 164.75628662109375, "top": 123.91058349609375, "right": 310.3739929199219, "bottom": 341.7420349121094}, {"class": "aeroplane", "prob": 0.9031028151512146, "left": 324.80316162109375, "top": 67.5831298828125, "right": 482.67950439453125, "bottom": 325.2480163574219}], "time": 0.8824889659881592}
