{"im": 1569, "res": [{"class": "tvmonitor", "prob": 0.998340904712677, "left": 0.0, "top": 0.0, "right": 334.02508544921875, "bottom": 500.0}], "time": 21.684785842895508}
