{"im": 4603, "res": [{"class": "pottedplant", "prob": 0.981498658657074, "left": 116.51622009277344, "top": 65.15998840332031, "right": 423.53350830078125, "bottom": 333.0}], "time": 21.419988870620728}
