{"im": 4251, "res": [{"class": "aeroplane", "prob": 0.9864668250083923, "left": 68.23387145996094, "top": 0.0, "right": 320.255615234375, "bottom": 500.0}, {"class": "sheep", "prob": 0.9454983472824097, "left": 2.2025909423828125, "top": 72.83575439453125, "right": 186.6949005126953, "bottom": 500.0}], "time": 21.796692848205566}
