{"im": 118, "res": [{"class": "aeroplane", "prob": 0.723086953163147, "left": 184.24266052246094, "top": 57.12928771972656, "right": 394.51507568359375, "bottom": 335.7501220703125}], "time": 1.188486099243164}
