{"im": 5062, "res": [{"class": "tvmonitor", "prob": 0.8137423992156982, "left": 357.2431335449219, "top": 272.37261962890625, "right": 415.3019104003906, "bottom": 325.488037109375}, {"class": "sofa", "prob": 0.9410116076469421, "left": 269.5100402832031, "top": 230.55369567871094, "right": 303.4045104980469, "bottom": 248.00697326660156}], "time": 23.579985857009888}
