{"im": 2015, "res": [{"class": "bicycle", "prob": 0.9998235106468201, "left": 27.441879272460938, "top": 36.9730224609375, "right": 478.7818603515625, "bottom": 322.076904296875}], "time": 21.686530113220215}
