{"im": 5135, "res": [{"class": "bicycle", "prob": 0.9979617595672607, "left": 363.6019287109375, "top": 114.40292358398438, "right": 435.6025390625, "bottom": 273.44580078125}, {"class": "bicycle", "prob": 0.8396462798118591, "left": 336.9917297363281, "top": 107.04574584960938, "right": 383.8697814941406, "bottom": 204.99191284179688}], "time": 21.425326108932495}
