{"im": 442, "res": [{"class": "aeroplane", "prob": 0.9999399781227112, "left": 191.49609375, "top": 273.66705322265625, "right": 249.69906616210938, "bottom": 445.952880859375}], "time": 21.63426685333252}
