{"im": 1373, "res": [{"class": "sofa", "prob": 0.9968244433403015, "left": 61.68548583984375, "top": 39.90550231933594, "right": 389.9652099609375, "bottom": 288.92108154296875}, {"class": "sofa", "prob": 0.9091368913650513, "left": 267.7053527832031, "top": 95.8121337890625, "right": 442.8180847167969, "bottom": 296.7580871582031}], "time": 21.633844137191772}
