{"im": 2675, "res": [{"class": "bird", "prob": 0.9796575903892517, "left": 140.35769653320312, "top": 112.50651550292969, "right": 323.5477294921875, "bottom": 213.7577362060547}, {"class": "aeroplane", "prob": 0.9994957447052002, "left": 340.80389404296875, "top": 105.12637329101562, "right": 406.759033203125, "bottom": 288.5298156738281}], "time": 21.42482304573059}
