{"im": 906, "res": [{"class": "person", "prob": 0.8516161441802979, "left": 193.46856689453125, "top": 81.88922882080078, "right": 378.84393310546875, "bottom": 316.8005065917969}], "time": 0.8687200546264648}
