{"im": 2218, "res": [{"class": "bottle", "prob": 0.9980233311653137, "left": 121.08056640625, "top": 114.47518920898438, "right": 435.5460205078125, "bottom": 239.36770629882812}], "time": 21.41587519645691}
