{"im": 5813, "res": [{"class": "aeroplane", "prob": 0.9047777056694031, "left": 1.4345283508300781, "top": 128.0357666015625, "right": 118.11309814453125, "bottom": 375.0}, {"class": "aeroplane", "prob": 0.6913060545921326, "left": 369.9089660644531, "top": 125.74908447265625, "right": 498.6802062988281, "bottom": 375.0}], "time": 0.8743700981140137}
