{"im": 4656, "res": [{"class": "bottle", "prob": 0.9621766209602356, "left": 93.22911071777344, "top": 129.87960815429688, "right": 448.0301513671875, "bottom": 238.63723754882812}, {"class": "aeroplane", "prob": 0.8747255802154541, "left": 0.0, "top": 151.4178466796875, "right": 146.4287109375, "bottom": 326.3438415527344}, {"class": "aeroplane", "prob": 0.5810121893882751, "left": 34.3598518371582, "top": 164.8195343017578, "right": 54.80873489379883, "bottom": 221.0367889404297}], "time": 21.411621809005737}
