{"im": 279, "res": [{"class": "aeroplane", "prob": 0.9999006986618042, "left": 280.12164306640625, "top": 71.91177368164062, "right": 489.43609619140625, "bottom": 374.9494934082031}, {"class": "aeroplane", "prob": 0.9994518756866455, "left": 4.751708984375, "top": 79.74031066894531, "right": 238.85049438476562, "bottom": 364.88818359375}, {"class": "aeroplane", "prob": 0.9984766244888306, "left": 188.56655883789062, "top": 87.05290222167969, "right": 319.9144592285156, "bottom": 362.03521728515625}], "time": 21.640851974487305}
