{"im": 653, "res": [{"class": "aeroplane", "prob": 0.6883754134178162, "left": 218.76568603515625, "top": 6.831207275390625, "right": 347.94439697265625, "bottom": 331.3132019042969}], "time": 0.8447389602661133}
