{"im": 1068, "res": [{"class": "sofa", "prob": 0.8197038173675537, "left": 198.69091796875, "top": 193.37049865722656, "right": 288.6889953613281, "bottom": 288.0814208984375}, {"class": "sofa", "prob": 0.8221340179443359, "left": 217.52996826171875, "top": 213.16604614257812, "right": 264.34014892578125, "bottom": 276.5877990722656}], "time": 1.0151500701904297}
