{"im": 3086, "res": [{"class": "sheep", "prob": 0.9990713596343994, "left": 87.59274291992188, "top": 142.8028564453125, "right": 470.0392761230469, "bottom": 375.0}], "time": 21.807039976119995}
