{"im": 836, "res": [{"class": "aeroplane", "prob": 0.6314632296562195, "left": 0.0, "top": 160.47479248046875, "right": 157.52471923828125, "bottom": 494.9036865234375}], "time": 0.8412821292877197}
