{"im": 1440, "res": [{"class": "aeroplane", "prob": 0.6598751544952393, "left": 287.7947692871094, "top": 222.67845153808594, "right": 354.4148254394531, "bottom": 366.34942626953125}, {"class": "aeroplane", "prob": 0.6550887823104858, "left": 367.3010559082031, "top": 150.12457275390625, "right": 455.8045349121094, "bottom": 279.1659851074219}, {"class": "sofa", "prob": 0.6051990389823914, "left": 350.5273742675781, "top": 211.8516845703125, "right": 466.6931457519531, "bottom": 365.94158935546875}, {"class": "aeroplane", "prob": 0.5107569098472595, "left": 306.0133972167969, "top": 248.3429718017578, "right": 335.2907409667969, "bottom": 339.76947021484375}], "time": 0.8420109748840332}
