{"im": 1703, "res": [{"class": "aeroplane", "prob": 0.9443397521972656, "left": 29.539794921875, "top": 149.64849853515625, "right": 240.70391845703125, "bottom": 376.7825927734375}], "time": 0.8414828777313232}
