{"im": 3207, "res": [{"class": "bicycle", "prob": 0.7444202899932861, "left": 61.634185791015625, "top": 4.151641845703125, "right": 436.9939270019531, "bottom": 332.1067810058594}], "time": 0.9110069274902344}
