{"im": 2444, "res": [{"class": "sheep", "prob": 0.9985290169715881, "left": 4.6160888671875, "top": 11.746307373046875, "right": 333.0, "bottom": 491.9171142578125}], "time": 21.449820041656494}
