{"im": 2446, "res": [{"class": "sofa", "prob": 0.997211217880249, "left": 48.12159729003906, "top": 126.1614990234375, "right": 399.57427978515625, "bottom": 406.70159912109375}, {"class": "aeroplane", "prob": 0.9995858669281006, "left": 160.57810974121094, "top": 0.0, "right": 291.3675537109375, "bottom": 270.077880859375}], "time": 21.483942985534668}
