{"im": 609, "res": [{"class": "aeroplane", "prob": 0.7461279630661011, "left": 363.3316345214844, "top": 167.49945068359375, "right": 383.5285339355469, "bottom": 204.015380859375}, {"class": "aeroplane", "prob": 0.5081879496574402, "left": 326.2567138671875, "top": 149.62351989746094, "right": 341.4732666015625, "bottom": 184.68519592285156}], "time": 0.8645241260528564}
