{"im": 1212, "res": [{"class": "aeroplane", "prob": 0.9996592998504639, "left": 218.02418518066406, "top": 27.369117736816406, "right": 293.7000732421875, "bottom": 180.1048583984375}, {"class": "bicycle", "prob": 0.9978857636451721, "left": 231.7743682861328, "top": 90.64360046386719, "right": 289.6706237792969, "bottom": 199.9261932373047}], "time": 21.08162498474121}
