{"im": 4941, "res": [{"class": "sofa", "prob": 0.6323429942131042, "left": 59.34574890136719, "top": 78.12361145019531, "right": 453.36431884765625, "bottom": 335.939697265625}, {"class": "person", "prob": 0.5452587604522705, "left": 148.79177856445312, "top": 41.34801483154297, "right": 227.18145751953125, "bottom": 146.50302124023438}, {"class": "person", "prob": 0.5233454704284668, "left": 163.02395629882812, "top": 56.37027359008789, "right": 205.25521850585938, "bottom": 140.3208465576172}], "time": 1.1899161338806152}
