{"im": 5733, "res": [{"class": "person", "prob": 0.8862004280090332, "left": 131.92718505859375, "top": 79.61207580566406, "right": 373.1817626953125, "bottom": 259.045166015625}], "time": 0.8990190029144287}
