{"im": 1955, "res": [{"class": "train", "prob": 0.7544950246810913, "left": 241.166015625, "top": 162.14395141601562, "right": 431.8531494140625, "bottom": 330.0316162109375}], "time": 21.698636770248413}
