{"im": 681, "res": [{"class": "aeroplane", "prob": 0.5387990474700928, "left": 138.88436889648438, "top": 8.216064453125, "right": 331.6346130371094, "bottom": 500.0}], "time": 0.8355138301849365}
