{"im": 1137, "res": [{"class": "boat", "prob": 0.9920786619186401, "left": 241.2891082763672, "top": 164.55160522460938, "right": 326.6575622558594, "bottom": 264.760009765625}, {"class": "aeroplane", "prob": 0.9652782082557678, "left": 238.83663940429688, "top": 118.49705505371094, "right": 318.7939147949219, "bottom": 219.0727996826172}], "time": 21.108022928237915}
