{"im": 5390, "res": [{"class": "boat", "prob": 0.9987172484397888, "left": 55.59400939941406, "top": 60.76960754394531, "right": 340.537109375, "bottom": 315.8248291015625}], "time": 21.501855850219727}
