{"im": 3204, "res": [{"class": "bird", "prob": 0.7712685465812683, "left": 61.1702880859375, "top": 35.437782287597656, "right": 427.6107482910156, "bottom": 227.015625}], "time": 21.96469497680664}
