{"im": 1506, "res": [{"class": "sheep", "prob": 0.9969078302383423, "left": 72.87782287597656, "top": 163.40682983398438, "right": 428.26837158203125, "bottom": 438.2674255371094}, {"class": "aeroplane", "prob": 0.9678117036819458, "left": 120.03947448730469, "top": 13.578102111816406, "right": 481.30670166015625, "bottom": 227.58282470703125}], "time": 21.678656101226807}
