{"im": 2031, "res": [{"class": "aeroplane", "prob": 0.5951485633850098, "left": 370.2593078613281, "top": 68.66024780273438, "right": 494.6368103027344, "bottom": 373.81732177734375}, {"class": "aeroplane", "prob": 0.5587564706802368, "left": 79.23674011230469, "top": 36.12019348144531, "right": 266.2430419921875, "bottom": 353.9298095703125}], "time": 0.8530368804931641}
