{"im": 748, "res": [{"class": "aeroplane", "prob": 0.9966415166854858, "left": 96.49020385742188, "top": 13.1534423828125, "right": 410.7384033203125, "bottom": 369.470947265625}, {"class": "aeroplane", "prob": 0.9598885178565979, "left": 2.5813217163085938, "top": 33.71180725097656, "right": 119.84619140625, "bottom": 375.0}, {"class": "aeroplane", "prob": 0.8021581172943115, "left": 185.0236358642578, "top": 45.95750427246094, "right": 426.0614013671875, "bottom": 285.39935302734375}, {"class": "aeroplane", "prob": 0.5894984602928162, "left": 370.60821533203125, "top": 100.62867736816406, "right": 500.0, "bottom": 375.0}], "time": 21.658716201782227}
