{"im": 1921, "res": [{"class": "bird", "prob": 0.5101854801177979, "left": 477.9024658203125, "top": 53.46259307861328, "right": 490.85479736328125, "bottom": 68.12568664550781}], "time": 0.8263139724731445}
