{"im": 4963, "res": [{"class": "sheep", "prob": 0.9978367686271667, "left": 22.57086181640625, "top": 75.18563079833984, "right": 231.93614196777344, "bottom": 241.18975830078125}, {"class": "aeroplane", "prob": 0.9947903752326965, "left": 203.92347717285156, "top": 87.28266143798828, "right": 408.813232421875, "bottom": 335.7734680175781}, {"class": "pottedplant", "prob": 0.5837807059288025, "left": 394.8199462890625, "top": 293.0237121582031, "right": 483.8111572265625, "bottom": 375.0}], "time": 21.413811922073364}
