{"im": 2541, "res": [{"class": "bird", "prob": 0.9325430989265442, "left": 0.0, "top": 221.96157836914062, "right": 213.12014770507812, "bottom": 347.1763000488281}], "time": 0.8536572456359863}
