{"im": 34, "res": [{"class": "person", "prob": 0.8772455453872681, "left": 112.1552963256836, "top": 55.86900329589844, "right": 284.1139831542969, "bottom": 175.6887969970703}], "time": 21.516844034194946}
