{"im": 396, "res": [{"class": "bird", "prob": 0.9779146313667297, "left": 168.44671630859375, "top": 216.75831604003906, "right": 257.9503173828125, "bottom": 265.3583679199219}], "time": 21.475053787231445}
