{"im": 2708, "res": [{"class": "pottedplant", "prob": 0.949915885925293, "left": 121.71966552734375, "top": 84.61701202392578, "right": 422.18658447265625, "bottom": 295.0841979980469}], "time": 21.423653841018677}
