{"im": 31, "res": [{"class": "pottedplant", "prob": 0.9970443248748779, "left": 12.819366455078125, "top": 87.8809814453125, "right": 327.62139892578125, "bottom": 322.28485107421875}], "time": 21.610188961029053}
