{"im": 957, "res": [{"class": "bottle", "prob": 0.9787645936012268, "left": 117.80776977539062, "top": 154.34352111816406, "right": 470.4864196777344, "bottom": 288.7791748046875}, {"class": "aeroplane", "prob": 0.9196000695228577, "left": 217.89425659179688, "top": 178.36439514160156, "right": 240.20144653320312, "bottom": 198.56434631347656}], "time": 21.092565059661865}
