{"im": 1180, "res": [{"class": "person", "prob": 0.5094248056411743, "left": 65.67976379394531, "top": 165.64996337890625, "right": 239.73130798339844, "bottom": 308.3050231933594}, {"class": "pottedplant", "prob": 0.7828407883644104, "left": 65.67976379394531, "top": 165.64996337890625, "right": 239.73130798339844, "bottom": 308.3050231933594}], "time": 0.8513350486755371}
