{"im": 1941, "res": [{"class": "aeroplane", "prob": 0.9987929463386536, "left": 277.24090576171875, "top": 129.0986785888672, "right": 449.3109130859375, "bottom": 288.36480712890625}, {"class": "aeroplane", "prob": 0.9901731610298157, "left": 243.48414611816406, "top": 121.15827178955078, "right": 354.068359375, "bottom": 254.18063354492188}, {"class": "aeroplane", "prob": 0.9884077906608582, "left": 36.471229553222656, "top": 142.13304138183594, "right": 182.67572021484375, "bottom": 374.28729248046875}], "time": 21.70969009399414}
