{"im": 1741, "res": [{"class": "chair", "prob": 0.8622559905052185, "left": 258.3554382324219, "top": 12.107126235961914, "right": 444.9219055175781, "bottom": 47.37645721435547}, {"class": "chair", "prob": 0.5890955924987793, "left": 25.869140625, "top": 131.990478515625, "right": 365.9110412597656, "bottom": 194.08377075195312}, {"class": "aeroplane", "prob": 0.5740438103675842, "left": 373.7348937988281, "top": 11.097685813903809, "right": 399.9381408691406, "bottom": 27.749202728271484}], "time": 21.661625146865845}
