{"im": 3743, "res": [{"class": "sheep", "prob": 0.6928536891937256, "left": 117.85418701171875, "top": 159.480712890625, "right": 232.95797729492188, "bottom": 341.2232971191406}], "time": 0.8412759304046631}
