{"im": 4345, "res": [{"class": "person", "prob": 0.5413995981216431, "left": 199.5810089111328, "top": 176.22036743164062, "right": 216.3119354248047, "bottom": 190.0789794921875}], "time": 0.8493571281433105}
