{"im": 15, "res": [{"class": "person", "prob": 0.7898479700088501, "left": 93.07467651367188, "top": 138.36343383789062, "right": 200.4027099609375, "bottom": 245.98587036132812}, {"class": "person", "prob": 0.6772341728210449, "left": 289.7176513671875, "top": 123.95445251464844, "right": 310.36248779296875, "bottom": 156.6230010986328}, {"class": "person", "prob": 0.5950087904930115, "left": 128.64649963378906, "top": 159.7449951171875, "right": 169.4422149658203, "bottom": 226.02951049804688}], "time": 1.0594100952148438}
