{"im": 3388, "res": [{"class": "bicycle", "prob": 0.9732657670974731, "left": 37.10028076171875, "top": 97.53166198730469, "right": 470.0157470703125, "bottom": 345.924560546875}], "time": 1.1249661445617676}
