{"im": 316, "res": [{"class": "aeroplane", "prob": 0.9171472191810608, "left": 73.68560791015625, "top": 141.94285583496094, "right": 189.12554931640625, "bottom": 365.232177734375}, {"class": "sheep", "prob": 0.5047131776809692, "left": 176.97158813476562, "top": 244.44601440429688, "right": 210.70953369140625, "bottom": 326.5666809082031}], "time": 0.8495039939880371}
