{"im": 3372, "res": [{"class": "pottedplant", "prob": 0.9769930243492126, "left": 56.89604187011719, "top": 83.87664794921875, "right": 249.9234161376953, "bottom": 421.398193359375}, {"class": "aeroplane", "prob": 0.5322751998901367, "left": 4.9676513671875, "top": 21.279266357421875, "right": 369.0, "bottom": 433.57049560546875}], "time": 21.59206795692444}
