{"im": 2934, "res": [{"class": "bottle", "prob": 0.9970961809158325, "left": 128.4581298828125, "top": 116.44879913330078, "right": 205.402099609375, "bottom": 195.8760986328125}], "time": 21.621385097503662}
