{"im": 5636, "res": [{"class": "car", "prob": 0.9969336986541748, "left": 138.9491424560547, "top": 111.55229949951172, "right": 290.884033203125, "bottom": 259.7420654296875}, {"class": "aeroplane", "prob": 0.8869763612747192, "left": 153.25369262695312, "top": 142.04483032226562, "right": 166.0386962890625, "bottom": 162.09005737304688}], "time": 21.106680631637573}
