{"im": 1346, "res": [{"class": "sheep", "prob": 0.859485924243927, "left": 0.0, "top": 75.44703674316406, "right": 489.2281494140625, "bottom": 353.6541748046875}], "time": 21.972285985946655}
