{"im": 2301, "res": [{"class": "pottedplant", "prob": 0.9909682869911194, "left": 67.10514831542969, "top": 160.34652709960938, "right": 367.86724853515625, "bottom": 312.59161376953125}], "time": 21.4359130859375}
