{"im": 4478, "res": [{"class": "bird", "prob": 0.9994328618049622, "left": 138.05001831054688, "top": 56.25672912597656, "right": 265.5967102050781, "bottom": 106.14741516113281}, {"class": "bird", "prob": 0.6693301796913147, "left": 0.0, "top": 41.97974395751953, "right": 155.16751098632812, "bottom": 100.89110565185547}, {"class": "aeroplane", "prob": 0.996163010597229, "left": 244.99729919433594, "top": 97.20255279541016, "right": 351.76788330078125, "bottom": 290.5882263183594}, {"class": "aeroplane", "prob": 0.9967176914215088, "left": 138.5225372314453, "top": 136.28005981445312, "right": 242.07017517089844, "bottom": 297.3528137207031}], "time": 21.380747079849243}
