{"im": 49, "res": [{"class": "aeroplane", "prob": 0.5184762477874756, "left": 339.1303405761719, "top": 127.72462463378906, "right": 370.3634338378906, "bottom": 220.9539031982422}], "time": 0.9703819751739502}
