{"im": 5491, "res": [{"class": "train", "prob": 0.6192722320556641, "left": 245.2191162109375, "top": 158.5970916748047, "right": 348.42266845703125, "bottom": 228.1925811767578}], "time": 0.8422939777374268}
