{"im": 348, "res": [{"class": "aeroplane", "prob": 0.9867143630981445, "left": 71.44628143310547, "top": 88.4176025390625, "right": 268.3737487792969, "bottom": 321.8637390136719}, {"class": "aeroplane", "prob": 0.9545803666114807, "left": 231.43670654296875, "top": 25.681427001953125, "right": 439.95550537109375, "bottom": 333.54986572265625}], "time": 21.601733922958374}
