{"im": 2393, "res": [{"class": "aeroplane", "prob": 0.8468292355537415, "left": 350.63043212890625, "top": 328.11859130859375, "right": 459.4644775390625, "bottom": 377.0}, {"class": "aeroplane", "prob": 0.6087178587913513, "left": 386.00372314453125, "top": 332.1379699707031, "right": 435.59515380859375, "bottom": 366.0421447753906}, {"class": "aeroplane", "prob": 0.6136353611946106, "left": 261.3148498535156, "top": 338.93597412109375, "right": 292.0231018066406, "bottom": 364.695068359375}], "time": 0.8556742668151855}
