{"im": 2343, "res": [{"class": "bicycle", "prob": 0.9836345314979553, "left": 3.1395263671875, "top": 156.00521850585938, "right": 269.96173095703125, "bottom": 322.5761413574219}, {"class": "bird", "prob": 0.9220690727233887, "left": 334.6174011230469, "top": 129.8555145263672, "right": 500.0, "bottom": 205.86280822753906}, {"class": "bird", "prob": 0.7868105173110962, "left": 378.18194580078125, "top": 145.61721801757812, "right": 451.990478515625, "bottom": 196.82809448242188}, {"class": "aeroplane", "prob": 0.5327540040016174, "left": 58.904720306396484, "top": 72.88397979736328, "right": 153.4578857421875, "bottom": 273.2466125488281}], "time": 0.8428831100463867}
