{"im": 2244, "res": [{"class": "aeroplane", "prob": 0.588518500328064, "left": 152.80316162109375, "top": 8.739364624023438, "right": 333.36224365234375, "bottom": 247.6679229736328}], "time": 0.8337869644165039}
