{"im": 3078, "res": [{"class": "sofa", "prob": 0.592376708984375, "left": 218.7019500732422, "top": 163.51637268066406, "right": 336.8900146484375, "bottom": 472.44842529296875}, {"class": "aeroplane", "prob": 0.8944974541664124, "left": 171.28529357910156, "top": 200.90591430664062, "right": 198.3563995361328, "bottom": 351.4956359863281}, {"class": "aeroplane", "prob": 0.8762769103050232, "left": 154.48533630371094, "top": 166.79531860351562, "right": 211.03013610839844, "bottom": 383.0790710449219}], "time": 0.8546431064605713}
