{"im": 1630, "res": [{"class": "pottedplant", "prob": 0.9528248906135559, "left": 50.185089111328125, "top": 0.0, "right": 450.421875, "bottom": 433.7408447265625}], "time": 21.653583765029907}
