{"im": 3534, "res": [{"class": "person", "prob": 0.6529029607772827, "left": 236.71890258789062, "top": 175.7690887451172, "right": 282.9333190917969, "bottom": 195.3675994873047}], "time": 0.86220383644104}
