{"im": 1454, "res": [{"class": "bird", "prob": 0.7183500528335571, "left": 20.956695556640625, "top": 143.41619873046875, "right": 415.0740661621094, "bottom": 286.7933654785156}], "time": 0.8842699527740479}
