{"im": 797, "res": [{"class": "aeroplane", "prob": 0.9996522068977356, "left": 312.1083984375, "top": 66.02516174316406, "right": 468.46685791015625, "bottom": 365.24609375}, {"class": "aeroplane", "prob": 0.9980615377426147, "left": 0.0, "top": 137.9352264404297, "right": 149.75592041015625, "bottom": 375.0}], "time": 22.00198793411255}
