{"im": 1542, "res": [{"class": "bird", "prob": 0.6683105230331421, "left": 16.319311141967773, "top": 245.85934448242188, "right": 31.191614151000977, "bottom": 264.41851806640625}, {"class": "sheep", "prob": 0.6903148293495178, "left": 126.2655029296875, "top": 399.7187805175781, "right": 200.2801513671875, "bottom": 494.7174987792969}, {"class": "sheep", "prob": 0.6482979655265808, "left": 147.5205841064453, "top": 409.3076477050781, "right": 179.25071716308594, "bottom": 483.9849548339844}], "time": 1.0292458534240723}
