{"im": 4455, "res": [{"class": "bottle", "prob": 0.5005544424057007, "left": 103.78215026855469, "top": 127.79173278808594, "right": 188.2984161376953, "bottom": 177.79087829589844}], "time": 0.8598878383636475}
