{"im": 3596, "res": [{"class": "sheep", "prob": 0.7963643074035645, "left": 109.74887084960938, "top": 40.20365905761719, "right": 402.09283447265625, "bottom": 364.03887939453125}], "time": 0.8775770664215088}
