{"im": 4006, "res": [{"class": "aeroplane", "prob": 0.5706313252449036, "left": 261.0531005859375, "top": 93.97261047363281, "right": 397.09906005859375, "bottom": 356.2467041015625}], "time": 0.8738222122192383}
