{"im": 5638, "res": [{"class": "bird", "prob": 0.8056020736694336, "left": 301.183837890625, "top": 216.71142578125, "right": 497.17327880859375, "bottom": 321.717529296875}], "time": 0.8282220363616943}
