{"im": 1083, "res": [{"class": "bottle", "prob": 0.9959664940834045, "left": 147.07383728027344, "top": 143.07061767578125, "right": 305.97259521484375, "bottom": 189.8193359375}], "time": 21.06751799583435}
