{"im": 3137, "res": [{"class": "bird", "prob": 0.976007878780365, "left": 39.92022705078125, "top": 42.293792724609375, "right": 497.41180419921875, "bottom": 244.51364135742188}], "time": 21.978193044662476}
