{"im": 2249, "res": [{"class": "bird", "prob": 0.8752902150154114, "left": 2.3658409118652344, "top": 193.37904357910156, "right": 82.29273986816406, "bottom": 286.92401123046875}, {"class": "bird", "prob": 0.7951595187187195, "left": 21.953956604003906, "top": 212.38612365722656, "right": 60.50983428955078, "bottom": 271.4384460449219}, {"class": "bus", "prob": 0.6555340886116028, "left": 50.15324401855469, "top": 58.89275360107422, "right": 464.501708984375, "bottom": 287.73895263671875}], "time": 0.890510082244873}
