{"im": 4863, "res": [{"class": "boat", "prob": 0.9472814798355103, "left": 8.50054931640625, "top": 0.8459625244140625, "right": 500.0, "bottom": 333.0}], "time": 21.43709087371826}
