{"im": 176, "res": [{"class": "aeroplane", "prob": 0.9980155229568481, "left": 194.54061889648438, "top": 163.34710693359375, "right": 257.0677490234375, "bottom": 282.5657043457031}, {"class": "aeroplane", "prob": 0.9818620681762695, "left": 195.1763458251953, "top": 51.44166564941406, "right": 222.8565216064453, "bottom": 119.77085876464844}], "time": 21.594747066497803}
