{"im": 4206, "res": [{"class": "pottedplant", "prob": 0.5243474245071411, "left": 138.95120239257812, "top": 55.50019836425781, "right": 431.3824768066406, "bottom": 216.81700134277344}], "time": 0.8248500823974609}
