{"im": 3751, "res": [{"class": "bus", "prob": 0.99996018409729, "left": 95.13822937011719, "top": 28.998191833496094, "right": 333.55780029296875, "bottom": 209.27203369140625}, {"class": "aeroplane", "prob": 0.9965234994888306, "left": 443.4651794433594, "top": 110.21204376220703, "right": 456.1849060058594, "bottom": 138.58056640625}, {"class": "aeroplane", "prob": 0.9638044238090515, "left": 137.74610900878906, "top": 86.30272674560547, "right": 166.94056701660156, "bottom": 126.37261199951172}, {"class": "bird", "prob": 0.8687372207641602, "left": 41.69928741455078, "top": 119.66014862060547, "right": 81.72460174560547, "bottom": 135.69053649902344}], "time": 21.712910890579224}
