{"im": 837, "res": [{"class": "pottedplant", "prob": 0.9845642447471619, "left": 97.55827331542969, "top": 196.9647216796875, "right": 159.05369567871094, "bottom": 340.886962890625}, {"class": "pottedplant", "prob": 0.9952386617660522, "left": 45.92994689941406, "top": 192.55862426757812, "right": 108.95564270019531, "bottom": 346.6295471191406}], "time": 26.09666895866394}
