{"im": 2951, "res": [{"class": "bicycle", "prob": 0.9909877181053162, "left": 43.875213623046875, "top": 18.08380126953125, "right": 454.1723937988281, "bottom": 309.069580078125}, {"class": "bicycle", "prob": 0.9288666248321533, "left": 20.048110961914062, "top": 27.2750244140625, "right": 163.6482696533203, "bottom": 291.3287353515625}, {"class": "bicycle", "prob": 0.6345517635345459, "left": 0.0, "top": 35.33843994140625, "right": 66.59131622314453, "bottom": 198.77743530273438}, {"class": "bicycle", "prob": 0.5613477230072021, "left": 371.5065002441406, "top": 22.418418884277344, "right": 500.0, "bottom": 271.0504150390625}], "time": 21.617635011672974}
