{"im": 5209, "res": [{"class": "aeroplane", "prob": 0.7371516823768616, "left": 127.20048522949219, "top": 35.85791778564453, "right": 212.8227081298828, "bottom": 250.6063232421875}, {"class": "aeroplane", "prob": 0.5494387149810791, "left": 193.621337890625, "top": 56.202842712402344, "right": 287.9397277832031, "bottom": 268.3126220703125}], "time": 0.8315229415893555}
