{"im": 3906, "res": [{"class": "pottedplant", "prob": 0.9953806400299072, "left": 49.26737976074219, "top": 106.59803771972656, "right": 332.4078369140625, "bottom": 395.78887939453125}, {"class": "pottedplant", "prob": 0.9923332333564758, "left": 2.967987060546875, "top": 290.422119140625, "right": 270.1020812988281, "bottom": 467.99505615234375}], "time": 21.597086906433105}
