{"im": 4100, "res": [{"class": "pottedplant", "prob": 0.9945055842399597, "left": 91.89601135253906, "top": 10.905120849609375, "right": 417.80218505859375, "bottom": 325.036376953125}], "time": 21.622204780578613}
