{"im": 3424, "res": [{"class": "train", "prob": 0.9840071797370911, "left": 89.77987670898438, "top": 98.04856872558594, "right": 396.9101257324219, "bottom": 312.8758544921875}], "time": 22.64832377433777}
