{"im": 2741, "res": [{"class": "sheep", "prob": 0.8870929479598999, "left": 9.356735229492188, "top": 0.0, "right": 377.0, "bottom": 500.0}], "time": 21.506237030029297}
