{"im": 5110, "res": [{"class": "boat", "prob": 0.991480827331543, "left": 52.84361267089844, "top": 13.904067993164062, "right": 454.33404541015625, "bottom": 282.24139404296875}, {"class": "bird", "prob": 0.9212443828582764, "left": 464.85284423828125, "top": 150.14471435546875, "right": 499.6773681640625, "bottom": 230.213134765625}], "time": 21.466771125793457}
