{"im": 2335, "res": [{"class": "bus", "prob": 0.9998168349266052, "left": 228.7886962890625, "top": 94.63787841796875, "right": 440.14825439453125, "bottom": 239.3516845703125}, {"class": "bus", "prob": 0.9982489347457886, "left": 0.0, "top": 65.0777816772461, "right": 236.60964965820312, "bottom": 253.98699951171875}], "time": 21.44526982307434}
