{"im": 3022, "res": [{"class": "aeroplane", "prob": 0.9984219670295715, "left": 203.89239501953125, "top": 146.75347900390625, "right": 288.58172607421875, "bottom": 331.9622497558594}, {"class": "aeroplane", "prob": 0.9928263425827026, "left": 222.03890991210938, "top": 30.05077362060547, "right": 325.3744201660156, "bottom": 255.10250854492188}, {"class": "aeroplane", "prob": 0.983566164970398, "left": 8.060340881347656, "top": 146.03099060058594, "right": 123.70255279541016, "bottom": 310.46295166015625}, {"class": "sofa", "prob": 0.6652889847755432, "left": 68.47567749023438, "top": 106.66252899169922, "right": 477.3446960449219, "bottom": 333.0}], "time": 21.65191888809204}
