{"im": 4631, "res": [{"class": "pottedplant", "prob": 0.7722110748291016, "left": 93.15467834472656, "top": 100.82545471191406, "right": 408.07867431640625, "bottom": 266.40386962890625}, {"class": "sheep", "prob": 0.5520650148391724, "left": 93.15467834472656, "top": 100.82545471191406, "right": 408.07867431640625, "bottom": 266.40386962890625}], "time": 21.392776012420654}
