{"im": 2301, "res": [{"class": "pottedplant", "prob": 0.8390545845031738, "left": 77.21258544921875, "top": 160.92230224609375, "right": 361.67913818359375, "bottom": 316.31689453125}], "time": 0.8894350528717041}
