{"im": 2632, "res": [{"class": "tvmonitor", "prob": 0.5709103941917419, "left": 211.51708984375, "top": 171.7714385986328, "right": 259.5784912109375, "bottom": 208.06260681152344}], "time": 21.420124053955078}
