{"im": 5375, "res": [{"class": "sofa", "prob": 0.9165341258049011, "left": 381.82659912109375, "top": 203.73089599609375, "right": 464.796875, "bottom": 257.8527526855469}, {"class": "sofa", "prob": 0.7295661568641663, "left": 199.06590270996094, "top": 191.00515747070312, "right": 250.3761444091797, "bottom": 220.5169677734375}], "time": 21.502613067626953}
