{"im": 1200, "res": [{"class": "boat", "prob": 0.9906083345413208, "left": 20.482894897460938, "top": 17.907928466796875, "right": 438.16949462890625, "bottom": 357.33154296875}], "time": 21.135963916778564}
