{"im": 3412, "res": [{"class": "aeroplane", "prob": 0.8731247186660767, "left": 273.6176452636719, "top": 317.1337585449219, "right": 301.7536315917969, "bottom": 397.7736511230469}, {"class": "aeroplane", "prob": 0.6466478705406189, "left": 261.27191162109375, "top": 273.9501647949219, "right": 321.0396728515625, "bottom": 434.9838562011719}], "time": 0.9217438697814941}
