{"im": 379, "res": [{"class": "aeroplane", "prob": 0.5319844484329224, "left": 335.90533447265625, "top": 111.0757064819336, "right": 480.3802490234375, "bottom": 362.8926086425781}, {"class": "aeroplane", "prob": 0.5303120613098145, "left": 194.29263305664062, "top": 90.49258422851562, "right": 368.7054748535156, "bottom": 375.0}], "time": 0.9026432037353516}
