{"im": 3191, "res": [{"class": "pottedplant", "prob": 0.9853335618972778, "left": 98.31035614013672, "top": 108.79638671875, "right": 250.58306884765625, "bottom": 482.0733642578125}], "time": 21.803420305252075}
