{"im": 3729, "res": [{"class": "boat", "prob": 0.9845842123031616, "left": 44.56388854980469, "top": 0.326629638671875, "right": 400.5419921875, "bottom": 375.0}], "time": 21.848641872406006}
