{"im": 4638, "res": [{"class": "sofa", "prob": 0.9945482611656189, "left": 181.67578125, "top": 67.74269104003906, "right": 484.68084716796875, "bottom": 369.791015625}, {"class": "bird", "prob": 0.9088123440742493, "left": 0.0, "top": 1.2942991256713867, "right": 77.38127136230469, "bottom": 27.598323822021484}], "time": 21.41751003265381}
