{"im": 1125, "res": [{"class": "sofa", "prob": 0.9492807984352112, "left": 86.92326354980469, "top": 115.64974975585938, "right": 430.37921142578125, "bottom": 370.1844482421875}, {"class": "aeroplane", "prob": 0.5475096106529236, "left": 234.6500701904297, "top": 37.184349060058594, "right": 321.6999206542969, "bottom": 251.07333374023438}], "time": 0.8847939968109131}
