{"im": 3057, "res": [{"class": "person", "prob": 0.9991150498390198, "left": 209.39645385742188, "top": 124.30279541015625, "right": 289.24200439453125, "bottom": 297.71923828125}], "time": 21.75097894668579}
