{"im": 2704, "res": [{"class": "aeroplane", "prob": 0.9917580485343933, "left": 293.5558776855469, "top": 178.21478271484375, "right": 343.6124572753906, "bottom": 328.8635559082031}], "time": 21.446504831314087}
