{"im": 4423, "res": [{"class": "tvmonitor", "prob": 0.717164933681488, "left": 87.14566802978516, "top": 157.47634887695312, "right": 264.68255615234375, "bottom": 277.9203796386719}, {"class": "train", "prob": 0.8008748292922974, "left": 269.69775390625, "top": 136.8055419921875, "right": 370.941650390625, "bottom": 228.31121826171875}, {"class": "tvmonitor", "prob": 0.5394603610038757, "left": 272.1463928222656, "top": 185.70321655273438, "right": 311.1005554199219, "bottom": 220.36962890625}], "time": 21.41873002052307}
