{"im": 1317, "res": [{"class": "car", "prob": 0.9998903870582581, "left": 98.97674560546875, "top": 29.461517333984375, "right": 500.0, "bottom": 311.4252014160156}], "time": 21.668116092681885}
