{"im": 5509, "res": [{"class": "car", "prob": 0.7018107771873474, "left": 42.66056823730469, "top": 134.30615234375, "right": 307.27239990234375, "bottom": 297.534912109375}], "time": 0.8250300884246826}
