{"im": 4878, "res": [{"class": "bottle", "prob": 0.9998224973678589, "left": 50.042938232421875, "top": 123.92164611816406, "right": 353.8513488769531, "bottom": 243.0666046142578}], "time": 21.43685483932495}
