{"im": 757, "res": [{"class": "sheep", "prob": 0.8450057506561279, "left": 61.53163146972656, "top": 62.11058807373047, "right": 434.13812255859375, "bottom": 309.4764099121094}], "time": 21.75053882598877}
