{"im": 3154, "res": [{"class": "sheep", "prob": 0.8706960082054138, "left": 6.666961669921875, "top": 17.593551635742188, "right": 495.7276611328125, "bottom": 347.18463134765625}], "time": 21.852394819259644}
