{"im": 701, "res": [{"class": "aeroplane", "prob": 0.9884257912635803, "left": 139.6494598388672, "top": 61.7176513671875, "right": 361.90081787109375, "bottom": 365.0}], "time": 21.77201509475708}
