{"im": 1018, "res": [{"class": "bird", "prob": 0.9907611608505249, "left": 19.699161529541016, "top": 330.3738098144531, "right": 44.47597885131836, "bottom": 352.7175598144531}], "time": 21.07740306854248}
