{"im": 2329, "res": [{"class": "sofa", "prob": 0.9548835158348083, "left": 0.0, "top": 48.07452392578125, "right": 246.30117797851562, "bottom": 317.01763916015625}, {"class": "sofa", "prob": 0.643429160118103, "left": 180.17196655273438, "top": 39.03752136230469, "right": 390.3666076660156, "bottom": 322.33349609375}], "time": 0.8503806591033936}
