{"im": 3611, "res": [{"class": "sheep", "prob": 0.996950089931488, "left": 29.317123413085938, "top": 46.53399658203125, "right": 344.5965576171875, "bottom": 351.47296142578125}], "time": 21.55537986755371}
