{"im": 3734, "res": [{"class": "bird", "prob": 0.8360230326652527, "left": 27.573287963867188, "top": 80.29010009765625, "right": 460.9564208984375, "bottom": 269.7725830078125}, {"class": "bird", "prob": 0.8152956366539001, "left": 8.126625061035156, "top": 32.21482849121094, "right": 107.86133575439453, "bottom": 129.4595489501953}, {"class": "aeroplane", "prob": 0.9456494450569153, "left": 0.7880620956420898, "top": 0.0, "right": 27.216522216796875, "bottom": 144.8211212158203}], "time": 21.507710933685303}
