{"im": 4277, "res": [{"class": "bus", "prob": 0.999555766582489, "left": 69.36122131347656, "top": 55.780860900878906, "right": 439.58660888671875, "bottom": 270.4766540527344}, {"class": "bus", "prob": 0.8025192618370056, "left": 0.0, "top": 70.03488159179688, "right": 91.84110260009766, "bottom": 255.40463256835938}], "time": 21.62099313735962}
