{"im": 5291, "res": [{"class": "aeroplane", "prob": 0.9981363415718079, "left": 16.446075439453125, "top": 2.766021728515625, "right": 332.02679443359375, "bottom": 370.0400085449219}, {"class": "aeroplane", "prob": 0.8736424446105957, "left": 207.96917724609375, "top": 134.94442749023438, "right": 449.2298583984375, "bottom": 360.1064758300781}], "time": 21.540823221206665}
