{"im": 2060, "res": [{"class": "person", "prob": 0.998904287815094, "left": 231.58477783203125, "top": 111.33438110351562, "right": 340.148681640625, "bottom": 236.25466918945312}], "time": 21.656941175460815}
