{"im": 1791, "res": [{"class": "aeroplane", "prob": 0.9050807356834412, "left": 213.04776000976562, "top": 86.03376770019531, "right": 354.6082458496094, "bottom": 354.46063232421875}, {"class": "bicycle", "prob": 0.8408297300338745, "left": 178.48941040039062, "top": 149.9609375, "right": 406.0401916503906, "bottom": 375.0}], "time": 0.8361091613769531}
