{"im": 5017, "res": [{"class": "bird", "prob": 0.8059576153755188, "left": 9.817306518554688, "top": 111.80056762695312, "right": 331.17083740234375, "bottom": 336.10919189453125}], "time": 21.449224948883057}
