{"im": 1589, "res": [{"class": "aeroplane", "prob": 0.999207615852356, "left": 7.90643310546875, "top": 11.04638671875, "right": 321.4373779296875, "bottom": 375.0}, {"class": "aeroplane", "prob": 0.991306722164154, "left": 174.9541778564453, "top": 111.65144348144531, "right": 487.56158447265625, "bottom": 375.0}], "time": 21.768057107925415}
