{"im": 1285, "res": [{"class": "person", "prob": 0.7152532935142517, "left": 261.7508850097656, "top": 158.5745086669922, "right": 463.3176574707031, "bottom": 310.49273681640625}, {"class": "person", "prob": 0.713779091835022, "left": 84.02576446533203, "top": 88.77117919921875, "right": 256.68304443359375, "bottom": 233.34429931640625}], "time": 1.5276539325714111}
