{"im": 1985, "res": [{"class": "pottedplant", "prob": 0.9853456020355225, "left": 7.2469940185546875, "top": 171.079345703125, "right": 326.87677001953125, "bottom": 366.14459228515625}], "time": 21.646585941314697}
