{"im": 2131, "res": [{"class": "person", "prob": 0.9925888180732727, "left": 163.79635620117188, "top": 174.51473999023438, "right": 231.45034790039062, "bottom": 364.6793518066406}], "time": 21.665810108184814}
