{"im": 3510, "res": [{"class": "car", "prob": 0.9999603629112244, "left": 23.236801147460938, "top": 145.16883850097656, "right": 321.59820556640625, "bottom": 452.63372802734375}], "time": 21.491874933242798}
