{"im": 1163, "res": [{"class": "aeroplane", "prob": 0.9998012185096741, "left": 222.5661163330078, "top": 19.15564727783203, "right": 500.0, "bottom": 215.932861328125}], "time": 21.046388149261475}
