{"im": 2633, "res": [{"class": "sheep", "prob": 0.959187924861908, "left": 165.5800323486328, "top": 66.33250427246094, "right": 494.59112548828125, "bottom": 350.87042236328125}, {"class": "sheep", "prob": 0.5987356305122375, "left": 3.7410736083984375, "top": 110.4991683959961, "right": 343.9810791015625, "bottom": 323.7120666503906}], "time": 21.38815212249756}
