{"im": 4000, "res": [{"class": "aeroplane", "prob": 0.9993607997894287, "left": 233.41488647460938, "top": 172.80911254882812, "right": 387.5537414550781, "bottom": 373.3312072753906}, {"class": "aeroplane", "prob": 0.9964443445205688, "left": 223.9661407470703, "top": 104.51959228515625, "right": 331.85015869140625, "bottom": 289.17041015625}, {"class": "aeroplane", "prob": 0.9430370330810547, "left": 153.42434692382812, "top": 132.4311065673828, "right": 206.10330200195312, "bottom": 181.0945281982422}], "time": 21.606698989868164}
