{"im": 1396, "res": [{"class": "chair", "prob": 0.7768656015396118, "left": 167.19970703125, "top": 125.8848876953125, "right": 333.3515625, "bottom": 191.63803100585938}, {"class": "chair", "prob": 0.5581160187721252, "left": 222.18606567382812, "top": 137.04803466796875, "right": 288.0230712890625, "bottom": 184.66571044921875}], "time": 0.8282260894775391}
