{"im": 95, "res": [{"class": "aeroplane", "prob": 0.9660823941230774, "left": 300.0376281738281, "top": 157.36318969726562, "right": 500.0, "bottom": 375.0}, {"class": "aeroplane", "prob": 0.6123604774475098, "left": 49.287994384765625, "top": 140.8557586669922, "right": 224.22723388671875, "bottom": 371.4459228515625}, {"class": "aeroplane", "prob": 0.5961760878562927, "left": 225.24893188476562, "top": 160.8662109375, "right": 344.6655578613281, "bottom": 362.2352294921875}], "time": 1.7008578777313232}
