{"im": 2521, "res": [{"class": "pottedplant", "prob": 0.9848844408988953, "left": 311.639892578125, "top": 129.94012451171875, "right": 455.0972900390625, "bottom": 296.41162109375}, {"class": "pottedplant", "prob": 0.7202528715133667, "left": 106.0764389038086, "top": 64.57350158691406, "right": 183.1845703125, "bottom": 162.9059600830078}], "time": 21.43296790122986}
