{"im": 1553, "res": [{"class": "aeroplane", "prob": 0.5713047385215759, "left": 134.9154052734375, "top": 42.92594909667969, "right": 500.0, "bottom": 375.0}], "time": 0.942753791809082}
