{"im": 4043, "res": [{"class": "tvmonitor", "prob": 0.7247216701507568, "left": 174.4564208984375, "top": 118.95182800292969, "right": 331.9378967285156, "bottom": 327.55670166015625}], "time": 0.8763949871063232}
