{"im": 2528, "res": [{"class": "car", "prob": 0.9989891648292542, "left": 77.55287170410156, "top": 51.33177185058594, "right": 431.68792724609375, "bottom": 317.888427734375}], "time": 21.435317039489746}
