{"im": 1470, "res": [{"class": "person", "prob": 0.996411919593811, "left": 135.521240234375, "top": 309.5059814453125, "right": 200.73947143554688, "bottom": 384.43426513671875}, {"class": "person", "prob": 0.9822431206703186, "left": 254.143798828125, "top": 294.357177734375, "right": 322.4310302734375, "bottom": 381.5770263671875}], "time": 21.76371669769287}
