{"im": 271, "res": [{"class": "aeroplane", "prob": 0.7004516124725342, "left": 132.67591857910156, "top": 89.11225891113281, "right": 303.16949462890625, "bottom": 363.09796142578125}], "time": 1.2224879264831543}
