{"im": 3687, "res": [{"class": "bottle", "prob": 0.9951270818710327, "left": 0.0, "top": 94.70513916015625, "right": 500.0, "bottom": 222.13284301757812}], "time": 21.587321996688843}
