{"im": 666, "res": [{"class": "aeroplane", "prob": 0.8992035388946533, "left": 314.770751953125, "top": 73.16371154785156, "right": 494.3311767578125, "bottom": 368.1729736328125}, {"class": "aeroplane", "prob": 0.6791350841522217, "left": 9.508102416992188, "top": 95.69306945800781, "right": 196.73489379882812, "bottom": 370.04278564453125}], "time": 0.8387889862060547}
