{"im": 4293, "res": [{"class": "bottle", "prob": 0.9790343046188354, "left": 24.302780151367188, "top": 21.173049926757812, "right": 500.0, "bottom": 134.6134490966797}], "time": 24.62011194229126}
