{"im": 5022, "res": [{"class": "pottedplant", "prob": 0.9868305921554565, "left": 15.441665649414062, "top": 84.61494445800781, "right": 298.9920654296875, "bottom": 500.0}], "time": 21.424455165863037}
