{"im": 4626, "res": [{"class": "train", "prob": 0.8669718503952026, "left": 195.38284301757812, "top": 53.96185302734375, "right": 451.1643371582031, "bottom": 343.3570251464844}, {"class": "train", "prob": 0.7393205165863037, "left": 16.02690887451172, "top": 41.32490539550781, "right": 252.14797973632812, "bottom": 352.508056640625}], "time": 0.8279938697814941}
