{"im": 2687, "res": [{"class": "bus", "prob": 0.9783899188041687, "left": 170.51783752441406, "top": 127.26628112792969, "right": 395.7606201171875, "bottom": 269.02850341796875}, {"class": "bird", "prob": 0.9097772240638733, "left": 5.734138488769531, "top": 187.25257873535156, "right": 100.26238250732422, "bottom": 273.93304443359375}, {"class": "bird", "prob": 0.8609663248062134, "left": 28.456674575805664, "top": 200.04693603515625, "right": 71.84696960449219, "bottom": 266.70611572265625}], "time": 0.9095168113708496}
