{"im": 689, "res": [{"class": "aeroplane", "prob": 0.9996702075004578, "left": 260.769775390625, "top": 65.16156005859375, "right": 376.3477783203125, "bottom": 398.0}, {"class": "aeroplane", "prob": 0.998920202255249, "left": 103.68283081054688, "top": 137.414794921875, "right": 229.05813598632812, "bottom": 384.659423828125}, {"class": "aeroplane", "prob": 0.9955872893333435, "left": 211.10781860351562, "top": 160.7390594482422, "right": 271.61370849609375, "bottom": 386.422119140625}], "time": 21.88051199913025}
