{"im": 1399, "res": [{"class": "sheep", "prob": 0.908689022064209, "left": 117.1412353515625, "top": 16.810394287109375, "right": 202.77447509765625, "bottom": 163.841796875}, {"class": "sheep", "prob": 0.8673406839370728, "left": 135.96661376953125, "top": 37.196083068847656, "right": 181.8316650390625, "bottom": 134.53823852539062}], "time": 0.8681979179382324}
