{"im": 1673, "res": [{"class": "tvmonitor", "prob": 0.93666011095047, "left": 108.44564819335938, "top": 67.35177612304688, "right": 324.58013916015625, "bottom": 352.2270202636719}], "time": 21.687362670898438}
