{"im": 365, "res": [{"class": "aeroplane", "prob": 0.9877380132675171, "left": 293.2474670410156, "top": 157.1946563720703, "right": 314.3797302246094, "bottom": 195.73716735839844}, {"class": "cat", "prob": 0.8254972696304321, "left": 320.9261169433594, "top": 144.12318420410156, "right": 383.5672912597656, "bottom": 198.7551727294922}], "time": 21.676957845687866}
