{"im": 1737, "res": [{"class": "aeroplane", "prob": 0.6496808528900146, "left": 38.62715148925781, "top": 38.60273742675781, "right": 312.987548828125, "bottom": 500.0}], "time": 0.8379700183868408}
