{"im": 724, "res": [{"class": "aeroplane", "prob": 0.8128538727760315, "left": 246.94529724121094, "top": 4.8905181884765625, "right": 490.708251953125, "bottom": 332.98931884765625}, {"class": "aeroplane", "prob": 0.6752628684043884, "left": 72.6479721069336, "top": 209.11024475097656, "right": 259.4979553222656, "bottom": 333.0}], "time": 0.8388509750366211}
