{"im": 4899, "res": [{"class": "boat", "prob": 0.935657799243927, "left": 50.420501708984375, "top": 45.1617431640625, "right": 491.8041687011719, "bottom": 333.0}], "time": 21.453189849853516}
