{"im": 3446, "res": [{"class": "aeroplane", "prob": 0.9119817614555359, "left": 15.54730224609375, "top": 23.569610595703125, "right": 192.66033935546875, "bottom": 319.13336181640625}, {"class": "aeroplane", "prob": 0.818507194519043, "left": 2.2974319458007812, "top": 177.0419921875, "right": 176.00253295898438, "bottom": 332.0}, {"class": "aeroplane", "prob": 0.5216659903526306, "left": 315.78857421875, "top": 61.805625915527344, "right": 497.44281005859375, "bottom": 270.5971374511719}], "time": 1.1466200351715088}
