{"im": 85, "res": [{"class": "pottedplant", "prob": 0.9941301345825195, "left": 182.09091186523438, "top": 89.59223937988281, "right": 476.1018981933594, "bottom": 329.647705078125}], "time": 21.42966866493225}
