{"im": 3499, "res": [{"class": "sheep", "prob": 0.7242556810379028, "left": 105.84782409667969, "top": 136.84872436523438, "right": 246.9975128173828, "bottom": 332.0}], "time": 0.8412678241729736}
