{"im": 3411, "res": [{"class": "chair", "prob": 0.7154727578163147, "left": 43.6100959777832, "top": 185.56637573242188, "right": 60.100894927978516, "bottom": 195.00262451171875}, {"class": "chair", "prob": 0.6507009863853455, "left": 278.3230285644531, "top": 225.0440673828125, "right": 325.8002624511719, "bottom": 236.27053833007812}], "time": 0.9424738883972168}
