{"im": 2214, "res": [{"class": "car", "prob": 0.9986767172813416, "left": 0.0, "top": 228.27398681640625, "right": 389.4023132324219, "bottom": 313.14544677734375}], "time": 21.465385913848877}
