{"im": 5588, "res": [{"class": "sofa", "prob": 0.6721212267875671, "left": 106.80579376220703, "top": 142.03842163085938, "right": 320.8032531738281, "bottom": 377.3014221191406}], "time": 21.286585092544556}
