{"im": 5298, "res": [{"class": "bus", "prob": 0.9990056753158569, "left": 10.015396118164062, "top": 64.80475616455078, "right": 436.0233154296875, "bottom": 292.6661071777344}, {"class": "aeroplane", "prob": 0.8243953585624695, "left": 323.49310302734375, "top": 137.95521545410156, "right": 367.7607421875, "bottom": 179.74977111816406}, {"class": "bird", "prob": 0.6556236147880554, "left": 0.44250917434692383, "top": 178.00564575195312, "right": 14.780290603637695, "bottom": 201.96038818359375}], "time": 21.508219003677368}
