{"im": 1276, "res": [{"class": "chair", "prob": 0.9440217614173889, "left": 421.2402648925781, "top": 90.9088363647461, "right": 442.7499084472656, "bottom": 137.3231658935547}, {"class": "chair", "prob": 0.8778851628303528, "left": 171.9766845703125, "top": 105.85693359375, "right": 186.65530395507812, "bottom": 133.57879638671875}, {"class": "chair", "prob": 0.6292340159416199, "left": 299.9945983886719, "top": 123.8119125366211, "right": 315.4212951660156, "bottom": 126.35021209716797}], "time": 21.259732246398926}
