{"im": 1323, "res": [{"class": "tvmonitor", "prob": 0.9956182241439819, "left": 56.008209228515625, "top": 74.56217956542969, "right": 381.0425109863281, "bottom": 362.50250244140625}], "time": 21.665851831436157}
