{"im": 773, "res": [{"class": "aeroplane", "prob": 0.9992333650588989, "left": 287.9538269042969, "top": 319.3447265625, "right": 344.6301574707031, "bottom": 490.92041015625}, {"class": "aeroplane", "prob": 0.5898612141609192, "left": 317.83062744140625, "top": 228.34237670898438, "right": 351.3916015625, "bottom": 391.4836730957031}], "time": 21.80733299255371}
