{"im": 1119, "res": [{"class": "aeroplane", "prob": 0.885650098323822, "left": 153.57066345214844, "top": 139.49453735351562, "right": 345.36627197265625, "bottom": 375.0}, {"class": "aeroplane", "prob": 0.7647536993026733, "left": 21.740005493164062, "top": 88.10574340820312, "right": 175.87001037597656, "bottom": 366.1044006347656}], "time": 1.5673019886016846}
