{"im": 4744, "res": [{"class": "bird", "prob": 0.8680070638656616, "left": 28.208709716796875, "top": 95.12245178222656, "right": 473.453125, "bottom": 281.25323486328125}], "time": 21.36441421508789}
