{"im": 3307, "res": [{"class": "bottle", "prob": 0.9920604228973389, "left": 19.099395751953125, "top": 113.86236572265625, "right": 490.9436950683594, "bottom": 220.31512451171875}], "time": 21.83754324913025}
