{"im": 732, "res": [{"class": "aeroplane", "prob": 0.7141040563583374, "left": 272.42755126953125, "top": 8.625556945800781, "right": 362.00372314453125, "bottom": 157.9376220703125}], "time": 1.0365338325500488}
