{"im": 2630, "res": [{"class": "bird", "prob": 0.9868700504302979, "left": 4.44317626953125, "top": 285.0028991699219, "right": 335.0, "bottom": 450.0824890136719}], "time": 0.8323709964752197}
