{"im": 2105, "res": [{"class": "sofa", "prob": 0.9914848208427429, "left": 231.7318115234375, "top": 202.56915283203125, "right": 289.0948486328125, "bottom": 269.1180114746094}], "time": 21.651929140090942}
