{"im": 191, "res": [{"class": "aeroplane", "prob": 0.959442675113678, "left": 108.95741271972656, "top": 75.93751525878906, "right": 305.4251708984375, "bottom": 333.0}], "time": 1.081639051437378}
