{"im": 1823, "res": [{"class": "pottedplant", "prob": 0.8923593163490295, "left": 318.6391906738281, "top": 180.12298583984375, "right": 350.8736877441406, "bottom": 290.79840087890625}, {"class": "pottedplant", "prob": 0.8288721442222595, "left": 296.0416564941406, "top": 153.62884521484375, "right": 371.9909362792969, "bottom": 317.47235107421875}], "time": 0.8545401096343994}
