{"im": 1068, "res": [{"class": "sofa", "prob": 0.9844646453857422, "left": 191.70863342285156, "top": 205.1409454345703, "right": 308.07470703125, "bottom": 294.91595458984375}, {"class": "aeroplane", "prob": 0.9837990999221802, "left": 206.45916748046875, "top": 174.9754638671875, "right": 251.03451538085938, "bottom": 246.8037109375}], "time": 21.082786083221436}
