{"im": 1732, "res": [{"class": "aeroplane", "prob": 0.9991052150726318, "left": 7.853485107421875, "top": 57.30665588378906, "right": 208.49244689941406, "bottom": 500.0}], "time": 21.686218976974487}
