{"im": 848, "res": [{"class": "aeroplane", "prob": 0.9586036205291748, "left": 271.3251953125, "top": 104.72523498535156, "right": 441.4993896484375, "bottom": 330.44073486328125}], "time": 0.8433260917663574}
