{"im": 955, "res": [{"class": "aeroplane", "prob": 0.9887345433235168, "left": 37.53846740722656, "top": 86.70716857910156, "right": 278.71551513671875, "bottom": 500.0}, {"class": "aeroplane", "prob": 0.979708731174469, "left": 175.71893310546875, "top": 206.03408813476562, "right": 370.8128662109375, "bottom": 498.8269958496094}], "time": 21.093966960906982}
