{"im": 3927, "res": [{"class": "pottedplant", "prob": 0.9207717180252075, "left": 110.74864196777344, "top": 109.79655456542969, "right": 317.8819580078125, "bottom": 325.58074951171875}], "time": 21.583565711975098}
