{"im": 3675, "res": [{"class": "pottedplant", "prob": 0.822650671005249, "left": 228.85122680664062, "top": 9.717391967773438, "right": 500.0, "bottom": 370.3909912109375}], "time": 0.8333208560943604}
