{"im": 3839, "res": [{"class": "train", "prob": 0.9881229996681213, "left": 29.6973876953125, "top": 196.71697998046875, "right": 239.34182739257812, "bottom": 325.452392578125}, {"class": "train", "prob": 0.9536989331245422, "left": 149.3883056640625, "top": 230.97923278808594, "right": 329.6395263671875, "bottom": 344.6328430175781}, {"class": "train", "prob": 0.9303886294364929, "left": 202.1058349609375, "top": 247.0235595703125, "right": 277.2394104003906, "bottom": 326.5030517578125}], "time": 0.8607802391052246}
