{"im": 1475, "res": [{"class": "sofa", "prob": 0.6247578859329224, "left": 312.3680419921875, "top": 111.20394134521484, "right": 426.91925048828125, "bottom": 286.9358215332031}, {"class": "sofa", "prob": 0.5641454458236694, "left": 260.4291687011719, "top": 150.87350463867188, "right": 283.4638366699219, "bottom": 193.5570068359375}], "time": 0.8556618690490723}
