{"im": 4177, "res": [{"class": "aeroplane", "prob": 0.9438472986221313, "left": 215.04623413085938, "top": 102.39739990234375, "right": 372.5464172363281, "bottom": 495.44049072265625}, {"class": "aeroplane", "prob": 0.9343905448913574, "left": 124.33447265625, "top": 98.92362976074219, "right": 254.18194580078125, "bottom": 297.685302734375}], "time": 21.651498079299927}
