{"im": 2677, "res": [{"class": "sheep", "prob": 0.9249802827835083, "left": 187.20616149902344, "top": 49.28411102294922, "right": 350.25616455078125, "bottom": 286.3294372558594}], "time": 21.44928479194641}
