{"im": 1146, "res": [{"class": "aeroplane", "prob": 0.9990387558937073, "left": 39.72247314453125, "top": 0.0, "right": 333.0, "bottom": 500.0}], "time": 21.148022890090942}
