{"im": 2611, "res": [{"class": "bottle", "prob": 0.9320427775382996, "left": 17.218704223632812, "top": 74.39924621582031, "right": 479.63458251953125, "bottom": 255.49183654785156}, {"class": "aeroplane", "prob": 0.7284745573997498, "left": 321.9417419433594, "top": 50.7186164855957, "right": 333.9706726074219, "bottom": 81.9205322265625}, {"class": "aeroplane", "prob": 0.7077406048774719, "left": 387.3191833496094, "top": 32.79293441772461, "right": 394.9385070800781, "bottom": 58.29392623901367}, {"class": "aeroplane", "prob": 0.5002291798591614, "left": 86.18513488769531, "top": 20.393875122070312, "right": 103.01931762695312, "bottom": 64.81623840332031}], "time": 21.438663244247437}
