{"im": 4944, "res": [{"class": "car", "prob": 0.9082024693489075, "left": 280.3561096191406, "top": 240.6075439453125, "right": 423.2607116699219, "bottom": 301.2437744140625}], "time": 21.416213035583496}
