{"im": 2119, "res": [{"class": "bicycle", "prob": 0.6682924032211304, "left": 152.49310302734375, "top": 117.99839782714844, "right": 445.87701416015625, "bottom": 341.2215576171875}], "time": 0.8569028377532959}
