{"im": 4997, "res": [{"class": "sheep", "prob": 0.9650856256484985, "left": 311.93450927734375, "top": 149.30218505859375, "right": 485.01226806640625, "bottom": 373.451416015625}], "time": 0.873417854309082}
