{"im": 5516, "res": [{"class": "tvmonitor", "prob": 0.9706836342811584, "left": 7.916656494140625, "top": 5.0531158447265625, "right": 444.17279052734375, "bottom": 322.5914306640625}], "time": 21.091789960861206}
