{"im": 3606, "res": [{"class": "sheep", "prob": 0.9400953650474548, "left": 53.37236022949219, "top": 108.6500244140625, "right": 451.42578125, "bottom": 366.30780029296875}], "time": 21.501870155334473}
