{"im": 2032, "res": [{"class": "aeroplane", "prob": 0.999341607093811, "left": 307.33197021484375, "top": 148.21632385253906, "right": 372.98284912109375, "bottom": 333.35791015625}, {"class": "bottle", "prob": 0.9909058213233948, "left": 16.121963500976562, "top": 60.35627746582031, "right": 466.740478515625, "bottom": 223.5148468017578}], "time": 21.65848207473755}
