{"im": 2972, "res": [{"class": "pottedplant", "prob": 0.9846374988555908, "left": 187.86294555664062, "top": 63.84613037109375, "right": 325.8334655761719, "bottom": 350.1374206542969}], "time": 21.793400049209595}
