{"im": 5180, "res": [{"class": "aeroplane", "prob": 0.7894774079322815, "left": 11.155731201171875, "top": 72.61247253417969, "right": 206.8677215576172, "bottom": 375.0}], "time": 0.8693208694458008}
