{"im": 2459, "res": [{"class": "sheep", "prob": 0.8193302154541016, "left": 227.666748046875, "top": 89.96759796142578, "right": 378.45458984375, "bottom": 265.1181335449219}], "time": 0.8585479259490967}
