{"im": 688, "res": [{"class": "aeroplane", "prob": 0.9914803504943848, "left": 0.0, "top": 112.76667785644531, "right": 294.96502685546875, "bottom": 375.0}, {"class": "aeroplane", "prob": 0.5467334389686584, "left": 136.84495544433594, "top": 156.73426818847656, "right": 257.733642578125, "bottom": 275.9117126464844}], "time": 23.668779134750366}
