{"im": 493, "res": [{"class": "sheep", "prob": 0.8863162398338318, "left": 10.49188232421875, "top": 7.52642822265625, "right": 338.2936096191406, "bottom": 327.36798095703125}], "time": 21.512773990631104}
