{"im": 3589, "res": [{"class": "bird", "prob": 0.5543580055236816, "left": 4.45635986328125, "top": 81.4146957397461, "right": 498.3193054199219, "bottom": 310.98724365234375}], "time": 0.8777308464050293}
