{"im": 93, "res": [{"class": "aeroplane", "prob": 0.9996113777160645, "left": 22.431854248046875, "top": 215.5855712890625, "right": 323.8677978515625, "bottom": 487.08935546875}], "time": 21.265625}
