{"im": 2338, "res": [{"class": "bottle", "prob": 0.9903682470321655, "left": 21.443710327148438, "top": 119.603515625, "right": 483.5858154296875, "bottom": 234.68380737304688}], "time": 21.387543201446533}
