{"im": 340, "res": [{"class": "aeroplane", "prob": 0.9893350005149841, "left": 5.58709716796875, "top": 85.97526550292969, "right": 315.3731689453125, "bottom": 478.355224609375}], "time": 21.854230642318726}
