{"im": 3251, "res": [{"class": "sheep", "prob": 0.5364130139350891, "left": 51.93824768066406, "top": 38.331024169921875, "right": 492.143310546875, "bottom": 375.0}], "time": 21.63045024871826}
