{"im": 3401, "res": [{"class": "bird", "prob": 0.9925379157066345, "left": 89.2950439453125, "top": 29.41107177734375, "right": 399.4837951660156, "bottom": 294.3970947265625}], "time": 21.48241400718689}
