{"im": 4917, "res": [{"class": "person", "prob": 0.7921913266181946, "left": 249.2776336669922, "top": 185.16415405273438, "right": 292.3892517089844, "bottom": 315.22467041015625}], "time": 21.453850984573364}
