{"im": 1359, "res": [{"class": "aeroplane", "prob": 0.9999349117279053, "left": 55.19145202636719, "top": 46.585174560546875, "right": 445.65966796875, "bottom": 371.8168640136719}], "time": 21.618118047714233}
