{"im": 30, "res": [{"class": "pottedplant", "prob": 0.9453169703483582, "left": 37.47077941894531, "top": 102.80435943603516, "right": 461.16192626953125, "bottom": 309.82659912109375}], "time": 21.453299045562744}
