{"im": 3134, "res": [{"class": "tvmonitor", "prob": 0.9915419220924377, "left": 187.9197235107422, "top": 35.15618896484375, "right": 500.0, "bottom": 307.7742919921875}], "time": 22.00517725944519}
