{"im": 4186, "res": [{"class": "aeroplane", "prob": 0.9786901473999023, "left": 3.4654312133789062, "top": 0.0, "right": 71.59989929199219, "bottom": 252.54319763183594}, {"class": "aeroplane", "prob": 0.94008868932724, "left": 302.72552490234375, "top": 0.0, "right": 372.798828125, "bottom": 273.8182678222656}, {"class": "aeroplane", "prob": 0.6654586791992188, "left": 271.1793212890625, "top": 0.0, "right": 354.4364013671875, "bottom": 264.6663818359375}, {"class": "boat", "prob": 0.5184245705604553, "left": 1.60382080078125, "top": 17.567031860351562, "right": 305.94189453125, "bottom": 403.7801513671875}], "time": 0.8342149257659912}
