{"im": 3536, "res": [{"class": "bicycle", "prob": 0.8001643419265747, "left": 67.42085266113281, "top": 44.84745788574219, "right": 361.03741455078125, "bottom": 246.45457458496094}], "time": 1.0648620128631592}
