{"im": 622, "res": [{"class": "aeroplane", "prob": 0.5990502834320068, "left": 49.66469192504883, "top": 65.10557556152344, "right": 117.74778747558594, "bottom": 166.3606414794922}, {"class": "aeroplane", "prob": 0.5397413372993469, "left": 70.9674072265625, "top": 76.66140747070312, "right": 102.0078125, "bottom": 133.69680786132812}, {"class": "aeroplane", "prob": 0.5240721702575684, "left": 240.47463989257812, "top": 0.0, "right": 490.0115661621094, "bottom": 333.0}], "time": 0.8337841033935547}
