{"im": 3359, "res": [{"class": "car", "prob": 0.99678635597229, "left": 7.346107482910156, "top": 17.275665283203125, "right": 232.68264770507812, "bottom": 355.4491271972656}, {"class": "aeroplane", "prob": 0.5717162489891052, "left": 52.29946517944336, "top": 127.44669342041016, "right": 95.51254272460938, "bottom": 213.991455078125}], "time": 21.511637926101685}
