{"im": 190, "res": [{"class": "aeroplane", "prob": 0.9978322386741638, "left": 171.6349639892578, "top": 0.0, "right": 495.864501953125, "bottom": 369.861572265625}], "time": 21.513027906417847}
