{"im": 976, "res": [{"class": "bird", "prob": 0.6213257312774658, "left": 186.96026611328125, "top": 182.76959228515625, "right": 217.52532958984375, "bottom": 199.98333740234375}, {"class": "bird", "prob": 0.6809925436973572, "left": 138.08624267578125, "top": 195.04322814941406, "right": 150.3741455078125, "bottom": 204.35072326660156}, {"class": "bird", "prob": 0.6130660176277161, "left": 258.8612060546875, "top": 193.7615203857422, "right": 280.174560546875, "bottom": 203.40028381347656}, {"class": "aeroplane", "prob": 0.5117889046669006, "left": 369.0111389160156, "top": 191.9168243408203, "right": 376.8726501464844, "bottom": 208.85960388183594}], "time": 0.868391752243042}
