{"im": 4902, "res": [{"class": "aeroplane", "prob": 0.8778266906738281, "left": 0.3389892578125, "top": 0.0, "right": 390.08868408203125, "bottom": 375.0}], "time": 21.39272379875183}
