{"im": 3526, "res": [{"class": "bottle", "prob": 0.9884790182113647, "left": 32.29620361328125, "top": 63.9442138671875, "right": 473.4886169433594, "bottom": 223.17446899414062}], "time": 21.462626934051514}
