{"im": 4505, "res": [{"class": "car", "prob": 0.5750166177749634, "left": 330.69500732421875, "top": 104.52992248535156, "right": 464.51153564453125, "bottom": 166.4608917236328}], "time": 0.8079721927642822}
