{"im": 237, "res": [{"class": "pottedplant", "prob": 0.9673716425895691, "left": 220.8687744140625, "top": 56.66166687011719, "right": 437.1622314453125, "bottom": 319.4503173828125}], "time": 21.668331146240234}
