{"im": 64, "res": [{"class": "aeroplane", "prob": 0.8324074149131775, "left": 73.23628997802734, "top": 304.3111267089844, "right": 80.34171295166016, "bottom": 339.9783630371094}, {"class": "aeroplane", "prob": 0.8077456951141357, "left": 152.18092346191406, "top": 307.2061462402344, "right": 158.1084442138672, "bottom": 339.6100158691406}], "time": 0.86568284034729}
