{"im": 1168, "res": [{"class": "aeroplane", "prob": 0.9940724968910217, "left": 160.40968322753906, "top": 82.80923461914062, "right": 387.11248779296875, "bottom": 364.1912536621094}, {"class": "aeroplane", "prob": 0.8506478071212769, "left": 0.0, "top": 2.5751495361328125, "right": 58.93340301513672, "bottom": 73.74790954589844}, {"class": "aeroplane", "prob": 0.8381657004356384, "left": 189.6163787841797, "top": 1.0182170867919922, "right": 243.3726043701172, "bottom": 46.26780700683594}, {"class": "aeroplane", "prob": 0.7718344330787659, "left": 409.3545837402344, "top": 4.360797882080078, "right": 493.0768127441406, "bottom": 70.31497192382812}], "time": 21.117637157440186}
