{"im": 4290, "res": [{"class": "sheep", "prob": 0.7957552075386047, "left": 110.76974487304688, "top": 115.27154541015625, "right": 448.3414001464844, "bottom": 315.4462890625}, {"class": "sheep", "prob": 0.9622313976287842, "left": 311.54754638671875, "top": 29.609519958496094, "right": 491.2364501953125, "bottom": 168.36810302734375}, {"class": "aeroplane", "prob": 0.5529534220695496, "left": 77.53804016113281, "top": 8.237564086914062, "right": 418.02679443359375, "bottom": 260.338623046875}], "time": 26.665916919708252}
