{"im": 2143, "res": [{"class": "bottle", "prob": 0.8837372064590454, "left": 352.83441162109375, "top": 157.19973754882812, "right": 464.25811767578125, "bottom": 270.627685546875}, {"class": "bottle", "prob": 0.7248416543006897, "left": 382.5684814453125, "top": 178.65634155273438, "right": 438.464111328125, "bottom": 249.0130615234375}, {"class": "person", "prob": 0.5767552852630615, "left": 108.73896026611328, "top": 25.679874420166016, "right": 217.3125, "bottom": 142.2350311279297}, {"class": "person", "prob": 0.5068488121032715, "left": 138.803955078125, "top": 38.70562744140625, "right": 188.79141235351562, "bottom": 123.52618408203125}], "time": 0.8340957164764404}
