{"im": 2603, "res": [{"class": "car", "prob": 0.9585133790969849, "left": 53.12309265136719, "top": 149.85426330566406, "right": 239.60755920410156, "bottom": 341.91815185546875}, {"class": "aeroplane", "prob": 0.6689757704734802, "left": 297.4648742675781, "top": 284.8786315917969, "right": 320.9131164550781, "bottom": 403.8664855957031}, {"class": "aeroplane", "prob": 0.6223263740539551, "left": 281.2926025390625, "top": 254.81298828125, "right": 337.36444091796875, "bottom": 443.75439453125}], "time": 0.886760950088501}
