{"im": 2597, "res": [{"class": "sofa", "prob": 0.9875802993774414, "left": 109.57960510253906, "top": 236.4749755859375, "right": 288.3741455078125, "bottom": 375.0}, {"class": "aeroplane", "prob": 0.9853569865226746, "left": 186.30300903320312, "top": 140.80343627929688, "right": 318.8238220214844, "bottom": 355.99151611328125}, {"class": "aeroplane", "prob": 0.9583079218864441, "left": 237.33575439453125, "top": 136.3369140625, "right": 291.88372802734375, "bottom": 224.79541015625}], "time": 21.558488845825195}
