{"im": 5014, "res": [{"class": "bird", "prob": 0.9062411189079285, "left": 36.6507453918457, "top": 126.14404296875, "right": 101.10162353515625, "bottom": 202.8095703125}, {"class": "bird", "prob": 0.9195817112922668, "left": 0.0, "top": 110.21621704101562, "right": 133.65994262695312, "bottom": 219.48651123046875}, {"class": "aeroplane", "prob": 0.7387527227401733, "left": 141.9267578125, "top": 12.037971496582031, "right": 227.90826416015625, "bottom": 206.40481567382812}, {"class": "aeroplane", "prob": 0.7250046133995056, "left": 161.12376403808594, "top": 30.477821350097656, "right": 200.0435333251953, "bottom": 164.26156616210938}], "time": 1.0025901794433594}
