{"im": 4049, "res": [{"class": "person", "prob": 0.642289936542511, "left": 201.5882110595703, "top": 121.33309936523438, "right": 344.5672607421875, "bottom": 227.31570434570312}], "time": 24.67567014694214}
