{"im": 421, "res": [{"class": "car", "prob": 0.5678313970565796, "left": 31.98779296875, "top": 0.0, "right": 500.0, "bottom": 281.7559814453125}], "time": 21.66892099380493}
