{"im": 2325, "res": [{"class": "bird", "prob": 0.6983367800712585, "left": 119.75920104980469, "top": 122.29939270019531, "right": 452.73663330078125, "bottom": 242.5988311767578}, {"class": "aeroplane", "prob": 0.5713580846786499, "left": 251.8368682861328, "top": 135.75576782226562, "right": 265.025634765625, "bottom": 149.20419311523438}], "time": 0.8802201747894287}
