{"im": 5636, "res": [{"class": "car", "prob": 0.6967483162879944, "left": 126.02727508544922, "top": 106.55763244628906, "right": 297.164794921875, "bottom": 268.737060546875}], "time": 0.8703558444976807}
