{"im": 3720, "res": [{"class": "aeroplane", "prob": 0.9908679127693176, "left": 132.13784790039062, "top": 89.97358703613281, "right": 368.1973571777344, "bottom": 390.0}], "time": 21.559563875198364}
