{"im": 5443, "res": [{"class": "sheep", "prob": 0.5205310583114624, "left": 0.0, "top": 36.61614990234375, "right": 500.0, "bottom": 375.0}], "time": 21.491549968719482}
