{"im": 100, "res": [{"class": "aeroplane", "prob": 0.9997060298919678, "left": 156.1871337890625, "top": 49.387237548828125, "right": 436.7703857421875, "bottom": 375.0}], "time": 21.865413188934326}
