{"im": 5466, "res": [{"class": "aeroplane", "prob": 0.6168052554130554, "left": 108.27029418945312, "top": 127.25090026855469, "right": 236.1484375, "bottom": 450.6094970703125}], "time": 0.8604097366333008}
