{"im": 193, "res": [{"class": "boat", "prob": 0.9422493577003479, "left": 0.0, "top": 96.82939147949219, "right": 234.09439086914062, "bottom": 499.9058837890625}], "time": 21.57822585105896}
