{"im": 1140, "res": [{"class": "motorbike", "prob": 0.6714417934417725, "left": 0.0, "top": 291.0212707519531, "right": 85.86048889160156, "bottom": 341.1147766113281}], "time": 21.081518173217773}
