{"im": 1648, "res": [{"class": "aeroplane", "prob": 0.9397796988487244, "left": 18.017074584960938, "top": 50.85321044921875, "right": 290.0885009765625, "bottom": 375.722900390625}], "time": 0.9470970630645752}
