{"im": 826, "res": [{"class": "aeroplane", "prob": 0.631894588470459, "left": 40.632667541503906, "top": 104.95985412597656, "right": 186.1195068359375, "bottom": 268.67059326171875}], "time": 0.926826000213623}
