{"im": 4040, "res": [{"class": "bottle", "prob": 0.9882845878601074, "left": 258.23919677734375, "top": 157.6887969970703, "right": 343.7652587890625, "bottom": 179.76734924316406}], "time": 23.020267009735107}
