{"im": 810, "res": [{"class": "aeroplane", "prob": 0.9998974204063416, "left": 45.26543426513672, "top": 126.15188598632812, "right": 96.39623260498047, "bottom": 346.1189270019531}, {"class": "aeroplane", "prob": 0.999805748462677, "left": 117.28142547607422, "top": 127.65767669677734, "right": 157.08212280273438, "bottom": 254.3182373046875}, {"class": "aeroplane", "prob": 0.9981017708778381, "left": 223.79554748535156, "top": 102.47566986083984, "right": 271.8842468261719, "bottom": 276.4471130371094}, {"class": "cat", "prob": 0.7715407013893127, "left": 238.02223205566406, "top": 92.96475982666016, "right": 435.81182861328125, "bottom": 260.45184326171875}], "time": 21.892173767089844}
