{"im": 865, "res": [{"class": "aeroplane", "prob": 0.9993498921394348, "left": 273.96942138671875, "top": 25.366668701171875, "right": 334.63421630859375, "bottom": 226.9803009033203}, {"class": "bicycle", "prob": 0.9852001667022705, "left": 307.984375, "top": 117.44780731201172, "right": 358.85650634765625, "bottom": 224.6175537109375}, {"class": "bicycle", "prob": 0.6138521432876587, "left": 419.83258056640625, "top": 104.66758728027344, "right": 494.22650146484375, "bottom": 168.56687927246094}], "time": 21.107105016708374}
