{"im": 3890, "res": [{"class": "aeroplane", "prob": 0.7629826068878174, "left": 1.3890342712402344, "top": 223.75096130371094, "right": 125.01739501953125, "bottom": 500.0}], "time": 21.562718868255615}
