{"im": 5188, "res": [{"class": "aeroplane", "prob": 0.8945649862289429, "left": 8.804107666015625, "top": 21.906387329101562, "right": 308.99981689453125, "bottom": 415.59619140625}, {"class": "person", "prob": 0.9015631675720215, "left": 193.38641357421875, "top": 98.79335021972656, "right": 300.07000732421875, "bottom": 263.51654052734375}], "time": 21.59247064590454}
