{"im": 4327, "res": [{"class": "aeroplane", "prob": 0.860572338104248, "left": 280.17498779296875, "top": 28.701927185058594, "right": 473.01239013671875, "bottom": 278.3996276855469}, {"class": "sheep", "prob": 0.7963889837265015, "left": 127.92915344238281, "top": 249.61593627929688, "right": 169.9254608154297, "bottom": 356.5248107910156}, {"class": "sheep", "prob": 0.6235963106155396, "left": 10.465423583984375, "top": 223.44732666015625, "right": 205.2957305908203, "bottom": 373.7540283203125}], "time": 0.8591837882995605}
