{"im": 452, "res": [{"class": "aeroplane", "prob": 0.9980688691139221, "left": 40.46764373779297, "top": 98.86798095703125, "right": 156.04513549804688, "bottom": 373.46832275390625}], "time": 21.61656904220581}
