{"im": 5757, "res": [{"class": "sheep", "prob": 0.8990718722343445, "left": 147.88404846191406, "top": 285.2388000488281, "right": 181.01979064941406, "bottom": 339.7889709472656}, {"class": "sofa", "prob": 0.9851242899894714, "left": 239.34942626953125, "top": 201.14520263671875, "right": 269.9056396484375, "bottom": 263.4391784667969}, {"class": "aeroplane", "prob": 0.9691464304924011, "left": 232.2540283203125, "top": 171.9742889404297, "right": 263.6842041015625, "bottom": 237.57456970214844}, {"class": "sheep", "prob": 0.5971888303756714, "left": 197.82582092285156, "top": 285.4351806640625, "right": 213.5512237548828, "bottom": 310.14215087890625}], "time": 22.584389209747314}
