{"im": 4839, "res": [{"class": "aeroplane", "prob": 0.5154502391815186, "left": 19.28997039794922, "top": 40.41645812988281, "right": 250.77630615234375, "bottom": 368.5469970703125}], "time": 0.9790949821472168}
