{"im": 1253, "res": [{"class": "person", "prob": 0.9925392270088196, "left": 240.88369750976562, "top": 163.81764221191406, "right": 308.1993103027344, "bottom": 298.0611572265625}], "time": 21.321046113967896}
