{"im": 1107, "res": [{"class": "pottedplant", "prob": 0.935585081577301, "left": 23.101425170898438, "top": 64.300048828125, "right": 346.20947265625, "bottom": 429.6722717285156}], "time": 21.08910584449768}
