{"im": 424, "res": [{"class": "aeroplane", "prob": 0.9853575825691223, "left": 385.11669921875, "top": 47.84492492675781, "right": 490.56732177734375, "bottom": 332.20489501953125}, {"class": "aeroplane", "prob": 0.7713156938552856, "left": 224.5402374267578, "top": 66.83558654785156, "right": 340.0627746582031, "bottom": 366.99847412109375}, {"class": "aeroplane", "prob": 0.5128093957901001, "left": 10.263805389404297, "top": 24.466781616210938, "right": 114.74354553222656, "bottom": 273.72119140625}], "time": 0.8824429512023926}
