{"im": 4136, "res": [{"class": "car", "prob": 0.6512787938117981, "left": 8.880172729492188, "top": 92.00715637207031, "right": 284.76422119140625, "bottom": 418.7120361328125}], "time": 0.8549668788909912}
