{"im": 3514, "res": [{"class": "tvmonitor", "prob": 0.5185242295265198, "left": 317.6191711425781, "top": 159.44363403320312, "right": 354.6940002441406, "bottom": 228.71527099609375}, {"class": "tvmonitor", "prob": 0.5091456174850464, "left": 235.49903869628906, "top": 154.12400817871094, "right": 341.8157958984375, "bottom": 237.8597869873047}], "time": 0.8807408809661865}
