{"im": 3026, "res": [{"class": "chair", "prob": 0.7420473694801331, "left": 0.0, "top": 98.29721069335938, "right": 495.98211669921875, "bottom": 323.1950988769531}], "time": 21.680378913879395}
