{"im": 2342, "res": [{"class": "aeroplane", "prob": 0.8163698315620422, "left": 0.0, "top": 11.589645385742188, "right": 487.79296875, "bottom": 354.33123779296875}], "time": 21.428848266601562}
