{"im": 2553, "res": [{"class": "sheep", "prob": 0.9916816353797913, "left": 143.55020141601562, "top": 0.0, "right": 415.8021545410156, "bottom": 375.0}, {"class": "aeroplane", "prob": 0.9696480631828308, "left": 4.4217987060546875, "top": 14.458358764648438, "right": 228.381591796875, "bottom": 371.31072998046875}], "time": 21.438536167144775}
