{"im": 2898, "res": [{"class": "tvmonitor", "prob": 0.5325922966003418, "left": 139.3310546875, "top": 184.31381225585938, "right": 221.45449829101562, "bottom": 241.87472534179688}, {"class": "tvmonitor", "prob": 0.9696117639541626, "left": 231.06387329101562, "top": 227.67166137695312, "right": 349.6410217285156, "bottom": 313.7320251464844}], "time": 21.81744885444641}
