{"im": 1419, "res": [{"class": "aeroplane", "prob": 0.9709537029266357, "left": 22.95580291748047, "top": 129.4185791015625, "right": 267.4569091796875, "bottom": 338.40032958984375}], "time": 21.626513242721558}
