{"im": 1077, "res": [{"class": "sheep", "prob": 0.7308110594749451, "left": 49.312957763671875, "top": 88.24150085449219, "right": 500.0, "bottom": 375.0}], "time": 21.09535503387451}
