{"im": 5048, "res": [{"class": "sheep", "prob": 0.9958638548851013, "left": 44.5860595703125, "top": 145.580078125, "right": 137.1309051513672, "bottom": 292.28570556640625}, {"class": "sheep", "prob": 0.9312978386878967, "left": 364.8526916503906, "top": 159.6033172607422, "right": 461.8487243652344, "bottom": 253.6250762939453}], "time": 21.461124897003174}
