{"im": 5287, "res": [{"class": "aeroplane", "prob": 0.9944433569908142, "left": 37.93145751953125, "top": 22.600936889648438, "right": 293.1763610839844, "bottom": 364.68072509765625}], "time": 21.65311098098755}
