{"im": 2832, "res": [{"class": "boat", "prob": 0.8690661787986755, "left": 0.0, "top": 2.1121826171875, "right": 500.0, "bottom": 370.38824462890625}, {"class": "aeroplane", "prob": 0.7651538252830505, "left": 456.46466064453125, "top": 0.0, "right": 497.0567626953125, "bottom": 46.20526123046875}], "time": 21.440778017044067}
