{"im": 2435, "res": [{"class": "aeroplane", "prob": 0.9759433269500732, "left": 153.05029296875, "top": 77.0313949584961, "right": 317.2655944824219, "bottom": 289.5079040527344}, {"class": "bicycle", "prob": 0.904567539691925, "left": 142.50233459472656, "top": 163.3714599609375, "right": 351.2886962890625, "bottom": 305.45391845703125}], "time": 0.8806569576263428}
