{"im": 198, "res": [{"class": "aeroplane", "prob": 0.9960067272186279, "left": 100.83744812011719, "top": 0.0, "right": 494.398681640625, "bottom": 370.7416687011719}], "time": 21.680457830429077}
