{"im": 1455, "res": [{"class": "sofa", "prob": 0.8120264410972595, "left": 268.49359130859375, "top": 99.69953918457031, "right": 459.31170654296875, "bottom": 361.82421875}], "time": 0.888247013092041}
