{"im": 2092, "res": [{"class": "sheep", "prob": 0.7066367864608765, "left": 17.683364868164062, "top": 37.98869323730469, "right": 433.68011474609375, "bottom": 275.39788818359375}], "time": 21.758842945098877}
