{"im": 1369, "res": [{"class": "aeroplane", "prob": 0.9993565678596497, "left": 109.16468811035156, "top": 302.35076904296875, "right": 173.36875915527344, "bottom": 480.15484619140625}, {"class": "bicycle", "prob": 0.7890490889549255, "left": 35.40736770629883, "top": 357.93212890625, "right": 73.55216979980469, "bottom": 448.1728515625}, {"class": "bicycle", "prob": 0.5374075770378113, "left": 21.407615661621094, "top": 365.9663391113281, "right": 61.49913024902344, "bottom": 456.5451965332031}], "time": 21.70379090309143}
