{"im": 2729, "res": [{"class": "bird", "prob": 0.9263505935668945, "left": 13.38934326171875, "top": 121.6469497680664, "right": 473.61865234375, "bottom": 293.2672424316406}, {"class": "bird", "prob": 0.9391334056854248, "left": 0.0, "top": 163.9637451171875, "right": 23.511377334594727, "bottom": 203.94134521484375}, {"class": "bird", "prob": 0.6647354960441589, "left": 309.8659362792969, "top": 147.89076232910156, "right": 380.1164245605469, "bottom": 170.55247497558594}], "time": 21.427205801010132}
