{"im": 4483, "res": [{"class": "boat", "prob": 0.9908830523490906, "left": 53.3756103515625, "top": 22.922988891601562, "right": 452.407958984375, "bottom": 322.07122802734375}], "time": 21.40654182434082}
