{"im": 5743, "res": [{"class": "aeroplane", "prob": 0.6638957262039185, "left": 189.08657836914062, "top": 5.3570404052734375, "right": 351.2350158691406, "bottom": 212.9769287109375}], "time": 0.8312151432037354}
