{"im": 2269, "res": [{"class": "aeroplane", "prob": 0.9909558296203613, "left": 186.85935974121094, "top": 66.19239807128906, "right": 479.413330078125, "bottom": 370.8912353515625}, {"class": "aeroplane", "prob": 0.9172009825706482, "left": 48.04295349121094, "top": 15.3037109375, "right": 353.41796875, "bottom": 356.26251220703125}, {"class": "aeroplane", "prob": 0.684516966342926, "left": 378.06378173828125, "top": 53.78965759277344, "right": 500.0, "bottom": 375.0}], "time": 21.43471908569336}
