{"im": 5086, "res": [{"class": "bicycle", "prob": 0.9561011791229248, "left": 131.2579345703125, "top": 27.523117065429688, "right": 377.1078796386719, "bottom": 252.6946258544922}], "time": 21.391366958618164}
