{"im": 4483, "res": [{"class": "boat", "prob": 0.650773286819458, "left": 0.0, "top": 0.0, "right": 500.0, "bottom": 333.0}], "time": 0.8476438522338867}
