{"im": 3508, "res": [{"class": "aeroplane", "prob": 0.9211553335189819, "left": 87.39506530761719, "top": 81.94670104980469, "right": 358.25848388671875, "bottom": 417.23992919921875}], "time": 0.9840328693389893}
