{"im": 59, "res": [{"class": "aeroplane", "prob": 0.9995026588439941, "left": 211.6633758544922, "top": 120.46593475341797, "right": 441.833251953125, "bottom": 326.6788635253906}, {"class": "aeroplane", "prob": 0.9952345490455627, "left": 0.0, "top": 1.6008148193359375, "right": 173.2046356201172, "bottom": 334.0}], "time": 21.922118186950684}
