{"im": 4219, "res": [{"class": "sofa", "prob": 0.5332772731781006, "left": 223.11080932617188, "top": 195.23880004882812, "right": 273.5314636230469, "bottom": 228.36968994140625}], "time": 21.66098165512085}
