{"im": 2095, "res": [{"class": "bottle", "prob": 0.9320797920227051, "left": 25.75225830078125, "top": 221.76864624023438, "right": 467.3265686035156, "bottom": 331.2129211425781}, {"class": "cat", "prob": 0.7202603816986084, "left": 399.4211730957031, "top": 328.40545654296875, "right": 422.3454895019531, "bottom": 338.6038818359375}], "time": 21.65975594520569}
