{"im": 4397, "res": [{"class": "sofa", "prob": 0.596044659614563, "left": 272.90277099609375, "top": 86.71701049804688, "right": 315.71978759765625, "bottom": 198.88055419921875}, {"class": "sofa", "prob": 0.5670695304870605, "left": 245.55267333984375, "top": 67.83206176757812, "right": 338.7603759765625, "bottom": 214.497802734375}], "time": 0.8634588718414307}
