{"im": 3116, "res": [{"class": "sofa", "prob": 0.9265953302383423, "left": 107.4410400390625, "top": 136.95059204101562, "right": 389.34820556640625, "bottom": 308.6208801269531}], "time": 23.275622844696045}
