{"im": 112, "res": [{"class": "pottedplant", "prob": 0.999275267124176, "left": 160.45916748046875, "top": 12.22821044921875, "right": 401.9752197265625, "bottom": 346.65093994140625}], "time": 23.51058602333069}
