{"im": 1108, "res": [{"class": "train", "prob": 0.9580880403518677, "left": 283.5583190917969, "top": 224.583740234375, "right": 351.4539489746094, "bottom": 275.15789794921875}, {"class": "train", "prob": 0.9358716607093811, "left": 475.9143371582031, "top": 238.1646270751953, "right": 496.1338806152344, "bottom": 262.8981018066406}], "time": 21.042593955993652}
