{"im": 1337, "res": [{"class": "sofa", "prob": 0.9603203535079956, "left": 26.100502014160156, "top": 71.64451599121094, "right": 234.04635620117188, "bottom": 271.1676025390625}, {"class": "sofa", "prob": 0.9522091746330261, "left": 246.55628967285156, "top": 69.62657928466797, "right": 478.68243408203125, "bottom": 246.58905029296875}], "time": 1.021493911743164}
