{"im": 1564, "res": [{"class": "pottedplant", "prob": 0.9269424676895142, "left": 16.36358642578125, "top": 49.54248046875, "right": 480.71331787109375, "bottom": 248.16842651367188}], "time": 21.663596153259277}
