{"im": 3437, "res": [{"class": "person", "prob": 0.9925417900085449, "left": 39.71690368652344, "top": 68.13137817382812, "right": 337.70428466796875, "bottom": 493.9245910644531}], "time": 21.493613243103027}
