{"im": 2475, "res": [{"class": "bird", "prob": 0.9877132773399353, "left": 141.3763427734375, "top": 124.6978759765625, "right": 453.28826904296875, "bottom": 229.18472290039062}], "time": 21.46011185646057}
