{"im": 667, "res": [{"class": "aeroplane", "prob": 0.9997994899749756, "left": 11.47845458984375, "top": 51.176918029785156, "right": 311.4917907714844, "bottom": 275.1024169921875}], "time": 21.72523593902588}
