{"im": 4119, "res": [{"class": "chair", "prob": 0.9031023383140564, "left": 238.2425537109375, "top": 194.80111694335938, "right": 438.237060546875, "bottom": 256.8128356933594}], "time": 21.611909866333008}
