{"im": 1457, "res": [{"class": "aeroplane", "prob": 0.9297659993171692, "left": 77.20565795898438, "top": 66.78672790527344, "right": 280.192626953125, "bottom": 375.0}], "time": 0.8450512886047363}
