{"im": 4137, "res": [{"class": "pottedplant", "prob": 0.9966686964035034, "left": 167.5639190673828, "top": 38.74848937988281, "right": 491.59576416015625, "bottom": 375.0}], "time": 21.64722990989685}
