{"im": 4420, "res": [{"class": "sheep", "prob": 0.9881911873817444, "left": 126.75371551513672, "top": 42.95539093017578, "right": 322.56109619140625, "bottom": 240.08126831054688}, {"class": "aeroplane", "prob": 0.9536174535751343, "left": 32.689388275146484, "top": 4.621223449707031, "right": 134.52392578125, "bottom": 115.2083969116211}], "time": 21.390130043029785}
