{"im": 2222, "res": [{"class": "pottedplant", "prob": 0.889880895614624, "left": 69.71495819091797, "top": 203.42599487304688, "right": 308.3463134765625, "bottom": 351.2123107910156}, {"class": "sheep", "prob": 0.9719380140304565, "left": 104.09016418457031, "top": 76.17570495605469, "right": 227.8003692626953, "bottom": 218.92832946777344}], "time": 21.435468673706055}
