{"im": 5290, "res": [{"class": "bus", "prob": 0.998351514339447, "left": 34.44825744628906, "top": 22.380523681640625, "right": 321.8751220703125, "bottom": 436.350830078125}, {"class": "bus", "prob": 0.9974648356437683, "left": 2.229787826538086, "top": 86.73324584960938, "right": 61.14784240722656, "bottom": 374.055908203125}, {"class": "bus", "prob": 0.8393995761871338, "left": 316.03814697265625, "top": 220.87472534179688, "right": 345.71075439453125, "bottom": 314.4919738769531}], "time": 21.618125200271606}
