{"im": 5119, "res": [{"class": "boat", "prob": 0.9972504377365112, "left": 86.07145690917969, "top": 31.761611938476562, "right": 369.9000244140625, "bottom": 333.22808837890625}], "time": 21.600740909576416}
