{"im": 1298, "res": [{"class": "pottedplant", "prob": 0.9737938046455383, "left": 2.875274658203125, "top": 0.0, "right": 454.9607238769531, "bottom": 375.0}], "time": 21.302502155303955}
