{"im": 3453, "res": [{"class": "aeroplane", "prob": 0.9996024370193481, "left": 171.24835205078125, "top": 14.611053466796875, "right": 376.006591796875, "bottom": 303.806640625}, {"class": "bicycle", "prob": 0.9994990825653076, "left": 90.23200988769531, "top": 141.9401092529297, "right": 457.8533935546875, "bottom": 345.5399169921875}, {"class": "bird", "prob": 0.7814821600914001, "left": 177.22694396972656, "top": 0.0, "right": 495.19354248046875, "bottom": 79.5604476928711}, {"class": "bird", "prob": 0.5584474205970764, "left": 5.016059875488281, "top": 3.9393272399902344, "right": 140.92547607421875, "bottom": 90.34796142578125}], "time": 21.487765073776245}
