{"im": 1410, "res": [{"class": "car", "prob": 0.8597156405448914, "left": 67.09335327148438, "top": 88.76793670654297, "right": 360.983154296875, "bottom": 289.5603942871094}], "time": 0.8816609382629395}
