{"im": 4495, "res": [{"class": "pottedplant", "prob": 0.7603117823600769, "left": 0.9280548095703125, "top": 136.64764404296875, "right": 39.38433837890625, "bottom": 170.44976806640625}], "time": 21.382955074310303}
