{"im": 2196, "res": [{"class": "car", "prob": 0.9952365756034851, "left": 1.9994354248046875, "top": 149.51942443847656, "right": 298.51361083984375, "bottom": 331.7718505859375}, {"class": "aeroplane", "prob": 0.9908018708229065, "left": 282.7745361328125, "top": 188.50262451171875, "right": 306.524658203125, "bottom": 261.0763854980469}], "time": 21.452576160430908}
