{"im": 262, "res": [{"class": "aeroplane", "prob": 0.5787789225578308, "left": 409.3207092285156, "top": 5.871025085449219, "right": 496.9140930175781, "bottom": 143.56427001953125}, {"class": "aeroplane", "prob": 0.5646265745162964, "left": 151.4801025390625, "top": 155.34918212890625, "right": 275.46295166015625, "bottom": 371.34527587890625}], "time": 0.9215009212493896}
