{"im": 3684, "res": [{"class": "bicycle", "prob": 0.9025702476501465, "left": 114.2923583984375, "top": 125.24573516845703, "right": 441.38671875, "bottom": 310.6599426269531}, {"class": "cow", "prob": 0.6517364382743835, "left": 56.1654167175293, "top": 25.44598960876465, "right": 78.34703063964844, "bottom": 55.28025817871094}], "time": 0.8850991725921631}
