{"im": 85, "res": [{"class": "pottedplant", "prob": 0.9380484819412231, "left": 174.0286865234375, "top": 62.256805419921875, "right": 378.64263916015625, "bottom": 347.0}], "time": 0.8540430068969727}
