{"im": 5408, "res": [{"class": "bus", "prob": 0.999890148639679, "left": 123.71694946289062, "top": 59.96307373046875, "right": 414.5798034667969, "bottom": 306.86474609375}, {"class": "bus", "prob": 0.9728469252586365, "left": 396.48541259765625, "top": 84.22057342529297, "right": 480.76513671875, "bottom": 257.5948486328125}, {"class": "bus", "prob": 0.9334140419960022, "left": 7.204402923583984, "top": 70.41822814941406, "right": 74.49041748046875, "bottom": 358.759765625}], "time": 21.52112102508545}
