{"im": 1598, "res": [{"class": "person", "prob": 0.9952049851417542, "left": 165.84161376953125, "top": 109.24488067626953, "right": 266.98199462890625, "bottom": 330.9858093261719}], "time": 21.772413969039917}
