{"im": 4814, "res": [{"class": "boat", "prob": 0.9985975027084351, "left": 24.679153442382812, "top": 118.2628173828125, "right": 315.2828369140625, "bottom": 429.65728759765625}], "time": 21.449796676635742}
