{"im": 1498, "res": [{"class": "car", "prob": 0.8974422216415405, "left": 5.60284423828125, "top": 49.52362060546875, "right": 448.1515808105469, "bottom": 282.6154479980469}], "time": 21.67278528213501}
