{"im": 248, "res": [{"class": "aeroplane", "prob": 0.9995824694633484, "left": 21.828689575195312, "top": 0.0, "right": 153.92848205566406, "bottom": 335.0}, {"class": "aeroplane", "prob": 0.9992490410804749, "left": 271.4454040527344, "top": 0.0, "right": 390.4225769042969, "bottom": 335.0}, {"class": "aeroplane", "prob": 0.9984567761421204, "left": 76.9530258178711, "top": 8.336898803710938, "right": 322.5123291015625, "bottom": 330.9197998046875}], "time": 21.43758726119995}
