{"im": 1776, "res": [{"class": "bird", "prob": 0.9459406137466431, "left": 50.062530517578125, "top": 222.30397033691406, "right": 98.01382446289062, "bottom": 271.64068603515625}, {"class": "bird", "prob": 0.936641275882721, "left": 20.87252426147461, "top": 216.79129028320312, "right": 125.95951843261719, "bottom": 275.7238464355469}], "time": 1.0358610153198242}
