{"im": 382, "res": [{"class": "aeroplane", "prob": 0.949846625328064, "left": 154.63128662109375, "top": 47.06800842285156, "right": 327.4095764160156, "bottom": 272.55426025390625}], "time": 23.001542806625366}
