{"im": 5099, "res": [{"class": "sheep", "prob": 0.9976931810379028, "left": 216.620849609375, "top": 198.3750457763672, "right": 336.9735107421875, "bottom": 306.4649658203125}, {"class": "sheep", "prob": 0.9541813135147095, "left": 57.36845016479492, "top": 198.169677734375, "right": 147.1374969482422, "bottom": 286.27166748046875}, {"class": "sheep", "prob": 0.986282467842102, "left": 334.95172119140625, "top": 200.07640075683594, "right": 442.8194580078125, "bottom": 294.2525634765625}], "time": 21.425517082214355}
