{"im": 5700, "res": [{"class": "bus", "prob": 0.9266891479492188, "left": 121.17990112304688, "top": 157.52847290039062, "right": 425.9361267089844, "bottom": 475.2723083496094}], "time": 0.845538854598999}
