{"im": 2213, "res": [{"class": "person", "prob": 0.5026252269744873, "left": 89.5963134765625, "top": 215.4015350341797, "right": 325.9753112792969, "bottom": 374.34234619140625}], "time": 0.8864178657531738}
