{"im": 927, "res": [{"class": "aeroplane", "prob": 0.9846152663230896, "left": 45.50959777832031, "top": 116.09941101074219, "right": 130.7588653564453, "bottom": 337.61700439453125}, {"class": "aeroplane", "prob": 0.7435708045959473, "left": 175.3583984375, "top": 100.68170166015625, "right": 298.4505310058594, "bottom": 368.81640625}], "time": 0.8707840442657471}
