{"im": 3800, "res": [{"class": "pottedplant", "prob": 0.9997333288192749, "left": 157.11370849609375, "top": 109.53792572021484, "right": 327.6037292480469, "bottom": 314.73052978515625}], "time": 21.84973430633545}
