{"im": 5454, "res": [{"class": "pottedplant", "prob": 0.5060845017433167, "left": 6.0409698486328125, "top": 95.20219421386719, "right": 254.42247009277344, "bottom": 481.6168212890625}], "time": 0.8568799495697021}
