{"im": 4260, "res": [{"class": "motorbike", "prob": 0.6683241128921509, "left": 128.6214141845703, "top": 73.4310302734375, "right": 322.46075439453125, "bottom": 356.9093322753906}, {"class": "pottedplant", "prob": 0.9633910059928894, "left": 174.0601806640625, "top": 148.68199157714844, "right": 281.23297119140625, "bottom": 219.10169982910156}], "time": 21.528210878372192}
