{"im": 3195, "res": [{"class": "aeroplane", "prob": 0.9895184636116028, "left": 10.17236328125, "top": 93.67721557617188, "right": 325.5810852050781, "bottom": 337.262939453125}], "time": 21.771424055099487}
