{"im": 2686, "res": [{"class": "aeroplane", "prob": 0.9466872215270996, "left": 12.294265747070312, "top": 40.240875244140625, "right": 364.7874755859375, "bottom": 495.7270812988281}], "time": 21.464320182800293}
