{"im": 390, "res": [{"class": "aeroplane", "prob": 0.9997845888137817, "left": 134.55819702148438, "top": 22.81914520263672, "right": 349.17327880859375, "bottom": 244.83547973632812}], "time": 21.730342864990234}
