{"im": 614, "res": [{"class": "boat", "prob": 0.8525563478469849, "left": 190.98886108398438, "top": 134.44180297851562, "right": 447.7127380371094, "bottom": 236.13711547851562}, {"class": "aeroplane", "prob": 0.9247856736183167, "left": 221.7698974609375, "top": 105.14218139648438, "right": 336.7579345703125, "bottom": 182.28607177734375}], "time": 21.618913173675537}
