{"im": 2033, "res": [{"class": "bird", "prob": 0.594893217086792, "left": 74.58525085449219, "top": 68.27071380615234, "right": 500.0, "bottom": 290.43450927734375}], "time": 0.827362060546875}
