{"im": 1864, "res": [{"class": "bird", "prob": 0.6580913066864014, "left": 143.99124145507812, "top": 305.6141052246094, "right": 189.630859375, "bottom": 327.9138488769531}], "time": 0.8324790000915527}
