{"im": 1250, "res": [{"class": "bus", "prob": 0.9365754127502441, "left": 88.84559631347656, "top": 239.31011962890625, "right": 193.8426971435547, "bottom": 282.08648681640625}], "time": 21.183287143707275}
