{"im": 5813, "res": [{"class": "aeroplane", "prob": 0.9960670471191406, "left": 367.8741149902344, "top": 118.43714141845703, "right": 500.0, "bottom": 370.4657287597656}, {"class": "aeroplane", "prob": 0.9942399859428406, "left": 1.4453048706054688, "top": 122.07032012939453, "right": 112.93587493896484, "bottom": 374.1365966796875}], "time": 21.939100980758667}
