{"im": 4512, "res": [{"class": "bird", "prob": 0.9788724184036255, "left": 23.177276611328125, "top": 94.27058410644531, "right": 464.208740234375, "bottom": 264.57830810546875}], "time": 21.391854286193848}
