{"im": 146, "res": [{"class": "pottedplant", "prob": 0.9955644011497498, "left": 57.6368408203125, "top": 115.40835571289062, "right": 257.3381652832031, "bottom": 376.2739562988281}], "time": 21.579599857330322}
