{"im": 3181, "res": [{"class": "sheep", "prob": 0.7664346098899841, "left": 92.26226043701172, "top": 4.43536376953125, "right": 327.292236328125, "bottom": 256.4112243652344}], "time": 0.8329601287841797}
