{"im": 3263, "res": [{"class": "pottedplant", "prob": 0.9841816425323486, "left": 81.29838562011719, "top": 133.74948120117188, "right": 333.0, "bottom": 427.8772888183594}], "time": 21.835310697555542}
