{"im": 5762, "res": [{"class": "aeroplane", "prob": 0.7346095442771912, "left": 159.07546997070312, "top": 115.93891906738281, "right": 331.6984558105469, "bottom": 356.6849365234375}], "time": 0.9183061122894287}
