{"im": 883, "res": [{"class": "aeroplane", "prob": 0.9965607523918152, "left": 144.9010467529297, "top": 164.84498596191406, "right": 213.7408905029297, "bottom": 354.6805419921875}, {"class": "aeroplane", "prob": 0.9960244297981262, "left": 71.52373504638672, "top": 146.834716796875, "right": 142.20767211914062, "bottom": 368.6932373046875}], "time": 21.124863147735596}
