{"im": 2403, "res": [{"class": "sofa", "prob": 0.993113100528717, "left": 0.0, "top": 0.0, "right": 329.43804931640625, "bottom": 500.0}], "time": 21.483164072036743}
