{"im": 903, "res": [{"class": "aeroplane", "prob": 0.8477520942687988, "left": 213.06884765625, "top": 11.9310302734375, "right": 452.84918212890625, "bottom": 369.24578857421875}], "time": 0.8947148323059082}
