{"im": 4578, "res": [{"class": "pottedplant", "prob": 0.9909814596176147, "left": 170.17384338378906, "top": 101.18667602539062, "right": 427.12213134765625, "bottom": 258.4568786621094}], "time": 21.431879997253418}
