{"im": 1095, "res": [{"class": "aeroplane", "prob": 0.9945674538612366, "left": 0.0, "top": 64.02133178710938, "right": 333.0, "bottom": 499.3088684082031}], "time": 21.14060115814209}
