{"im": 5567, "res": [{"class": "bus", "prob": 0.9988594055175781, "left": 0.0, "top": 56.277862548828125, "right": 347.9246520996094, "bottom": 375.0}], "time": 21.609449863433838}
