{"im": 1773, "res": [{"class": "bottle", "prob": 0.8522423505783081, "left": 120.71208190917969, "top": 107.40695190429688, "right": 464.89862060546875, "bottom": 206.394775390625}], "time": 1.2087838649749756}
