{"im": 4368, "res": [{"class": "aeroplane", "prob": 0.5686833262443542, "left": 429.2447509765625, "top": 207.06878662109375, "right": 438.2896728515625, "bottom": 223.82559204101562}], "time": 0.877061128616333}
