{"im": 1540, "res": [{"class": "pottedplant", "prob": 0.6605109572410583, "left": 16.966705322265625, "top": 24.433151245117188, "right": 485.9887390136719, "bottom": 309.0262451171875}], "time": 0.992901086807251}
