{"im": 5486, "res": [{"class": "car", "prob": 0.9998611807823181, "left": 107.40052795410156, "top": 110.12870025634766, "right": 405.0770263671875, "bottom": 341.3972473144531}], "time": 21.487532138824463}
