{"im": 2031, "res": [{"class": "aeroplane", "prob": 0.9987872838973999, "left": 61.236351013183594, "top": 32.45774841308594, "right": 270.8883361816406, "bottom": 375.0}, {"class": "aeroplane", "prob": 0.9981213212013245, "left": 326.441650390625, "top": 44.92942810058594, "right": 498.91619873046875, "bottom": 373.9232177734375}, {"class": "aeroplane", "prob": 0.7436602115631104, "left": 18.925430297851562, "top": 36.907379150390625, "right": 72.2150650024414, "bottom": 91.79820251464844}], "time": 21.87845492362976}
