{"im": 4853, "res": [{"class": "person", "prob": 0.9006760716438293, "left": 16.004547119140625, "top": 14.265701293945312, "right": 328.8529968261719, "bottom": 300.49383544921875}], "time": 21.512287139892578}
