{"im": 231, "res": [{"class": "sheep", "prob": 0.9897611141204834, "left": 46.9185791015625, "top": 18.240333557128906, "right": 446.86749267578125, "bottom": 272.66162109375}], "time": 21.46472716331482}
