{"im": 429, "res": [{"class": "aeroplane", "prob": 0.9998764395713806, "left": 9.0411376953125, "top": 45.25706481933594, "right": 319.7159729003906, "bottom": 375.0}, {"class": "aeroplane", "prob": 0.9980462789535522, "left": 228.98179626464844, "top": 50.9083251953125, "right": 492.1414794921875, "bottom": 375.0}], "time": 21.655344009399414}
