{"im": 2089, "res": [{"class": "person", "prob": 0.9852114319801331, "left": 118.43145751953125, "top": 33.85676574707031, "right": 383.1791687011719, "bottom": 306.0}], "time": 21.644273042678833}
