{"im": 5706, "res": [{"class": "sofa", "prob": 0.9969711899757385, "left": 185.5802001953125, "top": 161.7480926513672, "right": 303.333740234375, "bottom": 254.45631408691406}, {"class": "aeroplane", "prob": 0.997252345085144, "left": 220.85614013671875, "top": 143.17263793945312, "right": 250.429443359375, "bottom": 216.8277587890625}], "time": 21.422329664230347}
