{"im": 5139, "res": [{"class": "person", "prob": 0.5310243368148804, "left": 68.00495910644531, "top": 198.1226348876953, "right": 193.3046417236328, "bottom": 264.0693054199219}], "time": 0.8804590702056885}
