{"im": 160, "res": [{"class": "aeroplane", "prob": 0.9421197175979614, "left": 80.37068176269531, "top": 274.88665771484375, "right": 108.83177185058594, "bottom": 344.296630859375}, {"class": "aeroplane", "prob": 0.8413373827934265, "left": 351.34259033203125, "top": 141.6998748779297, "right": 500.0, "bottom": 402.11138916015625}], "time": 1.1018800735473633}
