{"im": 1924, "res": [{"class": "pottedplant", "prob": 0.9245728254318237, "left": 40.28096008300781, "top": 149.6881866455078, "right": 350.15069580078125, "bottom": 372.98724365234375}], "time": 21.68835186958313}
