{"im": 4189, "res": [{"class": "pottedplant", "prob": 0.8851898312568665, "left": 25.472061157226562, "top": 17.560836791992188, "right": 469.11181640625, "bottom": 383.22491455078125}], "time": 21.684732913970947}
