{"im": 1838, "res": [{"class": "aeroplane", "prob": 0.7539709806442261, "left": 29.594154357910156, "top": 7.666961669921875, "right": 209.38442993164062, "bottom": 322.04150390625}], "time": 0.8309938907623291}
