{"im": 4953, "res": [{"class": "aeroplane", "prob": 0.9518760442733765, "left": 5.55377197265625, "top": 0.0, "right": 312.7077941894531, "bottom": 240.500244140625}], "time": 21.46329617500305}
