{"im": 5139, "res": [{"class": "person", "prob": 0.9833917617797852, "left": 42.867347717285156, "top": 201.56842041015625, "right": 200.91171264648438, "bottom": 255.05996704101562}, {"class": "person", "prob": 0.8994950652122498, "left": 283.749755859375, "top": 196.78671264648438, "right": 408.53460693359375, "bottom": 276.59368896484375}], "time": 21.452383041381836}
