{"im": 411, "res": [{"class": "aeroplane", "prob": 0.5377044677734375, "left": 46.5716552734375, "top": 51.63920593261719, "right": 200.43994140625, "bottom": 294.3057861328125}], "time": 0.8386123180389404}
