{"im": 472, "res": [{"class": "aeroplane", "prob": 0.9878973364830017, "left": 207.09063720703125, "top": 128.75003051757812, "right": 334.25732421875, "bottom": 253.316650390625}], "time": 21.511293172836304}
