{"im": 2471, "res": [{"class": "sofa", "prob": 0.7966602444648743, "left": 347.0283508300781, "top": 94.41893005371094, "right": 500.0, "bottom": 196.3583526611328}, {"class": "sofa", "prob": 0.5978325605392456, "left": 400.8079833984375, "top": 110.11248016357422, "right": 468.40045166015625, "bottom": 179.55413818359375}, {"class": "sofa", "prob": 0.9133492112159729, "left": 164.29348754882812, "top": 71.83656311035156, "right": 318.6612548828125, "bottom": 193.94383239746094}], "time": 0.8405001163482666}
