{"im": 5629, "res": [{"class": "aeroplane", "prob": 0.9600507616996765, "left": 43.87858581542969, "top": 0.0, "right": 344.25177001953125, "bottom": 500.0}], "time": 21.212416887283325}
