{"im": 3724, "res": [{"class": "train", "prob": 0.9765489101409912, "left": 117.53753662109375, "top": 125.26011657714844, "right": 357.83612060546875, "bottom": 426.68890380859375}, {"class": "train", "prob": 0.5272617936134338, "left": 163.52899169921875, "top": 3.5350341796875, "right": 254.56607055664062, "bottom": 118.2609634399414}, {"class": "train", "prob": 0.6435365676879883, "left": 50.144615173339844, "top": 123.38137817382812, "right": 133.17538452148438, "bottom": 268.81756591796875}], "time": 21.5191752910614}
