{"im": 4691, "res": [{"class": "aeroplane", "prob": 0.9911212921142578, "left": 13.384780883789062, "top": 186.90672302246094, "right": 191.70872497558594, "bottom": 459.5230712890625}, {"class": "aeroplane", "prob": 0.9884743690490723, "left": 214.35140991210938, "top": 123.167236328125, "right": 375.0, "bottom": 275.38824462890625}, {"class": "aeroplane", "prob": 0.596439003944397, "left": 284.5529479980469, "top": 135.33082580566406, "right": 371.7481994628906, "bottom": 243.29139709472656}], "time": 23.46250295639038}
