{"im": 4046, "res": [{"class": "aeroplane", "prob": 0.6441949605941772, "left": 43.42076110839844, "top": 214.60366821289062, "right": 340.17645263671875, "bottom": 491.1383972167969}, {"class": "aeroplane", "prob": 0.8829732537269592, "left": 58.40869903564453, "top": 64.36964416503906, "right": 267.8901672363281, "bottom": 334.45306396484375}], "time": 23.10394525527954}
