{"im": 5295, "res": [{"class": "bottle", "prob": 0.5206916332244873, "left": 117.35263061523438, "top": 80.8952407836914, "right": 363.11248779296875, "bottom": 258.6153259277344}], "time": 0.9152820110321045}
