{"im": 5150, "res": [{"class": "bottle", "prob": 0.5784361958503723, "left": 154.6124267578125, "top": 57.13577651977539, "right": 331.8170471191406, "bottom": 176.9077911376953}], "time": 0.8501899242401123}
