{"im": 4726, "res": [{"class": "aeroplane", "prob": 0.7518662810325623, "left": 126.28504943847656, "top": 190.81607055664062, "right": 206.71839904785156, "bottom": 285.4013366699219}, {"class": "aeroplane", "prob": 0.5611640810966492, "left": 146.03855895996094, "top": 199.38267517089844, "right": 183.2184600830078, "bottom": 274.1263427734375}], "time": 0.8692781925201416}
