{"im": 992, "res": [{"class": "aeroplane", "prob": 0.9858130812644958, "left": 332.092041015625, "top": 313.77069091796875, "right": 350.17156982421875, "bottom": 353.9735107421875}, {"class": "aeroplane", "prob": 0.9716712236404419, "left": 285.4825439453125, "top": 315.9518127441406, "right": 303.327392578125, "bottom": 352.1498107910156}, {"class": "aeroplane", "prob": 0.6817251443862915, "left": 423.97393798828125, "top": 355.1548767089844, "right": 436.93951416015625, "bottom": 369.4927062988281}, {"class": "chair", "prob": 0.6683170199394226, "left": 16.686843872070312, "top": 177.22958374023438, "right": 38.24319839477539, "bottom": 185.6798095703125}], "time": 1.150536298751831}
