{"im": 572, "res": [{"class": "aeroplane", "prob": 0.793513834476471, "left": 146.57843017578125, "top": 162.0263671875, "right": 225.30673217773438, "bottom": 365.03692626953125}, {"class": "aeroplane", "prob": 0.6898833513259888, "left": 166.07244873046875, "top": 208.18209838867188, "right": 197.29632568359375, "bottom": 338.2057800292969}], "time": 0.8304660320281982}
