{"im": 1023, "res": [{"class": "aeroplane", "prob": 0.9997693300247192, "left": 137.44700622558594, "top": 208.05374145507812, "right": 198.8465118408203, "bottom": 333.8788757324219}, {"class": "aeroplane", "prob": 0.9993163347244263, "left": 97.74532318115234, "top": 200.872802734375, "right": 145.6080780029297, "bottom": 325.74835205078125}], "time": 21.08928084373474}
