{"im": 5063, "res": [{"class": "car", "prob": 0.5287155508995056, "left": 19.188095092773438, "top": 74.47129821777344, "right": 479.3587646484375, "bottom": 270.1810302734375}], "time": 0.8594679832458496}
