{"im": 2331, "res": [{"class": "bottle", "prob": 0.9979568123817444, "left": 0.0, "top": 25.09417724609375, "right": 500.0, "bottom": 189.94683837890625}], "time": 21.41851019859314}
