{"im": 2979, "res": [{"class": "sofa", "prob": 0.9965687394142151, "left": 17.84698486328125, "top": 12.976654052734375, "right": 383.51409912109375, "bottom": 315.46099853515625}], "time": 21.58921504020691}
