{"im": 1806, "res": [{"class": "car", "prob": 0.9995540976524353, "left": 5.1999359130859375, "top": 62.76689147949219, "right": 333.0, "bottom": 492.50689697265625}, {"class": "aeroplane", "prob": 0.9829316139221191, "left": 206.114501953125, "top": 156.0238037109375, "right": 264.8235168457031, "bottom": 215.47064208984375}, {"class": "aeroplane", "prob": 0.948577880859375, "left": 141.05020141601562, "top": 202.53729248046875, "right": 182.98611450195312, "bottom": 306.36895751953125}], "time": 21.61633038520813}
