{"im": 737, "res": [{"class": "aeroplane", "prob": 0.9981791973114014, "left": 72.02130126953125, "top": 86.1851806640625, "right": 367.213134765625, "bottom": 497.18359375}], "time": 21.567444801330566}
