{"im": 298, "res": [{"class": "aeroplane", "prob": 0.9997477531433105, "left": 136.24681091308594, "top": 86.14448547363281, "right": 405.3275146484375, "bottom": 361.005126953125}], "time": 21.74432682991028}
