{"im": 2418, "res": [{"class": "bottle", "prob": 0.9977848529815674, "left": 23.02972412109375, "top": 39.0799560546875, "right": 484.9593811035156, "bottom": 224.35028076171875}], "time": 21.39757513999939}
