{"im": 980, "res": [{"class": "aeroplane", "prob": 0.8843081593513489, "left": 5.700401306152344, "top": 228.85069274902344, "right": 173.426025390625, "bottom": 383.7913818359375}], "time": 0.8493010997772217}
