{"im": 944, "res": [{"class": "aeroplane", "prob": 0.9941180944442749, "left": 20.28301239013672, "top": 49.289276123046875, "right": 257.2794189453125, "bottom": 416.2574768066406}], "time": 21.091450929641724}
