{"im": 5354, "res": [{"class": "motorbike", "prob": 0.6516563892364502, "left": 310.4255676269531, "top": 155.4097900390625, "right": 412.5687561035156, "bottom": 238.99850463867188}, {"class": "motorbike", "prob": 0.7237733602523804, "left": 335.366455078125, "top": 167.1595001220703, "right": 381.1322021484375, "bottom": 232.22557067871094}, {"class": "motorbike", "prob": 0.5367150902748108, "left": 398.5784912109375, "top": 187.267822265625, "right": 500.0, "bottom": 251.93765258789062}], "time": 1.056663990020752}
