{"im": 3686, "res": [{"class": "sheep", "prob": 0.6753947138786316, "left": 0.0, "top": 3.8003997802734375, "right": 493.5439147949219, "bottom": 326.2857666015625}], "time": 21.53434419631958}
