{"im": 901, "res": [{"class": "aeroplane", "prob": 0.9239367246627808, "left": 143.7584686279297, "top": 28.555038452148438, "right": 277.2757568359375, "bottom": 353.1148681640625}, {"class": "aeroplane", "prob": 0.5478231906890869, "left": 252.12908935546875, "top": 17.643539428710938, "right": 399.3206787109375, "bottom": 355.64398193359375}], "time": 0.8285501003265381}
