{"im": 4000, "res": [{"class": "aeroplane", "prob": 0.8995955586433411, "left": 251.92701721191406, "top": 174.788330078125, "right": 386.76959228515625, "bottom": 375.0}], "time": 0.8604748249053955}
