{"im": 1375, "res": [{"class": "sofa", "prob": 0.997805118560791, "left": 54.4510498046875, "top": 20.463634490966797, "right": 206.52346801757812, "bottom": 125.60368347167969}, {"class": "sofa", "prob": 0.9885213375091553, "left": 93.3223876953125, "top": 34.45030975341797, "right": 170.66925048828125, "bottom": 109.44078826904297}, {"class": "sofa", "prob": 0.8258129358291626, "left": 328.17645263671875, "top": 30.36486053466797, "right": 484.82659912109375, "bottom": 169.9493408203125}, {"class": "train", "prob": 0.7090663313865662, "left": 328.17645263671875, "top": 30.36486053466797, "right": 484.82659912109375, "bottom": 169.9493408203125}], "time": 0.9483911991119385}
