{"im": 2612, "res": [{"class": "tvmonitor", "prob": 0.9957130551338196, "left": 128.48843383789062, "top": 38.57476806640625, "right": 477.0044250488281, "bottom": 334.6694030761719}, {"class": "tvmonitor", "prob": 0.9803400635719299, "left": 140.32928466796875, "top": 130.36737060546875, "right": 189.88131713867188, "bottom": 214.90042114257812}, {"class": "tvmonitor", "prob": 0.5042064785957336, "left": 92.16165161132812, "top": 165.48696899414062, "right": 122.58670043945312, "bottom": 185.79733276367188}], "time": 21.446075916290283}
