{"im": 5074, "res": [{"class": "sheep", "prob": 0.9874138236045837, "left": 19.383255004882812, "top": 28.36260986328125, "right": 434.1953125, "bottom": 315.9371337890625}], "time": 21.378378868103027}
