{"im": 2803, "res": [{"class": "person", "prob": 0.9984447956085205, "left": 169.377197265625, "top": 101.27820587158203, "right": 335.36859130859375, "bottom": 218.11541748046875}], "time": 21.43758797645569}
