{"im": 3071, "res": [{"class": "person", "prob": 0.9942162036895752, "left": 230.8907012939453, "top": 52.73524475097656, "right": 407.150390625, "bottom": 333.18243408203125}], "time": 21.673606872558594}
