{"im": 843, "res": [{"class": "bicycle", "prob": 0.503972589969635, "left": 58.089996337890625, "top": 33.68394470214844, "right": 500.0, "bottom": 350.5628662109375}], "time": 0.8381021022796631}
