{"im": 5603, "res": [{"class": "person", "prob": 0.6040650606155396, "left": 174.61492919921875, "top": 158.93310546875, "right": 334.26519775390625, "bottom": 370.79156494140625}], "time": 21.0603449344635}
