{"im": 2221, "res": [{"class": "sofa", "prob": 0.9929918646812439, "left": 144.81829833984375, "top": 87.45358276367188, "right": 339.8298645019531, "bottom": 235.03680419921875}, {"class": "sofa", "prob": 0.8404427170753479, "left": 27.304176330566406, "top": 83.0224838256836, "right": 212.52859497070312, "bottom": 259.26605224609375}], "time": 21.572264909744263}
