{"im": 1076, "res": [{"class": "sofa", "prob": 0.9365656971931458, "left": 52.028465270996094, "top": 105.52275085449219, "right": 185.59854125976562, "bottom": 231.38133239746094}, {"class": "sofa", "prob": 0.8922698497772217, "left": 61.35777282714844, "top": 59.10455322265625, "right": 344.8349609375, "bottom": 230.43914794921875}], "time": 21.105907917022705}
