{"im": 4689, "res": [{"class": "aeroplane", "prob": 0.6074725985527039, "left": 124.8117446899414, "top": 110.51152038574219, "right": 315.5278625488281, "bottom": 320.44061279296875}], "time": 0.957111120223999}
