{"im": 1804, "res": [{"class": "bicycle", "prob": 0.7434764504432678, "left": 348.6081848144531, "top": 266.1693115234375, "right": 468.2344665527344, "bottom": 344.187744140625}, {"class": "aeroplane", "prob": 0.6087344288825989, "left": 341.1835632324219, "top": 176.2933349609375, "right": 457.5410461425781, "bottom": 343.481201171875}], "time": 0.835118293762207}
