{"im": 188, "res": [{"class": "aeroplane", "prob": 0.9990248680114746, "left": 0.0, "top": 92.39266967773438, "right": 230.7384490966797, "bottom": 480.0}, {"class": "aeroplane", "prob": 0.9923904538154602, "left": 140.3832550048828, "top": 0.0, "right": 464.1102294921875, "bottom": 480.0}], "time": 21.539122104644775}
