{"im": 2557, "res": [{"class": "car", "prob": 0.9994945526123047, "left": 176.00064086914062, "top": 148.1184539794922, "right": 389.4438171386719, "bottom": 277.33563232421875}, {"class": "aeroplane", "prob": 0.9566172361373901, "left": 240.01925659179688, "top": 219.92431640625, "right": 249.4996337890625, "bottom": 258.94000244140625}], "time": 21.54695701599121}
