{"im": 1954, "res": [{"class": "aeroplane", "prob": 0.9235197901725769, "left": 341.7833251953125, "top": 112.10294342041016, "right": 478.35662841796875, "bottom": 291.109375}, {"class": "aeroplane", "prob": 0.6586377620697021, "left": 10.776718139648438, "top": 96.13624572753906, "right": 194.49220275878906, "bottom": 332.9178466796875}, {"class": "aeroplane", "prob": 0.6200404763221741, "left": 236.68209838867188, "top": 100.1479263305664, "right": 320.6566467285156, "bottom": 242.9422607421875}, {"class": "aeroplane", "prob": 0.5335256457328796, "left": 298.8652648925781, "top": 108.54182434082031, "right": 369.8819885253906, "bottom": 238.5391082763672}], "time": 0.8724749088287354}
