{"im": 1803, "res": [{"class": "bird", "prob": 0.629355251789093, "left": 0.0, "top": 20.950958251953125, "right": 500.0, "bottom": 306.9273376464844}, {"class": "cat", "prob": 0.816425085067749, "left": 0.0, "top": 20.950958251953125, "right": 500.0, "bottom": 306.9273376464844}, {"class": "bird", "prob": 0.9755992293357849, "left": 407.54840087890625, "top": 3.9007530212402344, "right": 497.7767333984375, "bottom": 109.68305969238281}], "time": 21.67693591117859}
