{"im": 513, "res": [{"class": "person", "prob": 0.98108971118927, "left": 8.431587219238281, "top": 155.68011474609375, "right": 231.22271728515625, "bottom": 338.88482666015625}, {"class": "chair", "prob": 0.5105598568916321, "left": 3.8369598388671875, "top": 275.4377136230469, "right": 157.13099670410156, "bottom": 500.0}], "time": 21.649993896484375}
