{"im": 200, "res": [{"class": "bottle", "prob": 0.5459645390510559, "left": 29.1822509765625, "top": 104.99286651611328, "right": 500.0, "bottom": 283.1983642578125}], "time": 0.98486328125}
