{"im": 3371, "res": [{"class": "aeroplane", "prob": 0.9988870024681091, "left": 157.21588134765625, "top": 50.19525146484375, "right": 334.6736145019531, "bottom": 239.85003662109375}, {"class": "boat", "prob": 0.9971314072608948, "left": 45.48150634765625, "top": 109.28489685058594, "right": 405.4876403808594, "bottom": 290.34014892578125}], "time": 22.076158046722412}
