{"im": 2511, "res": [{"class": "aeroplane", "prob": 0.9996944665908813, "left": 55.88294219970703, "top": 135.4159393310547, "right": 241.84310913085938, "bottom": 405.1983642578125}], "time": 21.432250022888184}
