{"im": 3945, "res": [{"class": "bird", "prob": 0.9864448308944702, "left": 165.15895080566406, "top": 288.0565185546875, "right": 229.3093719482422, "bottom": 310.1749267578125}, {"class": "bird", "prob": 0.9214425683021545, "left": 353.5676574707031, "top": 277.31268310546875, "right": 372.6819152832031, "bottom": 322.96490478515625}], "time": 21.7143771648407}
