{"im": 4440, "res": [{"class": "pottedplant", "prob": 0.9998830556869507, "left": 138.99160766601562, "top": 15.837932586669922, "right": 258.7254638671875, "bottom": 97.93528747558594}, {"class": "pottedplant", "prob": 0.9688264727592468, "left": 104.20016479492188, "top": 169.43685913085938, "right": 380.98077392578125, "bottom": 371.3583679199219}], "time": 21.381036043167114}
