{"im": 2328, "res": [{"class": "aeroplane", "prob": 0.7666295766830444, "left": 128.76702880859375, "top": 74.76156616210938, "right": 239.37142944335938, "bottom": 375.0}, {"class": "aeroplane", "prob": 0.6563352346420288, "left": 231.93496704101562, "top": 107.33778381347656, "right": 349.4920349121094, "bottom": 374.3524169921875}], "time": 0.8364558219909668}
