{"im": 2891, "res": [{"class": "aeroplane", "prob": 0.9993086457252502, "left": 155.64898681640625, "top": 68.36930847167969, "right": 330.02288818359375, "bottom": 499.5972900390625}, {"class": "aeroplane", "prob": 0.9977935552597046, "left": 35.126991271972656, "top": 82.41847229003906, "right": 182.84381103515625, "bottom": 500.0}], "time": 21.51695990562439}
