{"im": 617, "res": [{"class": "boat", "prob": 0.8586173057556152, "left": 79.13030242919922, "top": 149.95697021484375, "right": 251.35235595703125, "bottom": 414.580810546875}], "time": 21.911826848983765}
