{"im": 1187, "res": [{"class": "aeroplane", "prob": 0.8831809759140015, "left": 247.52940368652344, "top": 116.04976654052734, "right": 276.1430358886719, "bottom": 157.13775634765625}], "time": 1.0986082553863525}
