{"im": 1882, "res": [{"class": "bird", "prob": 0.9239633679389954, "left": 73.234619140625, "top": 134.3211669921875, "right": 429.6983337402344, "bottom": 236.04888916015625}], "time": 21.654305934906006}
