{"im": 2490, "res": [{"class": "tvmonitor", "prob": 0.7655978798866272, "left": 79.17947387695312, "top": 31.04578399658203, "right": 256.9361267089844, "bottom": 215.56698608398438}], "time": 0.8441329002380371}
