{"im": 423, "res": [{"class": "aeroplane", "prob": 0.9995564818382263, "left": 75.44387817382812, "top": 158.06997680664062, "right": 197.75393676757812, "bottom": 307.60174560546875}, {"class": "aeroplane", "prob": 0.9277811646461487, "left": 233.23828125, "top": 113.09901428222656, "right": 286.01239013671875, "bottom": 188.7616424560547}, {"class": "aeroplane", "prob": 0.7703871726989746, "left": 312.412109375, "top": 81.19047546386719, "right": 399.12335205078125, "bottom": 299.74365234375}, {"class": "aeroplane", "prob": 0.6470667719841003, "left": 316.3403625488281, "top": 89.55169677734375, "right": 396.4309997558594, "bottom": 192.03012084960938}], "time": 21.762052059173584}
