{"im": 4858, "res": [{"class": "bicycle", "prob": 0.9997830390930176, "left": 13.246017456054688, "top": 72.75932312011719, "right": 492.32257080078125, "bottom": 365.2259521484375}], "time": 21.457969188690186}
