{"im": 2411, "res": [{"class": "bicycle", "prob": 0.9719984531402588, "left": 122.5016098022461, "top": 162.07858276367188, "right": 319.5697326660156, "bottom": 370.4140930175781}, {"class": "aeroplane", "prob": 0.66505366563797, "left": 148.53857421875, "top": 21.395675659179688, "right": 290.87249755859375, "bottom": 341.54644775390625}], "time": 0.8727128505706787}
