{"im": 3493, "res": [{"class": "sheep", "prob": 0.8765314221382141, "left": 10.521957397460938, "top": 57.8499755859375, "right": 384.27978515625, "bottom": 305.3113708496094}], "time": 21.487518787384033}
