{"im": 4542, "res": [{"class": "bicycle", "prob": 0.9994729161262512, "left": 44.09931945800781, "top": 144.23779296875, "right": 350.14794921875, "bottom": 333.0}], "time": 21.359416007995605}
