{"im": 5687, "res": [{"class": "aeroplane", "prob": 0.9586525559425354, "left": 114.36372375488281, "top": 165.76736450195312, "right": 238.69081115722656, "bottom": 484.6991271972656}], "time": 0.8642439842224121}
