{"im": 58, "res": [{"class": "sheep", "prob": 0.9683037996292114, "left": 119.95087432861328, "top": 124.42424011230469, "right": 290.6773376464844, "bottom": 312.11322021484375}], "time": 21.84332799911499}
