{"im": 4187, "res": [{"class": "bird", "prob": 0.7299637198448181, "left": 4.081855773925781, "top": 63.26323699951172, "right": 158.86245727539062, "bottom": 209.06805419921875}, {"class": "bird", "prob": 0.7659422755241394, "left": 314.1101989746094, "top": 86.91735076904297, "right": 471.0827941894531, "bottom": 261.3026428222656}, {"class": "bird", "prob": 0.5562398433685303, "left": 48.07475280761719, "top": 73.27098083496094, "right": 432.37786865234375, "bottom": 308.25616455078125}], "time": 0.8375442028045654}
