{"im": 2216, "res": [{"class": "aeroplane", "prob": 0.5493965148925781, "left": 123.75759887695312, "top": 275.9488220214844, "right": 142.9140625, "bottom": 317.5606994628906}], "time": 0.8384590148925781}
