{"im": 3509, "res": [{"class": "bus", "prob": 0.999935507774353, "left": 93.78492736816406, "top": 65.18104553222656, "right": 467.42633056640625, "bottom": 273.88134765625}, {"class": "bus", "prob": 0.6044590473175049, "left": 484.724609375, "top": 131.9662628173828, "right": 499.74224853515625, "bottom": 204.19154357910156}], "time": 21.604914903640747}
