{"im": 63, "res": [{"class": "bird", "prob": 0.9990783929824829, "left": 253.41925048828125, "top": 349.9268798828125, "right": 317.8673095703125, "bottom": 379.0277099609375}, {"class": "bird", "prob": 0.7255911231040955, "left": 13.806188583374023, "top": 338.0640563964844, "right": 27.86431312561035, "bottom": 354.5073547363281}], "time": 21.51912808418274}
