{"im": 1532, "res": [{"class": "bird", "prob": 0.9996180534362793, "left": 254.37203979492188, "top": 0.159942626953125, "right": 475.7582092285156, "bottom": 75.5875015258789}, {"class": "bird", "prob": 0.7185778021812439, "left": 51.878448486328125, "top": 28.382232666015625, "right": 490.0550842285156, "bottom": 341.18145751953125}, {"class": "cat", "prob": 0.5755345821380615, "left": 51.878448486328125, "top": 28.382232666015625, "right": 490.0550842285156, "bottom": 341.18145751953125}, {"class": "bird", "prob": 0.9730331897735596, "left": 200.95431518554688, "top": 0.0, "right": 293.92657470703125, "bottom": 42.745304107666016}], "time": 21.828425884246826}
