{"im": 2956, "res": [{"class": "aeroplane", "prob": 0.6057262420654297, "left": 210.08309936523438, "top": 356.1551513671875, "right": 229.01666259765625, "bottom": 391.72845458984375}], "time": 0.8748841285705566}
