{"im": 755, "res": [{"class": "pottedplant", "prob": 0.9890047311782837, "left": 55.445220947265625, "top": 35.39451599121094, "right": 492.5906677246094, "bottom": 243.96461486816406}], "time": 22.314589023590088}
