{"im": 1340, "res": [{"class": "sheep", "prob": 0.901045560836792, "left": 192.13075256347656, "top": 251.11746215820312, "right": 408.16619873046875, "bottom": 373.1307067871094}], "time": 1.0213301181793213}
