{"im": 3155, "res": [{"class": "train", "prob": 0.988501250743866, "left": 116.6613540649414, "top": 117.28265380859375, "right": 316.5269775390625, "bottom": 376.43267822265625}, {"class": "train", "prob": 0.9904083013534546, "left": 10.949356079101562, "top": 203.82449340820312, "right": 252.0169219970703, "bottom": 468.8664245605469}, {"class": "aeroplane", "prob": 0.920024573802948, "left": 309.1525573730469, "top": 100.83592224121094, "right": 325.4960021972656, "bottom": 205.2430877685547}], "time": 21.830985069274902}
