{"im": 317, "res": [{"class": "aeroplane", "prob": 0.9993855953216553, "left": 168.44004821777344, "top": 123.60780334472656, "right": 335.085205078125, "bottom": 472.1856689453125}], "time": 21.894502878189087}
