{"im": 760, "res": [{"class": "aeroplane", "prob": 0.9989179372787476, "left": 229.03488159179688, "top": 30.85919189453125, "right": 493.0148010253906, "bottom": 333.4194030761719}, {"class": "aeroplane", "prob": 0.9976517558097839, "left": 0.0, "top": 71.73696899414062, "right": 153.1945037841797, "bottom": 314.288330078125}], "time": 21.9130642414093}
