{"im": 5514, "res": [{"class": "aeroplane", "prob": 0.977046012878418, "left": 215.52154541015625, "top": 97.6513671875, "right": 439.01513671875, "bottom": 373.91082763671875}, {"class": "aeroplane", "prob": 0.8848960399627686, "left": 21.94342803955078, "top": 149.00885009765625, "right": 261.1004638671875, "bottom": 373.62066650390625}, {"class": "aeroplane", "prob": 0.9285019636154175, "left": 311.9370422363281, "top": 116.3436279296875, "right": 459.0570983886719, "bottom": 371.33221435546875}], "time": 21.08850407600403}
