{"im": 4615, "res": [{"class": "sofa", "prob": 0.717395544052124, "left": 77.82015991210938, "top": 27.114273071289062, "right": 348.99005126953125, "bottom": 329.29193115234375}], "time": 0.8255071640014648}
