{"im": 1422, "res": [{"class": "chair", "prob": 0.5784339308738708, "left": 4.252918243408203, "top": 107.80754089355469, "right": 131.56565856933594, "bottom": 342.55560302734375}], "time": 1.0405840873718262}
