{"im": 4271, "res": [{"class": "train", "prob": 0.9932039976119995, "left": 206.4833984375, "top": 317.9207763671875, "right": 236.774169921875, "bottom": 345.58392333984375}, {"class": "train", "prob": 0.8847153782844543, "left": 204.43260192871094, "top": 343.788330078125, "right": 250.2170867919922, "bottom": 376.44171142578125}, {"class": "train", "prob": 0.943588137626648, "left": 119.32162475585938, "top": 324.8258972167969, "right": 130.25306701660156, "bottom": 337.2316589355469}, {"class": "train", "prob": 0.9498003721237183, "left": 130.32208251953125, "top": 327.6773681640625, "right": 148.61465454101562, "bottom": 345.33154296875}], "time": 22.178425788879395}
