{"im": 3771, "res": [{"class": "aeroplane", "prob": 0.5518386960029602, "left": 274.9288330078125, "top": 3.522552490234375, "right": 439.9132080078125, "bottom": 169.1377410888672}], "time": 0.8874220848083496}
