{"im": 510, "res": [{"class": "aeroplane", "prob": 0.9992494583129883, "left": 0.0, "top": 78.392578125, "right": 234.85556030273438, "bottom": 488.0443115234375}, {"class": "aeroplane", "prob": 0.9970664978027344, "left": 150.9271240234375, "top": 244.40025329589844, "right": 375.0, "bottom": 500.0}], "time": 21.74676823616028}
