{"im": 2372, "res": [{"class": "bicycle", "prob": 0.9410862326622009, "left": 37.246429443359375, "top": 110.7237319946289, "right": 473.5827941894531, "bottom": 316.2208251953125}], "time": 0.8568789958953857}
