{"im": 3690, "res": [{"class": "tvmonitor", "prob": 0.8703407645225525, "left": 65.56388854980469, "top": 60.70811462402344, "right": 443.05303955078125, "bottom": 357.620849609375}], "time": 21.522991180419922}
