{"im": 3186, "res": [{"class": "boat", "prob": 0.9652822017669678, "left": 9.87152099609375, "top": 52.85826110839844, "right": 440.8830871582031, "bottom": 371.84149169921875}], "time": 21.68763494491577}
