{"im": 5444, "res": [{"class": "sofa", "prob": 0.9970551133155823, "left": 13.77630615234375, "top": 50.87811279296875, "right": 423.2008361816406, "bottom": 345.14483642578125}], "time": 21.48110270500183}
