{"im": 225, "res": [{"class": "aeroplane", "prob": 0.9747672080993652, "left": 136.79644775390625, "top": 157.80706787109375, "right": 233.1629638671875, "bottom": 375.0}, {"class": "aeroplane", "prob": 0.9745338559150696, "left": 232.00387573242188, "top": 125.44706726074219, "right": 348.7575378417969, "bottom": 375.0}], "time": 1.037825107574463}
