{"im": 703, "res": [{"class": "cat", "prob": 0.9830648899078369, "left": 48.204345703125, "top": 105.13633728027344, "right": 493.96881103515625, "bottom": 343.72296142578125}, {"class": "aeroplane", "prob": 0.9692071080207825, "left": 11.291803359985352, "top": 142.3632354736328, "right": 47.53062438964844, "bottom": 194.44529724121094}, {"class": "aeroplane", "prob": 0.8491710424423218, "left": 59.051273345947266, "top": 166.4864501953125, "right": 80.29264831542969, "bottom": 183.9910888671875}], "time": 21.558489084243774}
