{"im": 453, "res": [{"class": "aeroplane", "prob": 0.9989194273948669, "left": 159.25662231445312, "top": 51.611968994140625, "right": 237.22970581054688, "bottom": 354.39691162109375}, {"class": "aeroplane", "prob": 0.9980061650276184, "left": 1.6028099060058594, "top": 10.9952392578125, "right": 109.32087707519531, "bottom": 500.0}, {"class": "aeroplane", "prob": 0.9977220296859741, "left": 216.9386444091797, "top": 71.68463134765625, "right": 267.4450988769531, "bottom": 290.8984069824219}, {"class": "aeroplane", "prob": 0.9879753589630127, "left": 77.18226623535156, "top": 65.65200805664062, "right": 154.93109130859375, "bottom": 438.76153564453125}], "time": 21.736600875854492}
