{"im": 3174, "res": [{"class": "bottle", "prob": 0.5147505402565002, "left": 24.321685791015625, "top": 60.09828186035156, "right": 500.0, "bottom": 201.95729064941406}], "time": 0.9018099308013916}
