{"im": 1787, "res": [{"class": "aeroplane", "prob": 0.9983552694320679, "left": 11.362838745117188, "top": 0.0, "right": 491.5037841796875, "bottom": 326.9642333984375}], "time": 21.638254165649414}
