{"im": 1631, "res": [{"class": "pottedplant", "prob": 0.7498703598976135, "left": 3.5719833374023438, "top": 50.175933837890625, "right": 218.2879638671875, "bottom": 206.787353515625}], "time": 21.647802114486694}
