{"im": 1757, "res": [{"class": "bird", "prob": 0.9085786938667297, "left": 77.9267578125, "top": 58.99394226074219, "right": 427.9665222167969, "bottom": 146.11032104492188}, {"class": "sheep", "prob": 0.6911418437957764, "left": 273.5052185058594, "top": 69.41937255859375, "right": 311.1429748535156, "bottom": 83.32856750488281}], "time": 21.68134832382202}
