{"im": 5249, "res": [{"class": "aeroplane", "prob": 0.7327927947044373, "left": 224.42715454101562, "top": 104.17973327636719, "right": 248.62228393554688, "bottom": 156.7659454345703}, {"class": "sofa", "prob": 0.5481767654418945, "left": 193.4183349609375, "top": 137.03466796875, "right": 255.68365478515625, "bottom": 214.3426513671875}, {"class": "sofa", "prob": 0.50966477394104, "left": 164.832275390625, "top": 115.15311431884766, "right": 283.49249267578125, "bottom": 221.34036254882812}], "time": 0.8301870822906494}
