{"im": 3180, "res": [{"class": "person", "prob": 0.6882573366165161, "left": 188.84500122070312, "top": 105.24185180664062, "right": 332.5214538574219, "bottom": 246.92138671875}, {"class": "person", "prob": 0.5315582752227783, "left": 236.7541961669922, "top": 121.69114685058594, "right": 286.82012939453125, "bottom": 228.55189514160156}], "time": 0.9059691429138184}
