{"im": 1965, "res": [{"class": "aeroplane", "prob": 0.938007116317749, "left": 328.1988830566406, "top": 39.48979187011719, "right": 429.5798645019531, "bottom": 352.15838623046875}, {"class": "aeroplane", "prob": 0.8468500971794128, "left": 145.27569580078125, "top": 41.273162841796875, "right": 283.0022277832031, "bottom": 350.2069091796875}, {"class": "aeroplane", "prob": 0.6598190665245056, "left": 212.46322631835938, "top": 47.793365478515625, "right": 290.5421447753906, "bottom": 343.7358703613281}], "time": 0.8822710514068604}
