{"im": 156, "res": [{"class": "aeroplane", "prob": 0.9997196197509766, "left": 85.20851135253906, "top": 103.01205444335938, "right": 375.0, "bottom": 493.1156311035156}], "time": 21.57502317428589}
