{"im": 2286, "res": [{"class": "aeroplane", "prob": 0.6791645884513855, "left": 7.5738525390625, "top": 23.3228759765625, "right": 397.291748046875, "bottom": 316.3371276855469}], "time": 21.442826986312866}
