{"im": 4126, "res": [{"class": "sofa", "prob": 0.999376654624939, "left": 133.953369140625, "top": 174.9376678466797, "right": 363.5878601074219, "bottom": 330.31219482421875}, {"class": "aeroplane", "prob": 0.9940891265869141, "left": 448.4165954589844, "top": 207.48223876953125, "right": 469.8500061035156, "bottom": 259.65472412109375}, {"class": "aeroplane", "prob": 0.9501944184303284, "left": 481.15179443359375, "top": 202.89064025878906, "right": 499.30633544921875, "bottom": 260.7406311035156}, {"class": "aeroplane", "prob": 0.8103756308555603, "left": 3.757892608642578, "top": 140.546142578125, "right": 81.00819396972656, "bottom": 221.24148559570312}], "time": 21.63156509399414}
