{"im": 3104, "res": [{"class": "aeroplane", "prob": 0.9556469321250916, "left": 332.6799621582031, "top": 137.02481079101562, "right": 474.0962829589844, "bottom": 374.5586242675781}, {"class": "aeroplane", "prob": 0.8037629127502441, "left": 119.52362823486328, "top": 77.72615051269531, "right": 290.8574523925781, "bottom": 368.8990478515625}], "time": 1.1402487754821777}
