{"im": 5115, "res": [{"class": "sheep", "prob": 0.9994725584983826, "left": 117.49727630615234, "top": 60.36582946777344, "right": 348.6717224121094, "bottom": 322.8306884765625}], "time": 21.43631076812744}
