{"im": 1476, "res": [{"class": "sheep", "prob": 0.9983829259872437, "left": 127.63683319091797, "top": 21.416122436523438, "right": 255.6861572265625, "bottom": 242.66334533691406}], "time": 21.64634609222412}
