{"im": 5219, "res": [{"class": "bottle", "prob": 0.9969257116317749, "left": 175.4717559814453, "top": 83.29536437988281, "right": 307.44219970703125, "bottom": 203.5264129638672}], "time": 21.452143907546997}
