{"im": 93, "res": [{"class": "aeroplane", "prob": 0.5641435980796814, "left": 66.24354553222656, "top": 193.44407653808594, "right": 330.78497314453125, "bottom": 500.0}], "time": 1.1139740943908691}
