{"im": 4509, "res": [{"class": "aeroplane", "prob": 0.9950721859931946, "left": 4.9187774658203125, "top": 95.05659484863281, "right": 414.88677978515625, "bottom": 495.2103271484375}], "time": 21.449663877487183}
