{"im": 4453, "res": [{"class": "sheep", "prob": 0.5166774392127991, "left": 86.49116516113281, "top": 0.0, "right": 473.7763671875, "bottom": 374.0}], "time": 21.58529496192932}
