{"im": 3777, "res": [{"class": "sheep", "prob": 0.7734675407409668, "left": 47.11732482910156, "top": 29.762542724609375, "right": 461.0, "bottom": 469.8917236328125}], "time": 21.78863787651062}
