{"im": 2936, "res": [{"class": "aeroplane", "prob": 0.5649446845054626, "left": 78.16889190673828, "top": 115.85887145996094, "right": 333.5999450683594, "bottom": 500.0}], "time": 0.824927806854248}
