{"im": 4630, "res": [{"class": "chair", "prob": 0.9954729080200195, "left": 228.6189422607422, "top": 107.2199478149414, "right": 328.9847412109375, "bottom": 256.4412841796875}, {"class": "aeroplane", "prob": 0.859982430934906, "left": 280.6131896972656, "top": 235.05519104003906, "right": 291.3622131347656, "bottom": 246.8019256591797}, {"class": "aeroplane", "prob": 0.7803991436958313, "left": 2.0961685180664062, "top": 164.08847045898438, "right": 129.10470581054688, "bottom": 372.5623474121094}], "time": 21.355036735534668}
