{"im": 2104, "res": [{"class": "person", "prob": 0.5829343795776367, "left": 75.42691040039062, "top": 102.12474060058594, "right": 247.73721313476562, "bottom": 476.3668212890625}], "time": 0.8312942981719971}
