{"im": 586, "res": [{"class": "sheep", "prob": 0.7404137849807739, "left": 213.80809020996094, "top": 12.00042724609375, "right": 423.13055419921875, "bottom": 298.1500244140625}], "time": 0.8900752067565918}
