{"im": 4419, "res": [{"class": "bottle", "prob": 0.6845580339431763, "left": 3.491363525390625, "top": 44.483734130859375, "right": 492.48834228515625, "bottom": 242.85403442382812}], "time": 1.0405690670013428}
