{"im": 903, "res": [{"class": "sheep", "prob": 0.9984968900680542, "left": 106.1592025756836, "top": 155.28683471679688, "right": 200.73590087890625, "bottom": 324.50048828125}, {"class": "aeroplane", "prob": 0.977229118347168, "left": 198.05966186523438, "top": 17.321792602539062, "right": 473.2289123535156, "bottom": 374.70654296875}], "time": 20.98296618461609}
