{"im": 4714, "res": [{"class": "car", "prob": 0.7279661297798157, "left": 269.52471923828125, "top": 132.15667724609375, "right": 477.793212890625, "bottom": 220.282958984375}, {"class": "car", "prob": 0.6161550879478455, "left": 339.3021545410156, "top": 149.04124450683594, "right": 417.9514465332031, "bottom": 207.4027557373047}], "time": 0.874683141708374}
