{"im": 647, "res": [{"class": "bird", "prob": 0.6965097784996033, "left": 75.98838806152344, "top": 150.26553344726562, "right": 409.15802001953125, "bottom": 303.0819396972656}, {"class": "aeroplane", "prob": 0.5366708636283875, "left": 85.26995849609375, "top": 135.57676696777344, "right": 208.26361083984375, "bottom": 369.030029296875}], "time": 0.8465578556060791}
