{"im": 5343, "res": [{"class": "car", "prob": 0.998196542263031, "left": 141.47549438476562, "top": 88.27721405029297, "right": 271.6666259765625, "bottom": 236.1817626953125}, {"class": "car", "prob": 0.9955681562423706, "left": 276.79180908203125, "top": 63.95073699951172, "right": 497.77471923828125, "bottom": 262.4065856933594}], "time": 21.47255778312683}
