{"im": 5581, "res": [{"class": "pottedplant", "prob": 0.9911863207817078, "left": 239.34725952148438, "top": 146.71310424804688, "right": 278.5312805175781, "bottom": 225.40325927734375}], "time": 21.15524196624756}
