{"im": 3457, "res": [{"class": "pottedplant", "prob": 0.754219114780426, "left": 224.46932983398438, "top": 148.7349395751953, "right": 365.9219055175781, "bottom": 238.7947235107422}, {"class": "pottedplant", "prob": 0.5744087100028992, "left": 272.31304931640625, "top": 164.00790405273438, "right": 328.19024658203125, "bottom": 225.43994140625}], "time": 0.9138002395629883}
