{"im": 4091, "res": [{"class": "train", "prob": 0.7862406969070435, "left": 305.9308166503906, "top": 123.77146911621094, "right": 416.1570739746094, "bottom": 193.9160614013672}, {"class": "train", "prob": 0.6265615820884705, "left": 0.0, "top": 147.10585021972656, "right": 141.66683959960938, "bottom": 231.72581481933594}], "time": 22.03531503677368}
