{"im": 4741, "res": [{"class": "tvmonitor", "prob": 0.9985824227333069, "left": 124.84800720214844, "top": 125.2623291015625, "right": 378.97686767578125, "bottom": 317.7602233886719}], "time": 21.464900255203247}
