{"im": 2194, "res": [{"class": "bird", "prob": 0.9411538243293762, "left": 34.5445442199707, "top": 27.830982208251953, "right": 93.30699157714844, "bottom": 54.35268020629883}, {"class": "car", "prob": 0.985820472240448, "left": 13.087799072265625, "top": 61.93590545654297, "right": 486.21533203125, "bottom": 307.9219665527344}, {"class": "car", "prob": 0.583167314529419, "left": 0.0, "top": 100.5109634399414, "right": 210.6966552734375, "bottom": 271.0118408203125}], "time": 21.431313037872314}
