{"im": 2525, "res": [{"class": "bus", "prob": 0.8223076462745667, "left": 0.0, "top": 23.834243774414062, "right": 453.04754638671875, "bottom": 328.07293701171875}, {"class": "bus", "prob": 0.5510246753692627, "left": 8.147717475891113, "top": 176.10052490234375, "right": 36.55532455444336, "bottom": 208.21414184570312}, {"class": "bus", "prob": 0.5383522510528564, "left": 425.04583740234375, "top": 36.33325958251953, "right": 500.0, "bottom": 285.3560485839844}], "time": 0.8334951400756836}
