{"im": 1655, "res": [{"class": "boat", "prob": 0.9939488172531128, "left": 32.229644775390625, "top": 0.0, "right": 410.7395935058594, "bottom": 333.516357421875}, {"class": "aeroplane", "prob": 0.9977995753288269, "left": 370.76556396484375, "top": 115.58830261230469, "right": 498.98492431640625, "bottom": 375.0}], "time": 21.67489528656006}
