{"im": 1995, "res": [{"class": "aeroplane", "prob": 0.8725137114524841, "left": 259.6642761230469, "top": 75.46366882324219, "right": 388.5708312988281, "bottom": 194.8417205810547}, {"class": "aeroplane", "prob": 0.7340003252029419, "left": 54.88572311401367, "top": 86.50491333007812, "right": 176.10174560546875, "bottom": 269.2044982910156}], "time": 0.892798900604248}
