{"im": 5218, "res": [{"class": "aeroplane", "prob": 0.9705296158790588, "left": 313.44879150390625, "top": 74.78404998779297, "right": 491.6568603515625, "bottom": 328.78704833984375}, {"class": "aeroplane", "prob": 0.6341626644134521, "left": 3.3426361083984375, "top": 148.70529174804688, "right": 115.89673614501953, "bottom": 333.0}], "time": 0.858677864074707}
