{"im": 4435, "res": [{"class": "person", "prob": 0.8135111331939697, "left": 117.51461791992188, "top": 7.01068115234375, "right": 379.5778503417969, "bottom": 331.8670959472656}], "time": 21.459309816360474}
