{"im": 4994, "res": [{"class": "person", "prob": 0.5883252620697021, "left": 160.9636993408203, "top": 99.80331420898438, "right": 345.29345703125, "bottom": 248.12823486328125}], "time": 0.8282029628753662}
