{"im": 5591, "res": [{"class": "train", "prob": 0.6176674962043762, "left": 175.10195922851562, "top": 216.17906188964844, "right": 267.33154296875, "bottom": 280.8385314941406}], "time": 21.114224910736084}
