{"im": 3707, "res": [{"class": "bird", "prob": 0.956698477268219, "left": 276.35662841796875, "top": 158.39703369140625, "right": 374.02874755859375, "bottom": 211.97479248046875}], "time": 21.492568969726562}
