{"im": 5240, "res": [{"class": "bird", "prob": 0.9336405396461487, "left": 0.9231719970703125, "top": 189.8212890625, "right": 119.79024505615234, "bottom": 291.50347900390625}, {"class": "bird", "prob": 0.8429417014122009, "left": 32.732666015625, "top": 206.0130157470703, "right": 88.29924774169922, "bottom": 275.246826171875}, {"class": "cat", "prob": 0.6566804051399231, "left": 92.79519653320312, "top": 126.02938079833984, "right": 438.7802429199219, "bottom": 298.8026428222656}], "time": 0.8686931133270264}
