{"im": 1148, "res": [{"class": "aeroplane", "prob": 0.8762847781181335, "left": 23.44335174560547, "top": 73.91136169433594, "right": 221.47702026367188, "bottom": 300.3310546875}], "time": 0.8821289539337158}
