{"im": 456, "res": [{"class": "aeroplane", "prob": 0.9999654293060303, "left": 128.17611694335938, "top": 102.62429809570312, "right": 174.74905395507812, "bottom": 260.4000549316406}, {"class": "aeroplane", "prob": 0.9994637966156006, "left": 82.5745620727539, "top": 270.05706787109375, "right": 292.93853759765625, "bottom": 499.15106201171875}], "time": 21.61396598815918}
