{"im": 2088, "res": [{"class": "sofa", "prob": 0.9933484792709351, "left": 292.7973937988281, "top": 194.18922424316406, "right": 347.6427917480469, "bottom": 237.45298767089844}, {"class": "aeroplane", "prob": 0.9804663062095642, "left": 300.35797119140625, "top": 175.4861602783203, "right": 326.11328125, "bottom": 220.2783966064453}, {"class": "sofa", "prob": 0.806007981300354, "left": 416.0362548828125, "top": 195.09027099609375, "right": 493.5469970703125, "bottom": 252.09780883789062}, {"class": "aeroplane", "prob": 0.5796531438827515, "left": 53.81769561767578, "top": 197.03457641601562, "right": 71.80690002441406, "bottom": 228.1571044921875}], "time": 21.700254917144775}
