{"im": 5523, "res": [{"class": "person", "prob": 0.6739406585693359, "left": 240.5297393798828, "top": 159.82559204101562, "right": 474.68572998046875, "bottom": 292.3127746582031}], "time": 0.8475840091705322}
