{"im": 3818, "res": [{"class": "aeroplane", "prob": 0.9921281337738037, "left": 106.33283996582031, "top": 106.29475402832031, "right": 342.68719482421875, "bottom": 325.28326416015625}], "time": 21.626025915145874}
