{"im": 1311, "res": [{"class": "pottedplant", "prob": 0.9836569428443909, "left": 34.79685974121094, "top": 0.0, "right": 405.3067626953125, "bottom": 455.0}], "time": 23.141072750091553}
