{"im": 3852, "res": [{"class": "person", "prob": 0.620155930519104, "left": 127.76842498779297, "top": 56.45924377441406, "right": 296.21575927734375, "bottom": 236.14842224121094}], "time": 0.8858580589294434}
