{"im": 5397, "res": [{"class": "bottle", "prob": 0.9989970326423645, "left": 8.369232177734375, "top": 128.8670654296875, "right": 491.98846435546875, "bottom": 290.9688720703125}], "time": 21.47035789489746}
