{"im": 4473, "res": [{"class": "aeroplane", "prob": 0.903719961643219, "left": 103.09632110595703, "top": 116.38166809082031, "right": 284.5784606933594, "bottom": 482.32012939453125}, {"class": "aeroplane", "prob": 0.5722845792770386, "left": 281.510986328125, "top": 0.0, "right": 333.0, "bottom": 331.26971435546875}], "time": 0.8721721172332764}
