{"im": 159, "res": [{"class": "aeroplane", "prob": 0.997875452041626, "left": 58.16522216796875, "top": 6.222434997558594, "right": 296.29534912109375, "bottom": 240.0}, {"class": "aeroplane", "prob": 0.7949355244636536, "left": 56.192726135253906, "top": 139.9710693359375, "right": 234.64456176757812, "bottom": 240.0}], "time": 21.488079071044922}
