{"im": 3813, "res": [{"class": "boat", "prob": 0.9993499517440796, "left": 1.2455596923828125, "top": 0.0, "right": 490.05731201171875, "bottom": 344.0}], "time": 21.601623058319092}
