{"im": 5327, "res": [{"class": "chair", "prob": 0.9950993657112122, "left": 12.842864990234375, "top": 317.01495361328125, "right": 141.07810974121094, "bottom": 391.8114013671875}], "time": 21.532490968704224}
