{"im": 4618, "res": [{"class": "aeroplane", "prob": 0.9996068477630615, "left": 24.415237426757812, "top": 27.759765625, "right": 471.0, "bottom": 500.0}, {"class": "sheep", "prob": 0.6371181607246399, "left": 1.1546630859375, "top": 212.688232421875, "right": 214.05078125, "bottom": 499.52569580078125}], "time": 21.48271894454956}
