{"im": 1202, "res": [{"class": "sheep", "prob": 0.8904784917831421, "left": 154.20529174804688, "top": 56.17399597167969, "right": 336.6407470703125, "bottom": 337.17584228515625}], "time": 21.10556411743164}
