{"im": 1830, "res": [{"class": "aeroplane", "prob": 0.9782916307449341, "left": 46.780147552490234, "top": 135.16661071777344, "right": 103.70162963867188, "bottom": 232.2313690185547}, {"class": "aeroplane", "prob": 0.9773519039154053, "left": 221.3126678466797, "top": 88.5076675415039, "right": 266.27679443359375, "bottom": 159.89581298828125}, {"class": "boat", "prob": 0.935857892036438, "left": 208.40640258789062, "top": 112.7464370727539, "right": 276.67578125, "bottom": 183.988037109375}, {"class": "boat", "prob": 0.8107619285583496, "left": 42.772315979003906, "top": 178.20333862304688, "right": 109.61797332763672, "bottom": 252.39535522460938}], "time": 21.630882024765015}
