{"im": 2868, "res": [{"class": "pottedplant", "prob": 0.9933000206947327, "left": 55.77813720703125, "top": 60.05686950683594, "right": 328.94598388671875, "bottom": 500.0}], "time": 21.490543842315674}
