{"im": 383, "res": [{"class": "aeroplane", "prob": 0.9986904859542847, "left": 92.02010345458984, "top": 6.7720947265625, "right": 264.77410888671875, "bottom": 500.0}], "time": 21.568581104278564}
