{"im": 127, "res": [{"class": "aeroplane", "prob": 0.9755169749259949, "left": 200.3130645751953, "top": 74.3489990234375, "right": 462.0111083984375, "bottom": 336.0389404296875}, {"class": "aeroplane", "prob": 0.9430617094039917, "left": 91.55424499511719, "top": 113.53060150146484, "right": 239.88002014160156, "bottom": 273.8609619140625}], "time": 21.52805805206299}
