{"im": 230, "res": [{"class": "aeroplane", "prob": 0.7258448004722595, "left": 76.47328186035156, "top": 0.0, "right": 401.66851806640625, "bottom": 375.0}], "time": 0.9488000869750977}
