{"im": 5029, "res": [{"class": "train", "prob": 0.8120086789131165, "left": 10.044036865234375, "top": 130.27810668945312, "right": 224.3758087158203, "bottom": 273.8585510253906}, {"class": "train", "prob": 0.8691749572753906, "left": 194.3064422607422, "top": 111.0163803100586, "right": 367.85015869140625, "bottom": 257.593017578125}, {"class": "train", "prob": 0.9630241394042969, "left": 443.19866943359375, "top": 111.09738159179688, "right": 497.0184326171875, "bottom": 230.44525146484375}, {"class": "train", "prob": 0.5940976738929749, "left": 351.8078308105469, "top": 109.05061340332031, "right": 434.1125183105469, "bottom": 189.7002410888672}], "time": 21.444570064544678}
