{"im": 2277, "res": [{"class": "person", "prob": 0.9889625310897827, "left": 152.58615112304688, "top": 67.05775451660156, "right": 289.97589111328125, "bottom": 324.470947265625}], "time": 21.497982025146484}
