{"im": 2873, "res": [{"class": "sheep", "prob": 0.515246570110321, "left": 17.259140014648438, "top": 117.2979736328125, "right": 325.3651123046875, "bottom": 252.00115966796875}], "time": 0.8519549369812012}
