{"im": 5242, "res": [{"class": "bicycle", "prob": 0.7143205404281616, "left": 99.89170837402344, "top": 95.94420623779297, "right": 305.577880859375, "bottom": 322.634765625}, {"class": "aeroplane", "prob": 0.6994220018386841, "left": 157.68997192382812, "top": 18.22351837158203, "right": 287.1911926269531, "bottom": 252.94119262695312}], "time": 0.8679890632629395}
