{"im": 4784, "res": [{"class": "pottedplant", "prob": 0.9780787825584412, "left": 64.77556610107422, "top": 228.01248168945312, "right": 212.16604614257812, "bottom": 490.9407653808594}], "time": 21.541593074798584}
