{"im": 2732, "res": [{"class": "tvmonitor", "prob": 0.9813957810401917, "left": 109.5941162109375, "top": 116.9170150756836, "right": 404.3978271484375, "bottom": 298.20025634765625}], "time": 21.48316717147827}
