{"im": 2246, "res": [{"class": "pottedplant", "prob": 0.7586424946784973, "left": 145.88905334472656, "top": 74.70594024658203, "right": 335.07891845703125, "bottom": 301.0948486328125}], "time": 0.8483667373657227}
