{"im": 3835, "res": [{"class": "aeroplane", "prob": 0.9989954233169556, "left": 102.99260711669922, "top": 39.22515869140625, "right": 266.8786926269531, "bottom": 229.31674194335938}, {"class": "sheep", "prob": 0.9257077574729919, "left": 205.3012237548828, "top": 75.33367919921875, "right": 295.5596008300781, "bottom": 162.83236694335938}], "time": 21.571799755096436}
