{"im": 5329, "res": [{"class": "aeroplane", "prob": 0.795386791229248, "left": 80.662841796875, "top": 98.80160522460938, "right": 365.6590270996094, "bottom": 359.0337829589844}], "time": 0.9946999549865723}
