{"im": 5455, "res": [{"class": "pottedplant", "prob": 0.7441587448120117, "left": 0.0, "top": 122.6973876953125, "right": 491.92022705078125, "bottom": 312.7437438964844}], "time": 21.52278709411621}
