{"im": 2683, "res": [{"class": "aeroplane", "prob": 0.9983241558074951, "left": 190.014892578125, "top": 111.81550598144531, "right": 399.9144287109375, "bottom": 354.36676025390625}, {"class": "aeroplane", "prob": 0.9970147013664246, "left": 14.857475280761719, "top": 108.11944580078125, "right": 149.4024658203125, "bottom": 282.1116943359375}, {"class": "aeroplane", "prob": 0.981917142868042, "left": 380.5328674316406, "top": 56.88401794433594, "right": 500.0, "bottom": 368.59161376953125}], "time": 21.611069917678833}
