{"im": 5340, "res": [{"class": "bottle", "prob": 0.9014386534690857, "left": 0.0, "top": 18.724029541015625, "right": 466.7457275390625, "bottom": 298.09515380859375}, {"class": "cat", "prob": 0.7804102897644043, "left": 483.5203552246094, "top": 152.21218872070312, "right": 500.0, "bottom": 177.93988037109375}, {"class": "bottle", "prob": 0.7425569891929626, "left": 305.7967834472656, "top": 86.97062683105469, "right": 347.5729064941406, "bottom": 98.31974792480469}, {"class": "bottle", "prob": 0.6527841687202454, "left": 373.8648681640625, "top": 88.32563781738281, "right": 409.2384033203125, "bottom": 96.72639465332031}], "time": 21.493629932403564}
