{"im": 3414, "res": [{"class": "bottle", "prob": 0.9994910955429077, "left": 17.714996337890625, "top": 157.82086181640625, "right": 229.806396484375, "bottom": 211.29180908203125}], "time": 21.61675715446472}
