{"im": 4376, "res": [{"class": "boat", "prob": 0.9984562397003174, "left": 26.045120239257812, "top": 55.81524658203125, "right": 468.59844970703125, "bottom": 316.3578186035156}, {"class": "bird", "prob": 0.878403902053833, "left": 37.785377502441406, "top": 84.36705780029297, "right": 62.062034606933594, "bottom": 103.99214935302734}, {"class": "cat", "prob": 0.5078608393669128, "left": 219.59225463867188, "top": 98.19081115722656, "right": 271.8271484375, "bottom": 111.69287109375}], "time": 21.388906002044678}
