{"im": 4323, "res": [{"class": "sheep", "prob": 0.6320802569389343, "left": 31.346534729003906, "top": 52.812469482421875, "right": 243.826904296875, "bottom": 442.0447692871094}], "time": 0.8531210422515869}
