{"im": 719, "res": [{"class": "aeroplane", "prob": 0.9927322864532471, "left": 0.0, "top": 59.10115051269531, "right": 339.28717041015625, "bottom": 490.9837646484375}], "time": 21.669168949127197}
