{"im": 3794, "res": [{"class": "person", "prob": 0.9702616333961487, "left": 214.31362915039062, "top": 107.39915466308594, "right": 290.7602233886719, "bottom": 256.388916015625}], "time": 21.837263822555542}
