{"im": 4268, "res": [{"class": "aeroplane", "prob": 0.9999275207519531, "left": 265.2512512207031, "top": 19.741531372070312, "right": 429.4723815917969, "bottom": 381.47576904296875}, {"class": "train", "prob": 0.6459549069404602, "left": 1.7805633544921875, "top": 171.0708770751953, "right": 281.30194091796875, "bottom": 370.68145751953125}, {"class": "tvmonitor", "prob": 0.743100106716156, "left": 1.7805633544921875, "top": 171.0708770751953, "right": 281.30194091796875, "bottom": 370.68145751953125}], "time": 22.272773265838623}
