{"im": 551, "res": [{"class": "aeroplane", "prob": 0.9988223314285278, "left": 257.95654296875, "top": 0.0, "right": 455.47552490234375, "bottom": 295.0}], "time": 0.8833930492401123}
