{"im": 4771, "res": [{"class": "chair", "prob": 0.9399570822715759, "left": 53.84162902832031, "top": 15.6295166015625, "right": 492.319580078125, "bottom": 315.57763671875}], "time": 21.404536247253418}
