{"im": 4395, "res": [{"class": "aeroplane", "prob": 0.9934250712394714, "left": 180.79931640625, "top": 16.651016235351562, "right": 436.61798095703125, "bottom": 282.88385009765625}, {"class": "aeroplane", "prob": 0.9562192559242249, "left": 51.42597198486328, "top": 30.639175415039062, "right": 189.9334716796875, "bottom": 180.91815185546875}, {"class": "sheep", "prob": 0.5919512510299683, "left": 218.9005584716797, "top": 175.61688232421875, "right": 285.7281188964844, "bottom": 306.1900329589844}], "time": 22.540138006210327}
