{"im": 3832, "res": [{"class": "aeroplane", "prob": 0.6134820580482483, "left": 27.67932891845703, "top": 50.39263916015625, "right": 257.55401611328125, "bottom": 447.4056396484375}], "time": 0.8272740840911865}
