{"im": 2064, "res": [{"class": "bus", "prob": 0.7386541962623596, "left": 0.0, "top": 19.076553344726562, "right": 463.72918701171875, "bottom": 316.45587158203125}], "time": 0.8377940654754639}
