{"im": 2523, "res": [{"class": "tvmonitor", "prob": 0.9939014911651611, "left": 81.23983764648438, "top": 150.17942810058594, "right": 376.3289794921875, "bottom": 336.63800048828125}, {"class": "tvmonitor", "prob": 0.9786131978034973, "left": 147.16592407226562, "top": 220.97207641601562, "right": 338.2486267089844, "bottom": 345.8981018066406}], "time": 21.45810103416443}
