{"im": 5723, "res": [{"class": "bird", "prob": 0.999055802822113, "left": 0.0, "top": 159.60240173339844, "right": 131.00885009765625, "bottom": 219.9779510498047}], "time": 21.217894792556763}
