{"im": 2249, "res": [{"class": "bus", "prob": 0.9995164275169373, "left": 90.63262939453125, "top": 49.422096252441406, "right": 454.8387451171875, "bottom": 291.8739013671875}, {"class": "bird", "prob": 0.993992805480957, "left": 4.1118011474609375, "top": 198.44601440429688, "right": 82.31991577148438, "bottom": 295.607421875}, {"class": "cat", "prob": 0.7437405586242676, "left": 460.2646484375, "top": 186.6353759765625, "right": 498.85614013671875, "bottom": 224.85501098632812}], "time": 21.423319101333618}
