{"im": 4504, "res": [{"class": "bicycle", "prob": 0.9974953532218933, "left": 246.27511596679688, "top": 201.10694885253906, "right": 373.6516418457031, "bottom": 305.04608154296875}], "time": 21.404761791229248}
