{"im": 4222, "res": [{"class": "person", "prob": 0.9984694719314575, "left": 154.91629028320312, "top": 123.43782043457031, "right": 255.17379760742188, "bottom": 249.0756378173828}], "time": 21.615424156188965}
