{"im": 3647, "res": [{"class": "sofa", "prob": 0.9970186948776245, "left": 178.51585388183594, "top": 108.65924072265625, "right": 303.9103698730469, "bottom": 233.76031494140625}], "time": 21.54607605934143}
