{"im": 2373, "res": [{"class": "tvmonitor", "prob": 0.6099991798400879, "left": 288.0919189453125, "top": 187.5098114013672, "right": 431.753662109375, "bottom": 264.03448486328125}], "time": 0.8344590663909912}
