{"im": 683, "res": [{"class": "person", "prob": 0.9984632730484009, "left": 258.2813415527344, "top": 83.9666748046875, "right": 308.4128112792969, "bottom": 151.82223510742188}], "time": 21.59914231300354}
