{"im": 1274, "res": [{"class": "sheep", "prob": 0.8326100707054138, "left": 22.087203979492188, "top": 50.565032958984375, "right": 357.4390869140625, "bottom": 500.0}], "time": 21.36789608001709}
