{"im": 2090, "res": [{"class": "bus", "prob": 0.8708508014678955, "left": 39.47041320800781, "top": 36.41636657714844, "right": 464.22064208984375, "bottom": 348.447021484375}], "time": 21.881591081619263}
