{"im": 4989, "res": [{"class": "train", "prob": 0.9860531687736511, "left": 166.34474182128906, "top": 122.8880615234375, "right": 185.6978302001953, "bottom": 147.56280517578125}, {"class": "train", "prob": 0.7158976793289185, "left": 222.4064178466797, "top": 150.5991973876953, "right": 295.7727355957031, "bottom": 189.62059020996094}, {"class": "tvmonitor", "prob": 0.6458703279495239, "left": 222.4064178466797, "top": 150.5991973876953, "right": 295.7727355957031, "bottom": 189.62059020996094}, {"class": "person", "prob": 0.5125465393066406, "left": 326.26300048828125, "top": 144.06430053710938, "right": 332.50341796875, "bottom": 150.545654296875}], "time": 21.387999057769775}
