{"im": 1935, "res": [{"class": "person", "prob": 0.9994956254959106, "left": 84.07583618164062, "top": 184.08392333984375, "right": 188.37432861328125, "bottom": 332.49859619140625}, {"class": "person", "prob": 0.9814347624778748, "left": 382.51007080078125, "top": 139.66522216796875, "right": 451.96087646484375, "bottom": 257.6692199707031}, {"class": "person", "prob": 0.7565705180168152, "left": 172.13803100585938, "top": 158.1913604736328, "right": 190.962158203125, "bottom": 172.6730499267578}, {"class": "person", "prob": 0.6721716523170471, "left": 12.864337921142578, "top": 191.4875946044922, "right": 29.960556030273438, "bottom": 202.20616149902344}], "time": 21.661412715911865}
