{"im": 5355, "res": [{"class": "bicycle", "prob": 0.9961233139038086, "left": 43.05763244628906, "top": 43.98170471191406, "right": 464.712646484375, "bottom": 316.9366455078125}], "time": 21.546316146850586}
