{"im": 5286, "res": [{"class": "bottle", "prob": 0.9847198724746704, "left": 40.227378845214844, "top": 85.1027603149414, "right": 206.86013793945312, "bottom": 136.88433837890625}, {"class": "bottle", "prob": 0.9368976950645447, "left": 89.30213928222656, "top": 88.02096557617188, "right": 167.1512908935547, "bottom": 130.28558349609375}], "time": 0.8636119365692139}
