{"im": 5295, "res": [{"class": "bottle", "prob": 0.9935258030891418, "left": 99.81272888183594, "top": 77.99290466308594, "right": 379.3775634765625, "bottom": 256.80999755859375}], "time": 23.40369987487793}
