{"im": 3361, "res": [{"class": "pottedplant", "prob": 0.6350222229957581, "left": 23.171157836914062, "top": 10.74542236328125, "right": 487.379638671875, "bottom": 320.9593200683594}], "time": 21.4947612285614}
