{"im": 5274, "res": [{"class": "chair", "prob": 0.5664803385734558, "left": 155.42559814453125, "top": 272.3420104980469, "right": 334.1934509277344, "bottom": 319.2040100097656}], "time": 21.519490957260132}
