{"im": 274, "res": [{"class": "aeroplane", "prob": 0.813413679599762, "left": 316.466064453125, "top": 394.28106689453125, "right": 328.1929931640625, "bottom": 430.70831298828125}, {"class": "aeroplane", "prob": 0.6271908283233643, "left": 291.7921447753906, "top": 392.8970031738281, "right": 306.6286926269531, "bottom": 423.7611999511719}, {"class": "aeroplane", "prob": 0.5239772200584412, "left": 303.4219055175781, "top": 394.33807373046875, "right": 319.2536926269531, "bottom": 427.53643798828125}], "time": 0.9394190311431885}
