{"im": 4582, "res": [{"class": "bird", "prob": 0.9749813675880432, "left": 2.2201614379882812, "top": 37.28211212158203, "right": 184.49478149414062, "bottom": 200.21292114257812}, {"class": "bird", "prob": 0.9114024639129639, "left": 129.60873413085938, "top": 53.4960823059082, "right": 327.9404602050781, "bottom": 118.75180053710938}, {"class": "sheep", "prob": 0.7241698503494263, "left": 210.03187561035156, "top": 140.65565490722656, "right": 351.08404541015625, "bottom": 263.81561279296875}, {"class": "bird", "prob": 0.6651685237884521, "left": 470.96929931640625, "top": 80.50446319580078, "right": 499.04229736328125, "bottom": 237.00082397460938}], "time": 21.428849935531616}
