{"im": 673, "res": [{"class": "sofa", "prob": 0.9964219331741333, "left": 24.606414794921875, "top": 131.75010681152344, "right": 249.28097534179688, "bottom": 265.025146484375}, {"class": "sofa", "prob": 0.9810307621955872, "left": 196.01695251464844, "top": 132.37933349609375, "right": 408.97137451171875, "bottom": 262.2779846191406}], "time": 21.65666890144348}
