{"im": 3951, "res": [{"class": "aeroplane", "prob": 0.514773428440094, "left": 2.5375518798828125, "top": 14.865676879882812, "right": 272.04632568359375, "bottom": 340.144287109375}], "time": 0.8855588436126709}
