{"im": 3015, "res": [{"class": "car", "prob": 0.9971530437469482, "left": 4.0916900634765625, "top": 67.11363983154297, "right": 420.61663818359375, "bottom": 257.93841552734375}], "time": 21.671719789505005}
