{"im": 17, "res": [{"class": "sheep", "prob": 0.9831553101539612, "left": 1.982696533203125, "top": 91.18206787109375, "right": 364.64373779296875, "bottom": 466.88067626953125}], "time": 21.33348774909973}
