{"im": 5626, "res": [{"class": "bicycle", "prob": 0.9792678356170654, "left": 114.65176391601562, "top": 402.4721984863281, "right": 290.4789123535156, "bottom": 500.0}], "time": 21.33986473083496}
