{"im": 3417, "res": [{"class": "car", "prob": 0.8962857723236084, "left": 31.570327758789062, "top": 143.64578247070312, "right": 462.63922119140625, "bottom": 280.7989196777344}, {"class": "aeroplane", "prob": 0.8063178658485413, "left": 229.23770141601562, "top": 156.90708923339844, "right": 251.8643798828125, "bottom": 190.03431701660156}], "time": 21.482638120651245}
