{"im": 2941, "res": [{"class": "bicycle", "prob": 0.995150625705719, "left": 0.0, "top": 13.340644836425781, "right": 179.5299072265625, "bottom": 151.53909301757812}, {"class": "bicycle", "prob": 0.9974382519721985, "left": 351.7227783203125, "top": 12.88808822631836, "right": 458.36175537109375, "bottom": 97.07157897949219}, {"class": "motorbike", "prob": 0.9091689586639404, "left": 12.42190933227539, "top": 126.14757537841797, "right": 135.27442932128906, "bottom": 304.025390625}], "time": 21.5573947429657}
