{"im": 4087, "res": [{"class": "pottedplant", "prob": 0.9637429714202881, "left": 33.2393798828125, "top": 143.6939697265625, "right": 405.0627136230469, "bottom": 375.0}, {"class": "pottedplant", "prob": 0.5309705138206482, "left": 2.7232513427734375, "top": 84.06785583496094, "right": 239.94390869140625, "bottom": 244.06520080566406}], "time": 22.50995421409607}
