{"im": 3014, "res": [{"class": "sheep", "prob": 0.8317303657531738, "left": 224.59127807617188, "top": 100.79093170166016, "right": 407.6932067871094, "bottom": 209.84896850585938}], "time": 1.3013911247253418}
