{"im": 3839, "res": [{"class": "train", "prob": 0.9776179194450378, "left": 27.040733337402344, "top": 187.41268920898438, "right": 247.87765502929688, "bottom": 336.7095642089844}, {"class": "train", "prob": 0.8621483445167542, "left": 162.88040161132812, "top": 236.39208984375, "right": 331.1755676269531, "bottom": 347.578857421875}, {"class": "cat", "prob": 0.765423059463501, "left": 0.0146026611328125, "top": 35.984619140625, "right": 152.27880859375, "bottom": 185.3997039794922}, {"class": "cat", "prob": 0.6648707985877991, "left": 171.43478393554688, "top": 0.0, "right": 486.4118347167969, "bottom": 174.25454711914062}], "time": 21.57255983352661}
