{"im": 823, "res": [{"class": "aeroplane", "prob": 0.6941806077957153, "left": 131.55491638183594, "top": 93.51121520996094, "right": 300.317626953125, "bottom": 288.89923095703125}, {"class": "aeroplane", "prob": 0.661254346370697, "left": 230.91920471191406, "top": 83.08279418945312, "right": 492.95068359375, "bottom": 313.2066650390625}], "time": 0.8729829788208008}
