{"im": 3198, "res": [{"class": "boat", "prob": 0.9762537479400635, "left": 101.56086730957031, "top": 0.0, "right": 339.73626708984375, "bottom": 336.5036315917969}, {"class": "horse", "prob": 0.7447295784950256, "left": 399.3021240234375, "top": 11.542160034179688, "right": 500.0, "bottom": 368.8275146484375}], "time": 24.29961085319519}
