{"im": 2761, "res": [{"class": "boat", "prob": 0.9043034911155701, "left": 173.44296264648438, "top": 89.0511474609375, "right": 461.7933654785156, "bottom": 281.4989318847656}], "time": 0.9094517230987549}
