{"im": 3676, "res": [{"class": "aeroplane", "prob": 0.9989539980888367, "left": 3.1220474243164062, "top": 123.11202239990234, "right": 166.09689331054688, "bottom": 316.8033142089844}], "time": 21.52431011199951}
