{"im": 3703, "res": [{"class": "aeroplane", "prob": 0.9382051825523376, "left": 256.60833740234375, "top": 57.678466796875, "right": 460.53948974609375, "bottom": 333.0}, {"class": "aeroplane", "prob": 0.6621138453483582, "left": 27.180519104003906, "top": 77.64507293701172, "right": 225.6181640625, "bottom": 332.8692626953125}], "time": 0.8362948894500732}
