{"im": 1865, "res": [{"class": "person", "prob": 0.996098518371582, "left": 154.79879760742188, "top": 75.71968078613281, "right": 396.8677062988281, "bottom": 361.87371826171875}], "time": 21.83062195777893}
