{"im": 1307, "res": [{"class": "aeroplane", "prob": 0.5228118300437927, "left": 0.0, "top": 100.18093872070312, "right": 491.6956481933594, "bottom": 324.6822204589844}, {"class": "pottedplant", "prob": 0.9826541543006897, "left": 167.66957092285156, "top": 205.26194763183594, "right": 451.22357177734375, "bottom": 317.5887756347656}], "time": 23.852916955947876}
