{"im": 5317, "res": [{"class": "bus", "prob": 0.997638463973999, "left": 176.94850158691406, "top": 165.56103515625, "right": 445.0655517578125, "bottom": 262.2612609863281}, {"class": "cat", "prob": 0.6886586546897888, "left": 383.8783874511719, "top": 209.1488037109375, "right": 498.0832824707031, "bottom": 261.5459289550781}], "time": 21.458065032958984}
