{"im": 531, "res": [{"class": "aeroplane", "prob": 0.7990723252296448, "left": 131.62379455566406, "top": 46.46055603027344, "right": 231.6652069091797, "bottom": 239.4856414794922}], "time": 0.8320479393005371}
