{"im": 2453, "res": [{"class": "pottedplant", "prob": 0.9950793385505676, "left": 128.8167724609375, "top": 101.44027709960938, "right": 465.5596923828125, "bottom": 320.0253601074219}], "time": 21.501918077468872}
