{"im": 4826, "res": [{"class": "bottle", "prob": 0.9773499965667725, "left": 42.145904541015625, "top": 125.8992919921875, "right": 456.2864074707031, "bottom": 264.3122253417969}], "time": 21.431234121322632}
