{"im": 1874, "res": [{"class": "boat", "prob": 0.9989880323410034, "left": 329.0733947753906, "top": 116.71280670166016, "right": 455.9486389160156, "bottom": 357.1559143066406}], "time": 21.68508291244507}
