{"im": 3704, "res": [{"class": "sheep", "prob": 0.9441606998443604, "left": 23.573135375976562, "top": 13.229827880859375, "right": 365.301513671875, "bottom": 283.5341796875}], "time": 21.554850101470947}
