{"im": 754, "res": [{"class": "aeroplane", "prob": 0.7149811387062073, "left": 342.3666687011719, "top": 308.6084899902344, "right": 371.7283630371094, "bottom": 360.3071594238281}, {"class": "aeroplane", "prob": 0.6607854962348938, "left": 130.5025634765625, "top": 192.46250915527344, "right": 232.8148193359375, "bottom": 322.39630126953125}, {"class": "aeroplane", "prob": 0.5073610544204712, "left": 158.14743041992188, "top": 215.8709716796875, "right": 202.06527709960938, "bottom": 306.591796875}], "time": 0.855269193649292}
