{"im": 1268, "res": [{"class": "aeroplane", "prob": 0.9992968440055847, "left": 179.00924682617188, "top": 8.663619995117188, "right": 336.9477844238281, "bottom": 374.75018310546875}, {"class": "aeroplane", "prob": 0.9958110451698303, "left": 134.15725708007812, "top": 160.60348510742188, "right": 215.30902099609375, "bottom": 365.6078186035156}], "time": 21.331389904022217}
