{"im": 1203, "res": [{"class": "sofa", "prob": 0.9963212013244629, "left": 142.8376922607422, "top": 108.33638000488281, "right": 419.3818359375, "bottom": 282.504638671875}], "time": 21.112942695617676}
