{"im": 57, "res": [{"class": "aeroplane", "prob": 0.8158232569694519, "left": 74.04196166992188, "top": 67.16337585449219, "right": 332.1890563964844, "bottom": 364.87664794921875}], "time": 1.0341930389404297}
