{"im": 5262, "res": [{"class": "aeroplane", "prob": 0.9949465394020081, "left": 261.4658508300781, "top": 177.70814514160156, "right": 454.3919372558594, "bottom": 338.61077880859375}, {"class": "aeroplane", "prob": 0.9190596342086792, "left": 29.287757873535156, "top": 192.760498046875, "right": 192.36349487304688, "bottom": 293.5531311035156}], "time": 21.521295070648193}
