{"im": 5471, "res": [{"class": "aeroplane", "prob": 0.994136393070221, "left": 0.0, "top": 200.7855987548828, "right": 205.20574951171875, "bottom": 500.0}, {"class": "aeroplane", "prob": 0.9985060691833496, "left": 250.39279174804688, "top": 195.0464324951172, "right": 498.3418884277344, "bottom": 500.0}], "time": 21.540751934051514}
