{"im": 753, "res": [{"class": "bicycle", "prob": 0.6910994052886963, "left": 36.97126770019531, "top": 43.330780029296875, "right": 467.5777587890625, "bottom": 341.5963134765625}], "time": 0.8831751346588135}
