{"im": 3388, "res": [{"class": "bicycle", "prob": 0.9995613694190979, "left": 47.69929504394531, "top": 82.72732543945312, "right": 450.14422607421875, "bottom": 349.842041015625}], "time": 21.54470920562744}
