{"im": 48, "res": [{"class": "aeroplane", "prob": 0.9908987283706665, "left": 20.08086395263672, "top": 171.83670043945312, "right": 103.44363403320312, "bottom": 308.04345703125}, {"class": "aeroplane", "prob": 0.9884370565414429, "left": 282.1202392578125, "top": 97.65579223632812, "right": 429.92987060546875, "bottom": 300.6006164550781}, {"class": "aeroplane", "prob": 0.9601951837539673, "left": 255.6216583251953, "top": 139.5703125, "right": 313.05426025390625, "bottom": 233.24749755859375}, {"class": "aeroplane", "prob": 0.6776592135429382, "left": 246.54490661621094, "top": 134.62847900390625, "right": 325.299072265625, "bottom": 296.803466796875}], "time": 21.670104026794434}
