{"im": 1014, "res": [{"class": "aeroplane", "prob": 0.9996907114982605, "left": 134.0323486328125, "top": 90.76434326171875, "right": 375.235107421875, "bottom": 339.2867431640625}, {"class": "aeroplane", "prob": 0.9949361681938171, "left": 429.1024475097656, "top": 121.54432678222656, "right": 500.0, "bottom": 354.23944091796875}, {"class": "aeroplane", "prob": 0.9481052756309509, "left": 103.14358520507812, "top": 67.48419189453125, "right": 241.95184326171875, "bottom": 355.2312316894531}, {"class": "aeroplane", "prob": 0.9330529570579529, "left": 2.4929656982421875, "top": 101.79074096679688, "right": 178.2922821044922, "bottom": 375.0}], "time": 21.178871154785156}
