{"im": 621, "res": [{"class": "aeroplane", "prob": 0.7515422105789185, "left": 269.9786071777344, "top": 68.74586486816406, "right": 474.4739685058594, "bottom": 366.9066162109375}], "time": 0.9067120552062988}
