{"im": 5193, "res": [{"class": "aeroplane", "prob": 0.9944433569908142, "left": 35.16215515136719, "top": 0.0, "right": 455.84857177734375, "bottom": 372.3082580566406}], "time": 21.540524005889893}
