{"im": 1660, "res": [{"class": "bicycle", "prob": 0.9985811114311218, "left": 40.969451904296875, "top": 100.39544677734375, "right": 362.4266662597656, "bottom": 326.5225524902344}, {"class": "aeroplane", "prob": 0.9964783191680908, "left": 149.98175048828125, "top": 19.5166015625, "right": 333.9894714355469, "bottom": 270.0207824707031}], "time": 21.638108253479004}
