{"im": 1439, "res": [{"class": "pottedplant", "prob": 0.9844754338264465, "left": 23.532394409179688, "top": 170.5992889404297, "right": 309.05548095703125, "bottom": 480.3729248046875}], "time": 21.661559104919434}
