{"im": 5462, "res": [{"class": "aeroplane", "prob": 0.9991607666015625, "left": 134.59251403808594, "top": 82.99436950683594, "right": 241.1221466064453, "bottom": 365.9935302734375}, {"class": "aeroplane", "prob": 0.9919338822364807, "left": 279.5349426269531, "top": 91.85964965820312, "right": 365.1430969238281, "bottom": 352.1435241699219}, {"class": "aeroplane", "prob": 0.9851408004760742, "left": 1.0405693054199219, "top": 84.71788024902344, "right": 86.88954162597656, "bottom": 360.7509765625}, {"class": "aeroplane", "prob": 0.9078214168548584, "left": 381.32220458984375, "top": 97.98924255371094, "right": 479.39202880859375, "bottom": 260.0672607421875}], "time": 21.49135112762451}
