{"im": 631, "res": [{"class": "sheep", "prob": 0.8733554482460022, "left": 31.36884307861328, "top": 112.10955810546875, "right": 101.68372344970703, "bottom": 206.54693603515625}, {"class": "sheep", "prob": 0.7694394588470459, "left": 49.082298278808594, "top": 127.58560943603516, "right": 83.77547454833984, "bottom": 194.35223388671875}], "time": 0.844120979309082}
