{"im": 5699, "res": [{"class": "pottedplant", "prob": 0.9788722395896912, "left": 1.2036285400390625, "top": 0.0, "right": 500.0, "bottom": 375.0}], "time": 21.67919635772705}
