{"im": 4402, "res": [{"class": "sheep", "prob": 0.8321173787117004, "left": 8.748199462890625, "top": 4.98211669921875, "right": 276.6321105957031, "bottom": 495.6908264160156}], "time": 21.404971837997437}
