{"im": 2308, "res": [{"class": "sheep", "prob": 0.9994323253631592, "left": 45.623046875, "top": 50.65879821777344, "right": 331.411376953125, "bottom": 500.0}], "time": 21.433817148208618}
