{"im": 88, "res": [{"class": "aeroplane", "prob": 0.999414324760437, "left": 0.0, "top": 58.02238464355469, "right": 227.34263610839844, "bottom": 375.0}, {"class": "aeroplane", "prob": 0.9971387386322021, "left": 178.32595825195312, "top": 0.0, "right": 483.4950866699219, "bottom": 375.0}], "time": 21.436989068984985}
