{"im": 562, "res": [{"class": "pottedplant", "prob": 0.9995446801185608, "left": 299.10986328125, "top": 154.87158203125, "right": 444.95458984375, "bottom": 278.6241455078125}, {"class": "pottedplant", "prob": 0.9911738634109497, "left": 91.27013397216797, "top": 71.87337493896484, "right": 318.21942138671875, "bottom": 242.08102416992188}], "time": 24.45853304862976}
