{"im": 4714, "res": [{"class": "car", "prob": 0.9997462034225464, "left": 275.33160400390625, "top": 123.82843017578125, "right": 496.928955078125, "bottom": 218.6259765625}], "time": 21.42015290260315}
