{"im": 2047, "res": [{"class": "sofa", "prob": 0.9680262804031372, "left": 5.169921875, "top": 70.83523559570312, "right": 424.978515625, "bottom": 352.5773620605469}], "time": 21.655118942260742}
