{"im": 2595, "res": [{"class": "boat", "prob": 0.9984756112098694, "left": 278.6913146972656, "top": 78.99385833740234, "right": 476.3851623535156, "bottom": 313.1936950683594}, {"class": "aeroplane", "prob": 0.9909117221832275, "left": 318.6698303222656, "top": 33.877464294433594, "right": 457.0758972167969, "bottom": 253.45346069335938}], "time": 23.325576066970825}
