{"im": 3559, "res": [{"class": "aeroplane", "prob": 0.9996331334114075, "left": 270.05657958984375, "top": 43.325042724609375, "right": 447.2332763671875, "bottom": 333.0}], "time": 21.48707389831543}
