{"im": 1984, "res": [{"class": "aeroplane", "prob": 0.9375489354133606, "left": 274.6911315917969, "top": 218.71131896972656, "right": 320.0729675292969, "bottom": 252.93080139160156}], "time": 21.67553210258484}
