{"im": 1147, "res": [{"class": "sheep", "prob": 0.5996372103691101, "left": 127.2055892944336, "top": 211.32086181640625, "right": 272.4858703613281, "bottom": 419.796630859375}], "time": 0.8432049751281738}
