{"im": 543, "res": [{"class": "motorbike", "prob": 0.556462824344635, "left": 38.15409469604492, "top": 117.56405639648438, "right": 104.43817138671875, "bottom": 157.67507934570312}], "time": 0.838568925857544}
