{"im": 1233, "res": [{"class": "bottle", "prob": 0.9987545609474182, "left": 127.74403381347656, "top": 114.68186950683594, "right": 466.81268310546875, "bottom": 224.9709930419922}], "time": 21.07695198059082}
