{"im": 1001, "res": [{"class": "aeroplane", "prob": 0.9991173148155212, "left": 159.35250854492188, "top": 14.301528930664062, "right": 345.70526123046875, "bottom": 326.2369384765625}, {"class": "aeroplane", "prob": 0.9988516569137573, "left": 2.28515625, "top": 37.76957702636719, "right": 163.27284240722656, "bottom": 334.36846923828125}, {"class": "aeroplane", "prob": 0.7051546573638916, "left": 302.1907043457031, "top": 10.297042846679688, "right": 346.0, "bottom": 214.76248168945312}], "time": 21.081952810287476}
