{"im": 1541, "res": [{"class": "aeroplane", "prob": 0.5820815563201904, "left": 56.38733673095703, "top": 60.265777587890625, "right": 227.19638061523438, "bottom": 449.5359191894531}], "time": 1.23592209815979}
