{"im": 4437, "res": [{"class": "train", "prob": 0.9793020486831665, "left": 117.02655029296875, "top": 45.37010192871094, "right": 373.28973388671875, "bottom": 315.8687744140625}], "time": 0.8596947193145752}
