{"im": 1248, "res": [{"class": "aeroplane", "prob": 0.5922279953956604, "left": 0.0, "top": 61.728668212890625, "right": 258.0, "bottom": 381.5096740722656}, {"class": "aeroplane", "prob": 0.8852608799934387, "left": 14.878730773925781, "top": 162.99020385742188, "right": 146.2591552734375, "bottom": 330.1971130371094}], "time": 21.187188863754272}
