{"im": 1728, "res": [{"class": "pottedplant", "prob": 0.9351348280906677, "left": 70.07127380371094, "top": 0.0508270263671875, "right": 486.73175048828125, "bottom": 329.51397705078125}], "time": 21.672777891159058}
