{"im": 555, "res": [{"class": "aeroplane", "prob": 0.999691367149353, "left": 299.0281677246094, "top": 1.2288970947265625, "right": 500.0, "bottom": 375.0}], "time": 21.681815147399902}
