{"im": 5277, "res": [{"class": "bus", "prob": 0.6247846484184265, "left": 71.85472106933594, "top": 251.80645751953125, "right": 319.66680908203125, "bottom": 486.8726806640625}, {"class": "aeroplane", "prob": 0.5793079137802124, "left": 8.421252250671387, "top": 399.4556579589844, "right": 25.141437530517578, "bottom": 451.7970886230469}], "time": 0.8628959655761719}
