{"im": 529, "res": [{"class": "aeroplane", "prob": 0.9923895597457886, "left": 0.0, "top": 165.898193359375, "right": 212.74525451660156, "bottom": 455.79046630859375}], "time": 21.706176042556763}
