{"im": 2250, "res": [{"class": "car", "prob": 0.9997403621673584, "left": 97.21759796142578, "top": 114.79876708984375, "right": 258.3103332519531, "bottom": 235.4649658203125}], "time": 21.61189603805542}
