{"im": 3250, "res": [{"class": "aeroplane", "prob": 0.7086334824562073, "left": 171.06332397460938, "top": 82.01768493652344, "right": 322.74932861328125, "bottom": 341.9024658203125}], "time": 21.658796072006226}
