{"im": 1529, "res": [{"class": "aeroplane", "prob": 0.9785723090171814, "left": 6.1618194580078125, "top": 46.926788330078125, "right": 190.9140625, "bottom": 332.50677490234375}, {"class": "sofa", "prob": 0.596278727054596, "left": 104.42228698730469, "top": 2.6418304443359375, "right": 500.0, "bottom": 322.251708984375}], "time": 21.68607997894287}
