{"im": 1731, "res": [{"class": "pottedplant", "prob": 0.9944664835929871, "left": 26.817291259765625, "top": 0.0, "right": 364.03533935546875, "bottom": 375.0}], "time": 21.69237780570984}
