{"im": 5508, "res": [{"class": "sofa", "prob": 0.5181116461753845, "left": 101.21844482421875, "top": 133.287353515625, "right": 401.4502868652344, "bottom": 435.49530029296875}], "time": 0.8722670078277588}
