{"im": 165, "res": [{"class": "pottedplant", "prob": 0.9983389377593994, "left": 45.18476104736328, "top": 81.20758056640625, "right": 119.18811798095703, "bottom": 188.59072875976562}, {"class": "aeroplane", "prob": 0.9984505772590637, "left": 131.40301513671875, "top": 15.756187438964844, "right": 295.7807922363281, "bottom": 213.0}], "time": 22.69476890563965}
