{"im": 4828, "res": [{"class": "aeroplane", "prob": 0.9969893097877502, "left": 215.7360382080078, "top": 71.68792724609375, "right": 500.0, "bottom": 353.5313720703125}, {"class": "aeroplane", "prob": 0.9793035387992859, "left": 5.65850830078125, "top": 73.35205078125, "right": 273.744384765625, "bottom": 362.61871337890625}], "time": 21.43995475769043}
