{"im": 3954, "res": [{"class": "aeroplane", "prob": 0.9091929197311401, "left": 67.43830108642578, "top": 65.83680725097656, "right": 153.65097045898438, "bottom": 333.87432861328125}], "time": 0.8332030773162842}
