{"im": 2990, "res": [{"class": "aeroplane", "prob": 0.9990073442459106, "left": 320.44439697265625, "top": 86.91207122802734, "right": 379.1240234375, "bottom": 251.99954223632812}, {"class": "chair", "prob": 0.7130162119865417, "left": 120.42194366455078, "top": 2.818389892578125, "right": 316.19158935546875, "bottom": 275.6980285644531}], "time": 21.612685918807983}
