{"im": 2617, "res": [{"class": "car", "prob": 0.976962685585022, "left": 26.539825439453125, "top": 149.61959838867188, "right": 469.836669921875, "bottom": 240.47882080078125}], "time": 21.429862022399902}
