{"im": 4602, "res": [{"class": "aeroplane", "prob": 0.9754027128219604, "left": 136.62705993652344, "top": 159.22560119628906, "right": 372.57281494140625, "bottom": 396.57110595703125}], "time": 21.42678689956665}
