{"im": 4864, "res": [{"class": "sheep", "prob": 0.9971811771392822, "left": 287.4483337402344, "top": 178.30563354492188, "right": 408.1913757324219, "bottom": 315.9136962890625}], "time": 21.421319007873535}
