{"im": 4295, "res": [{"class": "pottedplant", "prob": 0.9853277802467346, "left": 35.45466613769531, "top": 75.79934692382812, "right": 460.88348388671875, "bottom": 342.9974060058594}], "time": 22.908674716949463}
