{"im": 5796, "res": [{"class": "aeroplane", "prob": 0.8681333661079407, "left": 120.13362121582031, "top": 134.6854248046875, "right": 246.12574768066406, "bottom": 454.1126708984375}, {"class": "aeroplane", "prob": 0.5310223698616028, "left": 9.304107666015625, "top": 87.55267333984375, "right": 225.69398498535156, "bottom": 473.712890625}], "time": 1.1556880474090576}
