{"im": 2353, "res": [{"class": "car", "prob": 0.9170972108840942, "left": 91.74806213378906, "top": 90.39042663574219, "right": 351.02374267578125, "bottom": 240.16575622558594}], "time": 0.8855319023132324}
