{"im": 5081, "res": [{"class": "aeroplane", "prob": 0.9965389370918274, "left": 145.24554443359375, "top": 219.24111938476562, "right": 314.64935302734375, "bottom": 372.0769958496094}, {"class": "aeroplane", "prob": 0.9949966669082642, "left": 0.0, "top": 216.94448852539062, "right": 145.12075805664062, "bottom": 375.0}, {"class": "aeroplane", "prob": 0.9762560129165649, "left": 318.581298828125, "top": 213.4710693359375, "right": 487.92633056640625, "bottom": 371.1328125}], "time": 21.44615888595581}
