{"im": 2850, "res": [{"class": "pottedplant", "prob": 0.6446157693862915, "left": 62.93754577636719, "top": 37.92533874511719, "right": 500.0, "bottom": 360.73248291015625}], "time": 0.841439962387085}
