{"im": 5541, "res": [{"class": "aeroplane", "prob": 0.6656436920166016, "left": 198.4988555908203, "top": 79.29737854003906, "right": 324.5000305175781, "bottom": 246.02809143066406}, {"class": "aeroplane", "prob": 0.6072877049446106, "left": 49.841636657714844, "top": 68.55760192871094, "right": 195.4967041015625, "bottom": 366.0911865234375}], "time": 0.8301820755004883}
