{"im": 2169, "res": [{"class": "boat", "prob": 0.8367538452148438, "left": 32.836273193359375, "top": 97.20856475830078, "right": 472.1047668457031, "bottom": 337.0261535644531}, {"class": "aeroplane", "prob": 0.7845026254653931, "left": 162.87570190429688, "top": 29.33550262451172, "right": 336.2983093261719, "bottom": 250.13272094726562}], "time": 0.8862521648406982}
