{"im": 4156, "res": [{"class": "pottedplant", "prob": 0.9183428287506104, "left": 0.385498046875, "top": 150.7660369873047, "right": 449.670654296875, "bottom": 331.90045166015625}], "time": 21.641982078552246}
