{"im": 3784, "res": [{"class": "bottle", "prob": 0.9538044929504395, "left": 257.4582214355469, "top": 132.81011962890625, "right": 428.6168518066406, "bottom": 243.47674560546875}], "time": 0.8272781372070312}
