{"im": 3025, "res": [{"class": "bird", "prob": 0.9982559680938721, "left": 56.300811767578125, "top": 351.00030517578125, "right": 259.4950256347656, "bottom": 426.99365234375}, {"class": "bird", "prob": 0.9782126545906067, "left": 218.86758422851562, "top": 345.43572998046875, "right": 253.6898193359375, "bottom": 359.58770751953125}, {"class": "bird", "prob": 0.5068169236183167, "left": 0.0, "top": 389.83709716796875, "right": 21.516399383544922, "bottom": 430.168212890625}], "time": 21.663148164749146}
