{"im": 4004, "res": [{"class": "aeroplane", "prob": 0.9987829923629761, "left": 114.77104949951172, "top": 51.25550842285156, "right": 299.50665283203125, "bottom": 333.5833740234375}, {"class": "tvmonitor", "prob": 0.5058858394622803, "left": 195.71575927734375, "top": 107.16879272460938, "right": 446.39385986328125, "bottom": 338.0}], "time": 21.610018014907837}
