{"im": 5059, "res": [{"class": "pottedplant", "prob": 0.6670461893081665, "left": 53.318817138671875, "top": 16.722427368164062, "right": 456.50860595703125, "bottom": 333.0}], "time": 0.8724610805511475}
