{"im": 4007, "res": [{"class": "sheep", "prob": 0.6392701864242554, "left": 65.43574523925781, "top": 23.534271240234375, "right": 367.0880126953125, "bottom": 343.051025390625}], "time": 0.8810818195343018}
