{"im": 235, "res": [{"class": "aeroplane", "prob": 0.8701856732368469, "left": 133.2672576904297, "top": 148.57635498046875, "right": 268.2601318359375, "bottom": 449.4033203125}, {"class": "aeroplane", "prob": 0.8057876229286194, "left": 69.90374755859375, "top": 314.7506408691406, "right": 100.56779479980469, "bottom": 434.9144592285156}, {"class": "aeroplane", "prob": 0.7903228402137756, "left": 47.676204681396484, "top": 286.0696716308594, "right": 118.40193176269531, "bottom": 454.6058654785156}, {"class": "aeroplane", "prob": 0.7644007205963135, "left": 341.68597412109375, "top": 181.46334838867188, "right": 366.2227783203125, "bottom": 256.6579895019531}], "time": 0.9995400905609131}
