{"im": 480, "res": [{"class": "cat", "prob": 0.9083737730979919, "left": 122.29475402832031, "top": 148.54794311523438, "right": 309.67657470703125, "bottom": 224.54443359375}, {"class": "cat", "prob": 0.7554993033409119, "left": 173.54539489746094, "top": 154.99038696289062, "right": 261.82244873046875, "bottom": 214.18170166015625}], "time": 0.8295149803161621}
