{"im": 2303, "res": [{"class": "chair", "prob": 0.9811316728591919, "left": 124.32982635498047, "top": 114.54076385498047, "right": 168.58116149902344, "bottom": 161.287109375}], "time": 21.37548804283142}
