{"im": 1369, "res": [{"class": "aeroplane", "prob": 0.9826462268829346, "left": 102.22494506835938, "top": 302.5132141113281, "right": 173.84024047851562, "bottom": 477.6732482910156}, {"class": "aeroplane", "prob": 0.978702962398529, "left": 123.41818237304688, "top": 320.22308349609375, "right": 154.2283935546875, "bottom": 464.80938720703125}], "time": 1.0591459274291992}
