{"im": 4017, "res": [{"class": "pottedplant", "prob": 0.7244070768356323, "left": 200.13380432128906, "top": 68.01192474365234, "right": 500.0, "bottom": 286.3161926269531}], "time": 0.8346428871154785}
