{"im": 5572, "res": [{"class": "person", "prob": 0.5572769045829773, "left": 156.43478393554688, "top": 32.83192443847656, "right": 324.8619689941406, "bottom": 218.2586212158203}], "time": 0.9721560478210449}
