{"im": 3410, "res": [{"class": "sheep", "prob": 0.6384137272834778, "left": 93.85466003417969, "top": 35.38612365722656, "right": 491.3271484375, "bottom": 320.81951904296875}], "time": 0.9725341796875}
