{"im": 333, "res": [{"class": "aeroplane", "prob": 0.8853784799575806, "left": 281.3948059082031, "top": 268.13958740234375, "right": 341.2544250488281, "bottom": 441.67584228515625}, {"class": "aeroplane", "prob": 0.8582494258880615, "left": 295.4531555175781, "top": 300.7211608886719, "right": 322.9843444824219, "bottom": 410.1452941894531}, {"class": "aeroplane", "prob": 0.8078092336654663, "left": 229.88327026367188, "top": 281.3352355957031, "right": 287.6232604980469, "bottom": 440.4009704589844}, {"class": "aeroplane", "prob": 0.5736144781112671, "left": 244.45877075195312, "top": 308.8757629394531, "right": 273.0278015136719, "bottom": 411.2410583496094}], "time": 1.0183019638061523}
