{"im": 5413, "res": [{"class": "aeroplane", "prob": 0.9982282519340515, "left": 90.62284851074219, "top": 16.052154541015625, "right": 375.0, "bottom": 500.0}], "time": 22.02353310585022}
