{"im": 5391, "res": [{"class": "pottedplant", "prob": 0.8692153692245483, "left": 126.77952575683594, "top": 39.574005126953125, "right": 490.7335205078125, "bottom": 348.7626647949219}], "time": 21.47054171562195}
