{"im": 840, "res": [{"class": "bird", "prob": 0.589352548122406, "left": 106.24867248535156, "top": 70.74158477783203, "right": 382.135498046875, "bottom": 319.67034912109375}, {"class": "cat", "prob": 0.7589861154556274, "left": 106.24867248535156, "top": 70.74158477783203, "right": 382.135498046875, "bottom": 319.67034912109375}, {"class": "cat", "prob": 0.8077558875083923, "left": 355.8915100097656, "top": 90.91320037841797, "right": 500.0, "bottom": 243.00918579101562}, {"class": "bird", "prob": 0.6678224802017212, "left": 0.058791160583496094, "top": 164.10105895996094, "right": 23.82070541381836, "bottom": 188.3444061279297}], "time": 21.883400201797485}
