{"im": 1710, "res": [{"class": "boat", "prob": 0.7757279872894287, "left": 214.38308715820312, "top": 23.458824157714844, "right": 379.6147766113281, "bottom": 158.25985717773438}], "time": 0.8430929183959961}
