{"im": 901, "res": [{"class": "aeroplane", "prob": 0.9994755983352661, "left": 150.11984252929688, "top": 27.692092895507812, "right": 273.2136535644531, "bottom": 360.0}, {"class": "aeroplane", "prob": 0.9927481412887573, "left": 103.62171173095703, "top": 50.863311767578125, "right": 169.96258544921875, "bottom": 353.0232849121094}, {"class": "aeroplane", "prob": 0.9760523438453674, "left": 278.475830078125, "top": 39.12225341796875, "right": 403.0340576171875, "bottom": 356.4947509765625}, {"class": "aeroplane", "prob": 0.9715030789375305, "left": 4.957466125488281, "top": 146.15533447265625, "right": 79.86414337158203, "bottom": 321.8198547363281}], "time": 20.978135108947754}
