{"im": 3272, "res": [{"class": "bus", "prob": 0.9192937612533569, "left": 94.51449584960938, "top": 32.13775634765625, "right": 498.2018737792969, "bottom": 359.9716491699219}], "time": 21.909070253372192}
