{"im": 3643, "res": [{"class": "pottedplant", "prob": 0.5747319459915161, "left": 63.421234130859375, "top": 26.81781005859375, "right": 494.0268249511719, "bottom": 500.0}], "time": 21.53450322151184}
