{"im": 1860, "res": [{"class": "aeroplane", "prob": 0.997322678565979, "left": 100.38627624511719, "top": 33.53575134277344, "right": 375.0, "bottom": 467.2567138671875}, {"class": "aeroplane", "prob": 0.6095005869865417, "left": 26.790328979492188, "top": 110.33282470703125, "right": 298.4522705078125, "bottom": 489.10479736328125}], "time": 21.71602201461792}
