{"im": 1996, "res": [{"class": "aeroplane", "prob": 0.9981234073638916, "left": 38.02916717529297, "top": 19.5416259765625, "right": 203.6771240234375, "bottom": 363.75811767578125}], "time": 21.681604862213135}
