{"im": 3809, "res": [{"class": "tvmonitor", "prob": 0.9622682929039001, "left": 19.5341796875, "top": 269.040771484375, "right": 172.4624786376953, "bottom": 349.67193603515625}, {"class": "tvmonitor", "prob": 0.7532888054847717, "left": 209.9450225830078, "top": 152.3228759765625, "right": 487.9395751953125, "bottom": 349.2270202636719}], "time": 21.554726123809814}
