{"im": 4143, "res": [{"class": "aeroplane", "prob": 0.9922151565551758, "left": 155.36280822753906, "top": 99.40861511230469, "right": 500.0, "bottom": 375.0}], "time": 21.626169204711914}
