{"im": 867, "res": [{"class": "aeroplane", "prob": 0.9996867775917053, "left": 81.51439666748047, "top": 98.24014282226562, "right": 228.01150512695312, "bottom": 375.0}, {"class": "aeroplane", "prob": 0.9993757009506226, "left": 270.525390625, "top": 62.67402648925781, "right": 484.8525390625, "bottom": 374.0927734375}], "time": 21.123425245285034}
