{"im": 173, "res": [{"class": "aeroplane", "prob": 0.9983495473861694, "left": 0.0, "top": 0.0, "right": 332.93035888671875, "bottom": 500.0}, {"class": "aeroplane", "prob": 0.536247730255127, "left": 203.87969970703125, "top": 214.60073852539062, "right": 374.6048583984375, "bottom": 500.0}], "time": 21.751163959503174}
