{"im": 153, "res": [{"class": "aeroplane", "prob": 0.9969309568405151, "left": 251.5763397216797, "top": 148.89028930664062, "right": 348.6771545410156, "bottom": 304.5284118652344}, {"class": "sheep", "prob": 0.9307692646980286, "left": 199.6167755126953, "top": 214.90997314453125, "right": 315.2611083984375, "bottom": 335.4176025390625}], "time": 21.64082098007202}
