{"im": 1900, "res": [{"class": "sheep", "prob": 0.8394121527671814, "left": 3.768951416015625, "top": 0.0, "right": 492.56298828125, "bottom": 275.0014343261719}], "time": 21.713483810424805}
