{"im": 3107, "res": [{"class": "car", "prob": 0.9981049299240112, "left": 124.26719665527344, "top": 112.8183364868164, "right": 491.51153564453125, "bottom": 288.45001220703125}, {"class": "aeroplane", "prob": 0.9922231435775757, "left": 48.54906463623047, "top": 212.48985290527344, "right": 131.46258544921875, "bottom": 334.0}], "time": 21.83718466758728}
