{"im": 5280, "res": [{"class": "aeroplane", "prob": 0.8863068222999573, "left": 146.0034942626953, "top": 101.14688110351562, "right": 500.0, "bottom": 369.7540588378906}], "time": 0.9857501983642578}
