{"im": 819, "res": [{"class": "pottedplant", "prob": 0.9968146085739136, "left": 179.53622436523438, "top": 2.7615432739257812, "right": 478.3167419433594, "bottom": 224.4859619140625}], "time": 21.86139488220215}
