{"im": 3512, "res": [{"class": "bicycle", "prob": 0.9998665452003479, "left": 23.132415771484375, "top": 52.08283996582031, "right": 483.0785217285156, "bottom": 308.73529052734375}], "time": 21.510961771011353}
