{"im": 1371, "res": [{"class": "car", "prob": 0.9919971227645874, "left": 1.9709396362304688, "top": 59.672889709472656, "right": 245.95806884765625, "bottom": 312.0188293457031}, {"class": "car", "prob": 0.7309761047363281, "left": 305.32110595703125, "top": 0.0, "right": 500.0, "bottom": 333.51959228515625}], "time": 21.881087064743042}
