{"im": 2578, "res": [{"class": "boat", "prob": 0.988625168800354, "left": 132.43832397460938, "top": 224.20005798339844, "right": 160.17593383789062, "bottom": 268.93646240234375}], "time": 21.440516233444214}
