{"im": 352, "res": [{"class": "bottle", "prob": 0.9983009099960327, "left": 72.80677795410156, "top": 22.63050079345703, "right": 428.17919921875, "bottom": 159.36782836914062}, {"class": "aeroplane", "prob": 0.5314038395881653, "left": 260.0523681640625, "top": 44.64217758178711, "right": 274.5589599609375, "bottom": 61.15397262573242}], "time": 21.94386601448059}
