{"im": 4511, "res": [{"class": "bicycle", "prob": 0.7391965985298157, "left": 52.823089599609375, "top": 159.22003173828125, "right": 121.03201293945312, "bottom": 230.4398193359375}, {"class": "aeroplane", "prob": 0.7200383543968201, "left": 55.09154510498047, "top": 78.93165588378906, "right": 129.91537475585938, "bottom": 216.31382751464844}, {"class": "bicycle", "prob": 0.5466645956039429, "left": 9.093132019042969, "top": 148.53366088867188, "right": 162.08139038085938, "bottom": 237.904541015625}], "time": 0.8108298778533936}
