{"im": 5714, "res": [{"class": "aeroplane", "prob": 0.9983699321746826, "left": 182.06265258789062, "top": 21.9530029296875, "right": 480.6020202636719, "bottom": 488.2182922363281}], "time": 21.39845299720764}
