{"im": 1833, "res": [{"class": "car", "prob": 0.9890403747558594, "left": 268.17352294921875, "top": 140.95030212402344, "right": 357.32867431640625, "bottom": 197.34010314941406}, {"class": "cow", "prob": 0.9831144213676453, "left": 331.796630859375, "top": 85.40980529785156, "right": 344.35113525390625, "bottom": 122.28907775878906}, {"class": "cow", "prob": 0.9231147766113281, "left": 81.7374267578125, "top": 87.0479507446289, "right": 94.76467895507812, "bottom": 119.25232696533203}, {"class": "cow", "prob": 0.5920770168304443, "left": 13.62965202331543, "top": 72.7167739868164, "right": 27.172914505004883, "bottom": 97.77867889404297}], "time": 21.616554021835327}
