{"im": 749, "res": [{"class": "bird", "prob": 0.5913425087928772, "left": 437.356689453125, "top": 17.466018676757812, "right": 499.2659912109375, "bottom": 189.1705322265625}], "time": 0.8398950099945068}
