{"im": 3431, "res": [{"class": "bus", "prob": 0.9997453689575195, "left": 60.5914306640625, "top": 56.83808135986328, "right": 398.6349792480469, "bottom": 286.9735412597656}, {"class": "bus", "prob": 0.9977870583534241, "left": 369.2037353515625, "top": 97.62785339355469, "right": 444.56396484375, "bottom": 260.86260986328125}], "time": 21.503801107406616}
