{"im": 3088, "res": [{"class": "person", "prob": 0.9787853956222534, "left": 240.68833923339844, "top": 0.0, "right": 426.319091796875, "bottom": 422.8407897949219}], "time": 23.130762100219727}
