{"im": 580, "res": [{"class": "boat", "prob": 0.6684883832931519, "left": 283.65875244140625, "top": 203.75790405273438, "right": 465.7921142578125, "bottom": 327.0095520019531}], "time": 0.9029579162597656}
