{"im": 4608, "res": [{"class": "aeroplane", "prob": 0.9998067617416382, "left": 19.346595764160156, "top": 23.05694580078125, "right": 149.2762451171875, "bottom": 349.1206359863281}], "time": 21.390085220336914}
