{"im": 5189, "res": [{"class": "aeroplane", "prob": 0.7007506489753723, "left": 5.920310974121094, "top": 54.742652893066406, "right": 135.5009765625, "bottom": 262.9403381347656}, {"class": "aeroplane", "prob": 0.6817265152931213, "left": 146.38002014160156, "top": 45.383819580078125, "right": 332.831298828125, "bottom": 279.1216735839844}, {"class": "aeroplane", "prob": 0.5405029654502869, "left": 299.00921630859375, "top": 25.237884521484375, "right": 500.0, "bottom": 281.6540832519531}], "time": 1.0054740905761719}
