{"im": 490, "res": [{"class": "sheep", "prob": 0.9826698303222656, "left": 28.28173065185547, "top": 48.1082763671875, "right": 270.6399841308594, "bottom": 387.1653747558594}], "time": 21.973039865493774}
