{"im": 1972, "res": [{"class": "bottle", "prob": 0.9985640048980713, "left": 0.0, "top": 104.14424133300781, "right": 461.03021240234375, "bottom": 243.7154998779297}], "time": 21.682011127471924}
