{"im": 2446, "res": [{"class": "sofa", "prob": 0.7293685674667358, "left": 122.17781066894531, "top": 121.17611694335938, "right": 383.424072265625, "bottom": 408.5509948730469}, {"class": "aeroplane", "prob": 0.804114580154419, "left": 168.21800231933594, "top": 0.0, "right": 269.60736083984375, "bottom": 268.9328308105469}], "time": 0.8827471733093262}
