{"im": 2798, "res": [{"class": "car", "prob": 0.7058640122413635, "left": 49.727203369140625, "top": 47.48121643066406, "right": 374.4841003417969, "bottom": 296.791748046875}], "time": 1.2306489944458008}
