{"im": 1656, "res": [{"class": "pottedplant", "prob": 0.9652650356292725, "left": 87.73324584960938, "top": 6.1829833984375, "right": 361.2992248535156, "bottom": 318.67987060546875}], "time": 21.684699058532715}
