{"im": 4568, "res": [{"class": "aeroplane", "prob": 0.9983419179916382, "left": 22.05913543701172, "top": 179.60690307617188, "right": 233.8988037109375, "bottom": 497.5220642089844}], "time": 21.411407709121704}
