{"im": 2870, "res": [{"class": "bus", "prob": 0.999812662601471, "left": 59.915679931640625, "top": 109.01631164550781, "right": 368.48297119140625, "bottom": 317.89501953125}, {"class": "bird", "prob": 0.8759083151817322, "left": 43.911434173583984, "top": 252.068115234375, "right": 72.14693450927734, "bottom": 270.2799072265625}], "time": 21.523325204849243}
