{"im": 2067, "res": [{"class": "bottle", "prob": 0.9431903958320618, "left": 0.0, "top": 52.414581298828125, "right": 494.51605224609375, "bottom": 335.7086486816406}], "time": 21.67402195930481}
