{"im": 3707, "res": [{"class": "bird", "prob": 0.786765456199646, "left": 269.7413330078125, "top": 162.18768310546875, "right": 370.87506103515625, "bottom": 213.48831176757812}, {"class": "bird", "prob": 0.7587953209877014, "left": 296.1439514160156, "top": 168.25436401367188, "right": 340.9360656738281, "bottom": 206.12197875976562}], "time": 0.9481179714202881}
