{"im": 4557, "res": [{"class": "bottle", "prob": 0.9107424020767212, "left": 213.36056518554688, "top": 127.00480651855469, "right": 373.8532409667969, "bottom": 278.6929931640625}], "time": 1.0804553031921387}
