{"im": 1493, "res": [{"class": "aeroplane", "prob": 0.6879562735557556, "left": 0.0, "top": 97.29255676269531, "right": 91.1839599609375, "bottom": 354.5208740234375}], "time": 0.8366191387176514}
