{"im": 592, "res": [{"class": "bicycle", "prob": 0.9839052557945251, "left": 58.77201843261719, "top": 41.23503112792969, "right": 399.71282958984375, "bottom": 320.51934814453125}, {"class": "bicycle", "prob": 0.8185517191886902, "left": 402.7153015136719, "top": 65.88002014160156, "right": 500.0, "bottom": 307.86322021484375}], "time": 22.46590495109558}
