{"im": 3293, "res": [{"class": "aeroplane", "prob": 0.66465824842453, "left": 1.8413467407226562, "top": 23.44995880126953, "right": 116.64520263671875, "bottom": 271.92041015625}], "time": 0.9379310607910156}
