{"im": 3964, "res": [{"class": "bird", "prob": 0.9974059462547302, "left": 313.2200927734375, "top": 266.8645324707031, "right": 483.08447265625, "bottom": 321.1452941894531}], "time": 21.869564294815063}
