{"im": 2451, "res": [{"class": "aeroplane", "prob": 0.8786283135414124, "left": 209.71424865722656, "top": 77.41744232177734, "right": 302.25579833984375, "bottom": 302.3089599609375}], "time": 0.848696231842041}
