{"im": 2707, "res": [{"class": "bottle", "prob": 0.928131639957428, "left": 238.85768127441406, "top": 149.77896118164062, "right": 350.69305419921875, "bottom": 180.83169555664062}, {"class": "bottle", "prob": 0.7656686902046204, "left": 267.49359130859375, "top": 154.17550659179688, "right": 315.67425537109375, "bottom": 174.02053833007812}], "time": 0.8757050037384033}
