{"im": 1135, "res": [{"class": "tvmonitor", "prob": 0.9977415204048157, "left": 70.31864929199219, "top": 11.072479248046875, "right": 422.8564453125, "bottom": 375.0}], "time": 21.130774974822998}
