{"im": 5324, "res": [{"class": "car", "prob": 0.998688817024231, "left": 326.8114013671875, "top": 96.15132904052734, "right": 454.6484375, "bottom": 256.31903076171875}], "time": 21.46623206138611}
