{"im": 2790, "res": [{"class": "sofa", "prob": 0.9599553346633911, "left": 139.14706420898438, "top": 90.37872314453125, "right": 307.31085205078125, "bottom": 317.4131774902344}, {"class": "aeroplane", "prob": 0.7386484742164612, "left": 202.2218475341797, "top": 24.7880859375, "right": 271.5362243652344, "bottom": 225.32492065429688}, {"class": "aeroplane", "prob": 0.540962815284729, "left": 211.73336791992188, "top": 52.926177978515625, "right": 240.95022583007812, "bottom": 187.06698608398438}], "time": 0.8445560932159424}
