{"im": 3480, "res": [{"class": "bottle", "prob": 0.8654080629348755, "left": 0.0, "top": 159.4708709716797, "right": 500.0, "bottom": 268.26751708984375}], "time": 22.73830509185791}
