{"im": 2825, "res": [{"class": "aeroplane", "prob": 0.8441066145896912, "left": 0.0, "top": 10.26171875, "right": 500.0, "bottom": 370.29156494140625}], "time": 21.474056243896484}
