{"im": 656, "res": [{"class": "sofa", "prob": 0.7769351601600647, "left": 136.84983825683594, "top": 65.99047088623047, "right": 310.0601806640625, "bottom": 300.0}], "time": 0.8985898494720459}
