{"im": 1999, "res": [{"class": "person", "prob": 0.9210456013679504, "left": 324.25823974609375, "top": 21.82565689086914, "right": 421.6494140625, "bottom": 123.77987670898438}], "time": 21.681796073913574}
