{"im": 4226, "res": [{"class": "sheep", "prob": 0.9518017172813416, "left": 53.42456817626953, "top": 174.37347412109375, "right": 200.45266723632812, "bottom": 271.18048095703125}, {"class": "sheep", "prob": 0.9988980889320374, "left": 257.7852478027344, "top": 177.52825927734375, "right": 452.8341369628906, "bottom": 294.8250732421875}, {"class": "aeroplane", "prob": 0.8957394957542419, "left": 194.4464111328125, "top": 42.9940299987793, "right": 243.97747802734375, "bottom": 99.92643737792969}], "time": 21.640120029449463}
