{"im": 177, "res": [{"class": "aeroplane", "prob": 0.999951958656311, "left": 34.46217346191406, "top": 81.1832046508789, "right": 370.6466064453125, "bottom": 293.7456359863281}], "time": 21.462244272232056}
