{"im": 4511, "res": [{"class": "cat", "prob": 0.9873231053352356, "left": 177.6026611328125, "top": 5.269805908203125, "right": 487.7034912109375, "bottom": 323.1976318359375}, {"class": "bicycle", "prob": 0.9724012613296509, "left": 0.0, "top": 131.69447326660156, "right": 165.42364501953125, "bottom": 240.4280548095703}, {"class": "aeroplane", "prob": 0.9518045783042908, "left": 63.71113204956055, "top": 70.34181213378906, "right": 126.97088623046875, "bottom": 188.07069396972656}], "time": 21.4023277759552}
