{"im": 2747, "res": [{"class": "person", "prob": 0.9876095652580261, "left": 130.99935913085938, "top": 76.04667663574219, "right": 375.3433532714844, "bottom": 412.71173095703125}], "time": 21.503688097000122}
