{"im": 4458, "res": [{"class": "sheep", "prob": 0.8496295809745789, "left": 98.87666320800781, "top": 84.74272155761719, "right": 456.251953125, "bottom": 377.98297119140625}], "time": 21.39111614227295}
