{"im": 3146, "res": [{"class": "aeroplane", "prob": 0.7169284820556641, "left": 210.8133544921875, "top": 113.78013610839844, "right": 385.86016845703125, "bottom": 323.83551025390625}], "time": 1.022524118423462}
