{"im": 318, "res": [{"class": "aeroplane", "prob": 0.9969542026519775, "left": 144.28118896484375, "top": 91.17752075195312, "right": 470.05328369140625, "bottom": 374.7286682128906}, {"class": "aeroplane", "prob": 0.992713987827301, "left": 44.4344482421875, "top": 37.89469909667969, "right": 348.6929931640625, "bottom": 375.0}], "time": 21.654710054397583}
