{"im": 3425, "res": [{"class": "person", "prob": 0.9997522234916687, "left": 224.38250732421875, "top": 102.06375122070312, "right": 374.55072021484375, "bottom": 283.1650695800781}, {"class": "person", "prob": 0.9961360692977905, "left": 102.59453582763672, "top": 151.1298828125, "right": 234.96746826171875, "bottom": 267.0989074707031}, {"class": "person", "prob": 0.8110926151275635, "left": 100.36502838134766, "top": 141.92625427246094, "right": 111.59722137451172, "bottom": 152.9355010986328}], "time": 21.747522830963135}
