{"im": 3980, "res": [{"class": "sheep", "prob": 0.9990054368972778, "left": 192.5574188232422, "top": 57.159149169921875, "right": 351.83758544921875, "bottom": 368.4717102050781}], "time": 22.824909687042236}
