{"im": 962, "res": [{"class": "aeroplane", "prob": 0.9994072914123535, "left": 121.27644348144531, "top": 30.874725341796875, "right": 370.65362548828125, "bottom": 288.0}], "time": 21.08569598197937}
