{"im": 2457, "res": [{"class": "bus", "prob": 0.8973397612571716, "left": 98.17950439453125, "top": 102.91405487060547, "right": 394.0783996582031, "bottom": 268.9092102050781}, {"class": "bird", "prob": 0.5438637137413025, "left": 450.04107666015625, "top": 221.55831909179688, "right": 489.4947509765625, "bottom": 255.80001831054688}], "time": 0.9972400665283203}
