{"im": 3564, "res": [{"class": "chair", "prob": 0.5657414197921753, "left": 30.44769287109375, "top": 240.94577026367188, "right": 165.5178680419922, "bottom": 281.4034729003906}], "time": 1.4016880989074707}
