{"im": 1462, "res": [{"class": "bird", "prob": 0.8809713125228882, "left": 38.521453857421875, "top": 26.848190307617188, "right": 430.15484619140625, "bottom": 474.16455078125}, {"class": "cat", "prob": 0.8013606071472168, "left": 38.521453857421875, "top": 26.848190307617188, "right": 430.15484619140625, "bottom": 474.16455078125}], "time": 21.680346727371216}
