{"im": 3326, "res": [{"class": "chair", "prob": 0.6254689693450928, "left": 6.4647369384765625, "top": 196.36062622070312, "right": 492.81427001953125, "bottom": 303.1257019042969}, {"class": "aeroplane", "prob": 0.7745469808578491, "left": 335.5679931640625, "top": 254.43223571777344, "right": 343.78424072265625, "bottom": 265.5400695800781}, {"class": "aeroplane", "prob": 0.6765544414520264, "left": 322.18377685546875, "top": 253.86415100097656, "right": 330.704345703125, "bottom": 267.2373352050781}, {"class": "aeroplane", "prob": 0.6194647550582886, "left": 352.87554931640625, "top": 254.1206512451172, "right": 361.338134765625, "bottom": 267.2686462402344}], "time": 22.68877911567688}
