{"im": 2258, "res": [{"class": "sheep", "prob": 0.9899171590805054, "left": 183.3554229736328, "top": 38.72270965576172, "right": 482.67828369140625, "bottom": 231.46597290039062}, {"class": "sheep", "prob": 0.9946438074111938, "left": 10.296127319335938, "top": 180.04443359375, "right": 282.56732177734375, "bottom": 347.63995361328125}, {"class": "sheep", "prob": 0.9521561861038208, "left": 74.715576171875, "top": 67.98682403564453, "right": 430.7200622558594, "bottom": 258.46966552734375}], "time": 21.4368257522583}
