{"im": 1873, "res": [{"class": "aeroplane", "prob": 0.9881566166877747, "left": 91.34109497070312, "top": 4.366752624511719, "right": 266.3481750488281, "bottom": 231.96575927734375}], "time": 21.67769503593445}
