{"im": 5499, "res": [{"class": "aeroplane", "prob": 0.5607811808586121, "left": 153.47821044921875, "top": 255.49795532226562, "right": 285.9478759765625, "bottom": 480.0854797363281}], "time": 0.8536398410797119}
