{"im": 693, "res": [{"class": "aeroplane", "prob": 0.9977253079414368, "left": 52.10247802734375, "top": 40.44865417480469, "right": 241.3333740234375, "bottom": 500.0}, {"class": "aeroplane", "prob": 0.6891430616378784, "left": 187.90200805664062, "top": 75.10624694824219, "right": 338.4405212402344, "bottom": 500.0}], "time": 21.678194046020508}
