{"im": 2316, "res": [{"class": "train", "prob": 0.5912562012672424, "left": 273.76812744140625, "top": 49.595001220703125, "right": 473.0767822265625, "bottom": 343.2837219238281}], "time": 0.851161003112793}
