{"im": 3362, "res": [{"class": "aeroplane", "prob": 0.9989491105079651, "left": 326.5196228027344, "top": 54.85882568359375, "right": 447.2315979003906, "bottom": 280.301025390625}], "time": 21.7190580368042}
