{"im": 1755, "res": [{"class": "aeroplane", "prob": 0.5483927130699158, "left": 38.62262725830078, "top": 15.126632690429688, "right": 177.2828369140625, "bottom": 475.354248046875}], "time": 0.8476119041442871}
