{"im": 517, "res": [{"class": "aeroplane", "prob": 0.9987130761146545, "left": 350.3357849121094, "top": 163.6709442138672, "right": 371.9846496582031, "bottom": 219.79103088378906}, {"class": "aeroplane", "prob": 0.9987050890922546, "left": 378.734130859375, "top": 168.37704467773438, "right": 397.65911865234375, "bottom": 221.83541870117188}], "time": 21.65683603286743}
