{"im": 781, "res": [{"class": "aeroplane", "prob": 0.9975326657295227, "left": 105.9819107055664, "top": 95.93541717529297, "right": 350.59710693359375, "bottom": 326.55120849609375}, {"class": "aeroplane", "prob": 0.991066575050354, "left": 375.3609924316406, "top": 104.73401641845703, "right": 499.0199890136719, "bottom": 272.1660461425781}, {"class": "aeroplane", "prob": 0.8313600420951843, "left": 201.96792602539062, "top": 41.528587341308594, "right": 261.196044921875, "bottom": 92.1048355102539}], "time": 21.943213939666748}
