{"im": 1086, "res": [{"class": "aeroplane", "prob": 0.999256432056427, "left": 195.55418395996094, "top": 85.60325622558594, "right": 335.02154541015625, "bottom": 372.00897216796875}], "time": 21.1035258769989}
