{"im": 2406, "res": [{"class": "sofa", "prob": 0.997613787651062, "left": 193.27902221679688, "top": 137.2618865966797, "right": 393.7832336425781, "bottom": 255.80604553222656}], "time": 21.528568029403687}
