{"im": 401, "res": [{"class": "aeroplane", "prob": 0.7883630394935608, "left": 6.329124450683594, "top": 114.60379028320312, "right": 165.89413452148438, "bottom": 441.8508605957031}, {"class": "aeroplane", "prob": 0.581870973110199, "left": 200.78639221191406, "top": 168.6648406982422, "right": 274.84478759765625, "bottom": 330.85076904296875}, {"class": "aeroplane", "prob": 0.5441502928733826, "left": 248.7431182861328, "top": 199.3232421875, "right": 280.1202392578125, "bottom": 314.2279052734375}, {"class": "aeroplane", "prob": 0.5266329050064087, "left": 230.03021240234375, "top": 171.34405517578125, "right": 298.6231689453125, "bottom": 337.5734558105469}], "time": 0.8596529960632324}
