{"im": 3799, "res": [{"class": "sofa", "prob": 0.5562251210212708, "left": 80.51077270507812, "top": 83.13070678710938, "right": 305.2339782714844, "bottom": 496.9825744628906}], "time": 0.874934196472168}
