{"im": 2106, "res": [{"class": "car", "prob": 0.84203040599823, "left": 133.05499267578125, "top": 50.084815979003906, "right": 360.0184326171875, "bottom": 279.7697448730469}], "time": 0.8813631534576416}
