{"im": 5397, "res": [{"class": "bottle", "prob": 0.8230108618736267, "left": 115.99783325195312, "top": 149.9300994873047, "right": 467.5260925292969, "bottom": 286.348388671875}], "time": 1.1949760913848877}
