{"im": 4745, "res": [{"class": "train", "prob": 0.9509459137916565, "left": 195.64547729492188, "top": 185.29119873046875, "right": 217.848876953125, "bottom": 212.93023681640625}, {"class": "train", "prob": 0.5913721919059753, "left": 131.31951904296875, "top": 151.55975341796875, "right": 142.30084228515625, "bottom": 164.16485595703125}], "time": 0.8174910545349121}
