{"im": 5148, "res": [{"class": "aeroplane", "prob": 0.9083864688873291, "left": 2.796234130859375, "top": 275.36224365234375, "right": 19.535356521606445, "bottom": 312.62005615234375}, {"class": "sheep", "prob": 0.7332940697669983, "left": 175.27297973632812, "top": 276.6566162109375, "right": 206.27194213867188, "bottom": 393.75311279296875}, {"class": "aeroplane", "prob": 0.7718843221664429, "left": 90.40081787109375, "top": 178.297607421875, "right": 188.58132934570312, "bottom": 396.3282470703125}, {"class": "sheep", "prob": 0.6361756920814514, "left": 158.51344299316406, "top": 256.74810791015625, "right": 223.5939178466797, "bottom": 415.91888427734375}], "time": 0.818444013595581}
