{"im": 4876, "res": [{"class": "sofa", "prob": 0.9949038624763489, "left": 9.398895263671875, "top": 28.10357666015625, "right": 440.8820495605469, "bottom": 375.0}], "time": 21.433061838150024}
