{"im": 4929, "res": [{"class": "sheep", "prob": 0.7646980881690979, "left": 8.008834838867188, "top": 0.0, "right": 333.0, "bottom": 500.0}], "time": 21.4134840965271}
