{"im": 1047, "res": [{"class": "bird", "prob": 0.9982032179832458, "left": 255.689697265625, "top": 85.36604309082031, "right": 384.4202880859375, "bottom": 138.06240844726562}, {"class": "aeroplane", "prob": 0.997993528842926, "left": 328.1070251464844, "top": 247.8017120361328, "right": 377.0902404785156, "bottom": 370.76373291015625}, {"class": "bird", "prob": 0.9181665778160095, "left": 414.15509033203125, "top": 55.31334686279297, "right": 476.92889404296875, "bottom": 87.86136627197266}], "time": 21.144784927368164}
