{"im": 641, "res": [{"class": "aeroplane", "prob": 0.997279703617096, "left": 233.83346557617188, "top": 115.95999908447266, "right": 288.9046325683594, "bottom": 221.90036010742188}], "time": 21.789888858795166}
