{"im": 4199, "res": [{"class": "aeroplane", "prob": 0.6698306798934937, "left": 119.57456970214844, "top": 76.54945373535156, "right": 429.16058349609375, "bottom": 320.42559814453125}], "time": 21.60629916191101}
