{"im": 3452, "res": [{"class": "bottle", "prob": 0.9555864930152893, "left": 25.09259033203125, "top": 14.5086669921875, "right": 472.2533264160156, "bottom": 309.24365234375}], "time": 21.485529899597168}
