{"im": 2490, "res": [{"class": "sheep", "prob": 0.9978962540626526, "left": 79.02350616455078, "top": 48.13806915283203, "right": 258.94287109375, "bottom": 221.41162109375}], "time": 21.443948984146118}
