{"im": 653, "res": [{"class": "aeroplane", "prob": 0.9952155947685242, "left": 25.29583740234375, "top": 9.968902587890625, "right": 235.2403564453125, "bottom": 321.20294189453125}, {"class": "aeroplane", "prob": 0.9883881211280823, "left": 224.58450317382812, "top": 24.11669921875, "right": 353.5513610839844, "bottom": 322.6108703613281}, {"class": "motorbike", "prob": 0.6633340716362, "left": 12.513351440429688, "top": 305.2259521484375, "right": 340.02203369140625, "bottom": 470.32623291015625}], "time": 21.88973903656006}
