{"im": 907, "res": [{"class": "aeroplane", "prob": 0.7941556572914124, "left": 60.38243103027344, "top": 71.32223510742188, "right": 232.4373321533203, "bottom": 375.0}], "time": 0.8456768989562988}
