{"im": 4789, "res": [{"class": "pottedplant", "prob": 0.9021924138069153, "left": 120.03044128417969, "top": 21.558059692382812, "right": 428.7989501953125, "bottom": 368.00628662109375}], "time": 21.415201902389526}
