{"im": 4204, "res": [{"class": "pottedplant", "prob": 0.9699433445930481, "left": 25.419387817382812, "top": 45.81248474121094, "right": 416.00341796875, "bottom": 320.909912109375}, {"class": "aeroplane", "prob": 0.9961974620819092, "left": 228.11888122558594, "top": 68.57936096191406, "right": 488.95013427734375, "bottom": 332.68487548828125}], "time": 21.64095425605774}
