{"im": 337, "res": [{"class": "aeroplane", "prob": 0.9924365282058716, "left": 162.00155639648438, "top": 183.69195556640625, "right": 374.9817199707031, "bottom": 471.12841796875}, {"class": "aeroplane", "prob": 0.9171836376190186, "left": 0.0, "top": 28.441665649414062, "right": 269.5054016113281, "bottom": 500.0}], "time": 21.641068935394287}
