{"im": 400, "res": [{"class": "aeroplane", "prob": 0.9975757598876953, "left": 0.0, "top": 89.87272644042969, "right": 179.53768920898438, "bottom": 375.0}, {"class": "aeroplane", "prob": 0.8533384799957275, "left": 314.2127685546875, "top": 122.77490234375, "right": 499.32537841796875, "bottom": 369.4300842285156}, {"class": "aeroplane", "prob": 0.98186194896698, "left": 161.39959716796875, "top": 114.31634521484375, "right": 395.00445556640625, "bottom": 375.0}, {"class": "aeroplane", "prob": 0.9696381092071533, "left": 99.4974594116211, "top": 86.57722473144531, "right": 292.97515869140625, "bottom": 375.0}], "time": 22.783320903778076}
