{"im": 1393, "res": [{"class": "bird", "prob": 0.645430326461792, "left": 141.12509155273438, "top": 120.77264404296875, "right": 424.5469055175781, "bottom": 272.5694274902344}, {"class": "cat", "prob": 0.8038625717163086, "left": 141.12509155273438, "top": 120.77264404296875, "right": 424.5469055175781, "bottom": 272.5694274902344}], "time": 21.655311107635498}
