{"im": 3253, "res": [{"class": "person", "prob": 0.984564483165741, "left": 52.40177917480469, "top": 34.92585754394531, "right": 442.0572509765625, "bottom": 333.0}], "time": 22.090062856674194}
