{"im": 1503, "res": [{"class": "person", "prob": 0.7811480164527893, "left": 9.900497436523438, "top": 3.6801910400390625, "right": 435.54705810546875, "bottom": 359.494140625}], "time": 21.72845482826233}
