{"im": 3612, "res": [{"class": "aeroplane", "prob": 0.7482542991638184, "left": 243.68234252929688, "top": 119.93988037109375, "right": 278.1950378417969, "bottom": 236.99667358398438}, {"class": "aeroplane", "prob": 0.7212076783180237, "left": 223.78323364257812, "top": 81.25995635986328, "right": 290.3536071777344, "bottom": 278.47271728515625}], "time": 0.8307838439941406}
