{"im": 3529, "res": [{"class": "person", "prob": 0.8276521563529968, "left": 266.5062255859375, "top": 70.22163391113281, "right": 386.97161865234375, "bottom": 280.1087646484375}], "time": 0.8356049060821533}
