{"im": 5087, "res": [{"class": "boat", "prob": 0.6921421885490417, "left": 0.0, "top": 20.2105712890625, "right": 500.0, "bottom": 326.86566162109375}], "time": 21.41855216026306}
