{"im": 2852, "res": [{"class": "aeroplane", "prob": 0.6129937171936035, "left": 2.9205780029296875, "top": 49.64483642578125, "right": 266.95989990234375, "bottom": 358.0}], "time": 0.8936069011688232}
