{"im": 3486, "res": [{"class": "pottedplant", "prob": 0.7568726539611816, "left": 109.31138610839844, "top": 49.61045837402344, "right": 411.11865234375, "bottom": 258.786865234375}], "time": 1.0059471130371094}
