{"im": 3176, "res": [{"class": "bus", "prob": 0.9975112676620483, "left": 81.40422058105469, "top": 60.938446044921875, "right": 476.75543212890625, "bottom": 332.84637451171875}, {"class": "bus", "prob": 0.5170952677726746, "left": 51.7528076171875, "top": 115.94261932373047, "right": 129.25428771972656, "bottom": 275.8960876464844}], "time": 23.62432289123535}
