{"im": 5651, "res": [{"class": "person", "prob": 0.9842531085014343, "left": 162.40911865234375, "top": 73.26201629638672, "right": 493.36932373046875, "bottom": 314.6044921875}], "time": 22.20653223991394}
