{"im": 1210, "res": [{"class": "sheep", "prob": 0.6853841543197632, "left": 27.0341796875, "top": 36.867156982421875, "right": 475.33551025390625, "bottom": 306.0}], "time": 21.062880039215088}
