{"im": 801, "res": [{"class": "aeroplane", "prob": 0.9968202114105225, "left": 148.11050415039062, "top": 57.00956726074219, "right": 348.41253662109375, "bottom": 490.0}, {"class": "aeroplane", "prob": 0.7325299978256226, "left": 219.63258361816406, "top": 4.8745880126953125, "right": 391.7774658203125, "bottom": 379.482666015625}], "time": 21.94588017463684}
