{"im": 2159, "res": [{"class": "bottle", "prob": 0.9979371428489685, "left": 8.547439575195312, "top": 32.43194580078125, "right": 405.20391845703125, "bottom": 162.59019470214844}, {"class": "bird", "prob": 0.7596196532249451, "left": 157.56396484375, "top": 157.18328857421875, "right": 275.7879638671875, "bottom": 232.0}, {"class": "cat", "prob": 0.5717002749443054, "left": 157.56396484375, "top": 157.18328857421875, "right": 275.7879638671875, "bottom": 232.0}], "time": 22.23647379875183}
