{"im": 2262, "res": [{"class": "aeroplane", "prob": 0.9898913502693176, "left": 89.90726470947266, "top": 230.64096069335938, "right": 251.23095703125, "bottom": 393.6038513183594}, {"class": "aeroplane", "prob": 0.9847345352172852, "left": 102.94049835205078, "top": 145.26234436035156, "right": 249.47393798828125, "bottom": 304.697509765625}], "time": 21.429715871810913}
