{"im": 415, "res": [{"class": "aeroplane", "prob": 0.6362969279289246, "left": 140.67059326171875, "top": 81.04318237304688, "right": 264.8653869628906, "bottom": 309.7679748535156}, {"class": "aeroplane", "prob": 0.6199824213981628, "left": 49.6522216796875, "top": 10.617965698242188, "right": 167.4368133544922, "bottom": 264.36334228515625}], "time": 0.8342728614807129}
