{"im": 3716, "res": [{"class": "pottedplant", "prob": 0.8799540996551514, "left": 246.48605346679688, "top": 60.70318603515625, "right": 305.8470153808594, "bottom": 152.8623809814453}, {"class": "pottedplant", "prob": 0.8498549461364746, "left": 209.49273681640625, "top": 44.51781463623047, "right": 342.0875244140625, "bottom": 166.30490112304688}, {"class": "pottedplant", "prob": 0.8254709243774414, "left": 17.04620361328125, "top": 206.23175048828125, "right": 141.46022033691406, "bottom": 339.63836669921875}, {"class": "pottedplant", "prob": 0.6070442795753479, "left": 229.6104736328125, "top": 183.6920623779297, "right": 362.4676513671875, "bottom": 373.36578369140625}], "time": 0.8436169624328613}
