{"im": 2442, "res": [{"class": "chair", "prob": 0.7068912386894226, "left": 135.30398559570312, "top": 265.82598876953125, "right": 370.6871032714844, "bottom": 304.22027587890625}, {"class": "chair", "prob": 0.6157193183898926, "left": 101.9766845703125, "top": 19.883148193359375, "right": 339.9590148925781, "bottom": 303.60223388671875}], "time": 21.532368183135986}
