{"im": 1599, "res": [{"class": "cat", "prob": 0.8653875589370728, "left": 125.5826644897461, "top": 268.7751770019531, "right": 262.63629150390625, "bottom": 333.5915832519531}, {"class": "chair", "prob": 0.7385165095329285, "left": 0.13622283935546875, "top": 179.76693725585938, "right": 137.63809204101562, "bottom": 295.662109375}], "time": 22.16751718521118}
