{"im": 2114, "res": [{"class": "aeroplane", "prob": 0.9331826567649841, "left": 135.1179656982422, "top": 52.08500671386719, "right": 299.4105224609375, "bottom": 321.496826171875}, {"class": "bicycle", "prob": 0.8728602528572083, "left": 242.20079040527344, "top": 124.63626098632812, "right": 475.70355224609375, "bottom": 344.9143371582031}], "time": 0.8716480731964111}
