{"im": 375, "res": [{"class": "aeroplane", "prob": 0.9992159008979797, "left": 99.82633972167969, "top": 171.9688262939453, "right": 144.68804931640625, "bottom": 347.71929931640625}, {"class": "aeroplane", "prob": 0.9991334676742554, "left": 59.784263610839844, "top": 154.1822052001953, "right": 110.27716827392578, "bottom": 358.0557861328125}], "time": 25.36364507675171}
