{"im": 2146, "res": [{"class": "aeroplane", "prob": 0.9987057447433472, "left": 5.832603454589844, "top": 14.3211669921875, "right": 208.44778442382812, "bottom": 483.23785400390625}, {"class": "bicycle", "prob": 0.9934871792793274, "left": 0.0, "top": 270.6546936035156, "right": 334.0, "bottom": 500.0}], "time": 23.57267999649048}
