{"im": 413, "res": [{"class": "aeroplane", "prob": 0.9998111128807068, "left": 16.4090576171875, "top": 39.99634552001953, "right": 397.6221923828125, "bottom": 247.24786376953125}], "time": 21.507012128829956}
