{"im": 5108, "res": [{"class": "aeroplane", "prob": 0.6162714958190918, "left": 294.5688781738281, "top": 43.208831787109375, "right": 343.1220397949219, "bottom": 121.69963073730469}], "time": 21.417008876800537}
