{"im": 3035, "res": [{"class": "bird", "prob": 0.9971024990081787, "left": 85.29844665527344, "top": 293.81805419921875, "right": 188.25962829589844, "bottom": 365.92254638671875}], "time": 21.703026056289673}
