{"im": 2186, "res": [{"class": "bicycle", "prob": 0.9971176385879517, "left": 68.19564819335938, "top": 6.186248779296875, "right": 327.91693115234375, "bottom": 256.6279296875}, {"class": "aeroplane", "prob": 0.5819823145866394, "left": 192.29144287109375, "top": 0.8175163269042969, "right": 199.84445190429688, "bottom": 28.283472061157227}], "time": 21.412254095077515}
