{"im": 3060, "res": [{"class": "aeroplane", "prob": 0.550204873085022, "left": 117.59739685058594, "top": 56.9942626953125, "right": 487.99871826171875, "bottom": 375.0}, {"class": "bird", "prob": 0.8348594903945923, "left": 117.59739685058594, "top": 56.9942626953125, "right": 487.99871826171875, "bottom": 375.0}], "time": 21.68724799156189}
