{"im": 3734, "res": [{"class": "bird", "prob": 0.7458171248435974, "left": 8.114883422851562, "top": 19.968856811523438, "right": 105.42826080322266, "bottom": 135.05575561523438}, {"class": "bird", "prob": 0.62531578540802, "left": 35.74800109863281, "top": 42.14781951904297, "right": 83.37553405761719, "bottom": 111.90644073486328}], "time": 0.8455100059509277}
