{"im": 5129, "res": [{"class": "aeroplane", "prob": 0.9403519630432129, "left": 130.1874542236328, "top": 11.82879638671875, "right": 480.073974609375, "bottom": 317.2313232421875}, {"class": "aeroplane", "prob": 0.7867040634155273, "left": 53.35837936401367, "top": 0.48691558837890625, "right": 170.208984375, "bottom": 70.6138687133789}], "time": 21.390985012054443}
