{"im": 1546, "res": [{"class": "person", "prob": 0.986338198184967, "left": 243.19937133789062, "top": 259.160400390625, "right": 475.7345275878906, "bottom": 373.53692626953125}], "time": 21.727089881896973}
