{"im": 143, "res": [{"class": "aeroplane", "prob": 0.9110283255577087, "left": 1.4804458618164062, "top": 0.0, "right": 139.02651977539062, "bottom": 465.61279296875}, {"class": "aeroplane", "prob": 0.8862358331680298, "left": 241.9222869873047, "top": 84.97416687011719, "right": 353.45733642578125, "bottom": 355.64306640625}, {"class": "aeroplane", "prob": 0.5468007922172546, "left": 339.935791015625, "top": 185.06063842773438, "right": 364.4344482421875, "bottom": 219.79299926757812}], "time": 1.281541109085083}
