{"im": 2014, "res": [{"class": "pottedplant", "prob": 0.9807304739952087, "left": 150.15377807617188, "top": 18.870574951171875, "right": 490.6591491699219, "bottom": 291.28399658203125}], "time": 21.65789008140564}
