{"im": 5702, "res": [{"class": "pottedplant", "prob": 0.956591010093689, "left": 7.68499755859375, "top": 4.937690734863281, "right": 494.6929931640625, "bottom": 250.7484130859375}], "time": 21.226922035217285}
