{"im": 795, "res": [{"class": "boat", "prob": 0.5608236193656921, "left": 180.03712463378906, "top": 225.29371643066406, "right": 190.26576232910156, "bottom": 246.9449920654297}], "time": 0.8388369083404541}
