{"im": 58, "res": [{"class": "sheep", "prob": 0.8075655698776245, "left": 115.43215942382812, "top": 114.99762725830078, "right": 297.4411315917969, "bottom": 318.06658935546875}], "time": 0.9487171173095703}
