{"im": 1688, "res": [{"class": "pottedplant", "prob": 0.9723050594329834, "left": 31.94243621826172, "top": 75.11732482910156, "right": 241.67123413085938, "bottom": 359.559814453125}, {"class": "aeroplane", "prob": 0.980617105960846, "left": 272.6368408203125, "top": 0.0, "right": 497.05865478515625, "bottom": 363.0}], "time": 21.815587997436523}
