{"im": 3157, "res": [{"class": "aeroplane", "prob": 0.962862491607666, "left": 135.55599975585938, "top": 2.1038818359375, "right": 422.1851501464844, "bottom": 319.0810852050781}], "time": 21.915932178497314}
