{"im": 5430, "res": [{"class": "motorbike", "prob": 0.7714493870735168, "left": 0.0, "top": 275.2354736328125, "right": 93.64823913574219, "bottom": 375.0}, {"class": "motorbike", "prob": 0.7856071591377258, "left": 21.715072631835938, "top": 295.3067626953125, "right": 69.02934265136719, "bottom": 360.40087890625}, {"class": "aeroplane", "prob": 0.5264200568199158, "left": 119.41769409179688, "top": 115.19522857666016, "right": 129.36021423339844, "bottom": 137.4291534423828}], "time": 1.018996000289917}
