{"im": 3952, "res": [{"class": "sheep", "prob": 0.9988887906074524, "left": 151.01715087890625, "top": 151.72613525390625, "right": 389.07861328125, "bottom": 399.47650146484375}], "time": 21.633933067321777}
