{"im": 2963, "res": [{"class": "bottle", "prob": 0.5022071003913879, "left": 117.30073547363281, "top": 66.20729064941406, "right": 399.3394775390625, "bottom": 208.6380157470703}], "time": 0.8492388725280762}
