{"im": 2722, "res": [{"class": "aeroplane", "prob": 0.9996411204338074, "left": 240.2596893310547, "top": 131.1787567138672, "right": 289.716064453125, "bottom": 250.9779815673828}, {"class": "sheep", "prob": 0.9858185052871704, "left": 280.71771240234375, "top": 206.50509643554688, "right": 340.5667724609375, "bottom": 250.00006103515625}], "time": 21.462298154830933}
