{"im": 4735, "res": [{"class": "bird", "prob": 0.9295331835746765, "left": 137.03591918945312, "top": 73.2254638671875, "right": 352.3778991699219, "bottom": 253.4556884765625}, {"class": "aeroplane", "prob": 0.979850709438324, "left": 0.155181884765625, "top": 48.56873321533203, "right": 35.73246765136719, "bottom": 204.341552734375}], "time": 21.354224920272827}
