{"im": 3114, "res": [{"class": "bicycle", "prob": 0.9896275401115417, "left": 24.511566162109375, "top": 55.15000915527344, "right": 463.9076232910156, "bottom": 314.1827392578125}], "time": 21.626636028289795}
