{"im": 5769, "res": [{"class": "train", "prob": 0.9266592264175415, "left": 146.4889678955078, "top": 165.9454803466797, "right": 256.1033935546875, "bottom": 237.6209259033203}, {"class": "train", "prob": 0.8993468880653381, "left": 177.12913513183594, "top": 177.31602478027344, "right": 225.94313049316406, "bottom": 229.89833068847656}, {"class": "train", "prob": 0.6277188062667847, "left": 243.8871612548828, "top": 161.5279541015625, "right": 282.302490234375, "bottom": 222.81109619140625}], "time": 1.1349151134490967}
