{"im": 3269, "res": [{"class": "bus", "prob": 0.8978212475776672, "left": 76.54325866699219, "top": 56.17322540283203, "right": 423.7303466796875, "bottom": 287.97467041015625}, {"class": "aeroplane", "prob": 0.8419555425643921, "left": 186.189208984375, "top": 162.03111267089844, "right": 213.109619140625, "bottom": 193.36952209472656}, {"class": "aeroplane", "prob": 0.6902205348014832, "left": 54.915184020996094, "top": 199.73248291015625, "right": 72.04497528076172, "bottom": 243.00509643554688}], "time": 0.8413279056549072}
