{"im": 152, "res": [{"class": "aeroplane", "prob": 0.9988607168197632, "left": 42.743553161621094, "top": 138.50653076171875, "right": 248.03106689453125, "bottom": 333.0}, {"class": "aeroplane", "prob": 0.9721176028251648, "left": 298.95245361328125, "top": 158.7885284423828, "right": 419.4189453125, "bottom": 322.42388916015625}, {"class": "aeroplane", "prob": 0.7597305774688721, "left": 216.6077880859375, "top": 142.68788146972656, "right": 321.42083740234375, "bottom": 330.72088623046875}], "time": 21.426521062850952}
