{"im": 33, "res": [{"class": "chair", "prob": 0.9945284724235535, "left": 20.850509643554688, "top": 50.31389617919922, "right": 427.7528076171875, "bottom": 278.7709045410156}], "time": 21.465327978134155}
