{"im": 4614, "res": [{"class": "boat", "prob": 0.9944226145744324, "left": 18.356582641601562, "top": 0.75372314453125, "right": 483.03021240234375, "bottom": 366.59814453125}], "time": 21.39469599723816}
