{"im": 5065, "res": [{"class": "sheep", "prob": 0.84748774766922, "left": 0.0, "top": 44.05558776855469, "right": 500.0, "bottom": 293.82366943359375}, {"class": "sheep", "prob": 0.8626111745834351, "left": 0.0, "top": 73.96487426757812, "right": 356.9630126953125, "bottom": 259.15936279296875}], "time": 21.428077697753906}
