{"im": 547, "res": [{"class": "aeroplane", "prob": 0.897153913974762, "left": 172.8567352294922, "top": 52.272705078125, "right": 421.4345703125, "bottom": 332.78253173828125}, {"class": "aeroplane", "prob": 0.7866475582122803, "left": 35.19464111328125, "top": 32.645294189453125, "right": 240.79937744140625, "bottom": 324.830810546875}], "time": 0.8391380310058594}
