{"im": 5167, "res": [{"class": "aeroplane", "prob": 0.9868683815002441, "left": 118.45796203613281, "top": 402.1341247558594, "right": 134.50733947753906, "bottom": 422.2635803222656}], "time": 21.43641495704651}
