{"im": 5056, "res": [{"class": "sheep", "prob": 0.9944157600402832, "left": 215.4774627685547, "top": 206.55831909179688, "right": 271.577392578125, "bottom": 295.6875305175781}, {"class": "aeroplane", "prob": 0.9992415904998779, "left": 258.7196044921875, "top": 87.24259185791016, "right": 303.19500732421875, "bottom": 294.393310546875}], "time": 21.420844078063965}
