{"im": 1836, "res": [{"class": "aeroplane", "prob": 0.9985811710357666, "left": 184.68377685546875, "top": 123.06558227539062, "right": 431.40374755859375, "bottom": 375.0}, {"class": "cat", "prob": 0.7772960662841797, "left": 3.2305965423583984, "top": 287.33489990234375, "right": 62.75379180908203, "bottom": 358.84576416015625}, {"class": "bottle", "prob": 0.7501748204231262, "left": 101.95016479492188, "top": 86.29823303222656, "right": 457.3178405761719, "bottom": 292.91656494140625}], "time": 21.627205848693848}
