{"im": 5307, "res": [{"class": "boat", "prob": 0.7535167336463928, "left": 15.614791870117188, "top": 128.08963012695312, "right": 277.5101318359375, "bottom": 258.11834716796875}], "time": 0.8934640884399414}
