{"im": 1469, "res": [{"class": "aeroplane", "prob": 0.7771551609039307, "left": 336.4399108886719, "top": 6.613150596618652, "right": 346.4913635253906, "bottom": 29.240520477294922}, {"class": "bird", "prob": 0.588956356048584, "left": 0.0, "top": 20.095382690429688, "right": 475.7409362792969, "bottom": 260.9693603515625}], "time": 0.8377220630645752}
