{"im": 1094, "res": [{"class": "aeroplane", "prob": 0.9675615429878235, "left": 248.09719848632812, "top": 83.90718078613281, "right": 481.9136047363281, "bottom": 375.0}], "time": 1.1490750312805176}
