{"im": 2729, "res": [{"class": "bird", "prob": 0.618493378162384, "left": 8.091796875, "top": 172.23922729492188, "right": 20.00621795654297, "bottom": 192.38211059570312}, {"class": "bird", "prob": 0.5249535441398621, "left": 0.0, "top": 87.47314453125, "right": 427.92645263671875, "bottom": 301.232421875}], "time": 0.8867712020874023}
