{"im": 2195, "res": [{"class": "sheep", "prob": 0.7601721286773682, "left": 0.0, "top": 0.0, "right": 500.0, "bottom": 349.0806884765625}], "time": 21.414912939071655}
