{"im": 1854, "res": [{"class": "tvmonitor", "prob": 0.928953230381012, "left": 45.88984680175781, "top": 119.85064697265625, "right": 315.5406494140625, "bottom": 284.2586669921875}], "time": 0.8644561767578125}
