{"im": 995, "res": [{"class": "cat", "prob": 0.8262068629264832, "left": 15.057388305664062, "top": 82.44136047363281, "right": 494.62982177734375, "bottom": 278.67547607421875}], "time": 1.023951768875122}
