{"im": 1328, "res": [{"class": "bottle", "prob": 0.9985070824623108, "left": 8.309921264648438, "top": 154.49273681640625, "right": 449.693359375, "bottom": 312.26416015625}], "time": 21.626216888427734}
