{"im": 1069, "res": [{"class": "aeroplane", "prob": 0.9837237596511841, "left": 9.631027221679688, "top": 98.94107055664062, "right": 479.48529052734375, "bottom": 368.8877258300781}, {"class": "aeroplane", "prob": 0.6744499802589417, "left": 42.331783294677734, "top": 128.43191528320312, "right": 133.65731811523438, "bottom": 241.13357543945312}], "time": 21.198028087615967}
