{"im": 3787, "res": [{"class": "person", "prob": 0.8256126046180725, "left": 42.18315887451172, "top": 47.66706848144531, "right": 276.8873291015625, "bottom": 500.0}], "time": 21.848246097564697}
