{"im": 4159, "res": [{"class": "sheep", "prob": 0.9952836036682129, "left": 74.03104400634766, "top": 0.0, "right": 313.6866149902344, "bottom": 333.48223876953125}], "time": 21.630601167678833}
