{"im": 777, "res": [{"class": "aeroplane", "prob": 0.9973872900009155, "left": 2.8341064453125, "top": 0.0, "right": 366.9715270996094, "bottom": 500.0}], "time": 21.791393041610718}
