{"im": 1281, "res": [{"class": "aeroplane", "prob": 0.8828774690628052, "left": 144.35354614257812, "top": 112.50221252441406, "right": 371.2951965332031, "bottom": 285.97698974609375}], "time": 0.8802511692047119}
