{"im": 2447, "res": [{"class": "car", "prob": 0.9984968304634094, "left": 191.87625122070312, "top": 153.18309020996094, "right": 418.8207702636719, "bottom": 247.5347137451172}], "time": 21.400863885879517}
