{"im": 2744, "res": [{"class": "bottle", "prob": 0.9831784963607788, "left": 35.5399169921875, "top": 84.27654266357422, "right": 407.6640625, "bottom": 232.86557006835938}, {"class": "aeroplane", "prob": 0.7839657664299011, "left": 85.34536743164062, "top": 89.81132507324219, "right": 91.6466064453125, "bottom": 103.86654663085938}], "time": 21.42792296409607}
