{"im": 3273, "res": [{"class": "bottle", "prob": 0.9927195310592651, "left": 0.0, "top": 14.096511840820312, "right": 500.0, "bottom": 326.0386962890625}], "time": 21.92262601852417}
