{"im": 4723, "res": [{"class": "person", "prob": 0.9999359250068665, "left": 285.3080749511719, "top": 82.97410583496094, "right": 448.0, "bottom": 203.44667053222656}], "time": 21.416074991226196}
