{"im": 1021, "res": [{"class": "aeroplane", "prob": 0.9443310499191284, "left": 78.754638671875, "top": 77.12215423583984, "right": 249.352294921875, "bottom": 319.2320556640625}, {"class": "aeroplane", "prob": 0.7296750545501709, "left": 245.85333251953125, "top": 101.92786407470703, "right": 387.49481201171875, "bottom": 317.9741516113281}], "time": 0.887923002243042}
