{"im": 1544, "res": [{"class": "tvmonitor", "prob": 0.9446810483932495, "left": 303.06024169921875, "top": 104.64791870117188, "right": 440.18048095703125, "bottom": 250.638671875}, {"class": "train", "prob": 0.9232783913612366, "left": 36.63816833496094, "top": 153.9000244140625, "right": 84.07432556152344, "bottom": 226.26272583007812}], "time": 21.781753063201904}
