{"im": 2060, "res": [{"class": "person", "prob": 0.9386130571365356, "left": 252.20896911621094, "top": 114.79058837890625, "right": 336.242431640625, "bottom": 239.59024047851562}, {"class": "person", "prob": 0.627396285533905, "left": 276.46600341796875, "top": 130.25279235839844, "right": 314.18267822265625, "bottom": 217.0764617919922}], "time": 0.8642392158508301}
