{"im": 3101, "res": [{"class": "aeroplane", "prob": 0.9990617632865906, "left": 191.8594207763672, "top": 133.77536010742188, "right": 236.5691375732422, "bottom": 231.102783203125}], "time": 24.159178972244263}
