{"im": 1513, "res": [{"class": "sheep", "prob": 0.9761215448379517, "left": 204.19558715820312, "top": 208.03961181640625, "right": 315.6156921386719, "bottom": 331.9486083984375}, {"class": "bird", "prob": 0.8594187498092651, "left": 12.832916259765625, "top": 201.2373046875, "right": 440.4573669433594, "bottom": 335.0}, {"class": "bird", "prob": 0.9409666657447815, "left": 0.0, "top": 183.60107421875, "right": 191.2086639404297, "bottom": 319.0658264160156}], "time": 21.968873023986816}
