{"im": 4987, "res": [{"class": "aeroplane", "prob": 0.9999572038650513, "left": 2.577423095703125, "top": 98.61735534667969, "right": 223.7024688720703, "bottom": 370.745849609375}, {"class": "aeroplane", "prob": 0.9957571029663086, "left": 154.68435668945312, "top": 110.58270263671875, "right": 294.0286560058594, "bottom": 263.32269287109375}, {"class": "aeroplane", "prob": 0.9940763115882874, "left": 269.7992248535156, "top": 131.57699584960938, "right": 500.0, "bottom": 352.4169006347656}], "time": 21.41743803024292}
