{"im": 2245, "res": [{"class": "aeroplane", "prob": 0.9495878219604492, "left": 58.65167999267578, "top": 0.37697410583496094, "right": 110.70040130615234, "bottom": 38.14751434326172}, {"class": "aeroplane", "prob": 0.8871691226959229, "left": 6.374300003051758, "top": 0.7700691223144531, "right": 38.899078369140625, "bottom": 49.153099060058594}, {"class": "aeroplane", "prob": 0.7642307877540588, "left": 231.14166259765625, "top": 0.14557647705078125, "right": 260.4732666015625, "bottom": 27.65517234802246}], "time": 21.465243101119995}
