{"im": 3053, "res": [{"class": "aeroplane", "prob": 0.8197844624519348, "left": 394.31109619140625, "top": 167.1608123779297, "right": 406.979736328125, "bottom": 187.0627899169922}, {"class": "aeroplane", "prob": 0.8024351000785828, "left": 84.01290893554688, "top": 159.85365295410156, "right": 94.36164855957031, "bottom": 180.13514709472656}, {"class": "aeroplane", "prob": 0.7722665667533875, "left": 119.22392272949219, "top": 161.3172149658203, "right": 129.2749481201172, "bottom": 179.63844299316406}], "time": 0.9573788642883301}
