{"im": 1982, "res": [{"class": "car", "prob": 0.9289782643318176, "left": 0.0, "top": 0.0, "right": 500.0, "bottom": 331.0}, {"class": "aeroplane", "prob": 0.9859968423843384, "left": 185.9307098388672, "top": 106.1384048461914, "right": 251.86439514160156, "bottom": 320.0637512207031}], "time": 21.68742609024048}
