{"im": 4054, "res": [{"class": "bird", "prob": 0.8817650675773621, "left": 110.37358093261719, "top": 122.44352722167969, "right": 394.25604248046875, "bottom": 242.48179626464844}], "time": 1.140212059020996}
