{"im": 5392, "res": [{"class": "aeroplane", "prob": 0.9997683763504028, "left": 65.62384033203125, "top": 80.72090148925781, "right": 351.57147216796875, "bottom": 481.69744873046875}, {"class": "diningtable", "prob": 0.8555082678794861, "left": 71.88260650634766, "top": 272.6979064941406, "right": 133.69683837890625, "bottom": 421.8231506347656}], "time": 21.515081882476807}
