{"im": 4925, "res": [{"class": "pottedplant", "prob": 0.7895039319992065, "left": 80.84782409667969, "top": 36.40846252441406, "right": 425.66595458984375, "bottom": 350.83184814453125}], "time": 0.9457361698150635}
