{"im": 1511, "res": [{"class": "sheep", "prob": 0.9968783855438232, "left": 0.0, "top": 98.74636840820312, "right": 403.787353515625, "bottom": 375.0}], "time": 22.3290958404541}
