{"im": 1634, "res": [{"class": "pottedplant", "prob": 0.990893542766571, "left": 56.34234619140625, "top": 8.199531555175781, "right": 386.28631591796875, "bottom": 193.7686767578125}, {"class": "aeroplane", "prob": 0.8528001308441162, "left": 8.540420532226562, "top": 105.12199401855469, "right": 480.5018310546875, "bottom": 375.0}], "time": 21.654985904693604}
