{"im": 5249, "res": [{"class": "sofa", "prob": 0.9979292154312134, "left": 161.58590698242188, "top": 123.81317901611328, "right": 303.0675354003906, "bottom": 234.36737060546875}, {"class": "aeroplane", "prob": 0.9987357258796692, "left": 210.48263549804688, "top": 72.73095703125, "right": 252.83282470703125, "bottom": 187.83273315429688}], "time": 21.469894886016846}
