{"im": 5399, "res": [{"class": "person", "prob": 0.9966480135917664, "left": 206.16961669921875, "top": 66.2273178100586, "right": 460.01995849609375, "bottom": 252.20462036132812}], "time": 21.570528030395508}
