{"im": 172, "res": [{"class": "aeroplane", "prob": 0.9821642637252808, "left": 79.8370361328125, "top": 84.48863220214844, "right": 356.0191955566406, "bottom": 467.6873779296875}], "time": 21.516682863235474}
