{"im": 2785, "res": [{"class": "car", "prob": 0.9923744201660156, "left": 279.27972412109375, "top": 33.10789489746094, "right": 499.78460693359375, "bottom": 303.01068115234375}, {"class": "car", "prob": 0.9895006418228149, "left": 0.2134552001953125, "top": 24.761260986328125, "right": 337.33258056640625, "bottom": 334.0}, {"class": "aeroplane", "prob": 0.6578992009162903, "left": 369.8521728515625, "top": 191.64022827148438, "right": 384.66436767578125, "bottom": 213.50717163085938}], "time": 21.479795932769775}
