{"im": 4551, "res": [{"class": "pottedplant", "prob": 0.9066914319992065, "left": 130.12167358398438, "top": 0.0, "right": 459.5294494628906, "bottom": 375.0}], "time": 21.375877857208252}
