{"im": 143, "res": [{"class": "aeroplane", "prob": 0.9997383952140808, "left": 247.58279418945312, "top": 69.97457885742188, "right": 327.7442321777344, "bottom": 364.756591796875}, {"class": "aeroplane", "prob": 0.9971919059753418, "left": 2.0395584106445312, "top": 0.019317626953125, "right": 186.59637451171875, "bottom": 457.01861572265625}, {"class": "bird", "prob": 0.5948005318641663, "left": 413.01776123046875, "top": 174.1763153076172, "right": 451.9007568359375, "bottom": 211.78273010253906}, {"class": "aeroplane", "prob": 0.531134307384491, "left": 318.2360534667969, "top": 158.82974243164062, "right": 379.4426574707031, "bottom": 275.0970458984375}], "time": 21.675817012786865}
