{"im": 243, "res": [{"class": "aeroplane", "prob": 0.9919273257255554, "left": 226.94186401367188, "top": 13.197738647460938, "right": 489.2399597167969, "bottom": 362.32952880859375}, {"class": "aeroplane", "prob": 0.9639509916305542, "left": 21.782302856445312, "top": 48.53157043457031, "right": 372.5697021484375, "bottom": 371.41510009765625}], "time": 21.516911029815674}
