{"im": 635, "res": [{"class": "bird", "prob": 0.9590886235237122, "left": 215.1038818359375, "top": 375.5218811035156, "right": 375.0, "bottom": 491.1704406738281}, {"class": "bird", "prob": 0.8211045265197754, "left": 262.31512451171875, "top": 391.526123046875, "right": 333.257080078125, "bottom": 477.18231201171875}], "time": 0.873790979385376}
