{"im": 5618, "res": [{"class": "person", "prob": 0.9981715083122253, "left": 194.6903533935547, "top": 81.92212677001953, "right": 312.3918151855469, "bottom": 258.7684020996094}], "time": 21.07266879081726}
