{"im": 1703, "res": [{"class": "aeroplane", "prob": 0.9905104637145996, "left": 184.59735107421875, "top": 68.88603210449219, "right": 470.7711181640625, "bottom": 369.44525146484375}, {"class": "aeroplane", "prob": 0.9917327165603638, "left": 44.88249969482422, "top": 142.32293701171875, "right": 234.52255249023438, "bottom": 378.0}], "time": 21.686033964157104}
