{"im": 1218, "res": [{"class": "sofa", "prob": 0.9608952403068542, "left": 41.29115295410156, "top": 73.77882385253906, "right": 365.61328125, "bottom": 334.40447998046875}, {"class": "aeroplane", "prob": 0.9139014482498169, "left": 34.84909439086914, "top": 195.65011596679688, "right": 114.81352233886719, "bottom": 360.1687927246094}], "time": 21.230189085006714}
