{"im": 2776, "res": [{"class": "bottle", "prob": 0.9806728959083557, "left": 25.564620971679688, "top": 124.12190246582031, "right": 470.0821533203125, "bottom": 242.1491241455078}, {"class": "aeroplane", "prob": 0.9464945793151855, "left": 388.9308776855469, "top": 220.0716552734375, "right": 402.3164978027344, "bottom": 249.00088500976562}, {"class": "aeroplane", "prob": 0.9074403643608093, "left": 351.792724609375, "top": 224.4999237060547, "right": 360.7916259765625, "bottom": 247.39768981933594}], "time": 21.47853994369507}
