{"im": 4120, "res": [{"class": "sofa", "prob": 0.991551399230957, "left": 0.0, "top": 85.1495361328125, "right": 257.01177978515625, "bottom": 375.0}, {"class": "aeroplane", "prob": 0.903632402420044, "left": 190.59405517578125, "top": 128.90773010253906, "right": 467.06671142578125, "bottom": 368.863525390625}], "time": 21.664388179779053}
