{"im": 3973, "res": [{"class": "sheep", "prob": 0.6170648336410522, "left": 11.632095336914062, "top": 9.627197265625, "right": 488.28240966796875, "bottom": 359.51373291015625}], "time": 21.583489179611206}
