{"im": 4687, "res": [{"class": "train", "prob": 0.8194693326950073, "left": 5.559967041015625, "top": 135.78201293945312, "right": 210.62843322753906, "bottom": 296.7036437988281}], "time": 0.8614509105682373}
