{"im": 5472, "res": [{"class": "aeroplane", "prob": 0.9281883239746094, "left": 210.76930236816406, "top": 99.6448974609375, "right": 307.36676025390625, "bottom": 208.52374267578125}, {"class": "aeroplane", "prob": 0.9182877540588379, "left": 240.37081909179688, "top": 118.8089599609375, "right": 281.5673522949219, "bottom": 192.82864379882812}, {"class": "aeroplane", "prob": 0.9149937033653259, "left": 322.47235107421875, "top": 7.8419342041015625, "right": 497.48760986328125, "bottom": 301.28729248046875}, {"class": "aeroplane", "prob": 0.7411547303199768, "left": 17.280784606933594, "top": 54.600738525390625, "right": 182.63848876953125, "bottom": 375.0}], "time": 0.8856840133666992}
