{"im": 5036, "res": [{"class": "pottedplant", "prob": 0.9822145700454712, "left": 4.1160125732421875, "top": 95.20465087890625, "right": 275.99365234375, "bottom": 407.9275817871094}], "time": 21.47814702987671}
