{"im": 3521, "res": [{"class": "aeroplane", "prob": 0.6856819987297058, "left": 63.82465362548828, "top": 99.74812316894531, "right": 203.6324462890625, "bottom": 317.9320068359375}], "time": 0.9381482601165771}
