{"im": 5140, "res": [{"class": "person", "prob": 0.9902225136756897, "left": 74.02908325195312, "top": 341.9069519042969, "right": 348.7192687988281, "bottom": 403.8836975097656}], "time": 21.45363187789917}
