{"im": 839, "res": [{"class": "boat", "prob": 0.8655324578285217, "left": 87.76011657714844, "top": 155.7672882080078, "right": 359.17620849609375, "bottom": 313.81353759765625}], "time": 0.8362641334533691}
