{"im": 2034, "res": [{"class": "aeroplane", "prob": 0.9994618892669678, "left": 0.0, "top": 70.96092224121094, "right": 280.82818603515625, "bottom": 357.78533935546875}, {"class": "aeroplane", "prob": 0.9714787602424622, "left": 264.0030212402344, "top": 43.73872375488281, "right": 480.0, "bottom": 360.0}], "time": 21.65862727165222}
