{"im": 5479, "res": [{"class": "person", "prob": 0.9267160296440125, "left": 88.7671127319336, "top": 36.43182373046875, "right": 250.40951538085938, "bottom": 371.427734375}], "time": 21.494380235671997}
