{"im": 2588, "res": [{"class": "aeroplane", "prob": 0.7362006306648254, "left": 266.94781494140625, "top": 78.33198547363281, "right": 323.74066162109375, "bottom": 148.0245819091797}], "time": 21.403170824050903}
