{"im": 1811, "res": [{"class": "car", "prob": 0.9999183416366577, "left": 0.0, "top": 31.974563598632812, "right": 500.0, "bottom": 301.48748779296875}, {"class": "aeroplane", "prob": 0.9867874383926392, "left": 0.5322866439819336, "top": 124.07109069824219, "right": 15.856820106506348, "bottom": 213.54884338378906}, {"class": "aeroplane", "prob": 0.8674172163009644, "left": 395.9173278808594, "top": 94.29498291015625, "right": 413.5372009277344, "bottom": 126.17301940917969}], "time": 21.62193202972412}
