{"im": 4503, "res": [{"class": "boat", "prob": 0.5841605067253113, "left": 21.988601684570312, "top": 49.352699279785156, "right": 475.6708984375, "bottom": 285.07080078125}], "time": 0.8557610511779785}
