{"im": 1772, "res": [{"class": "chair", "prob": 0.9948247671127319, "left": 52.18626403808594, "top": 120.84380340576172, "right": 206.1291046142578, "bottom": 179.28927612304688}, {"class": "chair", "prob": 0.9871405363082886, "left": 104.72991180419922, "top": 5.034309387207031, "right": 281.6772155761719, "bottom": 68.61138916015625}, {"class": "chair", "prob": 0.561237633228302, "left": 54.23804473876953, "top": 0.4062175750732422, "right": 92.59436798095703, "bottom": 15.664710998535156}, {"class": "aeroplane", "prob": 0.7043394446372986, "left": 170.4497833251953, "top": 15.615577697753906, "right": 180.18788146972656, "bottom": 27.653701782226562}], "time": 21.573923110961914}
