{"im": 4657, "res": [{"class": "aeroplane", "prob": 0.999401867389679, "left": 60.556121826171875, "top": 59.047515869140625, "right": 340.9847106933594, "bottom": 326.7250671386719}], "time": 21.37821078300476}
