{"im": 4893, "res": [{"class": "sheep", "prob": 0.9991419911384583, "left": 151.89602661132812, "top": 233.92263793945312, "right": 194.8599853515625, "bottom": 338.7028503417969}, {"class": "aeroplane", "prob": 0.9948391318321228, "left": 155.14125061035156, "top": 152.84100341796875, "right": 208.6974639892578, "bottom": 305.1106262207031}], "time": 21.41784405708313}
