{"im": 1961, "res": [{"class": "pottedplant", "prob": 0.9916236400604248, "left": 2.27154541015625, "top": 64.59419250488281, "right": 254.72262573242188, "bottom": 433.81011962890625}], "time": 21.659002780914307}
