{"im": 4027, "res": [{"class": "pottedplant", "prob": 0.7176300287246704, "left": 62.094886779785156, "top": 0.0, "right": 267.91558837890625, "bottom": 500.0}], "time": 23.05084490776062}
