{"im": 76, "res": [{"class": "aeroplane", "prob": 0.9922441244125366, "left": 86.61546325683594, "top": 126.15111541748047, "right": 312.09661865234375, "bottom": 373.1211853027344}, {"class": "boat", "prob": 0.6177113056182861, "left": 25.098403930664062, "top": 225.95297241210938, "right": 473.91375732421875, "bottom": 360.8938293457031}], "time": 21.3981831073761}
