{"im": 2891, "res": [{"class": "aeroplane", "prob": 0.7025498151779175, "left": 37.596221923828125, "top": 40.06248474121094, "right": 171.53768920898438, "bottom": 500.0}], "time": 0.8730578422546387}
