{"im": 5767, "res": [{"class": "boat", "prob": 0.999330461025238, "left": 88.01800537109375, "top": 95.95355224609375, "right": 373.60870361328125, "bottom": 287.1922912597656}, {"class": "aeroplane", "prob": 0.9939572811126709, "left": 153.45999145507812, "top": 51.62077331542969, "right": 290.5882873535156, "bottom": 265.84844970703125}], "time": 21.76453399658203}
