{"im": 846, "res": [{"class": "aeroplane", "prob": 0.9940800070762634, "left": 85.59283447265625, "top": 187.28314208984375, "right": 249.66989135742188, "bottom": 422.2354736328125}, {"class": "aeroplane", "prob": 0.9740395545959473, "left": 39.72921371459961, "top": 166.1415557861328, "right": 105.17825317382812, "bottom": 269.650634765625}], "time": 22.00374484062195}
