{"im": 2450, "res": [{"class": "tvmonitor", "prob": 0.7263290286064148, "left": 33.127906799316406, "top": 160.4536895751953, "right": 71.98123931884766, "bottom": 199.7864532470703}, {"class": "sofa", "prob": 0.784079909324646, "left": 195.48126220703125, "top": 117.76139831542969, "right": 398.0601806640625, "bottom": 285.99261474609375}, {"class": "tvmonitor", "prob": 0.7081851363182068, "left": 0.8445358276367188, "top": 153.8146514892578, "right": 96.69695281982422, "bottom": 205.70790100097656}], "time": 0.8316471576690674}
