{"im": 3972, "res": [{"class": "aeroplane", "prob": 0.7949164509773254, "left": 212.80140686035156, "top": 132.03036499023438, "right": 289.9635009765625, "bottom": 348.5345764160156}, {"class": "sheep", "prob": 0.522236168384552, "left": 190.05921936035156, "top": 309.0985412597656, "right": 227.8683319091797, "bottom": 329.5835266113281}], "time": 1.0364151000976562}
