{"im": 4709, "res": [{"class": "pottedplant", "prob": 0.9143874645233154, "left": 245.732421875, "top": 66.59784698486328, "right": 326.9234619140625, "bottom": 270.09576416015625}, {"class": "aeroplane", "prob": 0.8677358031272888, "left": 405.8183898925781, "top": 25.70654296875, "right": 500.0, "bottom": 308.9549560546875}], "time": 21.702428817749023}
