{"im": 501, "res": [{"class": "aeroplane", "prob": 0.9968860745429993, "left": 248.93838500976562, "top": 104.98921203613281, "right": 394.7499694824219, "bottom": 257.727783203125}, {"class": "aeroplane", "prob": 0.9889808297157288, "left": 127.2637710571289, "top": 1.4517898559570312, "right": 336.6822814941406, "bottom": 186.73699951171875}, {"class": "aeroplane", "prob": 0.9589754939079285, "left": 54.68128204345703, "top": 79.59815979003906, "right": 293.0267333984375, "bottom": 315.23663330078125}], "time": 21.59882402420044}
