{"im": 4394, "res": [{"class": "train", "prob": 0.8412051796913147, "left": 174.83935546875, "top": 85.139404296875, "right": 466.85772705078125, "bottom": 349.1104736328125}], "time": 0.8193538188934326}
