{"im": 3463, "res": [{"class": "person", "prob": 0.8456506729125977, "left": 106.74497985839844, "top": 156.28781127929688, "right": 203.91685485839844, "bottom": 187.73876953125}], "time": 21.448832035064697}
