{"im": 318, "res": [{"class": "aeroplane", "prob": 0.6386699080467224, "left": 41.29649353027344, "top": 34.315948486328125, "right": 299.6539306640625, "bottom": 368.26544189453125}, {"class": "aeroplane", "prob": 0.5273020267486572, "left": 137.83889770507812, "top": 107.05509185791016, "right": 500.0, "bottom": 359.8189697265625}], "time": 0.8697662353515625}
