{"im": 5460, "res": [{"class": "car", "prob": 0.9998905658721924, "left": 41.07664489746094, "top": 93.30826568603516, "right": 500.0, "bottom": 287.93487548828125}], "time": 21.47282099723816}
