{"im": 4061, "res": [{"class": "bicycle", "prob": 0.8395915627479553, "left": 321.705078125, "top": 186.46165466308594, "right": 374.20703125, "bottom": 245.07130432128906}, {"class": "bicycle", "prob": 0.5427967309951782, "left": 304.505615234375, "top": 166.75311279296875, "right": 393.20196533203125, "bottom": 254.90182495117188}, {"class": "bicycle", "prob": 0.5604825615882874, "left": 9.711957931518555, "top": 154.14834594726562, "right": 43.407318115234375, "bottom": 201.69674682617188}, {"class": "aeroplane", "prob": 0.5499647855758667, "left": 304.7704772949219, "top": 116.5614013671875, "right": 382.0150451660156, "bottom": 223.28289794921875}], "time": 1.001715898513794}
