{"im": 2514, "res": [{"class": "bird", "prob": 0.8762034773826599, "left": 60.227317810058594, "top": 11.512378692626953, "right": 206.57833862304688, "bottom": 56.407283782958984}, {"class": "bird", "prob": 0.752723753452301, "left": 65.46488952636719, "top": 52.85492706298828, "right": 428.46160888671875, "bottom": 241.47128295898438}, {"class": "bird", "prob": 0.7222905158996582, "left": 89.99334716796875, "top": 18.602046966552734, "right": 164.17623901367188, "bottom": 52.49466323852539}, {"class": "bird", "prob": 0.5840257406234741, "left": 220.7881622314453, "top": 0.0, "right": 326.0858154296875, "bottom": 35.93378448486328}], "time": 0.8349151611328125}
