{"im": 1702, "res": [{"class": "bottle", "prob": 0.9765534400939941, "left": 64.78201293945312, "top": 51.85392761230469, "right": 491.1697082519531, "bottom": 271.79779052734375}], "time": 21.71271777153015}
