{"im": 145, "res": [{"class": "aeroplane", "prob": 0.6802341341972351, "left": 0.0, "top": 33.62335205078125, "right": 379.10675048828125, "bottom": 321.0174560546875}, {"class": "aeroplane", "prob": 0.5341826677322388, "left": 203.068603515625, "top": 78.32769012451172, "right": 444.98541259765625, "bottom": 324.0917663574219}], "time": 1.0249316692352295}
