{"im": 3471, "res": [{"class": "bicycle", "prob": 0.9601234793663025, "left": 120.82660675048828, "top": 236.74424743652344, "right": 370.740234375, "bottom": 463.6055908203125}], "time": 21.482880115509033}
