{"im": 2182, "res": [{"class": "tvmonitor", "prob": 0.629051685333252, "left": 81.31552124023438, "top": 94.77008819580078, "right": 422.2046813964844, "bottom": 339.422119140625}], "time": 21.492079734802246}
