{"im": 3200, "res": [{"class": "bottle", "prob": 0.8371940851211548, "left": 104.57933044433594, "top": 158.85589599609375, "right": 387.58050537109375, "bottom": 224.89727783203125}], "time": 0.8574097156524658}
