{"im": 4960, "res": [{"class": "person", "prob": 0.997290849685669, "left": 81.0193099975586, "top": 31.059558868408203, "right": 143.92742919921875, "bottom": 120.78507995605469}, {"class": "person", "prob": 0.9878889918327332, "left": 258.2794189453125, "top": 138.8216552734375, "right": 433.20013427734375, "bottom": 236.32046508789062}, {"class": "person", "prob": 0.9416383504867554, "left": 44.04289245605469, "top": 193.15647888183594, "right": 176.0840301513672, "bottom": 266.81927490234375}, {"class": "person", "prob": 0.9713848233222961, "left": 367.6191101074219, "top": 256.7709655761719, "right": 496.7950744628906, "bottom": 336.5665588378906}], "time": 21.38529634475708}
