{"im": 1898, "res": [{"class": "aeroplane", "prob": 0.9983273148536682, "left": 333.025390625, "top": 21.486846923828125, "right": 500.0, "bottom": 370.4251403808594}], "time": 21.674712896347046}
