{"im": 4054, "res": [{"class": "bird", "prob": 0.9548357129096985, "left": 91.41535949707031, "top": 119.35310363769531, "right": 415.6025390625, "bottom": 248.3626251220703}], "time": 21.6034038066864}
