{"im": 2051, "res": [{"class": "aeroplane", "prob": 0.5031765103340149, "left": 1.8888435363769531, "top": 292.38458251953125, "right": 27.491779327392578, "bottom": 400.40972900390625}], "time": 0.8242859840393066}
