{"im": 851, "res": [{"class": "pottedplant", "prob": 0.8996860980987549, "left": 243.52706909179688, "top": 118.16178894042969, "right": 361.2842712402344, "bottom": 216.3865509033203}], "time": 25.07976770401001}
