{"im": 4041, "res": [{"class": "aeroplane", "prob": 0.9987252950668335, "left": 192.25045776367188, "top": 0.0, "right": 331.2239074707031, "bottom": 370.5211181640625}, {"class": "aeroplane", "prob": 0.9273195266723633, "left": 144.89718627929688, "top": 216.5706787109375, "right": 223.27587890625, "bottom": 372.53717041015625}], "time": 23.1201229095459}
