{"im": 4093, "res": [{"class": "bird", "prob": 0.6644932627677917, "left": 90.45594787597656, "top": 133.24374389648438, "right": 473.170654296875, "bottom": 264.4620361328125}], "time": 0.8352501392364502}
