{"im": 986, "res": [{"class": "car", "prob": 0.9000436663627625, "left": 231.46641540527344, "top": 141.75987243652344, "right": 400.51702880859375, "bottom": 262.7067565917969}, {"class": "car", "prob": 0.8889734745025635, "left": 132.4160614013672, "top": 177.695068359375, "right": 183.23533630371094, "bottom": 250.63333129882812}, {"class": "car", "prob": 0.7980696558952332, "left": 106.66020202636719, "top": 168.0623779296875, "right": 213.8391571044922, "bottom": 264.8507995605469}], "time": 1.0773751735687256}
