{"im": 4437, "res": [{"class": "train", "prob": 0.9927709102630615, "left": 89.96719360351562, "top": 8.626296997070312, "right": 409.9471740722656, "bottom": 332.0}], "time": 21.38690710067749}
