{"im": 1738, "res": [{"class": "aeroplane", "prob": 0.9688888788223267, "left": 143.63653564453125, "top": 2.5797195434570312, "right": 373.50689697265625, "bottom": 245.98480224609375}, {"class": "aeroplane", "prob": 0.5795812606811523, "left": 43.98651123046875, "top": 20.874692916870117, "right": 87.41636657714844, "bottom": 78.24933624267578}], "time": 21.7427921295166}
