{"im": 194, "res": [{"class": "sofa", "prob": 0.9983841776847839, "left": 241.04876708984375, "top": 94.1491928100586, "right": 349.595947265625, "bottom": 286.7120666503906}, {"class": "aeroplane", "prob": 0.9982632994651794, "left": 246.46646118164062, "top": 26.481430053710938, "right": 361.9620056152344, "bottom": 212.27479553222656}], "time": 21.521392107009888}
