{"im": 3726, "res": [{"class": "aeroplane", "prob": 0.9049710631370544, "left": 464.0387268066406, "top": 266.57177734375, "right": 471.5340881347656, "bottom": 295.5135498046875}, {"class": "bus", "prob": 0.7743204832077026, "left": 106.73431396484375, "top": 73.5804443359375, "right": 439.71270751953125, "bottom": 345.320068359375}, {"class": "aeroplane", "prob": 0.6667786240577698, "left": 454.9897766113281, "top": 266.04583740234375, "right": 461.1229553222656, "bottom": 292.04254150390625}], "time": 0.8342571258544922}
