{"im": 1713, "res": [{"class": "sheep", "prob": 0.9977295398712158, "left": 25.815902709960938, "top": 41.91246032714844, "right": 278.09185791015625, "bottom": 310.8253173828125}, {"class": "aeroplane", "prob": 0.9927599430084229, "left": 191.4552001953125, "top": 26.741714477539062, "right": 400.334228515625, "bottom": 295.08917236328125}], "time": 21.6467866897583}
