{"im": 3160, "res": [{"class": "aeroplane", "prob": 0.9844738245010376, "left": 99.26895141601562, "top": 2.829803466796875, "right": 270.476318359375, "bottom": 286.6394348144531}, {"class": "sofa", "prob": 0.8304588794708252, "left": 135.29452514648438, "top": 55.941864013671875, "right": 239.906494140625, "bottom": 383.0531311035156}], "time": 21.82935404777527}
