{"im": 3903, "res": [{"class": "aeroplane", "prob": 0.7256976366043091, "left": 8.874286651611328, "top": 172.56552124023438, "right": 101.62532043457031, "bottom": 362.2183532714844}], "time": 0.8653039932250977}
