{"im": 2509, "res": [{"class": "bus", "prob": 0.8033113479614258, "left": 262.80462646484375, "top": 107.8398666381836, "right": 485.67510986328125, "bottom": 341.9231262207031}], "time": 0.8552341461181641}
