{"im": 13, "res": [{"class": "aeroplane", "prob": 0.9968416094779968, "left": 118.02645874023438, "top": 144.69247436523438, "right": 280.0560607910156, "bottom": 369.0756530761719}], "time": 21.61218285560608}
