{"im": 4862, "res": [{"class": "car", "prob": 0.9974144697189331, "left": 35.069183349609375, "top": 82.40821838378906, "right": 372.6673889160156, "bottom": 243.49220275878906}], "time": 21.411046028137207}
