{"im": 838, "res": [{"class": "aeroplane", "prob": 0.8227835297584534, "left": 33.1109619140625, "top": 163.2276153564453, "right": 314.23724365234375, "bottom": 375.0}, {"class": "aeroplane", "prob": 0.8192375898361206, "left": 390.6678161621094, "top": 2.6282958984375, "right": 498.7045593261719, "bottom": 143.55087280273438}], "time": 0.8290328979492188}
