{"im": 2645, "res": [{"class": "bicycle", "prob": 0.8779287338256836, "left": 9.267608642578125, "top": 65.82414245605469, "right": 266.7609558105469, "bottom": 478.24249267578125}], "time": 21.477193117141724}
