{"im": 3375, "res": [{"class": "aeroplane", "prob": 0.9209862351417542, "left": 242.09744262695312, "top": 56.89350128173828, "right": 347.1690979003906, "bottom": 312.8083801269531}, {"class": "aeroplane", "prob": 0.8899718523025513, "left": 45.843265533447266, "top": 108.68263244628906, "right": 63.39725112915039, "bottom": 146.83151245117188}, {"class": "aeroplane", "prob": 0.8701220750808716, "left": 190.08018493652344, "top": 51.86802673339844, "right": 270.59381103515625, "bottom": 346.0428466796875}, {"class": "aeroplane", "prob": 0.8512300848960876, "left": 79.30996704101562, "top": 79.81623077392578, "right": 152.26876831054688, "bottom": 292.36322021484375}], "time": 2.013422966003418}
