{"im": 4776, "res": [{"class": "bird", "prob": 0.7256350517272949, "left": 0.0, "top": 83.9172592163086, "right": 125.27882385253906, "bottom": 143.0092315673828}, {"class": "bird", "prob": 0.6934099197387695, "left": 34.08982467651367, "top": 94.74237060546875, "right": 95.73802185058594, "bottom": 141.70724487304688}], "time": 0.849736213684082}
