{"im": 4466, "res": [{"class": "aeroplane", "prob": 0.9563947916030884, "left": 310.59588623046875, "top": 37.70491027832031, "right": 399.1844482421875, "bottom": 343.11328125}, {"class": "bird", "prob": 0.5739838480949402, "left": 0.0, "top": 47.25169372558594, "right": 447.22833251953125, "bottom": 319.7840576171875}], "time": 0.8450617790222168}
