{"im": 394, "res": [{"class": "aeroplane", "prob": 0.9989699125289917, "left": 160.77822875976562, "top": 105.0450668334961, "right": 280.0412902832031, "bottom": 325.0558776855469}, {"class": "aeroplane", "prob": 0.7944087386131287, "left": 231.8986053466797, "top": 91.20111083984375, "right": 286.5804138183594, "bottom": 173.17584228515625}, {"class": "aeroplane", "prob": 0.7308924794197083, "left": 249.45335388183594, "top": 118.32596588134766, "right": 340.70025634765625, "bottom": 317.3797302246094}], "time": 22.047849893569946}
