{"im": 2077, "res": [{"class": "aeroplane", "prob": 0.9980030655860901, "left": 255.47149658203125, "top": 138.1346435546875, "right": 286.03582763671875, "bottom": 236.37353515625}, {"class": "aeroplane", "prob": 0.9951122403144836, "left": 238.61544799804688, "top": 158.1833953857422, "right": 264.7394714355469, "bottom": 237.7189178466797}], "time": 21.648679733276367}
