{"im": 4777, "res": [{"class": "aeroplane", "prob": 0.9672572612762451, "left": 173.39532470703125, "top": 39.48393249511719, "right": 478.4761962890625, "bottom": 375.0}, {"class": "aeroplane", "prob": 0.9752202033996582, "left": 35.73814392089844, "top": 61.607208251953125, "right": 265.28277587890625, "bottom": 365.3106994628906}], "time": 22.68929886817932}
