{"im": 1046, "res": [{"class": "aeroplane", "prob": 0.9992762804031372, "left": 0.0, "top": 70.0008544921875, "right": 292.50811767578125, "bottom": 495.61431884765625}], "time": 21.08040499687195}
