{"im": 1766, "res": [{"class": "person", "prob": 0.599313497543335, "left": 139.46542358398438, "top": 89.38160705566406, "right": 342.24560546875, "bottom": 223.29685974121094}], "time": 0.857187032699585}
