{"im": 1742, "res": [{"class": "aeroplane", "prob": 0.6799931526184082, "left": 185.21762084960938, "top": 65.149169921875, "right": 312.02398681640625, "bottom": 135.30502319335938}], "time": 0.8219950199127197}
