{"im": 603, "res": [{"class": "bicycle", "prob": 0.7572743892669678, "left": 114.78179931640625, "top": 165.02316284179688, "right": 299.1004943847656, "bottom": 294.9033508300781}, {"class": "aeroplane", "prob": 0.7541559338569641, "left": 155.04637145996094, "top": 57.431739807128906, "right": 235.88026428222656, "bottom": 276.2580261230469}, {"class": "bird", "prob": 0.5745782852172852, "left": 205.4697723388672, "top": 109.23053741455078, "right": 495.509765625, "bottom": 234.32986450195312}], "time": 0.888031005859375}
