{"im": 126, "res": [{"class": "aeroplane", "prob": 0.9999222755432129, "left": 122.88751983642578, "top": 38.317298889160156, "right": 316.9830322265625, "bottom": 260.5623474121094}], "time": 21.71181321144104}
