{"im": 1329, "res": [{"class": "chair", "prob": 0.6396850943565369, "left": 157.9247283935547, "top": 53.14137268066406, "right": 169.5657196044922, "bottom": 77.95066833496094}], "time": 0.8471760749816895}
