{"im": 51, "res": [{"class": "aeroplane", "prob": 0.5739579796791077, "left": 59.54719543457031, "top": 19.103729248046875, "right": 438.19915771484375, "bottom": 326.5101013183594}], "time": 23.37458634376526}
