{"im": 1550, "res": [{"class": "bird", "prob": 0.7324742078781128, "left": 0.0, "top": 0.0, "right": 82.38499450683594, "bottom": 101.54829406738281}, {"class": "bird", "prob": 0.7429096698760986, "left": 23.112871170043945, "top": 8.500507354736328, "right": 58.459686279296875, "bottom": 87.61344909667969}, {"class": "boat", "prob": 0.5833531022071838, "left": 55.09046936035156, "top": 21.518356323242188, "right": 390.66668701171875, "bottom": 371.33453369140625}], "time": 0.994879961013794}
