{"im": 930, "res": [{"class": "aeroplane", "prob": 0.6814492344856262, "left": 105.6244888305664, "top": 87.58004760742188, "right": 157.41607666015625, "bottom": 180.17514038085938}, {"class": "aeroplane", "prob": 0.5313548445701599, "left": 77.60417175292969, "top": 55.98236846923828, "right": 184.70472717285156, "bottom": 193.51193237304688}], "time": 0.8464357852935791}
