{"im": 2101, "res": [{"class": "bottle", "prob": 0.9973523020744324, "left": 0.0, "top": 50.060829162597656, "right": 500.0, "bottom": 288.6141662597656}], "time": 21.63074278831482}
