{"im": 1327, "res": [{"class": "aeroplane", "prob": 0.9448184370994568, "left": 98.41984558105469, "top": 4.2776336669921875, "right": 217.77626037597656, "bottom": 370.1207275390625}, {"class": "sheep", "prob": 0.6804114580154419, "left": 255.00418090820312, "top": 385.6556091308594, "right": 300.9601745605469, "bottom": 437.9257507324219}, {"class": "sheep", "prob": 0.6028757095336914, "left": 226.5074920654297, "top": 376.3388977050781, "right": 323.0172119140625, "bottom": 454.4927673339844}], "time": 0.8714001178741455}
