{"im": 1153, "res": [{"class": "aeroplane", "prob": 0.9933330416679382, "left": 160.42376708984375, "top": 19.412948608398438, "right": 293.1981201171875, "bottom": 251.0}, {"class": "aeroplane", "prob": 0.9879946112632751, "left": 1.451873779296875, "top": 42.728965759277344, "right": 137.6120147705078, "bottom": 251.0}, {"class": "aeroplane", "prob": 0.9793919324874878, "left": 152.2359619140625, "top": 37.082115173339844, "right": 214.82928466796875, "bottom": 250.45724487304688}], "time": 21.055341005325317}
