{"im": 4743, "res": [{"class": "sheep", "prob": 0.9916908144950867, "left": 131.8751220703125, "top": 27.17022705078125, "right": 425.02484130859375, "bottom": 314.79522705078125}], "time": 21.355167865753174}
