{"im": 5322, "res": [{"class": "aeroplane", "prob": 0.9903523325920105, "left": 193.04666137695312, "top": 0.7804183959960938, "right": 369.2844543457031, "bottom": 170.72543334960938}, {"class": "aeroplane", "prob": 0.9745274186134338, "left": 88.3232192993164, "top": 71.27589416503906, "right": 216.859130859375, "bottom": 194.5913543701172}, {"class": "aeroplane", "prob": 0.9681253433227539, "left": 370.6312255859375, "top": 0.8792266845703125, "right": 499.60943603515625, "bottom": 182.9763946533203}], "time": 21.45226788520813}
