{"im": 4831, "res": [{"class": "bird", "prob": 0.902970016002655, "left": 381.0409851074219, "top": 23.856807708740234, "right": 454.7508850097656, "bottom": 66.94354248046875}, {"class": "bird", "prob": 0.757603108882904, "left": 334.4936218261719, "top": 18.01080894470215, "right": 500.0, "bottom": 70.91463470458984}, {"class": "aeroplane", "prob": 0.6121327877044678, "left": 191.6586456298828, "top": 156.4380645751953, "right": 205.2076873779297, "bottom": 171.9680633544922}], "time": 0.8224070072174072}
