{"im": 2555, "res": [{"class": "chair", "prob": 0.5115851759910583, "left": 114.76220703125, "top": 71.58222961425781, "right": 218.51406860351562, "bottom": 408.40594482421875}], "time": 0.8330056667327881}
