{"im": 5451, "res": [{"class": "aeroplane", "prob": 0.6934470534324646, "left": 376.78973388671875, "top": 164.98558044433594, "right": 389.7940673828125, "bottom": 180.0480499267578}, {"class": "chair", "prob": 0.6003597974777222, "left": 369.5135803222656, "top": 176.4651336669922, "right": 438.9103698730469, "bottom": 188.26133728027344}], "time": 21.4515221118927}
