{"im": 4840, "res": [{"class": "pottedplant", "prob": 0.9992175102233887, "left": 209.5825958251953, "top": 71.29512786865234, "right": 399.3272705078125, "bottom": 163.94668579101562}], "time": 21.47716522216797}
