{"im": 4663, "res": [{"class": "aeroplane", "prob": 0.9993661046028137, "left": 200.65542602539062, "top": 41.37950134277344, "right": 407.1284484863281, "bottom": 375.0}, {"class": "aeroplane", "prob": 0.9903524518013, "left": 12.839973449707031, "top": 90.62193298339844, "right": 221.24942016601562, "bottom": 370.7972412109375}], "time": 21.38215970993042}
