{"im": 274, "res": [{"class": "aeroplane", "prob": 0.9980262517929077, "left": 288.31329345703125, "top": 373.8328857421875, "right": 312.3857421875, "bottom": 446.0760498046875}, {"class": "aeroplane", "prob": 0.9978882670402527, "left": 311.888671875, "top": 375.856201171875, "right": 333.0, "bottom": 447.805908203125}], "time": 21.55974292755127}
