{"im": 750, "res": [{"class": "aeroplane", "prob": 0.7017449140548706, "left": 321.570556640625, "top": 282.654052734375, "right": 328.3118896484375, "bottom": 296.90802001953125}, {"class": "aeroplane", "prob": 0.674024760723114, "left": 314.7384033203125, "top": 282.1410827636719, "right": 321.82763671875, "bottom": 297.9743957519531}], "time": 24.92275595664978}
