{"im": 4841, "res": [{"class": "aeroplane", "prob": 0.9674032330513, "left": 41.02454376220703, "top": 21.823043823242188, "right": 292.1481018066406, "bottom": 362.7606201171875}, {"class": "sheep", "prob": 0.8812565207481384, "left": 251.4359893798828, "top": 109.05233764648438, "right": 402.4881591796875, "bottom": 366.9918518066406}], "time": 21.429741144180298}
