{"im": 4547, "res": [{"class": "bus", "prob": 0.9960848689079285, "left": 4.6650848388671875, "top": 156.990966796875, "right": 358.42840576171875, "bottom": 449.25970458984375}, {"class": "aeroplane", "prob": 0.9065950512886047, "left": 233.42620849609375, "top": 274.36810302734375, "right": 281.02203369140625, "bottom": 318.80267333984375}], "time": 21.411537885665894}
