{"im": 1475, "res": [{"class": "sofa", "prob": 0.9982978105545044, "left": 314.701171875, "top": 107.48689270019531, "right": 411.5816650390625, "bottom": 275.50091552734375}, {"class": "sofa", "prob": 0.9849119782447815, "left": 253.577880859375, "top": 129.6879425048828, "right": 291.2259521484375, "bottom": 215.4309844970703}], "time": 21.79038429260254}
