{"im": 936, "res": [{"class": "aeroplane", "prob": 0.9086188673973083, "left": 64.2682876586914, "top": 82.8685302734375, "right": 215.70266723632812, "bottom": 355.72021484375}, {"class": "aeroplane", "prob": 0.8450459241867065, "left": 258.6903991699219, "top": 72.77018737792969, "right": 475.2699890136719, "bottom": 370.144287109375}, {"class": "aeroplane", "prob": 0.5452671647071838, "left": 235.1991424560547, "top": 98.59022521972656, "right": 341.7657775878906, "bottom": 284.42584228515625}], "time": 0.8569798469543457}
