{"im": 2614, "res": [{"class": "aeroplane", "prob": 0.9972543716430664, "left": 116.75920104980469, "top": 115.07994079589844, "right": 275.0140380859375, "bottom": 450.8538818359375}, {"class": "aeroplane", "prob": 0.9867332577705383, "left": 270.1209411621094, "top": 165.68882751464844, "right": 367.7685852050781, "bottom": 436.56787109375}, {"class": "aeroplane", "prob": 0.8019371628761292, "left": 2.596038818359375, "top": 21.317398071289062, "right": 214.58172607421875, "bottom": 500.0}], "time": 22.74890398979187}
