{"im": 5369, "res": [{"class": "aeroplane", "prob": 0.9966455101966858, "left": 0.0, "top": 206.07635498046875, "right": 180.57533264160156, "bottom": 445.78619384765625}, {"class": "aeroplane", "prob": 0.9089013934135437, "left": 78.16508483886719, "top": 237.9140625, "right": 176.15396118164062, "bottom": 431.37652587890625}], "time": 21.55381417274475}
