{"im": 4426, "res": [{"class": "bird", "prob": 0.7289201617240906, "left": 0.0, "top": 6.498809814453125, "right": 483.05023193359375, "bottom": 320.78338623046875}], "time": 21.385724306106567}
