{"im": 5047, "res": [{"class": "bottle", "prob": 0.9992358684539795, "left": 114.46499633789062, "top": 95.08773803710938, "right": 447.1788024902344, "bottom": 193.55514526367188}], "time": 21.43683099746704}
