{"im": 3420, "res": [{"class": "aeroplane", "prob": 0.9997071623802185, "left": 65.4710464477539, "top": 45.30897521972656, "right": 194.108642578125, "bottom": 317.1051025390625}], "time": 21.54521894454956}
