{"im": 2341, "res": [{"class": "bus", "prob": 0.9982394576072693, "left": 214.21337890625, "top": 114.87632751464844, "right": 351.271484375, "bottom": 282.04693603515625}, {"class": "aeroplane", "prob": 0.8480206727981567, "left": 230.30618286132812, "top": 205.8232421875, "right": 252.48159790039062, "bottom": 225.14923095703125}, {"class": "aeroplane", "prob": 0.8440744280815125, "left": 411.1236267089844, "top": 203.393798828125, "right": 422.4396667480469, "bottom": 227.0555419921875}], "time": 21.420566082000732}
