{"im": 5013, "res": [{"class": "boat", "prob": 0.9974702000617981, "left": 36.78971862792969, "top": 22.748489379882812, "right": 448.47247314453125, "bottom": 314.820068359375}], "time": 21.44511890411377}
