{"im": 86, "res": [{"class": "aeroplane", "prob": 0.7575773596763611, "left": 370.21929931640625, "top": 79.47559356689453, "right": 499.94549560546875, "bottom": 330.4185485839844}, {"class": "aeroplane", "prob": 0.6085466742515564, "left": 0.0, "top": 52.436553955078125, "right": 352.6356201171875, "bottom": 329.62091064453125}], "time": 0.8489458560943604}
