{"im": 1242, "res": [{"class": "bicycle", "prob": 0.9060344696044922, "left": 0.0, "top": 99.73583984375, "right": 366.0021057128906, "bottom": 363.3885498046875}], "time": 0.8437190055847168}
