{"im": 4106, "res": [{"class": "bus", "prob": 0.9986656904220581, "left": 100.11567687988281, "top": 46.86150360107422, "right": 385.25885009765625, "bottom": 277.17877197265625}], "time": 21.636067152023315}
