{"im": 1137, "res": [{"class": "boat", "prob": 0.8834936022758484, "left": 237.78848266601562, "top": 145.60781860351562, "right": 327.5640563964844, "bottom": 266.0313415527344}, {"class": "boat", "prob": 0.8253086805343628, "left": 261.26934814453125, "top": 172.59657287597656, "right": 298.2061767578125, "bottom": 252.7929229736328}], "time": 0.8784911632537842}
