{"im": 4227, "res": [{"class": "sheep", "prob": 0.6570725440979004, "left": 8.638229370117188, "top": 0.0, "right": 444.4525146484375, "bottom": 375.0}], "time": 21.644705772399902}
