{"im": 553, "res": [{"class": "aeroplane", "prob": 0.9548752307891846, "left": 257.5533142089844, "top": 48.21601867675781, "right": 301.1899719238281, "bottom": 144.7290496826172}, {"class": "aeroplane", "prob": 0.8395623564720154, "left": 229.29721069335938, "top": 37.93872833251953, "right": 326.5340270996094, "bottom": 163.29049682617188}, {"class": "aeroplane", "prob": 0.8114454746246338, "left": 276.4261169433594, "top": 67.32719421386719, "right": 467.0041809082031, "bottom": 364.2347412109375}, {"class": "aeroplane", "prob": 0.7496575117111206, "left": 60.56385803222656, "top": 60.064666748046875, "right": 361.26287841796875, "bottom": 373.4491882324219}], "time": 0.856478214263916}
