{"im": 4644, "res": [{"class": "pottedplant", "prob": 0.8287257552146912, "left": 298.8258361816406, "top": 57.78434753417969, "right": 500.0, "bottom": 330.16058349609375}], "time": 0.9851868152618408}
