{"im": 1928, "res": [{"class": "chair", "prob": 0.8003262877464294, "left": 74.74930572509766, "top": 187.24049377441406, "right": 104.28740692138672, "bottom": 247.24647521972656}, {"class": "chair", "prob": 0.6192102432250977, "left": 186.26963806152344, "top": 17.167861938476562, "right": 278.5040283203125, "bottom": 310.4500732421875}], "time": 21.65922212600708}
