{"im": 5739, "res": [{"class": "tvmonitor", "prob": 0.9893723130226135, "left": 110.62367248535156, "top": 96.5619125366211, "right": 401.5562744140625, "bottom": 276.06109619140625}], "time": 21.089967250823975}
