{"im": 3054, "res": [{"class": "aeroplane", "prob": 0.8310237526893616, "left": 406.1737365722656, "top": 99.63764953613281, "right": 490.9679260253906, "bottom": 349.799072265625}, {"class": "aeroplane", "prob": 0.7479607462882996, "left": 78.52196502685547, "top": 41.452911376953125, "right": 211.31851196289062, "bottom": 190.65005493164062}], "time": 0.9686830043792725}
