{"im": 3110, "res": [{"class": "sofa", "prob": 0.6127216219902039, "left": 291.5130920410156, "top": 336.60626220703125, "right": 308.0655212402344, "bottom": 351.17822265625}], "time": 0.9542138576507568}
