{"im": 2160, "res": [{"class": "person", "prob": 0.9851529002189636, "left": 76.10230255126953, "top": 211.3893280029297, "right": 286.6029357910156, "bottom": 317.0308532714844}], "time": 21.499074697494507}
