{"im": 4115, "res": [{"class": "pottedplant", "prob": 0.9886906147003174, "left": 0.0, "top": 0.0, "right": 403.95849609375, "bottom": 354.4178771972656}, {"class": "pottedplant", "prob": 0.592719316482544, "left": 140.0848846435547, "top": 15.608871459960938, "right": 470.9278564453125, "bottom": 302.24102783203125}], "time": 21.67793297767639}
