{"im": 5766, "res": [{"class": "bottle", "prob": 0.9763825535774231, "left": 124.06367492675781, "top": 3.594512939453125, "right": 484.29827880859375, "bottom": 372.34832763671875}, {"class": "bottle", "prob": 0.8473504781723022, "left": 353.89849853515625, "top": 36.05836868286133, "right": 417.0706787109375, "bottom": 62.4240837097168}], "time": 21.73173475265503}
