{"im": 1267, "res": [{"class": "aeroplane", "prob": 0.9991868734359741, "left": 137.61102294921875, "top": 246.9114532470703, "right": 310.4759216308594, "bottom": 371.38140869140625}, {"class": "aeroplane", "prob": 0.9956775903701782, "left": 358.6081237792969, "top": 29.017478942871094, "right": 492.8192443847656, "bottom": 190.9283447265625}], "time": 21.39419722557068}
