{"im": 3570, "res": [{"class": "chair", "prob": 0.9870696067810059, "left": 46.425437927246094, "top": 413.166748046875, "right": 85.65135955810547, "bottom": 451.53265380859375}], "time": 21.53638219833374}
