{"im": 1885, "res": [{"class": "aeroplane", "prob": 0.9512390494346619, "left": 0.0, "top": 15.46990966796875, "right": 333.64947509765625, "bottom": 311.265625}], "time": 21.681001901626587}
