{"im": 3400, "res": [{"class": "sheep", "prob": 0.5690430998802185, "left": 70.34181213378906, "top": 237.084716796875, "right": 236.81480407714844, "bottom": 371.2689208984375}], "time": 1.1039280891418457}
