{"im": 3018, "res": [{"class": "sheep", "prob": 0.9995636343955994, "left": 371.8633728027344, "top": 49.854759216308594, "right": 481.9783020019531, "bottom": 179.7972412109375}, {"class": "sheep", "prob": 0.9742034077644348, "left": 95.32798767089844, "top": 9.517791748046875, "right": 360.083251953125, "bottom": 256.95343017578125}, {"class": "aeroplane", "prob": 0.7773866653442383, "left": 419.8675537109375, "top": 0.10488128662109375, "right": 492.91119384765625, "bottom": 69.14456939697266}], "time": 21.715433835983276}
