{"im": 3584, "res": [{"class": "aeroplane", "prob": 0.5789494514465332, "left": 110.99540710449219, "top": 225.23321533203125, "right": 308.88214111328125, "bottom": 500.0}], "time": 0.9296419620513916}
