{"im": 277, "res": [{"class": "aeroplane", "prob": 0.90541011095047, "left": 243.21612548828125, "top": 89.165771484375, "right": 418.75042724609375, "bottom": 338.0}], "time": 0.937842845916748}
