{"im": 5679, "res": [{"class": "sofa", "prob": 0.997161328792572, "left": 123.04737854003906, "top": 111.24797058105469, "right": 328.0767822265625, "bottom": 322.1824951171875}], "time": 24.175616025924683}
