{"im": 3855, "res": [{"class": "aeroplane", "prob": 0.9958030581474304, "left": 229.4308319091797, "top": 44.93841552734375, "right": 303.33013916015625, "bottom": 223.60662841796875}, {"class": "sofa", "prob": 0.9863491654396057, "left": 107.63844299316406, "top": 81.26133728027344, "right": 378.62042236328125, "bottom": 307.63433837890625}], "time": 22.113742113113403}
