{"im": 2416, "res": [{"class": "tvmonitor", "prob": 0.9980035424232483, "left": 42.804443359375, "top": 10.904525756835938, "right": 400.64007568359375, "bottom": 325.9000244140625}], "time": 21.4776451587677}
