{"im": 3828, "res": [{"class": "sheep", "prob": 0.9323316812515259, "left": 37.02444076538086, "top": 62.48619079589844, "right": 162.50169372558594, "bottom": 320.4715576171875}], "time": 0.8770298957824707}
