{"im": 2668, "res": [{"class": "aeroplane", "prob": 0.872617781162262, "left": 88.92555236816406, "top": 4.3539276123046875, "right": 463.28765869140625, "bottom": 375.0}], "time": 21.61907196044922}
