{"im": 880, "res": [{"class": "aeroplane", "prob": 0.7239745259284973, "left": 303.4423828125, "top": 71.39826202392578, "right": 490.68084716796875, "bottom": 305.885009765625}], "time": 0.8916630744934082}
