{"im": 3389, "res": [{"class": "person", "prob": 0.9687219858169556, "left": 190.61087036132812, "top": 79.5396957397461, "right": 322.2975158691406, "bottom": 298.64569091796875}], "time": 21.482617139816284}
