{"im": 5360, "res": [{"class": "aeroplane", "prob": 0.9708601236343384, "left": 29.03826904296875, "top": 57.5601806640625, "right": 173.1593017578125, "bottom": 451.4059753417969}], "time": 0.8709800243377686}
