{"im": 3992, "res": [{"class": "pottedplant", "prob": 0.9615830779075623, "left": 24.851821899414062, "top": 56.68205261230469, "right": 302.85400390625, "bottom": 500.0}], "time": 21.604158878326416}
