{"im": 3397, "res": [{"class": "aeroplane", "prob": 0.7975326180458069, "left": 206.6941680908203, "top": 236.60888671875, "right": 400.0, "bottom": 499.34149169921875}], "time": 0.9293801784515381}
