{"im": 2429, "res": [{"class": "pottedplant", "prob": 0.740484893321991, "left": 27.9951171875, "top": 63.2174072265625, "right": 313.447265625, "bottom": 387.93548583984375}], "time": 0.8804330825805664}
