{"im": 1080, "res": [{"class": "aeroplane", "prob": 0.5201287269592285, "left": 360.7504577636719, "top": 152.24148559570312, "right": 382.1716003417969, "bottom": 201.80029296875}], "time": 0.9902598857879639}
