{"im": 4997, "res": [{"class": "bicycle", "prob": 0.9922854900360107, "left": 11.534088134765625, "top": 31.242355346679688, "right": 377.1800842285156, "bottom": 280.80157470703125}, {"class": "sheep", "prob": 0.9973214864730835, "left": 312.4287109375, "top": 161.70144653320312, "right": 465.44708251953125, "bottom": 363.9720764160156}, {"class": "bicycle", "prob": 0.8833223581314087, "left": 407.67645263671875, "top": 73.31110382080078, "right": 500.0, "bottom": 299.0296630859375}], "time": 21.444010257720947}
