{"im": 2782, "res": [{"class": "bottle", "prob": 0.5235641002655029, "left": 5.5014495849609375, "top": 52.34883117675781, "right": 495.08721923828125, "bottom": 235.8766632080078}], "time": 0.8819839954376221}
