{"im": 4599, "res": [{"class": "aeroplane", "prob": 0.9961217641830444, "left": 45.48500061035156, "top": 69.360595703125, "right": 346.8603515625, "bottom": 368.62896728515625}, {"class": "aeroplane", "prob": 0.9849679470062256, "left": 247.47650146484375, "top": 22.05718994140625, "right": 463.54547119140625, "bottom": 369.26861572265625}], "time": 21.441394805908203}
