{"im": 1670, "res": [{"class": "car", "prob": 0.9920958876609802, "left": 53.104278564453125, "top": 0.0, "right": 500.0, "bottom": 371.1455383300781}], "time": 21.71474003791809}
