{"im": 5688, "res": [{"class": "aeroplane", "prob": 0.6247902512550354, "left": 91.59876251220703, "top": 156.927490234375, "right": 256.72576904296875, "bottom": 375.0}, {"class": "aeroplane", "prob": 0.5872417092323303, "left": 185.50685119628906, "top": 148.59317016601562, "right": 398.1923828125, "bottom": 368.8442687988281}], "time": 0.82517409324646}
