{"im": 50, "res": [{"class": "aeroplane", "prob": 0.9947857856750488, "left": 132.1763153076172, "top": 214.01034545898438, "right": 165.4988250732422, "bottom": 295.2443542480469}], "time": 21.493998050689697}
