{"im": 1665, "res": [{"class": "sheep", "prob": 0.999464213848114, "left": 101.93907165527344, "top": 72.67457580566406, "right": 243.26121520996094, "bottom": 354.95721435546875}, {"class": "sheep", "prob": 0.9982523918151855, "left": 286.15130615234375, "top": 62.50489807128906, "right": 460.0947265625, "bottom": 351.60418701171875}], "time": 21.745232820510864}
