{"im": 1923, "res": [{"class": "sheep", "prob": 0.9918937683105469, "left": 108.42208862304688, "top": 64.57118225097656, "right": 442.7703552246094, "bottom": 361.17376708984375}], "time": 21.664220333099365}
