{"im": 1940, "res": [{"class": "sofa", "prob": 0.5053983330726624, "left": 142.10256958007812, "top": 219.8550262451172, "right": 331.8375244140625, "bottom": 427.6976318359375}], "time": 0.8249571323394775}
