{"im": 4413, "res": [{"class": "sheep", "prob": 0.6829229593276978, "left": 116.86162567138672, "top": 119.47000885009766, "right": 313.72900390625, "bottom": 300.2413635253906}], "time": 21.463809967041016}
