{"im": 4581, "res": [{"class": "bottle", "prob": 0.9693303108215332, "left": 21.2310791015625, "top": 99.08000946044922, "right": 469.503662109375, "bottom": 282.6874084472656}], "time": 21.70590114593506}
