{"im": 5381, "res": [{"class": "boat", "prob": 0.9921376705169678, "left": 33.866729736328125, "top": 26.873443603515625, "right": 472.9331359863281, "bottom": 341.3946533203125}, {"class": "aeroplane", "prob": 0.9953320622444153, "left": 433.3055725097656, "top": 3.0753021240234375, "right": 500.0, "bottom": 210.23526000976562}, {"class": "aeroplane", "prob": 0.8545210361480713, "left": 191.5655975341797, "top": 0.8852519989013672, "right": 236.00465393066406, "bottom": 38.27533721923828}, {"class": "aeroplane", "prob": 0.7907369136810303, "left": 305.1734924316406, "top": 0.0, "right": 414.3776550292969, "bottom": 63.44697952270508}], "time": 21.500796794891357}
