{"im": 4467, "res": [{"class": "aeroplane", "prob": 0.7836049795150757, "left": 298.140380859375, "top": 178.4812469482422, "right": 330.8751220703125, "bottom": 205.18931579589844}, {"class": "aeroplane", "prob": 0.7332728505134583, "left": 127.59266662597656, "top": 177.5899658203125, "right": 162.90419006347656, "bottom": 205.03103637695312}, {"class": "aeroplane", "prob": 0.7072935700416565, "left": 187.06658935546875, "top": 177.42489624023438, "right": 219.44277954101562, "bottom": 203.04251098632812}, {"class": "aeroplane", "prob": 0.5843418836593628, "left": 236.8160400390625, "top": 184.41189575195312, "right": 269.1824645996094, "bottom": 210.58428955078125}], "time": 0.8784410953521729}
