{"im": 5612, "res": [{"class": "tvmonitor", "prob": 0.6673467755317688, "left": 339.4278259277344, "top": 63.642730712890625, "right": 483.1116027832031, "bottom": 258.160888671875}], "time": 0.8698701858520508}
