{"im": 4093, "res": [{"class": "bird", "prob": 0.9997735023498535, "left": 108.5877685546875, "top": 135.19338989257812, "right": 459.71270751953125, "bottom": 266.6369934082031}], "time": 21.690669775009155}
