{"im": 1403, "res": [{"class": "aeroplane", "prob": 0.9957102537155151, "left": 0.11746978759765625, "top": 104.15985870361328, "right": 181.11898803710938, "bottom": 296.6734924316406}, {"class": "boat", "prob": 0.9910458922386169, "left": 194.66757202148438, "top": 161.44668579101562, "right": 448.4241027832031, "bottom": 291.9736328125}], "time": 21.725188970565796}
