{"im": 5124, "res": [{"class": "aeroplane", "prob": 0.5899112224578857, "left": 324.4215393066406, "top": 160.43594360351562, "right": 494.6590270996094, "bottom": 349.7164611816406}], "time": 0.8230540752410889}
