{"im": 4270, "res": [{"class": "sheep", "prob": 0.7792599201202393, "left": 22.000747680664062, "top": 52.912994384765625, "right": 473.0765380859375, "bottom": 327.23040771484375}], "time": 21.6895968914032}
