{"im": 5675, "res": [{"class": "aeroplane", "prob": 0.9968156218528748, "left": 236.51483154296875, "top": 12.30322265625, "right": 435.88714599609375, "bottom": 328.3801574707031}, {"class": "aeroplane", "prob": 0.9926307201385498, "left": 35.190277099609375, "top": 34.01805114746094, "right": 210.25711059570312, "bottom": 342.92205810546875}], "time": 21.20442795753479}
