{"im": 760, "res": [{"class": "aeroplane", "prob": 0.5422374606132507, "left": 2.5591278076171875, "top": 61.19140625, "right": 171.8986053466797, "bottom": 335.873291015625}, {"class": "aeroplane", "prob": 0.5103001594543457, "left": 244.83786010742188, "top": 12.178634643554688, "right": 482.7748718261719, "bottom": 360.606689453125}], "time": 0.8628017902374268}
