{"im": 774, "res": [{"class": "aeroplane", "prob": 0.982000470161438, "left": 131.97348022460938, "top": 97.05496978759766, "right": 204.0631103515625, "bottom": 343.59112548828125}, {"class": "aeroplane", "prob": 0.7918312549591064, "left": 93.842529296875, "top": 119.02182006835938, "right": 147.23472595214844, "bottom": 259.9664611816406}], "time": 21.841763019561768}
