{"im": 998, "res": [{"class": "aeroplane", "prob": 0.9952542781829834, "left": 91.35740661621094, "top": 24.68408203125, "right": 417.2469482421875, "bottom": 367.96856689453125}, {"class": "bird", "prob": 0.6632550358772278, "left": 65.09727478027344, "top": 137.6595001220703, "right": 168.89027404785156, "bottom": 206.20640563964844}, {"class": "cat", "prob": 0.8815162181854248, "left": 2.941730499267578, "top": 127.97227478027344, "right": 114.20164489746094, "bottom": 199.5309295654297}], "time": 21.052701950073242}
