{"im": 2438, "res": [{"class": "car", "prob": 0.9758538603782654, "left": 18.169326782226562, "top": 169.7215576171875, "right": 409.9744873046875, "bottom": 316.86383056640625}], "time": 21.499861001968384}
