{"im": 4735, "res": [{"class": "aeroplane", "prob": 0.5002754926681519, "left": 7.865124702453613, "top": 86.48633575439453, "right": 24.65389633178711, "bottom": 159.66009521484375}], "time": 0.8248991966247559}
