{"im": 1133, "res": [{"class": "aeroplane", "prob": 0.6604217290878296, "left": 4.126995086669922, "top": 175.54461669921875, "right": 132.062744140625, "bottom": 350.489013671875}, {"class": "aeroplane", "prob": 0.6478005647659302, "left": 228.7102813720703, "top": 141.16864013671875, "right": 364.89996337890625, "bottom": 288.79913330078125}, {"class": "aeroplane", "prob": 0.5660650134086609, "left": 321.4898376464844, "top": 170.04641723632812, "right": 497.6964416503906, "bottom": 373.6855163574219}, {"class": "aeroplane", "prob": 0.5383139848709106, "left": 265.84222412109375, "top": 164.2613983154297, "right": 326.356689453125, "bottom": 257.02685546875}], "time": 0.8399040699005127}
