{"im": 3267, "res": [{"class": "aeroplane", "prob": 0.9882969856262207, "left": 183.77304077148438, "top": 159.62411499023438, "right": 314.537109375, "bottom": 327.1070861816406}], "time": 22.025060176849365}
