{"im": 1644, "res": [{"class": "bottle", "prob": 0.5030193328857422, "left": 461.2458190917969, "top": 186.2758331298828, "right": 479.7428283691406, "bottom": 194.6135711669922}], "time": 1.0445597171783447}
