{"im": 759, "res": [{"class": "aeroplane", "prob": 0.8476294279098511, "left": 59.629608154296875, "top": 62.8787841796875, "right": 440.99176025390625, "bottom": 375.0}], "time": 0.8878450393676758}
