{"im": 3441, "res": [{"class": "train", "prob": 0.9429089426994324, "left": 158.7781524658203, "top": 80.75300598144531, "right": 498.42791748046875, "bottom": 411.52679443359375}], "time": 21.631577014923096}
