{"im": 2512, "res": [{"class": "bottle", "prob": 0.9793925881385803, "left": 56.94439697265625, "top": 102.39453887939453, "right": 387.2470397949219, "bottom": 203.71307373046875}], "time": 0.8253719806671143}
