{"im": 741, "res": [{"class": "pottedplant", "prob": 0.8821699023246765, "left": 61.0277099609375, "top": 111.84122467041016, "right": 363.7383728027344, "bottom": 343.72021484375}], "time": 0.8796658515930176}
