{"im": 761, "res": [{"class": "aeroplane", "prob": 0.9982184171676636, "left": 135.90475463867188, "top": 45.74604797363281, "right": 466.4502258300781, "bottom": 373.86090087890625}], "time": 21.75468897819519}
