{"im": 3292, "res": [{"class": "person", "prob": 0.9978392720222473, "left": 95.51091766357422, "top": 58.05205154418945, "right": 249.75314331054688, "bottom": 156.9032440185547}], "time": 21.88977026939392}
