{"im": 5145, "res": [{"class": "aeroplane", "prob": 0.6562426090240479, "left": 283.85919189453125, "top": 55.815887451171875, "right": 437.69281005859375, "bottom": 332.0}, {"class": "aeroplane", "prob": 0.5247207880020142, "left": 123.1501235961914, "top": 53.055023193359375, "right": 298.51336669921875, "bottom": 330.8876647949219}], "time": 0.8707170486450195}
