{"im": 5011, "res": [{"class": "train", "prob": 0.7793356776237488, "left": 5.3408203125, "top": 98.86915588378906, "right": 380.04058837890625, "bottom": 332.0}, {"class": "tvmonitor", "prob": 0.6893376708030701, "left": 5.3408203125, "top": 98.86915588378906, "right": 380.04058837890625, "bottom": 332.0}], "time": 21.415446996688843}
