{"im": 3590, "res": [{"class": "aeroplane", "prob": 0.9998213648796082, "left": 157.87290954589844, "top": 43.77843475341797, "right": 281.89404296875, "bottom": 223.07070922851562}, {"class": "sofa", "prob": 0.9988629817962646, "left": 35.181976318359375, "top": 94.19427490234375, "right": 469.7032775878906, "bottom": 383.9584045410156}], "time": 21.60260510444641}
