{"im": 1951, "res": [{"class": "sheep", "prob": 0.9792123436927795, "left": 183.03367614746094, "top": 59.21442413330078, "right": 409.22479248046875, "bottom": 279.75933837890625}, {"class": "aeroplane", "prob": 0.9926799535751343, "left": 0.0, "top": 0.0, "right": 182.17274475097656, "bottom": 325.7490234375}], "time": 21.6718327999115}
