{"im": 351, "res": [{"class": "sheep", "prob": 0.5261917114257812, "left": 118.19293212890625, "top": 41.57609558105469, "right": 328.16436767578125, "bottom": 356.36712646484375}], "time": 0.8378591537475586}
