{"im": 4660, "res": [{"class": "pottedplant", "prob": 0.8197938203811646, "left": 186.206298828125, "top": 174.1052703857422, "right": 464.59173583984375, "bottom": 357.9140625}], "time": 0.8279831409454346}
