{"im": 1659, "res": [{"class": "bottle", "prob": 0.9675431251525879, "left": 10.158050537109375, "top": 72.2536392211914, "right": 476.6678771972656, "bottom": 249.915283203125}], "time": 21.62147283554077}
