{"im": 3025, "res": [{"class": "bird", "prob": 0.9489880204200745, "left": 35.20439910888672, "top": 344.5682373046875, "right": 284.07574462890625, "bottom": 429.57794189453125}, {"class": "bird", "prob": 0.9426206350326538, "left": 103.9541015625, "top": 361.69775390625, "right": 205.86077880859375, "bottom": 413.08551025390625}], "time": 0.8718328475952148}
