{"im": 2932, "res": [{"class": "aeroplane", "prob": 0.517326295375824, "left": 344.43023681640625, "top": 2.681427001953125, "right": 468.86566162109375, "bottom": 71.59078979492188}], "time": 21.628548860549927}
