{"im": 3863, "res": [{"class": "aeroplane", "prob": 0.9874961376190186, "left": 25.995262145996094, "top": 134.1149444580078, "right": 161.91183471679688, "bottom": 371.5699462890625}, {"class": "aeroplane", "prob": 0.6592521667480469, "left": 246.35784912109375, "top": 38.17820739746094, "right": 484.26654052734375, "bottom": 375.0}], "time": 0.873920202255249}
