{"im": 1863, "res": [{"class": "sheep", "prob": 0.9952832460403442, "left": 27.099136352539062, "top": 75.01838684082031, "right": 374.4404296875, "bottom": 371.70770263671875}, {"class": "bird", "prob": 0.8341678977012634, "left": 66.04756164550781, "top": 0.0, "right": 183.20687866210938, "bottom": 15.990438461303711}], "time": 21.775906801223755}
