{"im": 973, "res": [{"class": "sofa", "prob": 0.7976930141448975, "left": 117.90231323242188, "top": 140.6856689453125, "right": 380.3794250488281, "bottom": 333.5138244628906}], "time": 0.8883359432220459}
