{"im": 54, "res": [{"class": "aeroplane", "prob": 0.7742556929588318, "left": 0.0, "top": 0.0, "right": 500.0, "bottom": 360.0}], "time": 21.50049924850464}
