{"im": 2399, "res": [{"class": "sheep", "prob": 0.5017827749252319, "left": 222.68417358398438, "top": 0.0, "right": 500.0, "bottom": 333.0}], "time": 0.893557071685791}
