{"im": 1756, "res": [{"class": "aeroplane", "prob": 0.9067386984825134, "left": 47.931922912597656, "top": 133.92086791992188, "right": 282.70428466796875, "bottom": 337.6946105957031}], "time": 21.64463210105896}
