{"im": 4501, "res": [{"class": "pottedplant", "prob": 0.7235984206199646, "left": 228.71710205078125, "top": 175.47430419921875, "right": 371.620849609375, "bottom": 257.6041564941406}], "time": 0.813255786895752}
