{"im": 5746, "res": [{"class": "bottle", "prob": 0.5676338076591492, "left": 62.88800048828125, "top": 99.89598083496094, "right": 439.337890625, "bottom": 223.1223907470703}], "time": 0.8633980751037598}
