{"im": 3162, "res": [{"class": "person", "prob": 0.6359033584594727, "left": 190.96774291992188, "top": 97.79000854492188, "right": 364.5241394042969, "bottom": 312.154052734375}], "time": 0.931459903717041}
