{"im": 4517, "res": [{"class": "boat", "prob": 0.9980173707008362, "left": 70.303955078125, "top": 61.1038818359375, "right": 477.67694091796875, "bottom": 317.599365234375}, {"class": "boat", "prob": 0.9642923474311829, "left": 67.85262298583984, "top": 8.549995422363281, "right": 180.67123413085938, "bottom": 200.37551879882812}, {"class": "bird", "prob": 0.6243455410003662, "left": 0.0, "top": 0.0, "right": 52.50164794921875, "bottom": 10.288997650146484}], "time": 21.385220766067505}
