{"im": 3868, "res": [{"class": "pottedplant", "prob": 0.8170934319496155, "left": 4.42584228515625, "top": 0.0, "right": 364.1907043457031, "bottom": 500.0}], "time": 21.609977960586548}
