{"im": 1313, "res": [{"class": "person", "prob": 0.6563658714294434, "left": 257.6262512207031, "top": 112.34320068359375, "right": 272.6466979980469, "bottom": 125.67425537109375}, {"class": "person", "prob": 0.5073484182357788, "left": 470.0411071777344, "top": 59.954734802246094, "right": 481.1669616699219, "bottom": 81.75048065185547}], "time": 0.8464012145996094}
