{"im": 5477, "res": [{"class": "aeroplane", "prob": 0.9992685914039612, "left": 21.976119995117188, "top": 18.56719970703125, "right": 329.17864990234375, "bottom": 317.98974609375}], "time": 21.503432273864746}
