{"im": 4431, "res": [{"class": "pottedplant", "prob": 0.9927863478660583, "left": 0.0, "top": 64.7811279296875, "right": 454.77728271484375, "bottom": 356.68939208984375}], "time": 21.384359121322632}
