{"im": 4351, "res": [{"class": "sheep", "prob": 0.9526410698890686, "left": 0.0, "top": 12.536468505859375, "right": 500.0, "bottom": 308.73065185546875}], "time": 21.52549386024475}
