{"im": 3736, "res": [{"class": "aeroplane", "prob": 0.6740328669548035, "left": 140.65145874023438, "top": 71.08793640136719, "right": 451.6264953613281, "bottom": 375.0}], "time": 0.8853721618652344}
