{"im": 2875, "res": [{"class": "tvmonitor", "prob": 0.9175605773925781, "left": 25.99053955078125, "top": 125.19950866699219, "right": 228.99789428710938, "bottom": 259.17047119140625}], "time": 21.45394802093506}
