{"im": 3501, "res": [{"class": "aeroplane", "prob": 0.9628866910934448, "left": 27.936481475830078, "top": 40.649078369140625, "right": 151.3561553955078, "bottom": 252.40771484375}, {"class": "aeroplane", "prob": 0.8692243099212646, "left": 147.39779663085938, "top": 111.46358489990234, "right": 288.5715026855469, "bottom": 261.8437194824219}, {"class": "aeroplane", "prob": 0.6979788541793823, "left": 199.02908325195312, "top": 18.52630615234375, "right": 305.4447326660156, "bottom": 207.1706085205078}, {"class": "aeroplane", "prob": 0.6316390037536621, "left": 287.93072509765625, "top": 86.05900573730469, "right": 447.38299560546875, "bottom": 364.1229248046875}], "time": 0.8379998207092285}
