{"im": 1580, "res": [{"class": "bottle", "prob": 0.9835714101791382, "left": 27.399986267089844, "top": 124.66403198242188, "right": 125.65624237060547, "bottom": 170.35556030273438}], "time": 21.62065100669861}
