{"im": 1483, "res": [{"class": "pottedplant", "prob": 0.6605347394943237, "left": 49.890899658203125, "top": 26.037094116210938, "right": 240.66604614257812, "bottom": 477.88140869140625}], "time": 0.9113950729370117}
