{"im": 1136, "res": [{"class": "sofa", "prob": 0.9993528723716736, "left": 30.02642822265625, "top": 30.551605224609375, "right": 292.4941711425781, "bottom": 500.0}], "time": 21.10148596763611}
