{"im": 3828, "res": [{"class": "sheep", "prob": 0.9986132383346558, "left": 48.14680862426758, "top": 55.9207763671875, "right": 173.68487548828125, "bottom": 326.93792724609375}, {"class": "sheep", "prob": 0.9687643051147461, "left": 181.9747772216797, "top": 200.10910034179688, "right": 421.938232421875, "bottom": 345.6296081542969}], "time": 21.622637033462524}
