{"im": 2518, "res": [{"class": "car", "prob": 0.9999029040336609, "left": 30.138748168945312, "top": 48.84330749511719, "right": 425.2818603515625, "bottom": 341.84100341796875}, {"class": "car", "prob": 0.5978453755378723, "left": 0.9882354736328125, "top": 63.29295349121094, "right": 71.44092559814453, "bottom": 325.19097900390625}], "time": 21.449060916900635}
