{"im": 3316, "res": [{"class": "boat", "prob": 0.998803436756134, "left": 76.76432800292969, "top": 3.1814727783203125, "right": 475.21514892578125, "bottom": 367.7579345703125}, {"class": "aeroplane", "prob": 0.9688698649406433, "left": 386.076904296875, "top": 0.0, "right": 407.5023193359375, "bottom": 24.62222671508789}, {"class": "boat", "prob": 0.7787547707557678, "left": 265.6943664550781, "top": 5.4105072021484375, "right": 500.0, "bottom": 161.72669982910156}], "time": 22.05300998687744}
