{"im": 4594, "res": [{"class": "bottle", "prob": 0.5710222721099854, "left": 115.72966003417969, "top": 155.34344482421875, "right": 409.84893798828125, "bottom": 269.514404296875}], "time": 0.8500537872314453}
