{"im": 2658, "res": [{"class": "train", "prob": 0.9738587141036987, "left": 211.6998291015625, "top": 126.82337951660156, "right": 291.4072265625, "bottom": 198.1392059326172}], "time": 21.43949294090271}
