{"im": 1301, "res": [{"class": "sheep", "prob": 0.8128268122673035, "left": 11.862289428710938, "top": 42.70909118652344, "right": 349.21856689453125, "bottom": 451.87841796875}], "time": 21.374652862548828}
