{"im": 5769, "res": [{"class": "aeroplane", "prob": 0.9667178988456726, "left": 151.9487762451172, "top": 67.26032257080078, "right": 158.52476501464844, "bottom": 85.70745086669922}, {"class": "train", "prob": 0.6677327752113342, "left": 150.18206787109375, "top": 166.37257385253906, "right": 242.26336669921875, "bottom": 239.77122497558594}, {"class": "train", "prob": 0.5523960590362549, "left": 228.43490600585938, "top": 146.97097778320312, "right": 300.2917175292969, "bottom": 234.6038818359375}], "time": 21.37970995903015}
