{"im": 5536, "res": [{"class": "bicycle", "prob": 0.9974834322929382, "left": 29.688674926757812, "top": 227.4010009765625, "right": 341.71734619140625, "bottom": 432.7598876953125}, {"class": "bicycle", "prob": 0.7732931971549988, "left": 127.9444808959961, "top": 304.5140380859375, "right": 362.4659729003906, "bottom": 500.0}], "time": 21.13800597190857}
