{"im": 4250, "res": [{"class": "pottedplant", "prob": 0.813015878200531, "left": 0.0, "top": 37.82062530517578, "right": 500.0, "bottom": 238.25494384765625}], "time": 22.542793035507202}
