{"im": 3043, "res": [{"class": "bottle", "prob": 0.999450147151947, "left": 9.041091918945312, "top": 91.04820251464844, "right": 484.54412841796875, "bottom": 248.7377471923828}], "time": 23.982560873031616}
