{"im": 5194, "res": [{"class": "car", "prob": 0.9995051026344299, "left": 18.9720458984375, "top": 41.06133270263672, "right": 477.9631042480469, "bottom": 294.0010986328125}], "time": 21.51140522956848}
