{"im": 158, "res": [{"class": "aeroplane", "prob": 0.9996713399887085, "left": 158.74221801757812, "top": 115.24113464355469, "right": 214.2720947265625, "bottom": 304.35333251953125}], "time": 21.600951671600342}
