{"im": 4053, "res": [{"class": "aeroplane", "prob": 0.8325590491294861, "left": 239.87408447265625, "top": 145.67645263671875, "right": 269.4139404296875, "bottom": 238.10452270507812}, {"class": "aeroplane", "prob": 0.8250177502632141, "left": 222.89944458007812, "top": 120.83029174804688, "right": 284.7269592285156, "bottom": 260.7568054199219}, {"class": "bird", "prob": 0.6240960359573364, "left": 483.1629638671875, "top": 127.83891296386719, "right": 492.6363525390625, "bottom": 146.04991149902344}], "time": 1.024055004119873}
