{"im": 1403, "res": [{"class": "aeroplane", "prob": 0.7526187896728516, "left": 27.164276123046875, "top": 103.78680419921875, "right": 177.61502075195312, "bottom": 305.0252990722656}], "time": 0.8537158966064453}
