{"im": 4505, "res": [{"class": "car", "prob": 0.7949516177177429, "left": 302.72467041015625, "top": 134.11117553710938, "right": 326.4573974609375, "bottom": 159.51943969726562}, {"class": "car", "prob": 0.5685985684394836, "left": 324.3518981933594, "top": 133.541748046875, "right": 352.1791687011719, "bottom": 167.96615600585938}, {"class": "aeroplane", "prob": 0.5658476948738098, "left": 437.12261962890625, "top": 128.49908447265625, "right": 441.68878173828125, "bottom": 143.818115234375}], "time": 21.381468057632446}
