{"im": 2201, "res": [{"class": "car", "prob": 0.9996736645698547, "left": 67.89143371582031, "top": 15.835906982421875, "right": 433.3731689453125, "bottom": 342.3175048828125}, {"class": "aeroplane", "prob": 0.5883059501647949, "left": 410.75860595703125, "top": 210.18826293945312, "right": 421.33935546875, "bottom": 251.58786010742188}, {"class": "aeroplane", "prob": 0.5164039731025696, "left": 462.6304626464844, "top": 208.99301147460938, "right": 481.9944763183594, "bottom": 256.04913330078125}], "time": 21.426782846450806}
