{"im": 5248, "res": [{"class": "sheep", "prob": 0.5497452616691589, "left": 189.1865234375, "top": 131.03457641601562, "right": 247.1763916015625, "bottom": 204.25595092773438}], "time": 21.47816300392151}
