{"im": 5572, "res": [{"class": "person", "prob": 0.9989346861839294, "left": 135.75546264648438, "top": 18.063751220703125, "right": 326.5002136230469, "bottom": 206.94740295410156}], "time": 21.11048126220703}
