{"im": 4946, "res": [{"class": "person", "prob": 0.9662864804267883, "left": 93.8002700805664, "top": 132.01144409179688, "right": 209.82754516601562, "bottom": 185.22622680664062}], "time": 21.409888982772827}
