{"im": 3509, "res": [{"class": "bus", "prob": 0.7418939471244812, "left": 58.39485168457031, "top": 63.09984588623047, "right": 500.0, "bottom": 283.380859375}], "time": 0.8870062828063965}
