{"im": 174, "res": [{"class": "aeroplane", "prob": 0.9951910972595215, "left": 455.04669189453125, "top": 239.78475952148438, "right": 499.26556396484375, "bottom": 360.3813171386719}], "time": 21.50117588043213}
