{"im": 2779, "res": [{"class": "car", "prob": 0.8797765970230103, "left": 101.817626953125, "top": 99.56908416748047, "right": 449.80694580078125, "bottom": 214.02432250976562}], "time": 0.8344841003417969}
