{"im": 4622, "res": [{"class": "sheep", "prob": 0.5019596219062805, "left": 16.615890502929688, "top": 50.96623229980469, "right": 475.80413818359375, "bottom": 278.56610107421875}], "time": 21.358320236206055}
