{"im": 3423, "res": [{"class": "aeroplane", "prob": 0.8486009836196899, "left": 43.946250915527344, "top": 106.3184585571289, "right": 213.1982421875, "bottom": 351.31890869140625}], "time": 21.54577898979187}
