{"im": 3577, "res": [{"class": "bicycle", "prob": 0.5653889775276184, "left": 254.74147033691406, "top": 159.5779266357422, "right": 366.6549072265625, "bottom": 252.30955505371094}], "time": 0.9406030178070068}
