{"im": 61, "res": [{"class": "aeroplane", "prob": 0.9949773550033569, "left": 16.01947021484375, "top": 15.598892211914062, "right": 317.3656921386719, "bottom": 370.7291259765625}], "time": 21.495750188827515}
