{"im": 2307, "res": [{"class": "person", "prob": 0.996577799320221, "left": 195.02740478515625, "top": 128.63665771484375, "right": 286.9849548339844, "bottom": 211.9503173828125}], "time": 21.445902824401855}
