{"im": 595, "res": [{"class": "aeroplane", "prob": 0.9576728940010071, "left": 25.95379638671875, "top": 54.431549072265625, "right": 229.30267333984375, "bottom": 375.0}, {"class": "aeroplane", "prob": 0.9075418710708618, "left": 251.51690673828125, "top": 176.79006958007812, "right": 408.38153076171875, "bottom": 373.0799255371094}, {"class": "aeroplane", "prob": 0.7053778171539307, "left": 295.3002014160156, "top": 55.91814041137695, "right": 314.4035339355469, "bottom": 97.36613464355469}, {"class": "aeroplane", "prob": 0.7066255211830139, "left": 292.10992431640625, "top": 66.28514099121094, "right": 454.83953857421875, "bottom": 363.31634521484375}], "time": 0.8466618061065674}
