{"im": 3449, "res": [{"class": "car", "prob": 0.9969866871833801, "left": 137.12197875976562, "top": 112.70252990722656, "right": 316.83251953125, "bottom": 236.14747619628906}], "time": 21.49062418937683}
