{"im": 1542, "res": [{"class": "sheep", "prob": 0.9728948473930359, "left": 129.64453125, "top": 406.16021728515625, "right": 207.9404296875, "bottom": 493.18267822265625}, {"class": "diningtable", "prob": 0.9897463321685791, "left": 48.347328186035156, "top": 358.79962158203125, "right": 96.70948028564453, "bottom": 411.8592529296875}], "time": 21.711368799209595}
