{"im": 5113, "res": [{"class": "aeroplane", "prob": 0.6980193853378296, "left": 321.2577209472656, "top": 80.06472778320312, "right": 488.5992126464844, "bottom": 375.0}], "time": 0.8356170654296875}
