{"im": 5700, "res": [{"class": "bus", "prob": 0.9966312050819397, "left": 114.94976806640625, "top": 160.32388305664062, "right": 423.17388916015625, "bottom": 481.0202331542969}, {"class": "aeroplane", "prob": 0.668704628944397, "left": 431.3907470703125, "top": 338.93951416015625, "right": 441.0, "bottom": 382.540283203125}], "time": 22.032102346420288}
