{"im": 5364, "res": [{"class": "bird", "prob": 0.9731888771057129, "left": 71.0160140991211, "top": 269.0677490234375, "right": 89.0068130493164, "bottom": 285.4208984375}, {"class": "bird", "prob": 0.7706552147865295, "left": 45.313819885253906, "top": 266.7227783203125, "right": 65.52529907226562, "bottom": 283.12945556640625}, {"class": "bird", "prob": 0.5167720913887024, "left": 108.30721282958984, "top": 264.3795471191406, "right": 112.58838653564453, "bottom": 268.2655334472656}], "time": 21.505304098129272}
