{"im": 4544, "res": [{"class": "aeroplane", "prob": 0.5886011123657227, "left": 18.004501342773438, "top": 0.95953369140625, "right": 481.5743408203125, "bottom": 324.70172119140625}], "time": 21.378794193267822}
