{"im": 4819, "res": [{"class": "sheep", "prob": 0.9896470904350281, "left": 88.30270385742188, "top": 69.93783569335938, "right": 343.19122314453125, "bottom": 500.0}], "time": 21.421933889389038}
