{"im": 4325, "res": [{"class": "pottedplant", "prob": 0.7207822203636169, "left": 160.73838806152344, "top": 53.892822265625, "right": 490.03411865234375, "bottom": 299.66552734375}], "time": 0.8399820327758789}
