{"im": 1552, "res": [{"class": "aeroplane", "prob": 0.6665233969688416, "left": 276.6802062988281, "top": 86.01300048828125, "right": 466.9523620605469, "bottom": 369.54107666015625}], "time": 1.1390981674194336}
