{"im": 5539, "res": [{"class": "bottle", "prob": 0.9952690005302429, "left": 86.89405822753906, "top": 143.539794921875, "right": 453.93865966796875, "bottom": 246.79501342773438}], "time": 21.173906803131104}
