{"im": 1391, "res": [{"class": "bottle", "prob": 0.992317795753479, "left": 4.18157958984375, "top": 26.064842224121094, "right": 490.6062927246094, "bottom": 236.39825439453125}, {"class": "cat", "prob": 0.9763486981391907, "left": 267.4078063964844, "top": 220.21926879882812, "right": 426.1562194824219, "bottom": 263.0882568359375}, {"class": "aeroplane", "prob": 0.756032407283783, "left": 23.94093894958496, "top": 205.96075439453125, "right": 36.739139556884766, "bottom": 238.001708984375}], "time": 21.683654069900513}
