{"im": 1645, "res": [{"class": "aeroplane", "prob": 0.8325986266136169, "left": 200.08480834960938, "top": 129.20245361328125, "right": 291.2009582519531, "bottom": 270.1811828613281}, {"class": "sofa", "prob": 0.7749654054641724, "left": 0.0, "top": 163.29736328125, "right": 420.65087890625, "bottom": 454.36468505859375}], "time": 0.9720401763916016}
