{"im": 313, "res": [{"class": "aeroplane", "prob": 0.9734500050544739, "left": 216.2909393310547, "top": 56.773170471191406, "right": 296.18243408203125, "bottom": 216.84536743164062}, {"class": "aeroplane", "prob": 0.8971814513206482, "left": 241.36680603027344, "top": 75.74483489990234, "right": 275.8895263671875, "bottom": 199.05459594726562}, {"class": "bicycle", "prob": 0.8751026391983032, "left": 242.69532775878906, "top": 150.5347442626953, "right": 282.123046875, "bottom": 236.2374725341797}, {"class": "bicycle", "prob": 0.7370151877403259, "left": 224.77320861816406, "top": 132.60215759277344, "right": 296.9261169433594, "bottom": 252.36549377441406}], "time": 0.9456088542938232}
