{"im": 4788, "res": [{"class": "aeroplane", "prob": 0.9933163523674011, "left": 412.4320983886719, "top": 0.0, "right": 497.5676574707031, "bottom": 217.56741333007812}], "time": 21.494571924209595}
