{"im": 3612, "res": [{"class": "aeroplane", "prob": 0.9965102672576904, "left": 239.18443298339844, "top": 89.96930694580078, "right": 292.3159484863281, "bottom": 277.31561279296875}, {"class": "aeroplane", "prob": 0.9961424469947815, "left": 194.3488311767578, "top": 122.13632202148438, "right": 245.20018005371094, "bottom": 291.91864013671875}, {"class": "sofa", "prob": 0.9430552124977112, "left": 1.7043991088867188, "top": 71.48082733154297, "right": 164.56610107421875, "bottom": 308.7254638671875}], "time": 21.48725700378418}
