{"im": 1189, "res": [{"class": "aeroplane", "prob": 0.5101253986358643, "left": 90.34886932373047, "top": 47.53788757324219, "right": 263.0019226074219, "bottom": 364.52886962890625}], "time": 1.3457868099212646}
