{"im": 576, "res": [{"class": "aeroplane", "prob": 0.8607861399650574, "left": 295.2889404296875, "top": 160.31588745117188, "right": 389.93377685546875, "bottom": 375.0}, {"class": "aeroplane", "prob": 0.8083124160766602, "left": 99.1573486328125, "top": 171.47769165039062, "right": 171.78073120117188, "bottom": 352.9781799316406}, {"class": "bird", "prob": 0.7197144031524658, "left": 311.2019348144531, "top": 182.2547607421875, "right": 492.9339294433594, "bottom": 357.38494873046875}, {"class": "aeroplane", "prob": 0.6793931722640991, "left": 263.365234375, "top": 204.79237365722656, "right": 290.28765869140625, "bottom": 270.0204772949219}], "time": 0.8375978469848633}
