{"im": 2804, "res": [{"class": "car", "prob": 0.9998793005943298, "left": 54.77601623535156, "top": 100.66071319580078, "right": 485.03363037109375, "bottom": 281.684326171875}], "time": 21.44734263420105}
