{"im": 1914, "res": [{"class": "sheep", "prob": 0.9887898564338684, "left": 82.15885925292969, "top": 114.46849822998047, "right": 463.945556640625, "bottom": 315.12982177734375}], "time": 21.702976942062378}
