{"im": 5063, "res": [{"class": "car", "prob": 0.9975305199623108, "left": 1.224456787109375, "top": 79.87069702148438, "right": 460.15765380859375, "bottom": 252.46627807617188}], "time": 21.531219244003296}
