{"im": 376, "res": [{"class": "aeroplane", "prob": 0.7975565791130066, "left": 7.8877410888671875, "top": 156.1731719970703, "right": 368.9193115234375, "bottom": 496.16363525390625}, {"class": "aeroplane", "prob": 0.5394771099090576, "left": 0.0, "top": 161.23391723632812, "right": 58.790870666503906, "bottom": 349.9664001464844}], "time": 0.8456130027770996}
