{"im": 2455, "res": [{"class": "sheep", "prob": 0.9670447707176208, "left": 170.19277954101562, "top": 60.542274475097656, "right": 323.4908752441406, "bottom": 280.043701171875}], "time": 21.448227882385254}
