{"im": 4938, "res": [{"class": "boat", "prob": 0.9686225652694702, "left": 109.51444244384766, "top": 92.23245239257812, "right": 299.70855712890625, "bottom": 374.4180908203125}], "time": 21.394111156463623}
