{"im": 1636, "res": [{"class": "sheep", "prob": 0.9844456315040588, "left": 110.85787963867188, "top": 57.492950439453125, "right": 437.2573547363281, "bottom": 375.0}, {"class": "pottedplant", "prob": 0.8579496741294861, "left": 1.0417861938476562, "top": 278.8835754394531, "right": 81.68219757080078, "bottom": 355.1940612792969}], "time": 21.73818325996399}
