{"im": 2276, "res": [{"class": "bottle", "prob": 0.9760022759437561, "left": 0.0, "top": 103.36769104003906, "right": 500.0, "bottom": 224.5352325439453}], "time": 21.43062400817871}
