{"im": 3872, "res": [{"class": "pottedplant", "prob": 0.9854029417037964, "left": 251.01492309570312, "top": 262.3299560546875, "right": 286.0739440917969, "bottom": 303.30914306640625}], "time": 21.59245491027832}
