{"im": 3384, "res": [{"class": "person", "prob": 0.9771262407302856, "left": 230.14109802246094, "top": 10.53570556640625, "right": 375.5164794921875, "bottom": 212.7430877685547}], "time": 21.588646173477173}
