{"im": 3637, "res": [{"class": "person", "prob": 0.5268262028694153, "left": 134.96731567382812, "top": 56.033164978027344, "right": 434.0749816894531, "bottom": 282.8830261230469}], "time": 1.6100859642028809}
