{"im": 4169, "res": [{"class": "pottedplant", "prob": 0.6301563382148743, "left": 95.92359924316406, "top": 0.188018798828125, "right": 499.41595458984375, "bottom": 375.0}, {"class": "sheep", "prob": 0.7369411587715149, "left": 95.92359924316406, "top": 0.188018798828125, "right": 499.41595458984375, "bottom": 375.0}], "time": 21.661792993545532}
