{"im": 1832, "res": [{"class": "person", "prob": 0.9987201690673828, "left": 245.08547973632812, "top": 133.56198120117188, "right": 297.9874572753906, "bottom": 242.909912109375}], "time": 21.60818099975586}
