{"im": 5578, "res": [{"class": "boat", "prob": 0.8102630376815796, "left": 191.61831665039062, "top": 130.39215087890625, "right": 380.5212097167969, "bottom": 250.23458862304688}, {"class": "boat", "prob": 0.6849802732467651, "left": 239.5065460205078, "top": 163.4909210205078, "right": 319.37994384765625, "bottom": 230.2136993408203}], "time": 1.0029830932617188}
