{"im": 4482, "res": [{"class": "aeroplane", "prob": 0.6854429244995117, "left": 36.76734924316406, "top": 146.1475830078125, "right": 234.45347595214844, "bottom": 500.0}], "time": 0.8114280700683594}
