{"im": 1002, "res": [{"class": "bottle", "prob": 0.9945011734962463, "left": 0.0169219970703125, "top": 101.1763916015625, "right": 500.0, "bottom": 215.49484252929688}], "time": 20.99563217163086}
