{"im": 5104, "res": [{"class": "sheep", "prob": 0.5999087691307068, "left": 87.33964538574219, "top": 95.80438995361328, "right": 422.2325439453125, "bottom": 260.205810546875}], "time": 0.8785929679870605}
