{"im": 41, "res": [{"class": "bird", "prob": 0.9359341859817505, "left": 0.0, "top": 12.339889526367188, "right": 500.0, "bottom": 333.0}], "time": 21.446749925613403}
