{"im": 346, "res": [{"class": "aeroplane", "prob": 0.9300999045372009, "left": 167.37461853027344, "top": 0.0, "right": 440.1666259765625, "bottom": 375.0}, {"class": "aeroplane", "prob": 0.8554102182388306, "left": 1.3820343017578125, "top": 0.0, "right": 82.03147888183594, "bottom": 333.3510437011719}], "time": 21.68844199180603}
