{"im": 4668, "res": [{"class": "person", "prob": 0.596977174282074, "left": 101.36517333984375, "top": 207.79808044433594, "right": 164.30255126953125, "bottom": 348.5848388671875}], "time": 0.8743209838867188}
