{"im": 57, "res": [{"class": "aeroplane", "prob": 0.9992322325706482, "left": 80.25725555419922, "top": 68.8341064453125, "right": 322.227783203125, "bottom": 375.0}, {"class": "aeroplane", "prob": 0.9983576536178589, "left": 196.77474975585938, "top": 105.92312622070312, "right": 423.5036926269531, "bottom": 375.0}, {"class": "aeroplane", "prob": 0.9574569463729858, "left": 323.4679260253906, "top": 3.1428985595703125, "right": 496.6795349121094, "bottom": 375.0}], "time": 21.58642601966858}
