{"im": 2942, "res": [{"class": "aeroplane", "prob": 0.8470274209976196, "left": 155.76805114746094, "top": 86.50843811035156, "right": 264.02044677734375, "bottom": 182.2992401123047}, {"class": "aeroplane", "prob": 0.7678185701370239, "left": 290.1559143066406, "top": 101.24796295166016, "right": 422.6611633300781, "bottom": 310.550048828125}, {"class": "aeroplane", "prob": 0.5935140252113342, "left": 190.52139282226562, "top": 96.63967895507812, "right": 243.30703735351562, "bottom": 173.76107788085938}], "time": 0.8395898342132568}
