{"im": 3827, "res": [{"class": "sheep", "prob": 0.9951000809669495, "left": 305.19073486328125, "top": 216.62693786621094, "right": 426.17242431640625, "bottom": 307.15716552734375}, {"class": "aeroplane", "prob": 0.8477860689163208, "left": 247.33627319335938, "top": 67.47412109375, "right": 349.7358093261719, "bottom": 140.65626525878906}], "time": 21.73316717147827}
