{"im": 3483, "res": [{"class": "chair", "prob": 0.9015381932258606, "left": 388.78533935546875, "top": 185.49961853027344, "right": 459.3369140625, "bottom": 257.4984436035156}], "time": 21.46023917198181}
