{"im": 154, "res": [{"class": "aeroplane", "prob": 0.9996843338012695, "left": 146.13717651367188, "top": 89.05900573730469, "right": 334.0998229980469, "bottom": 192.47825622558594}], "time": 21.61847233772278}
