{"im": 2366, "res": [{"class": "aeroplane", "prob": 0.9957534074783325, "left": 11.041427612304688, "top": 47.33009338378906, "right": 273.93994140625, "bottom": 493.780029296875}], "time": 21.41238784790039}
