{"im": 587, "res": [{"class": "boat", "prob": 0.983967661857605, "left": 134.28973388671875, "top": 42.94963073730469, "right": 240.03805541992188, "bottom": 333.0}, {"class": "boat", "prob": 0.9786096215248108, "left": 237.98146057128906, "top": 50.33763122558594, "right": 353.43157958984375, "bottom": 333.0}, {"class": "boat", "prob": 0.9830573797225952, "left": 35.49436950683594, "top": 39.24931335449219, "right": 140.70167541503906, "bottom": 333.0}, {"class": "boat", "prob": 0.9649655818939209, "left": 339.4026184082031, "top": 113.72251892089844, "right": 460.2223815917969, "bottom": 327.42999267578125}], "time": 21.669173002243042}
