{"im": 4411, "res": [{"class": "aeroplane", "prob": 0.9891551733016968, "left": 212.88555908203125, "top": 37.85359191894531, "right": 484.29864501953125, "bottom": 326.59442138671875}], "time": 21.390867948532104}
