{"im": 4797, "res": [{"class": "bird", "prob": 0.978661298751831, "left": 35.32829284667969, "top": 72.40308380126953, "right": 316.33258056640625, "bottom": 230.67117309570312}], "time": 21.44064474105835}
