{"im": 83, "res": [{"class": "person", "prob": 0.6632844805717468, "left": 41.01274490356445, "top": 248.53761291503906, "right": 71.5225601196289, "bottom": 300.4432067871094}], "time": 0.8804740905761719}
