{"im": 5445, "res": [{"class": "tvmonitor", "prob": 0.8217255473136902, "left": 184.7376251220703, "top": 124.85025787353516, "right": 379.70281982421875, "bottom": 298.3046875}], "time": 0.8995101451873779}
