{"im": 1288, "res": [{"class": "pottedplant", "prob": 0.943341076374054, "left": 179.19969177246094, "top": 28.06024169921875, "right": 487.9598388671875, "bottom": 375.0}], "time": 21.321027278900146}
