{"im": 2725, "res": [{"class": "car", "prob": 0.9925617575645447, "left": 188.86181640625, "top": 229.85658264160156, "right": 271.512939453125, "bottom": 312.59674072265625}, {"class": "car", "prob": 0.9813585877418518, "left": 342.17156982421875, "top": 246.83328247070312, "right": 405.19244384765625, "bottom": 301.2499084472656}, {"class": "car", "prob": 0.7567796111106873, "left": 130.3212127685547, "top": 234.83888244628906, "right": 188.9196319580078, "bottom": 314.237548828125}, {"class": "car", "prob": 0.6403304934501648, "left": 63.143638610839844, "top": 242.11813354492188, "right": 133.75131225585938, "bottom": 309.9471740722656}], "time": 21.458839178085327}
