{"im": 4523, "res": [{"class": "aeroplane", "prob": 0.9962097406387329, "left": 129.19656372070312, "top": 6.129310607910156, "right": 478.1353454589844, "bottom": 181.36090087890625}], "time": 21.389436960220337}
