{"im": 2421, "res": [{"class": "bicycle", "prob": 0.9977925419807434, "left": 22.291061401367188, "top": 23.410064697265625, "right": 476.476318359375, "bottom": 305.61334228515625}], "time": 21.479419946670532}
