{"im": 2997, "res": [{"class": "bottle", "prob": 0.9927260279655457, "left": 98.607177734375, "top": 119.36990356445312, "right": 445.12542724609375, "bottom": 200.33209228515625}], "time": 21.984153985977173}
