{"im": 5790, "res": [{"class": "person", "prob": 0.9522098302841187, "left": 101.5191879272461, "top": 189.89186096191406, "right": 299.2245178222656, "bottom": 309.9552001953125}], "time": 1.135038137435913}
