{"im": 4090, "res": [{"class": "sheep", "prob": 0.923680305480957, "left": 8.881256103515625, "top": 8.476058959960938, "right": 328.5094909667969, "bottom": 488.4925537109375}], "time": 21.64183282852173}
