{"im": 5776, "res": [{"class": "aeroplane", "prob": 0.9997024536132812, "left": 252.5584716796875, "top": 5.8069000244140625, "right": 499.697998046875, "bottom": 180.34971618652344}, {"class": "aeroplane", "prob": 0.7272654175758362, "left": 0.0, "top": 113.67230987548828, "right": 118.169921875, "bottom": 161.26797485351562}], "time": 21.901677131652832}
