{"im": 1823, "res": [{"class": "pottedplant", "prob": 0.9662860631942749, "left": 306.24920654296875, "top": 163.08419799804688, "right": 364.09820556640625, "bottom": 291.1297607421875}], "time": 21.61045002937317}
