{"im": 1510, "res": [{"class": "pottedplant", "prob": 0.7380434274673462, "left": 65.90215301513672, "top": 69.77127075195312, "right": 287.341552734375, "bottom": 290.01416015625}], "time": 0.8390719890594482}
