{"im": 1438, "res": [{"class": "bottle", "prob": 0.9076786637306213, "left": 419.3008728027344, "top": 261.3266296386719, "right": 439.1894226074219, "bottom": 272.8399963378906}], "time": 0.8682191371917725}
