{"im": 4700, "res": [{"class": "aeroplane", "prob": 0.809426486492157, "left": 93.88312530517578, "top": 202.04087829589844, "right": 296.10430908203125, "bottom": 370.09344482421875}, {"class": "pottedplant", "prob": 0.9314851760864258, "left": 93.88312530517578, "top": 202.04087829589844, "right": 296.10430908203125, "bottom": 370.09344482421875}, {"class": "aeroplane", "prob": 0.9531307816505432, "left": 186.81263732910156, "top": 20.34283447265625, "right": 477.91888427734375, "bottom": 359.5770568847656}], "time": 21.44896912574768}
