{"im": 986, "res": [{"class": "car", "prob": 0.9992262721061707, "left": 208.92263793945312, "top": 134.81524658203125, "right": 407.0650329589844, "bottom": 270.3598327636719}, {"class": "car", "prob": 0.9986262917518616, "left": 61.970924377441406, "top": 171.35220336914062, "right": 211.37176513671875, "bottom": 269.71331787109375}, {"class": "cow", "prob": 0.8328694701194763, "left": 397.5754089355469, "top": 119.03515625, "right": 409.9565124511719, "bottom": 155.37057495117188}], "time": 21.086310863494873}
