{"im": 1495, "res": [{"class": "aeroplane", "prob": 0.5206760168075562, "left": 151.24966430664062, "top": 70.4219970703125, "right": 278.2921447753906, "bottom": 269.2852783203125}], "time": 0.8829250335693359}
