{"im": 3575, "res": [{"class": "bird", "prob": 0.8809652328491211, "left": 43.259765625, "top": 201.11392211914062, "right": 335.02001953125, "bottom": 372.0154724121094}, {"class": "bird", "prob": 0.9979967474937439, "left": 322.3291015625, "top": 214.9627685546875, "right": 442.61846923828125, "bottom": 292.3056945800781}, {"class": "bird", "prob": 0.8497369289398193, "left": 73.54439544677734, "top": 206.10816955566406, "right": 206.67294311523438, "bottom": 264.3439636230469}], "time": 21.520034074783325}
