{"im": 448, "res": [{"class": "boat", "prob": 0.802517294883728, "left": 286.3748779296875, "top": 185.21749877929688, "right": 357.81329345703125, "bottom": 243.18856811523438}, {"class": "boat", "prob": 0.9343788027763367, "left": 195.7512664794922, "top": 176.75213623046875, "right": 264.6130065917969, "bottom": 230.81130981445312}], "time": 21.536744117736816}
