{"im": 4370, "res": [{"class": "person", "prob": 0.997500479221344, "left": 73.973876953125, "top": 49.71907043457031, "right": 283.6730041503906, "bottom": 174.1643829345703}, {"class": "person", "prob": 0.9934117197990417, "left": 169.78477478027344, "top": 194.9833221435547, "right": 257.02105712890625, "bottom": 252.2878875732422}], "time": 21.42522692680359}
