{"im": 5171, "res": [{"class": "bus", "prob": 0.9754098653793335, "left": 27.55908203125, "top": 71.35939025878906, "right": 229.20126342773438, "bottom": 263.9498291015625}, {"class": "bus", "prob": 0.9258196949958801, "left": 277.198486328125, "top": 81.39091491699219, "right": 441.59625244140625, "bottom": 268.77203369140625}], "time": 0.853564977645874}
