{"im": 5137, "res": [{"class": "bottle", "prob": 0.9994665384292603, "left": 43.54222106933594, "top": 97.95774841308594, "right": 491.46826171875, "bottom": 224.95021057128906}], "time": 21.39147186279297}
