{"im": 334, "res": [{"class": "aeroplane", "prob": 0.9993085861206055, "left": 8.45343017578125, "top": 2.6747894287109375, "right": 374.3056335449219, "bottom": 496.966552734375}], "time": 21.58297896385193}
