{"im": 4492, "res": [{"class": "aeroplane", "prob": 0.8169488310813904, "left": 227.3262481689453, "top": 157.87184143066406, "right": 248.3241729736328, "bottom": 198.8076629638672}, {"class": "sofa", "prob": 0.6785379648208618, "left": 215.7928466796875, "top": 179.51071166992188, "right": 263.30255126953125, "bottom": 243.04519653320312}, {"class": "sofa", "prob": 0.6682261824607849, "left": 198.66082763671875, "top": 166.22848510742188, "right": 291.05621337890625, "bottom": 258.25738525390625}], "time": 0.8203408718109131}
