{"im": 281, "res": [{"class": "aeroplane", "prob": 0.9993212819099426, "left": 28.448394775390625, "top": 66.74073791503906, "right": 294.0461730957031, "bottom": 363.6571044921875}, {"class": "aeroplane", "prob": 0.9992364645004272, "left": 333.624267578125, "top": 112.85224914550781, "right": 478.891845703125, "bottom": 371.81646728515625}], "time": 21.572169065475464}
