{"im": 4174, "res": [{"class": "pottedplant", "prob": 0.5516273975372314, "left": 161.6361846923828, "top": 255.7703857421875, "right": 209.3540802001953, "bottom": 317.18902587890625}], "time": 21.638973236083984}
