{"im": 1696, "res": [{"class": "bird", "prob": 0.9591336250305176, "left": 341.6806640625, "top": 140.86752319335938, "right": 500.0, "bottom": 199.21429443359375}, {"class": "bird", "prob": 0.8802545666694641, "left": 10.377273559570312, "top": 145.0210723876953, "right": 47.88017654418945, "bottom": 170.1736602783203}, {"class": "bird", "prob": 0.8659334182739258, "left": 392.1817626953125, "top": 149.0644073486328, "right": 462.13323974609375, "bottom": 192.35691833496094}], "time": 0.8509318828582764}
