{"im": 321, "res": [{"class": "cat", "prob": 0.9071211218833923, "left": 43.3433837890625, "top": 57.26698303222656, "right": 465.79876708984375, "bottom": 367.60577392578125}, {"class": "cow", "prob": 0.843935489654541, "left": 319.2677001953125, "top": 13.897491455078125, "right": 335.7579345703125, "bottom": 45.132049560546875}, {"class": "cow", "prob": 0.5778862237930298, "left": 323.83367919921875, "top": 54.881168365478516, "right": 332.24481201171875, "bottom": 65.88941192626953}], "time": 22.04375195503235}
