{"im": 4762, "res": [{"class": "aeroplane", "prob": 0.9861029982566833, "left": 36.19891357421875, "top": 49.17913818359375, "right": 272.6858825683594, "bottom": 500.0}, {"class": "pottedplant", "prob": 0.9486074447631836, "left": 219.3114013671875, "top": 0.3078804016113281, "right": 359.0, "bottom": 72.6861572265625}], "time": 21.38238787651062}
