{"im": 3832, "res": [{"class": "aeroplane", "prob": 0.9980632066726685, "left": 179.86083984375, "top": 138.5953826904297, "right": 273.5742492675781, "bottom": 323.60919189453125}, {"class": "aeroplane", "prob": 0.9950844049453735, "left": 40.47813415527344, "top": 32.315277099609375, "right": 239.37730407714844, "bottom": 475.8260498046875}, {"class": "aeroplane", "prob": 0.9897786378860474, "left": 30.154523849487305, "top": 159.61766052246094, "right": 65.39838409423828, "bottom": 280.76641845703125}, {"class": "aeroplane", "prob": 0.9205368161201477, "left": 57.481201171875, "top": 157.9484100341797, "right": 78.39077758789062, "bottom": 241.1259307861328}], "time": 21.521267890930176}
