{"im": 5718, "res": [{"class": "boat", "prob": 0.9977855682373047, "left": 67.09736633300781, "top": 5.4686126708984375, "right": 384.6065673828125, "bottom": 318.46270751953125}], "time": 21.093595266342163}
