{"im": 4553, "res": [{"class": "sheep", "prob": 0.5100041031837463, "left": 51.84619140625, "top": 12.979705810546875, "right": 447.0985107421875, "bottom": 333.0}], "time": 21.39957022666931}
