{"im": 408, "res": [{"class": "aeroplane", "prob": 0.8242862224578857, "left": 15.177627563476562, "top": 12.931732177734375, "right": 290.54058837890625, "bottom": 490.8306884765625}], "time": 21.41975498199463}
