{"im": 2797, "res": [{"class": "aeroplane", "prob": 0.9150696396827698, "left": 0.0, "top": 88.1380615234375, "right": 411.33575439453125, "bottom": 456.34356689453125}, {"class": "aeroplane", "prob": 0.9003893733024597, "left": 94.28341674804688, "top": 22.408294677734375, "right": 388.67596435546875, "bottom": 377.8878479003906}], "time": 21.50343108177185}
