{"im": 3175, "res": [{"class": "pottedplant", "prob": 0.7570125460624695, "left": 119.18020629882812, "top": 6.6329345703125, "right": 488.6299133300781, "bottom": 370.9412841796875}], "time": 22.230360984802246}
