{"im": 2590, "res": [{"class": "sofa", "prob": 0.6727402806282043, "left": 330.917724609375, "top": 60.04603576660156, "right": 495.51947021484375, "bottom": 257.63800048828125}, {"class": "tvmonitor", "prob": 0.6434675455093384, "left": 330.917724609375, "top": 60.04603576660156, "right": 495.51947021484375, "bottom": 257.63800048828125}], "time": 21.442275047302246}
