{"im": 3114, "res": [{"class": "bicycle", "prob": 0.8035346865653992, "left": 70.8638916015625, "top": 60.62164306640625, "right": 442.0101318359375, "bottom": 295.8909606933594}], "time": 0.8827989101409912}
