{"im": 3087, "res": [{"class": "bird", "prob": 0.9861446022987366, "left": 0.9761810302734375, "top": 22.024002075195312, "right": 500.0, "bottom": 333.6134033203125}], "time": 21.819358110427856}
