{"im": 5652, "res": [{"class": "boat", "prob": 0.5938863158226013, "left": 71.65557861328125, "top": 43.220062255859375, "right": 500.0, "bottom": 317.87939453125}], "time": 0.8697071075439453}
