{"im": 4399, "res": [{"class": "bird", "prob": 0.9085981249809265, "left": 23.438323974609375, "top": 38.28532409667969, "right": 437.0162658691406, "bottom": 329.39276123046875}, {"class": "bird", "prob": 0.948874294757843, "left": 92.78498077392578, "top": 43.22560119628906, "right": 132.8934326171875, "bottom": 60.45661163330078}, {"class": "aeroplane", "prob": 0.8129594326019287, "left": 427.0777282714844, "top": 34.38002395629883, "right": 438.5136413574219, "bottom": 57.99616622924805}], "time": 21.43289589881897}
