{"im": 5566, "res": [{"class": "aeroplane", "prob": 0.9991142153739929, "left": 8.307220458984375, "top": 24.643402099609375, "right": 328.6077880859375, "bottom": 375.0}], "time": 21.65425205230713}
