{"im": 2878, "res": [{"class": "sheep", "prob": 0.99427729845047, "left": 194.36170959472656, "top": 126.19735717773438, "right": 297.65570068359375, "bottom": 249.70050048828125}], "time": 21.479281902313232}
