{"im": 2542, "res": [{"class": "person", "prob": 0.9576740264892578, "left": 51.30535888671875, "top": 95.27727508544922, "right": 455.4722900390625, "bottom": 286.9991455078125}], "time": 21.46155595779419}
