{"im": 2999, "res": [{"class": "aeroplane", "prob": 0.9103016257286072, "left": 92.48158264160156, "top": 73.94728088378906, "right": 500.0, "bottom": 357.46966552734375}], "time": 21.962507009506226}
