{"im": 3781, "res": [{"class": "pottedplant", "prob": 0.8170598745346069, "left": 41.65708923339844, "top": 47.86180114746094, "right": 340.79913330078125, "bottom": 372.9310302734375}], "time": 21.553869009017944}
