{"im": 2352, "res": [{"class": "sheep", "prob": 0.995659351348877, "left": 351.2554626464844, "top": 245.1283721923828, "right": 408.5917663574219, "bottom": 298.5306701660156}, {"class": "sheep", "prob": 0.9376829862594604, "left": 322.0325012207031, "top": 250.3898162841797, "right": 356.9468688964844, "bottom": 301.023193359375}], "time": 21.3732008934021}
