{"im": 1783, "res": [{"class": "boat", "prob": 0.559030294418335, "left": 155.3125762939453, "top": 92.67231750488281, "right": 343.9151611328125, "bottom": 242.05738830566406}], "time": 0.892071008682251}
