{"im": 5787, "res": [{"class": "bottle", "prob": 0.9965641498565674, "left": 0.0, "top": 103.03086853027344, "right": 500.0, "bottom": 333.0}], "time": 21.324262142181396}
