{"im": 5185, "res": [{"class": "boat", "prob": 0.9941650629043579, "left": 101.00338745117188, "top": 136.74330139160156, "right": 494.3198547363281, "bottom": 415.865234375}, {"class": "aeroplane", "prob": 0.6849557161331177, "left": 56.48286437988281, "top": 20.477981567382812, "right": 227.3773651123047, "bottom": 154.79298400878906}], "time": 21.53529191017151}
