{"im": 1149, "res": [{"class": "bottle", "prob": 0.977128267288208, "left": 196.93203735351562, "top": 191.78353881835938, "right": 258.2841491699219, "bottom": 212.49652099609375}], "time": 21.11149311065674}
