{"im": 1983, "res": [{"class": "bird", "prob": 0.8524148464202881, "left": 213.5841064453125, "top": 136.12522888183594, "right": 447.02020263671875, "bottom": 233.3805389404297}, {"class": "bird", "prob": 0.5926333069801331, "left": 42.14048767089844, "top": 134.1175537109375, "right": 242.14817810058594, "bottom": 228.3289794921875}], "time": 0.8904831409454346}
