{"im": 2417, "res": [{"class": "bird", "prob": 0.7502149343490601, "left": 308.10467529296875, "top": 1.70452880859375, "right": 336.0, "bottom": 84.02424621582031}], "time": 21.481876850128174}
