{"im": 3178, "res": [{"class": "chair", "prob": 0.7727505564689636, "left": 1.1125640869140625, "top": 187.04443359375, "right": 135.6215362548828, "bottom": 239.44512939453125}, {"class": "chair", "prob": 0.5785119533538818, "left": 33.753395080566406, "top": 191.8800506591797, "right": 96.5311508178711, "bottom": 238.9179229736328}], "time": 0.843487024307251}
