{"im": 726, "res": [{"class": "aeroplane", "prob": 0.9986854791641235, "left": 179.7415771484375, "top": 110.73775482177734, "right": 304.438232421875, "bottom": 323.4890441894531}, {"class": "aeroplane", "prob": 0.8911262154579163, "left": 384.40118408203125, "top": 67.28024291992188, "right": 500.0, "bottom": 305.87579345703125}], "time": 22.19963812828064}
