{"im": 187, "res": [{"class": "aeroplane", "prob": 0.9998068809509277, "left": 52.7967529296875, "top": 0.0, "right": 309.8674011230469, "bottom": 480.0}], "time": 21.53035020828247}
