{"im": 2408, "res": [{"class": "pottedplant", "prob": 0.57266765832901, "left": 35.167022705078125, "top": 37.14915466308594, "right": 465.4005432128906, "bottom": 343.34661865234375}], "time": 21.617244243621826}
