{"im": 3309, "res": [{"class": "boat", "prob": 0.9650560021400452, "left": 32.92893981933594, "top": 13.267547607421875, "right": 500.0, "bottom": 319.3359069824219}, {"class": "boat", "prob": 0.9239286780357361, "left": 164.85107421875, "top": 3.1294612884521484, "right": 334.6672668457031, "bottom": 61.30924987792969}], "time": 21.82330822944641}
