{"im": 2102, "res": [{"class": "aeroplane", "prob": 0.8272345066070557, "left": 417.6407165527344, "top": 115.59512329101562, "right": 439.6786804199219, "bottom": 164.12319946289062}], "time": 0.8377180099487305}
