{"im": 4085, "res": [{"class": "bottle", "prob": 0.9982478618621826, "left": 49.115997314453125, "top": 100.87479400634766, "right": 444.4724426269531, "bottom": 233.85330200195312}], "time": 21.6087486743927}
