{"im": 2711, "res": [{"class": "sofa", "prob": 0.6415262222290039, "left": 365.373046875, "top": 70.76067352294922, "right": 493.606689453125, "bottom": 319.7455749511719}, {"class": "sofa", "prob": 0.7304781079292297, "left": 17.502063751220703, "top": 107.05821228027344, "right": 123.92268371582031, "bottom": 333.91766357421875}], "time": 0.8334238529205322}
