{"im": 4533, "res": [{"class": "bottle", "prob": 0.9994727969169617, "left": 0.0, "top": 0.0, "right": 495.56646728515625, "bottom": 291.25408935546875}], "time": 21.440720796585083}
