{"im": 392, "res": [{"class": "aeroplane", "prob": 0.9993950724601746, "left": 237.22056579589844, "top": 17.613296508789062, "right": 461.7698974609375, "bottom": 333.0}, {"class": "aeroplane", "prob": 0.9973198771476746, "left": 62.563690185546875, "top": 24.944366455078125, "right": 279.5313720703125, "bottom": 329.0972595214844}, {"class": "aeroplane", "prob": 0.6634066700935364, "left": 221.1315155029297, "top": 119.26436614990234, "right": 343.6233215332031, "bottom": 322.4288635253906}], "time": 21.561965942382812}
