{"im": 1329, "res": [{"class": "chair", "prob": 0.9740042686462402, "left": 150.5281524658203, "top": 46.266876220703125, "right": 176.73731994628906, "bottom": 82.49050903320312}], "time": 21.64042615890503}
