{"im": 811, "res": [{"class": "sheep", "prob": 0.9866562485694885, "left": 0.0, "top": 2.1200714111328125, "right": 500.0, "bottom": 336.351806640625}], "time": 22.917222023010254}
