{"im": 3310, "res": [{"class": "pottedplant", "prob": 0.8249003291130066, "left": 66.40984344482422, "top": 95.56592559814453, "right": 268.2142333984375, "bottom": 305.466064453125}], "time": 0.8813776969909668}
