{"im": 245, "res": [{"class": "aeroplane", "prob": 0.9888529777526855, "left": 99.38401794433594, "top": 65.77824401855469, "right": 495.82330322265625, "bottom": 373.02044677734375}], "time": 21.626299142837524}
