{"im": 5793, "res": [{"class": "aeroplane", "prob": 0.8750790953636169, "left": 182.67391967773438, "top": 82.29208374023438, "right": 390.9851989746094, "bottom": 334.0}], "time": 1.1805779933929443}
