{"im": 4252, "res": [{"class": "motorbike", "prob": 0.6826447248458862, "left": 371.5369873046875, "top": 245.22947692871094, "right": 461.06451416015625, "bottom": 303.52227783203125}, {"class": "motorbike", "prob": 0.6414667367935181, "left": 323.64093017578125, "top": 226.23733520507812, "right": 500.0, "bottom": 317.9761047363281}], "time": 0.8245489597320557}
