{"im": 5655, "res": [{"class": "sheep", "prob": 0.993619441986084, "left": 29.191207885742188, "top": 135.08416748046875, "right": 355.2056884765625, "bottom": 329.9675598144531}, {"class": "aeroplane", "prob": 0.8256741166114807, "left": 109.7318115234375, "top": 2.69091796875, "right": 283.8608093261719, "bottom": 200.94451904296875}, {"class": "bird", "prob": 0.5105305910110474, "left": 0.0, "top": 0.0, "right": 337.15106201171875, "bottom": 50.16639709472656}], "time": 21.611116647720337}
