{"im": 553, "res": [{"class": "aeroplane", "prob": 0.999117374420166, "left": 39.00883483886719, "top": 50.16680908203125, "right": 402.119140625, "bottom": 371.6435852050781}, {"class": "aeroplane", "prob": 0.997285783290863, "left": 270.6280517578125, "top": 57.10899353027344, "right": 477.3250732421875, "bottom": 317.58685302734375}, {"class": "aeroplane", "prob": 0.9763807654380798, "left": 234.01095581054688, "top": 27.907989501953125, "right": 320.7550964355469, "bottom": 159.11990356445312}], "time": 21.56278419494629}
