{"im": 5458, "res": [{"class": "aeroplane", "prob": 0.9934707283973694, "left": 345.672119140625, "top": 0.0, "right": 418.921875, "bottom": 325.38018798828125}, {"class": "aeroplane", "prob": 0.9644083976745605, "left": 64.34261322021484, "top": 156.887939453125, "right": 215.17648315429688, "bottom": 372.9061279296875}, {"class": "bicycle", "prob": 0.6526870131492615, "left": 156.88836669921875, "top": 167.52090454101562, "right": 292.76806640625, "bottom": 368.2195739746094}], "time": 21.5223548412323}
