{"im": 2128, "res": [{"class": "person", "prob": 0.9997563362121582, "left": 321.13873291015625, "top": 85.65544891357422, "right": 498.41009521484375, "bottom": 313.8141174316406}, {"class": "person", "prob": 0.9994379878044128, "left": 70.43417358398438, "top": 130.96542358398438, "right": 307.845458984375, "bottom": 270.45074462890625}], "time": 21.6819326877594}
