{"im": 687, "res": [{"class": "aeroplane", "prob": 0.9344651103019714, "left": 0.0, "top": 73.0240478515625, "right": 119.91521453857422, "bottom": 373.3057861328125}], "time": 0.8363189697265625}
