{"im": 941, "res": [{"class": "cat", "prob": 0.9163201451301575, "left": 441.0245361328125, "top": 242.86749267578125, "right": 472.2056884765625, "bottom": 271.903564453125}, {"class": "cat", "prob": 0.576241672039032, "left": 221.02655029296875, "top": 234.8017578125, "right": 234.35919189453125, "bottom": 248.7059326171875}], "time": 0.8288772106170654}
