{"im": 2767, "res": [{"class": "tvmonitor", "prob": 0.9673213362693787, "left": 111.78262329101562, "top": 34.2642822265625, "right": 340.4461364746094, "bottom": 375.0}], "time": 21.506165027618408}
