{"im": 3008, "res": [{"class": "train", "prob": 0.7899051904678345, "left": 164.67901611328125, "top": 61.970069885253906, "right": 420.64300537109375, "bottom": 215.82772827148438}, {"class": "aeroplane", "prob": 0.957405686378479, "left": 42.12705993652344, "top": 65.68789672851562, "right": 158.5033416748047, "bottom": 231.4293212890625}], "time": 24.537688970565796}
