{"im": 5073, "res": [{"class": "sheep", "prob": 0.9890627264976501, "left": 42.248191833496094, "top": 105.6265869140625, "right": 280.08270263671875, "bottom": 388.44927978515625}, {"class": "aeroplane", "prob": 0.5007129907608032, "left": 16.725494384765625, "top": 80.45201110839844, "right": 373.4023742675781, "bottom": 466.25848388671875}], "time": 21.42872929573059}
