{"im": 3735, "res": [{"class": "sheep", "prob": 0.6833204030990601, "left": 154.40850830078125, "top": 81.52583312988281, "right": 432.93170166015625, "bottom": 413.0}], "time": 0.9004812240600586}
