{"im": 2779, "res": [{"class": "car", "prob": 0.9977343678474426, "left": 7.585601806640625, "top": 88.625, "right": 442.38360595703125, "bottom": 241.90255737304688}], "time": 21.600040912628174}
