{"im": 1379, "res": [{"class": "sofa", "prob": 0.9742900729179382, "left": 6.3729248046875, "top": 61.129730224609375, "right": 436.002685546875, "bottom": 375.0}], "time": 21.698551177978516}
