{"im": 2227, "res": [{"class": "aeroplane", "prob": 0.9989128708839417, "left": 198.2420196533203, "top": 86.57515716552734, "right": 246.23057556152344, "bottom": 279.300048828125}, {"class": "sofa", "prob": 0.997843861579895, "left": 75.28276062011719, "top": 173.8701171875, "right": 360.00054931640625, "bottom": 324.6733703613281}, {"class": "aeroplane", "prob": 0.9951925873756409, "left": 265.45428466796875, "top": 96.75070190429688, "right": 317.167724609375, "bottom": 179.7301025390625}, {"class": "sofa", "prob": 0.9705475568771362, "left": 275.2858581542969, "top": 143.01512145996094, "right": 433.8684997558594, "bottom": 329.18865966796875}], "time": 21.482885122299194}
