{"im": 1387, "res": [{"class": "aeroplane", "prob": 0.9983905553817749, "left": 267.8655090332031, "top": 164.07113647460938, "right": 350.4660949707031, "bottom": 358.3039245605469}, {"class": "aeroplane", "prob": 0.9973012208938599, "left": 221.88571166992188, "top": 187.953369140625, "right": 292.2095642089844, "bottom": 359.41705322265625}], "time": 21.70131492614746}
