{"im": 3784, "res": [{"class": "bottle", "prob": 0.9990274906158447, "left": 260.92657470703125, "top": 128.631103515625, "right": 434.25701904296875, "bottom": 245.58651733398438}], "time": 22.0474591255188}
