{"im": 195, "res": [{"class": "sheep", "prob": 0.9237521290779114, "left": 0.0, "top": 86.82838439941406, "right": 289.1357116699219, "bottom": 471.69976806640625}], "time": 21.494851112365723}
