{"im": 4933, "res": [{"class": "pottedplant", "prob": 0.9993273615837097, "left": 18.33380126953125, "top": 158.78384399414062, "right": 204.83450317382812, "bottom": 337.065673828125}], "time": 21.43726110458374}
