{"im": 4477, "res": [{"class": "pottedplant", "prob": 0.9814940094947815, "left": 2.3715133666992188, "top": 288.0396423339844, "right": 162.66741943359375, "bottom": 492.6813049316406}], "time": 21.457442045211792}
