{"im": 2193, "res": [{"class": "bicycle", "prob": 0.6034111380577087, "left": 295.7722473144531, "top": 261.1954345703125, "right": 331.6142883300781, "bottom": 283.06103515625}], "time": 0.8322460651397705}
