{"im": 5163, "res": [{"class": "aeroplane", "prob": 0.9853141903877258, "left": 231.10064697265625, "top": 149.29544067382812, "right": 308.05767822265625, "bottom": 290.5291748046875}, {"class": "boat", "prob": 0.9742289781570435, "left": 180.25836181640625, "top": 181.39356994628906, "right": 224.67169189453125, "bottom": 226.0424346923828}, {"class": "aeroplane", "prob": 0.9755843877792358, "left": 187.76373291015625, "top": 164.36793518066406, "right": 214.53866577148438, "bottom": 219.3961639404297}], "time": 21.41684079170227}
