{"im": 749, "res": [{"class": "bird", "prob": 0.9606437683105469, "left": 16.233749389648438, "top": 37.76121520996094, "right": 480.13653564453125, "bottom": 352.49755859375}, {"class": "bird", "prob": 0.8638922572135925, "left": 443.51953125, "top": 23.0477294921875, "right": 499.9658203125, "bottom": 181.81414794921875}, {"class": "bird", "prob": 0.8651915788650513, "left": 3.5380783081054688, "top": 26.697036743164062, "right": 227.08724975585938, "bottom": 238.28224182128906}], "time": 21.761992931365967}
