{"im": 4515, "res": [{"class": "train", "prob": 0.9071069955825806, "left": 178.78329467773438, "top": 166.23146057128906, "right": 215.05731201171875, "bottom": 275.5414733886719}, {"class": "train", "prob": 0.9444472193717957, "left": 159.8663330078125, "top": 138.07382202148438, "right": 234.04989624023438, "bottom": 302.7056884765625}], "time": 0.8532538414001465}
