{"im": 718, "res": [{"class": "pottedplant", "prob": 0.7270382642745972, "left": 0.0, "top": 0.0, "right": 500.0, "bottom": 350.1436767578125}], "time": 21.799048900604248}
