{"im": 561, "res": [{"class": "bottle", "prob": 0.9519544839859009, "left": 0.0, "top": 85.27245330810547, "right": 500.0, "bottom": 231.106201171875}, {"class": "aeroplane", "prob": 0.8789786696434021, "left": 271.7669677734375, "top": 108.16877746582031, "right": 299.595947265625, "bottom": 132.97781372070312}], "time": 24.69229221343994}
