{"im": 3530, "res": [{"class": "aeroplane", "prob": 0.996128499507904, "left": 6.702972412109375, "top": 0.8868255615234375, "right": 500.0, "bottom": 370.529052734375}], "time": 21.581413745880127}
