{"im": 3104, "res": [{"class": "aeroplane", "prob": 0.9847772717475891, "left": 319.26116943359375, "top": 138.640869140625, "right": 476.98046875, "bottom": 373.3124084472656}, {"class": "aeroplane", "prob": 0.9962151646614075, "left": 65.63383483886719, "top": 74.03746032714844, "right": 278.60833740234375, "bottom": 370.13134765625}], "time": 22.412810802459717}
