{"im": 1817, "res": [{"class": "tvmonitor", "prob": 0.7589032053947449, "left": 138.60377502441406, "top": 149.62925720214844, "right": 374.0599365234375, "bottom": 288.31060791015625}], "time": 21.637323141098022}
