{"im": 2369, "res": [{"class": "aeroplane", "prob": 0.9965959191322327, "left": 339.1471862792969, "top": 21.26171875, "right": 473.0763244628906, "bottom": 357.9312438964844}], "time": 21.405964851379395}
