{"im": 3811, "res": [{"class": "person", "prob": 0.9670625329017639, "left": 81.46929931640625, "top": 51.317665100097656, "right": 142.39883422851562, "bottom": 112.57605743408203}], "time": 21.791787147521973}
