{"im": 5368, "res": [{"class": "car", "prob": 0.9905976057052612, "left": 6.264739990234375, "top": 102.09403991699219, "right": 277.52294921875, "bottom": 282.2509765625}], "time": 21.488553047180176}
