{"im": 3764, "res": [{"class": "train", "prob": 0.8177424073219299, "left": 183.81581115722656, "top": 206.67774963378906, "right": 302.45233154296875, "bottom": 260.81591796875}, {"class": "train", "prob": 0.767486572265625, "left": 99.96307373046875, "top": 116.85781860351562, "right": 301.2060241699219, "bottom": 221.35299682617188}], "time": 21.592401027679443}
