{"im": 4031, "res": [{"class": "aeroplane", "prob": 0.9905719757080078, "left": 58.76581573486328, "top": 159.28933715820312, "right": 157.35177612304688, "bottom": 375.0}, {"class": "aeroplane", "prob": 0.9698798060417175, "left": 313.983154296875, "top": 152.545166015625, "right": 415.19677734375, "bottom": 370.6151123046875}, {"class": "aeroplane", "prob": 0.9214887619018555, "left": 236.79315185546875, "top": 154.4354248046875, "right": 330.670654296875, "bottom": 375.0}, {"class": "aeroplane", "prob": 0.8339433670043945, "left": 135.3247528076172, "top": 153.76531982421875, "right": 221.9064483642578, "bottom": 374.15472412109375}], "time": 0.886789083480835}
