{"im": 1724, "res": [{"class": "bird", "prob": 0.6607339382171631, "left": 43.76408386230469, "top": 130.7157745361328, "right": 463.0594482421875, "bottom": 282.10711669921875}], "time": 0.8331477642059326}
