{"im": 4291, "res": [{"class": "sofa", "prob": 0.9141585826873779, "left": 127.72557067871094, "top": 165.65725708007812, "right": 229.12794494628906, "bottom": 423.4497985839844}], "time": 0.8806860446929932}
