{"im": 1842, "res": [{"class": "aeroplane", "prob": 0.9993157982826233, "left": 147.93634033203125, "top": 63.83855438232422, "right": 294.1007995605469, "bottom": 306.2727966308594}, {"class": "bicycle", "prob": 0.996438205242157, "left": 147.99346923828125, "top": 164.9384765625, "right": 311.4537353515625, "bottom": 422.50054931640625}], "time": 21.725871086120605}
