{"im": 1770, "res": [{"class": "aeroplane", "prob": 0.9617014527320862, "left": 203.35345458984375, "top": 92.52901458740234, "right": 297.9504699707031, "bottom": 303.5412902832031}, {"class": "boat", "prob": 0.8402694463729858, "left": 138.28842163085938, "top": 131.74261474609375, "right": 362.0527038574219, "bottom": 316.41119384765625}], "time": 0.8299410343170166}
