{"im": 5606, "res": [{"class": "aeroplane", "prob": 0.9725438952445984, "left": 362.62994384765625, "top": 168.592041015625, "right": 376.1175537109375, "bottom": 203.77682495117188}], "time": 21.07859992980957}
