{"im": 5459, "res": [{"class": "chair", "prob": 0.7913541197776794, "left": 383.3976135253906, "top": 163.1095428466797, "right": 394.0321350097656, "bottom": 182.32835388183594}, {"class": "chair", "prob": 0.6831217408180237, "left": 210.93508911132812, "top": 111.77626037597656, "right": 302.1720275878906, "bottom": 190.61134338378906}, {"class": "chair", "prob": 0.5800191164016724, "left": 233.60772705078125, "top": 122.32078552246094, "right": 281.62164306640625, "bottom": 180.7959747314453}], "time": 0.8285670280456543}
