{"im": 4636, "res": [{"class": "train", "prob": 0.8738237023353577, "left": 178.8016357421875, "top": 37.50569152832031, "right": 325.01605224609375, "bottom": 337.99609375}, {"class": "train", "prob": 0.7412207126617432, "left": 0.0, "top": 130.39743041992188, "right": 53.91936111450195, "bottom": 330.23785400390625}, {"class": "train", "prob": 0.6698529124259949, "left": 337.1361083984375, "top": 149.40011596679688, "right": 494.06903076171875, "bottom": 323.17108154296875}, {"class": "train", "prob": 0.5344268679618835, "left": 15.285005569458008, "top": 160.80615234375, "right": 38.868751525878906, "bottom": 309.3103332519531}], "time": 0.8236279487609863}
