{"im": 414, "res": [{"class": "aeroplane", "prob": 0.5101689100265503, "left": 9.865142822265625, "top": 54.322418212890625, "right": 246.05294799804688, "bottom": 443.146240234375}], "time": 0.841418981552124}
