{"im": 4317, "res": [{"class": "bird", "prob": 0.6591783761978149, "left": 8.815753936767578, "top": 238.441162109375, "right": 38.24482345581055, "bottom": 271.6893005371094}, {"class": "bird", "prob": 0.5617206692695618, "left": 431.3472900390625, "top": 229.91038513183594, "right": 444.58990478515625, "bottom": 239.6896514892578}], "time": 0.8236663341522217}
