{"im": 4089, "res": [{"class": "bicycle", "prob": 0.804284393787384, "left": 48.65606689453125, "top": 19.5670166015625, "right": 470.7911376953125, "bottom": 316.7707824707031}], "time": 0.8426928520202637}
