{"im": 5240, "res": [{"class": "cat", "prob": 0.9989896416664124, "left": 129.89901733398438, "top": 112.92537689208984, "right": 429.3321838378906, "bottom": 307.305419921875}, {"class": "bird", "prob": 0.9172046184539795, "left": 0.071014404296875, "top": 196.19236755371094, "right": 113.220703125, "bottom": 294.4796447753906}], "time": 21.514246940612793}
