{"im": 5464, "res": [{"class": "bottle", "prob": 0.8034906983375549, "left": 138.3258514404297, "top": 145.4501953125, "right": 353.74114990234375, "bottom": 218.955078125}, {"class": "bottle", "prob": 0.5237757563591003, "left": 190.0950164794922, "top": 159.5514678955078, "right": 291.4931335449219, "bottom": 204.6227264404297}], "time": 0.8267612457275391}
