{"im": 3619, "res": [{"class": "pottedplant", "prob": 0.5454725027084351, "left": 15.3572998046875, "top": 6.569976806640625, "right": 342.58697509765625, "bottom": 414.02716064453125}], "time": 0.8558757305145264}
