{"im": 5590, "res": [{"class": "aeroplane", "prob": 0.9961176514625549, "left": 12.8853759765625, "top": 0.0, "right": 331.9819641113281, "bottom": 323.64495849609375}], "time": 21.066258907318115}
