{"im": 1697, "res": [{"class": "aeroplane", "prob": 0.747313916683197, "left": 156.7899932861328, "top": 16.0316162109375, "right": 274.43743896484375, "bottom": 307.5344543457031}], "time": 0.8798027038574219}
