{"im": 420, "res": [{"class": "aeroplane", "prob": 0.9980782866477966, "left": 200.6800537109375, "top": 41.527984619140625, "right": 449.864501953125, "bottom": 368.525146484375}], "time": 21.655662059783936}
