{"im": 5267, "res": [{"class": "person", "prob": 0.9981995224952698, "left": 180.64422607421875, "top": 126.18434143066406, "right": 271.1283264160156, "bottom": 228.2060089111328}], "time": 21.485079765319824}
