{"im": 4528, "res": [{"class": "train", "prob": 0.9844760298728943, "left": 6.696205139160156, "top": 141.4278564453125, "right": 160.558349609375, "bottom": 325.0}, {"class": "train", "prob": 0.7274592518806458, "left": 143.5098419189453, "top": 91.04425811767578, "right": 300.4534912109375, "bottom": 301.9364318847656}, {"class": "train", "prob": 0.6233758926391602, "left": 6.059074401855469, "top": 81.04447174072266, "right": 119.11336517333984, "bottom": 170.84494018554688}, {"class": "train", "prob": 0.6112337708473206, "left": 305.96856689453125, "top": 63.32310485839844, "right": 487.12396240234375, "bottom": 270.4296875}], "time": 0.8332757949829102}
