{"im": 937, "res": [{"class": "aeroplane", "prob": 0.9322227835655212, "left": 72.08499908447266, "top": 79.87229919433594, "right": 300.8644714355469, "bottom": 389.81903076171875}], "time": 0.8770051002502441}
