{"im": 4655, "res": [{"class": "car", "prob": 0.9994890689849854, "left": 28.8575439453125, "top": 81.2688217163086, "right": 500.0, "bottom": 305.3699951171875}], "time": 21.363967895507812}
