{"im": 2458, "res": [{"class": "aeroplane", "prob": 0.9759673476219177, "left": 385.72637939453125, "top": 95.96188354492188, "right": 500.0, "bottom": 331.28521728515625}, {"class": "car", "prob": 0.8145721554756165, "left": 0.0, "top": 1.038848876953125, "right": 285.2501220703125, "bottom": 328.4975891113281}], "time": 0.9510519504547119}
