{"im": 2863, "res": [{"class": "bus", "prob": 0.9818536639213562, "left": 49.88508605957031, "top": 65.39958953857422, "right": 463.0224609375, "bottom": 287.53363037109375}, {"class": "bird", "prob": 0.9960289001464844, "left": 410.5386962890625, "top": 187.72796630859375, "right": 498.589599609375, "bottom": 298.3893127441406}], "time": 21.46371603012085}
