{"im": 3785, "res": [{"class": "sheep", "prob": 0.9976344704627991, "left": 221.1036376953125, "top": 65.02546691894531, "right": 483.46710205078125, "bottom": 361.17779541015625}], "time": 21.933361768722534}
